{"type":"FeatureCollection","features":[{"type":"Feature","properties":{"code":"FR5212006","name":"Champagne de Méron","designation":"ZPS","legalReference":"http://www.legifrance.gouv.fr/jo_pdf.do?cidTexte=JORFTEXT000000637097","sourceUpdatedAt":"2017-12-14"},"geometry":{"type":"MultiPolygon","coordinates":[[[[-0.07805024947996037,47.113589735800566],[-0.07892948111494368,47.11239224990864],[-0.07939398364296726,47.111500474606714],[-0.08020911035444513,47.11045282133641],[-0.07881916916824326,47.10994199277],[-0.08022466848543554,47.10922665882736],[-0.08166596632157783,47.10772393016387],[-0.08223824880715598,47.10604324438679],[-0.08323878207631988,47.10435445054762],[-0.08447209259093727,47.10300276066878],[-0.08628305802627922,47.10173879625515],[-0.09020378661205485,47.09944927776883],[-0.09439699537541427,47.10161713059802],[-0.09545041830336662,47.10060213000789],[-0.09836761264120483,47.102023682379496],[-0.09989931389047409,47.097771883590305],[-0.1016484003393528,47.09832255289096],[-0.10395167556223195,47.09999008927243],[-0.10497097034877055,47.09869310818968],[-0.10628138249128187,47.09905861211444],[-0.10646005982100669,47.098269978295136],[-0.10812070496730464,47.098430915148384],[-0.11045697364208294,47.09926508633644],[-0.11151264226213871,47.10032087825062],[-0.1150410054400596,47.10206113742707],[-0.11627644503239941,47.10394919930741],[-0.11939472964544705,47.10456941299882],[-0.1187192201843285,47.105515374228546],[-0.12091844478065641,47.10644947457924],[-0.11986102371893359,47.10848364916853],[-0.12023906338551485,47.11044037101836],[-0.12359807295714519,47.11159446616095],[-0.12581221642075271,47.112871977762474],[-0.13501755109233654,47.117678898409636],[-0.13372574749271782,47.11927811503037],[-0.13244053708138792,47.121022075839896],[-0.13106431663805898,47.12237464943189],[-0.13304647294037966,47.12326548273994],[-0.13229351435746017,47.124067375361854],[-0.13360788833819062,47.12452970062342],[-0.13271215683731535,47.12538146093509],[-0.13199093708965137,47.125300623786835],[-0.13006102570153652,47.1286784526791],[-0.12859938971699536,47.1281697345198],[-0.12635491460949663,47.1278262629429],[-0.12265590468703265,47.12711780923933],[-0.12135237226366354,47.126899940360715],[-0.11903366837869324,47.12650840923414],[-0.11808828332179397,47.1262837608369],[-0.11779468157511222,47.126144211238135],[-0.11634215585325973,47.12583046050816],[-0.11608215434075936,47.12642552421775],[-0.11514894080226468,47.128015968574665],[-0.11427698394094624,47.1294070892743],[-0.11337722216732421,47.1317321282676],[-0.10522479628542626,47.131120504125114],[-0.10272225269189718,47.129848715319724],[-0.09936153222900038,47.12864543213316],[-0.09635465345730473,47.12733468253936],[-0.09156362664395153,47.12316701717907],[-0.08981151096587278,47.12256494640087],[-0.08799051790787521,47.12201650097563],[-0.08601572739356306,47.121273262582676],[-0.08475265412147928,47.12036741863854],[-0.08319620629577096,47.11932012205782],[-0.08244240822396487,47.11855114613528],[-0.08111824184489837,47.11789315110406],[-0.08027265557917536,47.116657173029125],[-0.07937718124582976,47.114347610107686],[-0.07805024947996037,47.113589735800566]],[[-0.09559761365457532,47.111012417517635],[-0.10680296374274617,47.1165496700173],[-0.11810842281686905,47.12224035676582],[-0.1190728810737103,47.12007499252043],[-0.12094207370769522,47.1174789831568],[-0.122698390702361,47.113880000900544],[-0.09837511709273286,47.102061325985424],[-0.09681021172920327,47.105710779917224],[-0.09628054683767728,47.107184534905144],[-0.09634417699615602,47.10812552414061],[-0.09559761365457532,47.111012417517635]]],[[[-0.03969744953643255,47.08661632160308],[-0.045963518389123284,47.086979003916994],[-0.05129825712506741,47.08740568616503],[-0.052650826718228676,47.087134588335836],[-0.05883728245387845,47.08891936395857],[-0.07301538273506815,47.09269494865387],[-0.07234366966272818,47.093740452375485],[-0.0769939521609214,47.094918315794594],[-0.07774686411329773,47.09406818670402],[-0.08378123560829527,47.09565774314739],[-0.08376339562317332,47.09683445637964],[-0.08646488691029092,47.09781082378225],[-0.08460377362108104,47.099567271587205],[-0.08097735910373119,47.10199621253177],[-0.0770136983097843,47.10492622768212],[-0.07072978650594852,47.1090314863996],[-0.06646966826946332,47.1117711034044],[-0.06324840782447413,47.11046399202125],[-0.06044372384973461,47.11042525155282],[-0.05840057129856223,47.10972977938375],[-0.05251773358263206,47.10833104435476],[-0.05033325126747549,47.10607233761284],[-0.05082138738127563,47.10414696668277],[-0.049588247595583806,47.10226090985846],[-0.04715306117416357,47.0992189312392],[-0.045994745277339544,47.097379888705255],[-0.04503344975543158,47.09514074224426],[-0.04366454009806344,47.09345274039721],[-0.04353635751048625,47.090561833405545],[-0.04275753101179141,47.08920271611342],[-0.04177970441627605,47.088193315418216],[-0.03969744953643255,47.08661632160308]]]]}},{"type":"Feature","properties":{"code":"FR5400452","name":"Carrières des Pieds Grimaud","designation":"SIC","legalReference":"http://www.legifrance.gouv.fr/jo_pdf.do?cidTexte=JORFTEXT000000466848","sourceUpdatedAt":"2017-05-31"},"geometry":{"type":"Polygon","coordinates":[[[0.6203383594882386,46.77472028196006],[0.6202952754801179,46.77465844646335],[0.620175784911527,46.77427240177238],[0.620073259483965,46.77390461273462],[0.6199450518446534,46.77345905364374],[0.6195563086232543,46.77354590017925],[0.619570016657648,46.77358840321445],[0.61957669132347,46.77360920061171],[0.6194479881847952,46.773628413746266],[0.6194036944696033,46.773579603689065],[0.6192066336742514,46.773639632726606],[0.61926907773432,46.773797151825406],[0.618529918570221,46.77392642656754],[0.6181695620054832,46.77398130350895],[0.6177514137207241,46.774053311634],[0.6174116877460394,46.77411839044834],[0.6174116653865679,46.774172381696744],[0.6174126823250526,46.774230889526564],[0.6174170382119465,46.77428764876454],[0.6174178687057676,46.77434795344071],[0.6174251800228763,46.774402054423895],[0.6174275450319054,46.774467780450756],[0.6174287901735078,46.774519094654],[0.6174170036327417,46.774568412676565],[0.6171317260654505,46.77456861851296],[0.6168887401351419,46.77456496438267],[0.6166249028751775,46.77455829909728],[0.6165447264946032,46.774674073353246],[0.6167290107299775,46.77468224423279],[0.6169676278523929,46.77468313628301],[0.617183549824466,46.77468908002544],[0.6172554987075342,46.77469196116927],[0.6172483590979254,46.774813341065716],[0.6172605541917853,46.774854016807836],[0.6172850605893111,46.77489488299803],[0.6173712602486449,46.775017660708826],[0.617511262733148,46.77514574904971],[0.6176481287965468,46.77526928795143],[0.6177216035848314,46.77532708571599],[0.6177169872783039,46.775418803889224],[0.6177202171377659,46.775510638799076],[0.617716982327592,46.7756122773765],[0.6177261700608493,46.77569790673764],[0.6177332190153425,46.77575649906261],[0.6177221611459239,46.775823824031455],[0.617718567385138,46.77584626609757],[0.617710983802706,46.77589115192638],[0.6177080469941366,46.775929800523315],[0.6177063874535786,46.77594507353194],[0.6177019691091443,46.775981003402094],[0.6176562028103199,46.77605680326616],[0.6175974648942131,46.776153105867536],[0.6174995283137118,46.776308213775565],[0.617577515245063,46.776314785266706],[0.6180932043074503,46.776277542954716],[0.6183358088105434,46.776255989999896],[0.6185389195401914,46.776241046940974],[0.6187145151965154,46.77623018595416],[0.6187727660781908,46.776235563005756],[0.6187281468883263,46.77608191101114],[0.6187189362121684,46.77605027836136],[0.6186286872471267,46.77577445905202],[0.6188068016301451,46.775733940645395],[0.6190675142408802,46.77570726024498],[0.6191318798657816,46.77570553035632],[0.6192767406925234,46.77573469859789],[0.619442708899917,46.775701201562434],[0.6196422829842767,46.7756529030268],[0.6194583026093542,46.775453964947445],[0.6196759724021699,46.775405042290004],[0.6197666765769414,46.7753866090517],[0.620088683933693,46.77531045370301],[0.6203073784000106,46.77527054294599],[0.6201794801038049,46.77504185546534],[0.6200616318404404,46.7748349133649],[0.6202136161181121,46.77477959904297],[0.6203383594882386,46.77472028196006]]]}},{"type":"Feature","properties":{"code":"FR5400453","name":"Landes du Pinail","designation":"SIC","legalReference":"http://www.legifrance.gouv.fr/jo_pdf.do?cidTexte=JORFTEXT000000277386","sourceUpdatedAt":"2022-09-18"},"geometry":{"type":"Polygon","coordinates":[[[0.5232856030296227,46.711472501514045],[0.5234548979863987,46.71143739221838],[0.5240685288795461,46.711463335003955],[0.5244254945992147,46.711445599471126],[0.5250041789522658,46.71153847533833],[0.5254058650527542,46.71154484685656],[0.5257767999546012,46.7114814368801],[0.5262149448304195,46.7114109894029],[0.5270346233691166,46.71133938837718],[0.5270601498604605,46.71107605331704],[0.527107606167933,46.71050362427034],[0.5271318711804199,46.71046624554912],[0.5271769926734357,46.71039673778676],[0.5270703919200014,46.71027085979667],[0.5268944569094677,46.7101528815988],[0.5267658249789355,46.70996033287723],[0.5264416380491259,46.70901530265707],[0.5264310773296783,46.7089846567839],[0.5279348859392803,46.70862872133345],[0.5285206124047105,46.70867848990065],[0.5288232363827635,46.708638285360934],[0.5292089271201961,46.70848870694281],[0.5296853559539627,46.708273966208964],[0.5309353174812954,46.70831803525246],[0.5309450507601151,46.70802662251615],[0.5309336843863622,46.70774026898738],[0.5308518151848532,46.707500498541265],[0.5307686036715404,46.70730120596629],[0.5302946680340981,46.70641179402318],[0.5302890917656298,46.705991449447794],[0.5303733399914631,46.705717411540746],[0.5307921354935707,46.70519848288226],[0.531630003466,46.70470058595223],[0.5332952966146955,46.70425174499976],[0.5337491461744779,46.70407712506778],[0.5341434029056277,46.70371618860046],[0.5348358505310347,46.70300358879036],[0.5354616806737198,46.70212255513182],[0.5358188853212822,46.701522547451724],[0.5361886793269005,46.701306099123364],[0.5366094936948856,46.70127404050321],[0.5372688336399338,46.701459917504266],[0.5379337099195336,46.70164857503101],[0.5388200129288911,46.70195229938147],[0.5388327238626556,46.70157004096866],[0.5392046892076298,46.70128792348457],[0.5396329744557288,46.70103099501984],[0.5403856559628293,46.70079356571862],[0.5402026632519689,46.70052971398659],[0.540200036922336,46.69952627465989],[0.5402000260503437,46.69947947972233],[0.5392575313912478,46.699108286164275],[0.5388063596345238,46.698932897116066],[0.5391593401909668,46.69850920299216],[0.5393991209576734,46.697823650211014],[0.5394175576701877,46.697772643925354],[0.5391003069494966,46.69753097485506],[0.5392787108478261,46.69675986434974],[0.5388994698157392,46.696675604060296],[0.5387403531038136,46.6969097732573],[0.5380751157803301,46.69682010322328],[0.5381074340949265,46.69642645492883],[0.5379847060387369,46.696109556211404],[0.5379934429868212,46.69584692178894],[0.5381041681617229,46.695628187234526],[0.5378511023775634,46.69552970825834],[0.5380494008812193,46.69529705939783],[0.5388256387086283,46.695465865753924],[0.5394223231813662,46.69533127719968],[0.539896489073507,46.69540443349875],[0.5400054228083769,46.69540884942558],[0.5405638931748088,46.695428434341956],[0.5410699103688558,46.695121428154124],[0.5414928367257968,46.69443335282887],[0.5417140567550005,46.694096667000814],[0.541772049456429,46.69406338091976],[0.5420053822036347,46.69394106220089],[0.5423681466003962,46.6939341664123],[0.5423417276856102,46.693607086857796],[0.5436210022024133,46.69352189610734],[0.543157243120144,46.69314744757418],[0.5427582797385984,46.6931141860685],[0.542363069635689,46.692963986557196],[0.5421278911625123,46.69314207503786],[0.5418455091101446,46.69302064720817],[0.5415044762350582,46.69296398879573],[0.541105157255479,46.6928902169683],[0.5404947420247297,46.692907613912375],[0.5398784306280962,46.692563150163124],[0.5396557899624823,46.692316668611305],[0.5382536001289319,46.692570860828056],[0.5374722536679456,46.69254505037792],[0.5367230814343373,46.69273122337405],[0.536242863105215,46.69284063991232],[0.5360718012993689,46.69279744374848],[0.5360783012187315,46.69260226652484],[0.5362700350598192,46.69238211412944],[0.5364755138325114,46.692149581589746],[0.5362080319231937,46.692130961316295],[0.5361398351686526,46.69134336907077],[0.5358749632542581,46.69124649903533],[0.5353236084592188,46.691199106804014],[0.534345881412193,46.69135285839996],[0.5336914091171658,46.69152700618953],[0.5332016421819291,46.69192692859613],[0.5324883281935909,46.69215143154652],[0.5312515200735567,46.69261782781046],[0.5305535844231899,46.692921760459235],[0.5304112983503534,46.69300770028826],[0.5301252118613684,46.69317775503559],[0.5295813266878104,46.69290637507795],[0.5291928959235461,46.692558260851534],[0.5287127079984977,46.69209170131151],[0.5282894320405285,46.69161254844161],[0.5274452218170143,46.691718858788484],[0.5270074831050146,46.691144979263214],[0.5267396197018758,46.69060258433944],[0.5262886930208253,46.69037225756452],[0.525894579459666,46.6901950247667],[0.5256969249915627,46.68983732619042],[0.5251561386986803,46.689475079669776],[0.5245982244656153,46.689085565669764],[0.5239792574327837,46.689312414783366],[0.522870287254236,46.68989323923275],[0.5227682917358106,46.68994741695361],[0.5224262906684994,46.69012736191174],[0.5211262205930255,46.68963334113564],[0.5197643479009931,46.68925891022327],[0.5199681101295212,46.688328043303315],[0.5201140266890865,46.6874646511714],[0.5201342907441577,46.687347989089616],[0.5180347977315373,46.687366754599886],[0.5169710427745638,46.6872328124211],[0.5163444096264205,46.687154431861934],[0.5154469127051831,46.68719411017617],[0.5149693365563072,46.687225183844724],[0.5147922720973002,46.686790400297156],[0.5145603122422377,46.68633944105507],[0.5139708749364519,46.68568569264048],[0.5134488789907568,46.68535159141503],[0.5125232603340157,46.68507402896036],[0.5119747195459221,46.68494557530647],[0.5116710227409755,46.68488942361472],[0.5106825169456475,46.68535956669415],[0.5099532127409804,46.68549188309985],[0.509498904999263,46.68536492539926],[0.5090581284333041,46.685058200194234],[0.5087415402379418,46.684632871731274],[0.5082572428397301,46.68428314821108],[0.5075612017071748,46.68400831927558],[0.5066065034358385,46.68348276743424],[0.5056652750857751,46.68313920493593],[0.5053098983386748,46.6830147137674],[0.5044586693643363,46.68271307804121],[0.5029881646192815,46.68220351211758],[0.502438759682412,46.68210199097351],[0.5018915543474067,46.681935711998825],[0.5013028121298565,46.681271109032274],[0.5009717549059067,46.68092381643451],[0.5004847927253407,46.680655007895034],[0.4998372057712846,46.68005334428464],[0.49954359786552904,46.67974714314627],[0.4991497870638289,46.679515826564895],[0.4983358259173499,46.67935873474343],[0.49788255002484516,46.67920744799225],[0.4975338814220635,46.67915233334492],[0.49716127610547206,46.67908963333373],[0.49674192495501485,46.67908287386328],[0.4961101990423744,46.67916538238359],[0.4956663487502775,46.679302209089286],[0.4953156509486928,46.679533230320104],[0.49467119515845737,46.679981793304066],[0.4938456414672236,46.680679400151945],[0.4932846193320569,46.68091961722842],[0.4919311428747862,46.68177517333138],[0.4895074656718241,46.68316684812424],[0.4876193724162911,46.68208517488879],[0.48500293912192677,46.68385160189857],[0.48412413239722085,46.684445689258766],[0.483869791205666,46.68386561355475],[0.4838482452621223,46.68357458545733],[0.4837041315247843,46.68332296901777],[0.4834861788712055,46.68299005805076],[0.4826008719275165,46.68267510745685],[0.4815882983512343,46.682723453225655],[0.4810532759355934,46.6838576541816],[0.4802963836686024,46.684776766122035],[0.47972488276165653,46.68531912710526],[0.49225762829879954,46.69781878273613],[0.4924903757393713,46.697717251198],[0.49352143848710767,46.69726864540198],[0.493521210898694,46.697981372158814],[0.49364543927262405,46.69838114545057],[0.49381345126265397,46.69885900724734],[0.49419064693784726,46.69966602280436],[0.4946534677073693,46.700643601039644],[0.4949532363257107,46.701397174031975],[0.494905502732641,46.701646583640944],[0.4948376123597468,46.701973056496925],[0.4943590191213526,46.70255568630056],[0.4940095802863099,46.7027336298079],[0.4931016194260105,46.703612595372974],[0.4922468663577489,46.70441502451842],[0.4911826161720576,46.70516095940185],[0.4920486940479719,46.70486718064883],[0.49213338162914927,46.704838852577126],[0.49246240753064957,46.70468848080936],[0.492811227914205,46.70460952085889],[0.49325745177318403,46.70461672519287],[0.49414161297019504,46.704931568606334],[0.4945194887518697,46.70502135497147],[0.494832809922841,46.70519739487123],[0.4956917839157519,46.70571070154911],[0.4961981514925592,46.70594204312741],[0.4964743223653492,46.705707118068204],[0.4980459872887997,46.70630208522616],[0.4981947720194992,46.706373773325275],[0.4981139596136167,46.70646516077194],[0.49805554414303166,46.70654791615342],[0.49824303766866185,46.70663552683416],[0.49848595433243514,46.706716825916665],[0.49983582970014745,46.7070913193838],[0.5003479876724181,46.707191347384665],[0.5007232434374903,46.7073125669446],[0.5010203925722525,46.7074343346445],[0.501262919205085,46.70757322036976],[0.5014275506856867,46.70762536350368],[0.5016179717994838,46.707619426212574],[0.5017718995396802,46.70772088866857],[0.5022454793592701,46.70790578339133],[0.5037064776067584,46.7084421905369],[0.5055306821946833,46.709016807129395],[0.5063746554581956,46.70941010280344],[0.5068695714581947,46.70963401350655],[0.5071329818475907,46.70977502003632],[0.5072717250880199,46.70996262386433],[0.5076755015566347,46.71025886578192],[0.5093930082159422,46.710405149497014],[0.5094570062682912,46.70949095770329],[0.5094816400032676,46.70844474796573],[0.509417427431193,46.70799916358305],[0.5094909121143631,46.7078221566392],[0.5095302223494246,46.707638301025575],[0.5095333527583626,46.70754566413812],[0.5095046526525986,46.70741561644839],[0.5094744015165582,46.707331437519315],[0.5094791143482249,46.70719202356262],[0.5094824577564688,46.70709308796836],[0.509541121384024,46.707002236501694],[0.5096793932704607,46.706851459637434],[0.5097577977501322,46.706796024104186],[0.5098637359465001,46.70672302197986],[0.5100454653361959,46.70661794159481],[0.5103267228579168,46.70654414973853],[0.5107753800823903,46.70653782366591],[0.5108926351596326,46.70652889565923],[0.5109766213681096,46.70652483933736],[0.5114931330949292,46.70645750766073],[0.5115654056197154,46.70648295948492],[0.5117136432029354,46.706536620418646],[0.5119546309804692,46.70699312882065],[0.5121256062912214,46.70725683560033],[0.5120782899682815,46.707325373195715],[0.5119981078113591,46.70738708855518],[0.5120574115900778,46.70757971869387],[0.5122066620544862,46.70782058050248],[0.5127590550889427,46.70842335004656],[0.5129846783617663,46.708269462899814],[0.5131424212417878,46.70825848852333],[0.5134298362316091,46.70866983665324],[0.513200431161562,46.708803862560295],[0.5131103531102619,46.70885641781453],[0.5134850588029816,46.70916567487429],[0.5138628657202229,46.70948037230435],[0.5139153111915519,46.70952350832848],[0.5162251310202266,46.708991601517255],[0.5168763616905502,46.710254660705615],[0.5173823168867373,46.710187133009974],[0.5187002577479942,46.7102297152197],[0.520186509210984,46.710247069548394],[0.5206258239769599,46.71046103193548],[0.5210274045453752,46.710821084440774],[0.5218097014215974,46.71082632011245],[0.5218257566889702,46.71093989080553],[0.5218757104992852,46.71127268510318],[0.5223299589609517,46.71131873833522],[0.5226401593098213,46.71140825799822],[0.5228046255274497,46.71151705694819],[0.5230157968543435,46.711520410657755],[0.5232856030296227,46.711472501514045]]]}},{"type":"Feature","properties":{"code":"FR5400457","name":"Forêt et pelouses de Lussac-les-Châteaux","designation":"SIC","legalReference":"http://www.legifrance.gouv.fr/jo_pdf.do?cidTexte=JORFTEXT000019800176","sourceUpdatedAt":"2022-09-18"},"geometry":{"type":"MultiPolygon","coordinates":[[[[0.7417559518312176,46.41593311270813],[0.7408998483298646,46.41532986043416],[0.740623687775444,46.41503982079792],[0.7404495930480582,46.41482320271541],[0.7402973432567359,46.4147310747379],[0.740170768769949,46.41462400926378],[0.7395862365340464,46.41433052912731],[0.7392273197345316,46.41427148467024],[0.73873352674463,46.41438782705679],[0.7380051313761146,46.41457554827902],[0.7375885911648769,46.41469297271462],[0.7373572441687675,46.41465371997248],[0.736791998724666,46.414558468108126],[0.7362821288089839,46.41442080513397],[0.7361482326934621,46.41456289780483],[0.7359456937625178,46.41439806283141],[0.7358512773437653,46.41405658152719],[0.7357342611262638,46.41362568374794],[0.7355621700902747,46.41330199927562],[0.7351816383371119,46.41306266719077],[0.7350020817371586,46.412988142657454],[0.7345533657920478,46.41328777473836],[0.7343627509221435,46.413588349096],[0.7338115869263393,46.413832541505855],[0.7333167512451678,46.413930844875225],[0.7330704553800979,46.41434131116167],[0.732803314604228,46.41465970132334],[0.7328215709522451,46.41489212760369],[0.7324261941785464,46.415120512219794],[0.7319994455520497,46.41552573180947],[0.7313233357030035,46.41606060796829],[0.7304608153966837,46.41554628244314],[0.7284512759914697,46.41549355143386],[0.7282333830714268,46.415865717630886],[0.7279955198978909,46.41604232552322],[0.7278316019662681,46.41629197361724],[0.7284210631902446,46.41651449371345],[0.7274521961476621,46.41772011992808],[0.7280963661584684,46.41787052070405],[0.7278542637763584,46.418137062633164],[0.7271845071415457,46.418055581990444],[0.7260507044983803,46.417826235757],[0.7255117281592921,46.41765661660224],[0.7255674804947322,46.417531423262176],[0.7248216178340873,46.41730486925297],[0.7250647181650003,46.41700505400956],[0.7243205196886078,46.416762323659384],[0.7242224879345956,46.4165449594388],[0.7242578214872243,46.416257495579885],[0.7245689429862797,46.41622591468783],[0.7245990109975831,46.41612015784646],[0.724394367942104,46.41602726459742],[0.7241093132304653,46.41598722222417],[0.7239002566572763,46.416056247294414],[0.7237437395744692,46.41524952346949],[0.7210998924630899,46.41528124165179],[0.7219657847131247,46.4131788176437],[0.7240161039605025,46.41215237780762],[0.7227577655782715,46.41181054813145],[0.7220085012300512,46.411535333653575],[0.7213479431872092,46.41120377760841],[0.7209936302681044,46.41103496293049],[0.7206755558648191,46.410859458768726],[0.7203599194185586,46.4114416916017],[0.7200038281039198,46.412041348431494],[0.7196262705936849,46.41266229905753],[0.7189708757948176,46.412992222316966],[0.7184781315006648,46.413072494905265],[0.7179302882070105,46.413298657084134],[0.717877916231171,46.41385584223875],[0.7182062291122752,46.414146682144626],[0.7186947392033897,46.414261631167555],[0.718885631570788,46.41480248100644],[0.719282802450144,46.41538136726902],[0.7196974464876361,46.416282657570484],[0.7197307833996986,46.41691125668981],[0.7195867465869327,46.417392447528066],[0.7198328295439634,46.417789198154004],[0.7196484129460097,46.417930553250436],[0.7203894855267409,46.41826506226641],[0.7208272322010195,46.418285686877994],[0.7216618594981902,46.4181391791849],[0.7228625504940123,46.41786827853642],[0.7230485167723586,46.41772694032293],[0.7238798540713071,46.41765145402793],[0.7235451243920712,46.41843410444456],[0.7232907310598053,46.41916659887033],[0.7232854697902059,46.41934379821899],[0.7228735466091247,46.41925066132225],[0.7228546311576413,46.41898042776712],[0.7211750478559104,46.418771172929596],[0.7208905974026188,46.41876712686326],[0.7209248451902173,46.41941823537576],[0.7197789536007426,46.41959990858307],[0.7192822268548166,46.4197548134894],[0.7179697510822205,46.42032554403991],[0.7165230520074672,46.421059030070296],[0.7163426510523846,46.42105645796208],[0.7146866893032231,46.421837323111724],[0.7138704759520895,46.421360424754916],[0.7134617045477322,46.42117460812122],[0.7119094666497614,46.420239027353084],[0.7108132579282136,46.41966721717252],[0.7093554819928142,46.419003821025946],[0.7082823223437339,46.41850249644108],[0.7075923348818266,46.4182064417472],[0.7071573305533171,46.41798602830016],[0.7066805357925944,46.41749324815724],[0.7064527677765503,46.4173306937182],[0.7061571271399204,46.416789221232946],[0.7057869466866319,46.4161737759353],[0.7054853520116242,46.41588328329875],[0.7059949488370776,46.41529937278042],[0.7065408675197283,46.41439381745857],[0.707037122415903,46.413394861765944],[0.707174308689605,46.41309356388654],[0.7069427138561111,46.41307224547606],[0.7069155297187376,46.412230457020286],[0.7064232783375597,46.412241387718446],[0.7066069675438004,46.41303143131335],[0.7065463197884837,46.413318528015],[0.7062835211718885,46.41347403542711],[0.7061724667074205,46.41370641071766],[0.7053606935717246,46.413980922598995],[0.7050934993032961,46.41340295596943],[0.70438166886301,46.41292748027258],[0.7046720141960073,46.41279037326882],[0.7045980636515863,46.412627328853695],[0.7054847045641968,46.41242409181714],[0.7056117001713677,46.41167360275169],[0.7052754234454907,46.411650778050216],[0.7048682567636488,46.411410959585155],[0.7048746572901269,46.41119777412145],[0.7051339631849481,46.41120149944149],[0.7054622647405406,46.410596991285516],[0.705788110496584,46.41011752482917],[0.7062157271966888,46.40967551969956],[0.7069790326948334,46.409275224610155],[0.7078672063651942,46.4090359952815],[0.7084359962130997,46.40904415145196],[0.7088464032209176,46.409176019542784],[0.7094088796529984,46.409451349008215],[0.7099717312118529,46.40967538559462],[0.7106704408516131,46.40973758353983],[0.7110324780995082,46.40974276538469],[0.7109639651892052,46.408597127537206],[0.7107689160495144,46.40814618614217],[0.7101491606119218,46.4072419219035],[0.7095781779823777,46.40723374339797],[0.7084014271821373,46.407610132919835],[0.7070665176317475,46.40809312224683],[0.7068805428016539,46.408234434621],[0.7063566832010719,46.40845909191586],[0.7054594131299957,46.409001439487966],[0.7051689471360263,46.40919524565776],[0.7045229107113437,46.41000936131698],[0.7038232040604194,46.41087670023582],[0.7035317767355511,46.41110648536704],[0.7024473375742137,46.411770304653224],[0.701043475033653,46.41281016691153],[0.6978128140853165,46.415145619171426],[0.6965148628476239,46.41607627008674],[0.6957739306291998,46.416621704967234],[0.6949438189059784,46.417504207142215],[0.6938230693012771,46.41858227268096],[0.6926977186301285,46.4198024496627],[0.6917264202008209,46.42105994040398],[0.6906500172938044,46.42238788833837],[0.6900844669313171,46.423096908923945],[0.6893149364024346,46.42453728243973],[0.6886554115610836,46.42578217077276],[0.6877812702254464,46.4272750153673],[0.6864465390217442,46.42938838654142],[0.6852402663127068,46.43071440725933],[0.684407579858481,46.43166878678639],[0.6845350962848576,46.43174263450378],[0.6846872716197104,46.431887029294124],[0.6847092302969008,46.43199533299565],[0.6848891726313151,46.432069942552765],[0.6847529016548274,46.432283936467435],[0.6848236746944795,46.43249914076694],[0.6850025255526557,46.43260972490167],[0.6854172918238199,46.43259775789285],[0.6860652120843803,46.43257117471902],[0.6859398772683125,46.432425372872416],[0.6861986901575464,46.43244892708024],[0.6864881203127601,46.43229115360538],[0.6867508036012093,46.43218697835607],[0.6867157903068585,46.43250863581868],[0.6866578939748033,46.43268777249119],[0.6872798210195906,46.432484425960766],[0.6875339802310606,46.43286246747534],[0.6878452199024707,46.4328309930918],[0.6877742333503508,46.43261398851332],[0.6876247525219013,46.43243183602592],[0.6882830702903796,46.43210123265211],[0.6880542032151425,46.431935929807906],[0.688447079248821,46.431817443071274],[0.6887863566904715,46.43173237508295],[0.689469845227208,46.43142102308756],[0.6902822194215172,46.43109083636003],[0.690599027356108,46.43091814458719],[0.6910373780482524,46.43096049152385],[0.6918000952185542,46.43059358413809],[0.6926150390075314,46.43110661818819],[0.6929428491533839,46.43141732461807],[0.6931437861340229,46.43161550773085],[0.6939811653727943,46.43218375149727],[0.6943940795648765,46.4324911816349],[0.6948222788544431,46.43281863193892],[0.6937915399636128,46.43362533309372],[0.6926449736665116,46.4344051566122],[0.6923522766855552,46.43461509599809],[0.6918855386670569,46.43466233916542],[0.6921068000032008,46.435040796309714],[0.6916831717628703,46.435340627561224],[0.6927175343117642,46.43540958817533],[0.6928424221889121,46.43557067561359],[0.6934392789259927,46.43556400869489],[0.6939029190841907,46.435658004566164],[0.6933543378557577,46.436100016987865],[0.6929192414774371,46.436486076877706],[0.6927305629633983,46.436699321701695],[0.6924475343622455,46.436641235191274],[0.6913586317511846,46.437486675933584],[0.6906631075753177,46.43736861310256],[0.6905553606100342,46.437475043235104],[0.6902745028555823,46.437344989006014],[0.6897616437819853,46.437139577962974],[0.6895198712827374,46.437442036940766],[0.6900568319314915,46.437681092179204],[0.6901285067636798,46.43788010991277],[0.6903315395936518,46.438027033227776],[0.6903277228849375,46.4381529633995],[0.6905079016487553,46.438207765896934],[0.6905893910700084,46.43808296080325],[0.690999293085873,46.43823287849778],[0.6909943881762495,46.43839478977797],[0.6910946679828758,46.43852222764413],[0.6910581096088783,46.43884386346186],[0.6911506805072,46.43923845362708],[0.6913558908165978,46.439313418134645],[0.6913504422244638,46.43949331724717],[0.6911677413555107,46.439508667041935],[0.6910877327842854,46.439597497561195],[0.6913175994028369,46.43968811826229],[0.6914794942919242,46.43951318023926],[0.6924506858485344,46.43993848752221],[0.6933499556688397,46.440237663046474],[0.6945782991075614,46.44073955926897],[0.6959093855760502,46.441314022036984],[0.6969893989834427,46.44159957541609],[0.6975271618783279,46.44092611640857],[0.6982284612551807,46.44002193387525],[0.6984686959006468,46.43977343265888],[0.6987061568559464,46.43966886551925],[0.7012218932878164,46.43961781187702],[0.7015322305507266,46.43960427662552],[0.7020403659671801,46.43996884466334],[0.7026776056403329,46.440300167857565],[0.7024335895007486,46.44067461455013],[0.7019301637208147,46.44106152483635],[0.7016605075295723,46.44139690796219],[0.7014456534225474,46.441645781534184],[0.7016252584595285,46.44172035852282],[0.7018893636326372,46.44152617938942],[0.7021712867883241,46.441674221497124],[0.7025990263597143,46.44123312611459],[0.7029972855702503,46.4408806977127],[0.7030795590131722,46.44077209081392],[0.7033104512781232,46.44082940165743],[0.7040983110149199,46.44135996209542],[0.7049880315546334,46.44192797054479],[0.705778597489338,46.44236946661518],[0.7061573872780743,46.44271686064448],[0.7062737259271353,46.44311268002681],[0.7072733837025158,46.44350227047555],[0.7068676100895064,46.44410567923374],[0.7066745475336407,46.444479065947114],[0.7076092269003851,46.44444026895512],[0.7088535054448561,46.444422107681866],[0.70999139996209,46.44452658890005],[0.7112098948517297,46.44452602233033],[0.7122212356644924,46.44447029479943],[0.7136282261320158,46.444256423112556],[0.714644129988104,46.444090950217195],[0.7155585436242935,46.44383672922092],[0.7161577068284081,46.44375528624963],[0.7164959422789349,46.44370611649848],[0.7165150979697339,46.44216488386276],[0.717773395275729,46.44084018505318],[0.7194902381930338,46.44152604780061],[0.7217388083136596,46.439578272922596],[0.7225611231812137,46.438858345516316],[0.723198075563459,46.43824287246199],[0.7238612010195717,46.437661959405126],[0.7246022012485341,46.437065950837535],[0.7251603884667598,46.43653753893702],[0.7249336188414878,46.43635434686117],[0.7246849350217643,46.43603225597013],[0.7245631816838307,46.43576236422044],[0.7242389318684596,46.435381609303384],[0.7241942921025707,46.43513170941107],[0.7241218813206106,46.43495340728089],[0.7237980300180938,46.434572657050566],[0.7236999250610482,46.434409283548405],[0.7242024224295238,46.43400696748162],[0.7247830399343276,46.43358596256456],[0.7242117723540897,46.43282825100931],[0.7236591119739237,46.43232097056411],[0.7235608744658619,46.43210540254044],[0.7235942116969619,46.43188990312677],[0.7239130720736224,46.431341897925925],[0.7260696514059714,46.433790484330586],[0.727610237536821,46.433383062725824],[0.7272896238756993,46.43282239168314],[0.7269474924136322,46.43215343175221],[0.7267855052381367,46.43152391696208],[0.7263188566467819,46.43151730378837],[0.7255526897791773,46.430252898871316],[0.7240831262231987,46.42998008764303],[0.7241179817525534,46.42971331404088],[0.7253629866610052,46.42876359966269],[0.723634301298653,46.42852309698329],[0.7236946888572885,46.42825578935461],[0.7209854347634698,46.42785734174332],[0.7214707522727666,46.427221722031355],[0.7201488213120644,46.42686276230607],[0.718226969120055,46.42475666111363],[0.7170898475707708,46.42378837447557],[0.717304615325593,46.42354216902875],[0.7175430818239684,46.42334759019315],[0.717777817759851,46.42331764084006],[0.7185544759552503,46.42352127928684],[0.7197342052768178,46.423806242160964],[0.7203476644560867,46.423993148661616],[0.721012630831414,46.42423387896671],[0.7218340209427886,46.424386840883024],[0.7229333610601782,46.42472461931154],[0.7235186027767387,46.42503889735931],[0.7246190246418067,46.42534067787793],[0.7254088893250461,46.425706436015155],[0.7264280459847982,46.426169033038214],[0.7271153434266221,46.4256226419699],[0.727468605845193,46.42507511542869],[0.7281931081714874,46.42421608597967],[0.7286007125183389,46.42359463699119],[0.7286250709392541,46.42277158332335],[0.7282114534282114,46.42274773294576],[0.7281977909635309,46.422299398079495],[0.7282914181322736,46.421760789977796],[0.7287302728827482,46.42184169129956],[0.7295130477093986,46.42163679548998],[0.7299651535120033,46.421265243676196],[0.7301117231390291,46.420695887810616],[0.7300290347414744,46.41995861213863],[0.7310772960818563,46.419544190844725],[0.7322322356213927,46.41905926716797],[0.7326521451948875,46.418869025799395],[0.7328627075986933,46.41876221030414],[0.7332012302800841,46.41961018139311],[0.7333990823434187,46.41993423281496],[0.7335411764912448,46.42036638372722],[0.7332418520767225,46.42086609615133],[0.733526846502568,46.42085211707848],[0.7337106715798545,46.42078272470455],[0.7338439548450768,46.42062262470089],[0.7344219892696663,46.42037881029822],[0.7351270103163705,46.42017457929479],[0.7354944189784948,46.41999978273807],[0.736552192192544,46.41931817808935],[0.7372651416970921,46.41884408176766],[0.7367098372767396,46.41837012066836],[0.7362279566209924,46.41797008117973],[0.7356474892532269,46.41835515314935],[0.7350400765472456,46.418722743886725],[0.7338649470375478,46.418186035324695],[0.7339231498553029,46.41793758459961],[0.7327591847607005,46.41700597678617],[0.7339792059287599,46.41603692203134],[0.734694107856136,46.416405159010665],[0.7350840349498516,46.416374661372515],[0.7354398850005591,46.41659565083902],[0.7356099664669061,46.41699220231821],[0.7357531573037509,46.41738746604228],[0.7363367706445696,46.417827634130596],[0.7367545908093912,46.417707535771996],[0.7369613725133035,46.41772844884934],[0.737522981234914,46.41798831975811],[0.7382383420755639,46.41835564262643],[0.7417559518312176,46.41593311270813]]],[[[0.7888907521870597,46.40034515241698],[0.7875949486749568,46.39932861934955],[0.7873404367598391,46.39916317388904],[0.7871737668106803,46.39952084711656],[0.7869182489495383,46.39942737364736],[0.7865885532843429,46.399188909087236],[0.7862332595827752,46.399415321100605],[0.7852762039886753,46.399798198638166],[0.7847737259459062,46.39991281436852],[0.7853608856623961,46.399547389764805],[0.7856585846578172,46.39908801735511],[0.7858086927405813,46.3983719720973],[0.7854573776824854,46.39798922470633],[0.7848401955871136,46.39783951019342],[0.7843345940631107,46.39738536721564],[0.783961086061607,46.39684213268835],[0.7836118534095554,46.39640541633624],[0.783399298683353,46.39565111382018],[0.7829144190542675,46.39541051464964],[0.782350691194492,46.39522552158922],[0.7819103517352287,46.395201497592424],[0.7813133793689611,46.395283309139806],[0.7799270444131884,46.396660914780604],[0.779553804093387,46.39704994161514],[0.7793610418937644,46.39742254570034],[0.7798680703842893,46.39782544747653],[0.7798151421336493,46.39873809145133],[0.7820222190865536,46.40034491255359],[0.7842485333564915,46.400513046821914],[0.7838048430954636,46.40132856834604],[0.7845120871193616,46.40140482520554],[0.7845031993412696,46.40171606456981],[0.7852843525991253,46.40191930927885],[0.786286544306416,46.40156944968756],[0.7874369684631127,46.401207201415225],[0.7885352239976157,46.401054802112824],[0.7888907521870597,46.40034515241698]]],[[[0.7386085847842824,46.40711950441769],[0.7380246240173817,46.406960109048924],[0.7376926482282196,46.40669446877378],[0.7375613260022061,46.40640465555906],[0.7375954723456891,46.40584990968905],[0.7373441041805877,46.40537392728276],[0.7366083890665402,46.40495681806204],[0.7354160590033076,46.40419670963557],[0.7350867877174787,46.40399048962283],[0.7344531749459462,46.40364139543007],[0.7339935734875209,46.40345673315062],[0.7329882468916329,46.40338854976534],[0.7321844770862598,46.40350318085411],[0.7317667727943531,46.40367545474938],[0.7314289656635748,46.40375886901919],[0.7311414051139979,46.40386278713928],[0.730767762629598,46.40430474907816],[0.7306843693188428,46.40449884490019],[0.7303438964587169,46.40467220642631],[0.7299822963596713,46.40464909519487],[0.7294707921403797,46.4045176727643],[0.7289561954067216,46.40442040108776],[0.7287494159220517,46.40447146545158],[0.7286139729534307,46.40466572564501],[0.7284802352496085,46.40484200832347],[0.7278506083580805,46.40517234607692],[0.7274849202540801,46.40534444506027],[0.7276352963018834,46.40545455889663],[0.7277843571126584,46.405652848988034],[0.7275162347092893,46.4059478126815],[0.7276448064844608,46.405985630767496],[0.7282793306891377,46.40554737494328],[0.7289071485602946,46.405322290281624],[0.7292959359319029,46.405327793984796],[0.729650173544543,46.405600075134835],[0.7298217201649265,46.405944459516604],[0.7302073304141489,46.40605789794874],[0.7321767918203038,46.40639440196617],[0.7331240749205502,46.40642128102535],[0.7336693385447611,46.40637498644037],[0.7351916818521791,46.406553943283576],[0.7365322380269422,46.40699128411232],[0.7373915851453554,46.407363339929155],[0.7379190739347316,46.407510250605],[0.738524262930404,46.40761145801711],[0.7386085847842824,46.40711950441769]]],[[[0.7685944795854289,46.42714129139194],[0.7661255959307317,46.42642328124325],[0.7652851389209284,46.426249686731836],[0.7646362947595372,46.42594824606531],[0.7625971840184584,46.425011136153266],[0.7616216151185079,46.42467366183305],[0.7618647355846324,46.4254311270035],[0.7610366871053565,46.42494271091743],[0.7607344558244574,46.424976314586885],[0.7602578937040684,46.42532245369477],[0.7600382515452798,46.42601231200273],[0.7602057375801802,46.426716540054045],[0.7606751948602269,46.42743665622037],[0.7610553689377325,46.42732764544973],[0.7614688582365179,46.427263191875085],[0.7618720446208985,46.42718599268989],[0.762374381650802,46.42710026438424],[0.7624392901484374,46.42721814979691],[0.7629566482295564,46.42881539862189],[0.764944234766222,46.42829038651073],[0.7678342794362137,46.427454754700484],[0.7685944795854289,46.42714129139194]]],[[[0.7989126546317277,46.40280297161188],[0.7987247551825906,46.40212012292538],[0.7973661483282438,46.40226639597512],[0.7961719473452588,46.402394179910885],[0.7946977221844116,46.40224549302906],[0.7940260275093127,46.402180574299074],[0.7922259427972413,46.402742826075965],[0.7917777175287436,46.40231198859772],[0.7913224244558505,46.40198364234995],[0.7910605428275053,46.4018567918402],[0.7908250519197075,46.40180859292546],[0.7903266529957101,46.40250640868851],[0.7901350062250361,46.40291504063997],[0.7899911615193778,46.40341251053728],[0.7901152236580977,46.40361037493797],[0.7907710091096133,46.4041205321099],[0.7912647467485336,46.40389778373099],[0.7915546534051064,46.403766748131645],[0.7915817460880341,46.40375632033726],[0.7926813806250022,46.403180958124075],[0.7935887916793849,46.40397888107085],[0.7937656927741173,46.40410726687314],[0.7945527449905204,46.40456338971947],[0.7953411457367332,46.4049862361119],[0.7957102121627313,46.40468708793802],[0.7969539721777834,46.40361511456325],[0.7970382993246491,46.403366092866875],[0.7974052819006573,46.40313980036625],[0.7978752224838714,46.402966195053274],[0.7989126546317277,46.40280297161188]]],[[[0.7441782450848605,46.40575073063218],[0.7440009958574714,46.40472777544871],[0.7435428082492069,46.40450717600637],[0.7432693489171245,46.4040731952746],[0.7433303205622647,46.4037680905372],[0.7427621173998399,46.403724120726054],[0.7411939541093525,46.404204237665276],[0.740992427168202,46.4048655180864],[0.7406926805258413,46.40538054219172],[0.7403688921580898,46.40585923102363],[0.7401516579223764,46.40614233707296],[0.7400890444836049,46.406555405030225],[0.7401311026983407,46.40684215652748],[0.7403819355465188,46.40713364646986],[0.7406663190442314,46.407137643828506],[0.7413133615284467,46.40718273069961],[0.743334459004072,46.40719040658215],[0.7436709961509141,46.40719512687012],[0.7438586531623645,46.40694849347754],[0.7441782450848605,46.40575073063218]]],[[[0.7164400967678866,46.409086630062994],[0.715283041199573,46.40880284908785],[0.7144879798593112,46.408521530099016],[0.7136936736156008,46.40822401530867],[0.7133937377879054,46.40787777026545],[0.7128012158997364,46.4077631159698],[0.7120523221024484,46.4085407080917],[0.7116287016887438,46.40883790759612],[0.7114384322085116,46.409123151315924],[0.7119844404305862,46.4099543652879],[0.7125144894792486,46.41068005530037],[0.7130895010115358,46.41108153026622],[0.7136134127931563,46.410911737742076],[0.7151749434914506,46.410682071388884],[0.7164400967678866,46.409086630062994]]],[[[0.7248621842876771,46.40673807172768],[0.7245705563021165,46.40612740920577],[0.7240457512335678,46.406220743537546],[0.7237252104762022,46.406229690575024],[0.7225197575946062,46.40587690735993],[0.7218659038874023,46.405909007983475],[0.7217384874166827,46.40588919520276],[0.7208018820996684,46.40610714463395],[0.7200977359235363,46.40638238767503],[0.7192617594136443,46.40672864531603],[0.719152523210347,46.40688906528],[0.7193508339345193,46.40719335475528],[0.7195794608097648,46.407322595136655],[0.7201638092327305,46.40761617796685],[0.7205430838634201,46.40788974117555],[0.7209187548668966,46.40828923667727],[0.7212170720630933,46.40863003979673],[0.7218539544564334,46.408925263300596],[0.7219558462746476,46.408998699425176],[0.7222064488197489,46.40914174582921],[0.7226164265110564,46.4092888567851],[0.7230343276697704,46.409165211063616],[0.7236844021709113,46.40891977339456],[0.7245330460295265,46.4087473505875],[0.7247815930898076,46.408758075908075],[0.7243363627114091,46.40859337460671],[0.7225762230815863,46.40889053032609],[0.7223844960601675,46.408718632144726],[0.7225437680340612,46.408327642136165],[0.7227101250082908,46.40793855264665],[0.7228785253015436,46.40744150862475],[0.7232115304698642,46.406618343847455],[0.7244970267967433,46.40683907262063],[0.7248621842876771,46.40673807172768]]],[[[0.7731795457736301,46.40282414987574],[0.7723497705253458,46.40277492741437],[0.7722976689068718,46.402099300053884],[0.7720144766904267,46.40209539798253],[0.7719486220368086,46.4026299184138],[0.7714396475849042,46.40260220707056],[0.7714724491946664,46.40243888001899],[0.7714904503355063,46.4018137195289],[0.771343882636765,46.4015237370171],[0.7709334308965964,46.401394796930134],[0.7704904555340815,46.40146067496035],[0.7702373945667436,46.40108823780142],[0.7698994733853307,46.401119566775996],[0.7684762682846428,46.40127990158878],[0.7686244547731508,46.40151321203495],[0.7687719637097647,46.40172492348332],[0.7686615233679013,46.402920238021],[0.7688022457121246,46.40340811251975],[0.7691872529067548,46.40344942422762],[0.7694968568053705,46.40345369719989],[0.7698059327816537,46.40349395138114],[0.7700377741476633,46.40351515102411],[0.7710184816963901,46.404385359672816],[0.7721738335995012,46.4037038757531],[0.7729389728708196,46.40316099159712],[0.7731795457736301,46.40282414987574]]],[[[0.7538180093543232,46.426579131430984],[0.7520736258674525,46.42518880089328],[0.7523143819788141,46.42496538398767],[0.7520441144550671,46.424571969491446],[0.7521921463097515,46.42434636388328],[0.7522631649050247,46.423504166077535],[0.7514940096302899,46.42410985606355],[0.7508722597869093,46.42452412375956],[0.7510833061486946,46.42530546286322],[0.7506571221582002,46.4254614939984],[0.7503753674369001,46.425457560825194],[0.7505442223598088,46.42611053413205],[0.7511750100253984,46.42702821761235],[0.7522673014716239,46.428213298695134],[0.7528667324702432,46.42857890433159],[0.7532871043505944,46.42868105275924],[0.7533183518424964,46.42760883046994],[0.7538180093543232,46.426579131430984]]],[[[0.7634850067183941,46.422154626332436],[0.763492819857719,46.421884772354154],[0.7633744463648843,46.42149258616335],[0.7632784047248816,46.421259083956855],[0.7630226890563854,46.42118355573765],[0.7622538596039704,46.42095693187102],[0.7609993730854283,46.42062008185569],[0.7604356656849409,46.420486278151024],[0.7600960517108777,46.420571552539954],[0.7597298389038601,46.42076174261973],[0.7593331487021108,46.421078389106256],[0.7592730718621051,46.421399714628045],[0.7594178831572043,46.421704981641],[0.7599276867565004,46.421961328942956],[0.7606905014221077,46.42232826436304],[0.7611492493874454,46.42255059824433],[0.7619285231128599,46.422417419230285],[0.7629638529260393,46.422289586488205],[0.7634850067183941,46.422154626332436]]],[[[0.7281544220556172,46.41157934305462],[0.7280313894619809,46.41139762409551],[0.7278292258176964,46.41123457946573],[0.7271655629941545,46.41099390550615],[0.7265763288835034,46.41080557681095],[0.725865943151607,46.410386055519204],[0.7254897820289499,46.41005856338857],[0.7252910817350554,46.40977047486383],[0.7252721712120052,46.409556936647625],[0.7248318397595994,46.40956868375348],[0.7244693615451708,46.409635531742765],[0.7238910938582808,46.409981876488146],[0.7233645731103604,46.41035055280684],[0.7229716281501356,46.41052314752244],[0.7228785658897083,46.411059058855216],[0.723077890618476,46.4112733621865],[0.7234441572962291,46.41113638453806],[0.7236544829982468,46.41098009215585],[0.7238930138667437,46.410767506521736],[0.7239512186497564,46.410573057858926],[0.7243850631362841,46.41072319737877],[0.7251742417897769,46.411091653691734],[0.7257523687324591,46.41159749224852],[0.7261331040496032,46.41183685999335],[0.726412920732539,46.41200011148633],[0.7266521625941423,46.411772231912956],[0.7268910321215045,46.41156144411499],[0.7269696397433063,46.41147257034212],[0.7272032239991268,46.411439883542954],[0.7275096655784942,46.411552209536374],[0.7278922000413559,46.411717809773464],[0.7279956019297354,46.41170127864498],[0.7281544220556172,46.41157934305462]]],[[[0.7796611999337668,46.39823655062719],[0.7796451591708127,46.397861083835636],[0.7793619883639951,46.397857200891934],[0.7791515261933898,46.39798029690061],[0.779018509555341,46.39813774935094],[0.7783979583568478,46.398165230906585],[0.7780118062997593,46.39812393545956],[0.7773973763506598,46.39799221881729],[0.7768805745898171,46.397985120765036],[0.7767973560749111,46.39817925044052],[0.7766488150432852,46.39889081168118],[0.7764454567827005,46.399690702897026],[0.7766252224390329,46.39971297354042],[0.7771652632290688,46.39979057836569],[0.7780685759637805,46.3997867845756],[0.7786372713111981,46.399758592223584],[0.7791055493042132,46.3995850428603],[0.7794212091320717,46.39850052381809],[0.7794798408182704,46.398270059489064],[0.7796611999337668,46.39823655062719]]],[[[0.7598176936827649,46.403496984565244],[0.7598055179755324,46.40305137362866],[0.7597001998163888,46.402211226166436],[0.7591005836583469,46.40243416808333],[0.7587266585779852,46.402840218005615],[0.7589040557771214,46.40294886550761],[0.7591081905845447,46.403041688694614],[0.7591045361772888,46.40316762178426],[0.7587698989991389,46.40314317828489],[0.758537413663069,46.403139947803126],[0.7586098163386421,46.403320928960696],[0.7585806146707836,46.403461805816754],[0.7582952088081102,46.403475833864164],[0.7580062099350915,46.40368509157466],[0.7575093391062356,46.403912150273975],[0.7570655802143202,46.40404815841675],[0.7567565070832468,46.40402586368831],[0.7562376778150699,46.40412662721452],[0.7558673629911794,46.404407636957494],[0.7566637670613658,46.40454470401619],[0.7578171135450241,46.404861303824234],[0.7585339468423087,46.40506923766728],[0.758814213058296,46.40516131980714],[0.7589750258591933,46.40496738358402],[0.7587232367544183,46.40475061658556],[0.7584035553151433,46.404210744763745],[0.7584061667697536,46.40412079361499],[0.7589505635433181,46.40400417423812],[0.7594946061570073,46.40395773410434],[0.7594721265381875,46.40384943955508],[0.7596088667097997,46.403566076919454],[0.7598176936827649,46.403496984565244]]],[[[0.7578836920789803,46.42564763510462],[0.7577634830538449,46.4253238106781],[0.7574610837594052,46.42512163165685],[0.7571029175363629,46.42497537557581],[0.756562451738184,46.42489586773719],[0.7561997830167386,46.42496281561943],[0.7558838683531287,46.42515369353302],[0.7557108583872313,46.42577759940106],[0.7556947884967343,46.42632990311741],[0.7557625538134245,46.4266710009618],[0.7558880540082525,46.426816726094444],[0.7562964176723762,46.426964585811795],[0.7568396462528507,46.42695414657502],[0.7573130189625495,46.42662057268878],[0.7577447687359966,46.42596786440114],[0.7578836920789803,46.42564763510462]]],[[[0.7769841095631114,46.39665652615353],[0.7768744077299473,46.396527236032355],[0.773185407627202,46.39636131496772],[0.772465602373005,46.39626321409598],[0.7722029208780367,46.396419775016184],[0.7723364284520076,46.39671137643536],[0.7751126024088099,46.39706094492152],[0.776805265217039,46.39749095114555],[0.7769841095631114,46.39665652615353]]],[[[0.7486071426068999,46.40684131090889],[0.7484292986721316,46.40669484420964],[0.7480714737246649,46.406599851998074],[0.7471512375683717,46.40631970979955],[0.746791145947023,46.406244476173455],[0.7463215848356682,46.406416083346926],[0.746063465011425,46.406412468306414],[0.7458269613884929,46.40655043342245],[0.745539399393414,46.40670838504882],[0.7453253529169729,46.40693665692657],[0.7453180308804197,46.40718672232457],[0.7452566488585031,46.40755931261411],[0.7453794658880973,46.40774100968566],[0.7456706280641612,46.407513817831514],[0.7460373528265104,46.40730478217343],[0.7463275277556952,46.40712887058432],[0.7466155637130436,46.40695472762276],[0.7469786303022302,46.40692381353728],[0.7472057634899643,46.4070529768354],[0.7475599396276095,46.407326097262306],[0.7478380879043153,46.40750816470107],[0.74820636095542,46.40729914378635],[0.7483412683311912,46.40712105521542],[0.7486071426068999,46.40684131090889]]],[[[0.7303171400583109,46.41001895127723],[0.7303234408284074,46.40980577065608],[0.7295216985521217,46.409848419667846],[0.7290064880275565,46.40982312731628],[0.7284907326536717,46.40983382636818],[0.7280006052054415,46.409826885968656],[0.7277970435167582,46.40969801801874],[0.7276165389838305,46.40971345601069],[0.7275126080823071,46.40974798029368],[0.7274815574100967,46.40989152541723],[0.7276569530476704,46.41005328924615],[0.727887741230353,46.41011055066408],[0.7280699403632106,46.410095136045314],[0.7283515754961067,46.410153115955005],[0.7286318507214565,46.41030106422476],[0.7288873849043345,46.41037487526398],[0.7291395956144721,46.41057461756787],[0.7294176497093933,46.41074053361239],[0.7296749062230061,46.41081346364187],[0.7299398936108586,46.41056794595751],[0.7302074886425157,46.41025136857526],[0.7303171400583109,46.41001895127723]]],[[[0.7687649965232128,46.39664051788872],[0.7686189245847448,46.39633434219456],[0.767870839536041,46.396342010407],[0.76743127958181,46.396335936211166],[0.7668905631958186,46.39632846247064],[0.7667547657724685,46.396540756605084],[0.7666472483828887,46.39670124282354],[0.7669531175406094,46.39684675455972],[0.7672832249853633,46.39703129141878],[0.7676898564928956,46.397232184457586],[0.767996879784086,46.39734261524775],[0.7682796554060771,46.3973465214306],[0.7681848596310152,46.397079745739454],[0.7681900496398887,46.39689984281548],[0.7682430886705497,46.39681058797809],[0.7685565905336964,46.396691636617305],[0.7687649965232128,46.39664051788872]]],[[[0.7551155186158003,46.42317945969568],[0.7548355759410024,46.42301538824984],[0.7545348158371892,46.42274393361531],[0.7542092411287354,46.42236415034082],[0.7535935792033346,46.4222493836773],[0.7533112124898602,46.42217346131392],[0.7528792428391569,46.42195326819643],[0.7528282595760522,46.42191656122776],[0.753125479304935,46.42234904830125],[0.753268282033375,46.42278027901774],[0.7533633895166196,46.423048870855176],[0.753514036636343,46.423193149892064],[0.7539255782727866,46.42323488038356],[0.7543906010547792,46.423241358211385],[0.7551155186158003,46.42317945969568]]],[[[0.7744601440583403,46.42744706526314],[0.7741251710988633,46.42742446409195],[0.7737090527112637,46.42754472304923],[0.7730037116594395,46.42780227637381],[0.7726364344797445,46.42802939258483],[0.772605028108446,46.42818913994507],[0.7729303845594729,46.42858686044941],[0.7732121627043819,46.428644728619396],[0.7731973239943967,46.42826927810946],[0.7733597158877165,46.42802134598325],[0.7738021152072894,46.42788345462105],[0.7742924117825413,46.42789019837913],[0.774428782869489,46.427659907219976],[0.7744601440583403,46.42744706526314]]],[[[0.745217298384959,46.40798800315232],[0.7451700634748216,46.40750410787328],[0.7451072026396433,46.40675002495993],[0.744791118114909,46.40650892618774],[0.74432682308228,46.406691389806014],[0.74457349151787,46.4070682991209],[0.7449108211933773,46.40750317154044],[0.7447542347005763,46.407768243528665],[0.7443893179553144,46.408066385942575],[0.744589938721217,46.40828337034364],[0.745217298384959,46.40798800315232]]],[[[0.7810086925636986,46.40071797897574],[0.7809876422915639,46.400576409421554],[0.7808924381175033,46.40030783974671],[0.7806655766214545,46.400108562300154],[0.7800123792319212,46.40018059959461],[0.779583790820626,46.40000374671712],[0.7794282308615941,46.400071800520934],[0.779293444850572,46.400249926044886],[0.7792646859288569,46.40037281831304],[0.7793900504274298,46.40046452483399],[0.7800034152864691,46.40049363120628],[0.7804436518632952,46.40062294661696],[0.7806231836436573,46.400712697517186],[0.7808268112429486,46.40076947832719],[0.7810086925636986,46.40071797897574]]],[[[0.7684111485136863,46.39817172194863],[0.7683653661657082,46.3979371240229],[0.7677982420651706,46.39792928973884],[0.7679139307498558,46.39841412429928],[0.7680646759357834,46.3985583853377],[0.7680306848371418,46.39886207456226],[0.76776779130599,46.39898442629062],[0.7672250569065738,46.39904621646371],[0.7672454738047321,46.39920847783477],[0.7680430820292334,46.3993067834913],[0.7682619786283015,46.398847268796594],[0.7684111485136863,46.39817172194863]]],[[[0.7317278226726966,46.412968922899616],[0.7315488022323526,46.412876404829824],[0.730962101001945,46.41265393889512],[0.730576413935213,46.41259449404662],[0.7303178697935983,46.4126088332953],[0.7301819777962615,46.412875076658096],[0.7306688082952818,46.41298994979424],[0.7310008887707887,46.413102628125685],[0.7311782909411324,46.41321042275675],[0.7316626764667973,46.41341254364342],[0.7316668478168681,46.41327131906382],[0.7317278226726966,46.412968922899616]]],[[[0.7829510223556422,46.40142487208373],[0.7829292514648012,46.40124459974256],[0.7826252664755111,46.40104427113506],[0.7822674191104191,46.40094938605108],[0.7819306841440423,46.400998767409696],[0.7816911806449937,46.401245654518696],[0.7817882352089577,46.40144495214166],[0.7820171901382008,46.40157137355606],[0.7823786643294032,46.4015943165736],[0.7827148896835537,46.401562922289216],[0.7829510223556422,46.40142487208373]]],[[[0.7501836438620656,46.40587977528954],[0.7498027113617025,46.40565848169284],[0.7495929276169396,46.40579952878797],[0.7493032139979642,46.405973655804495],[0.7494507349700651,46.40622768567346],[0.7492901316849434,46.40642161781894],[0.749567371731235,46.406674758339044],[0.7498851920298981,46.40635794133445],[0.7500205557330774,46.40616365580047],[0.7501836438620656,46.40587977528954]]],[[[0.770884242976575,46.39652758212254],[0.7707078040986638,46.39639916552637],[0.7704498574941788,46.39639560811576],[0.7704698260662401,46.39659205889547],[0.7701828950063033,46.39666008777345],[0.7700306456660425,46.39656800011801],[0.7699031807009866,46.39655004529599],[0.7697694684624062,46.39669037892709],[0.7696657165208574,46.39672494323768],[0.7697871239071509,46.39701187929818],[0.769942220134027,46.396960028084216],[0.7699926732792187,46.39701471586116],[0.7702476303518058,46.39710822068238],[0.7705393545059269,46.39686027736208],[0.770884242976575,46.39652758212254]]],[[[0.7722276941723687,46.40095549518605],[0.7717973695507275,46.400681403513445],[0.770839905672866,46.40075819266769],[0.7708368480564668,46.400864333615104],[0.7710101178511208,46.4011168895456],[0.7713459629060698,46.401085523052195],[0.7722276941723687,46.40095549518605]]],[[[0.7322187182472839,46.41381454883602],[0.7322229137133217,46.41367242752119],[0.7319160602501893,46.413560103755366],[0.7318871621895353,46.41368388055516],[0.7319612229763465,46.41379291544062],[0.7322187182472839,46.41381454883602]]]]}},{"type":"Feature","properties":{"code":"FR5400458","name":"Brandes de la Pierre-La","designation":"SIC","legalReference":"http://www.legifrance.gouv.fr/jo_pdf.do?cidTexte=JORFTEXT000000277387","sourceUpdatedAt":"2022-09-18"},"geometry":{"type":"Polygon","coordinates":[[[0.9595729482585854,46.49085655093985],[0.9588908987036387,46.49109844054844],[0.957406921382774,46.49104896310003],[0.9563376014404283,46.49083173224843],[0.955895891828994,46.49027027422688],[0.9557890549747811,46.48970208343482],[0.9559384340864028,46.48920719236211],[0.9560886657564039,46.48872490167285],[0.9563396182943927,46.4882420400817],[0.9565924072422547,46.48777899315616],[0.956646952564638,46.48705799380923],[0.9566740384900205,46.48645363563866],[0.9568197806115081,46.48584531859848],[0.9568126725909136,46.48566346090079],[0.9561503007055713,46.485072334841135],[0.9554307012254746,46.484744157667066],[0.9551064284138896,46.484627739917286],[0.9546585554464182,46.48437214419505],[0.9537881982794646,46.48407181719047],[0.9530649637311753,46.48366259964215],[0.9524939875775331,46.4832750192672],[0.9520816401442346,46.48263381904643],[0.9518319044705832,46.482261849806974],[0.9517761693365843,46.482148692441676],[0.9516600883786144,46.4817513477657],[0.9515040381422702,46.4811843524328],[0.9515040791998757,46.480764131668224],[0.9514971971041503,46.4801251652063],[0.9514381690035871,46.47988599044378],[0.950327701231814,46.47995344401068],[0.9490705665514032,46.48007128769148],[0.9485216196309793,46.48028684897564],[0.9477757478569118,46.48057738508858],[0.9471806117201733,46.48000681881731],[0.9464474698984673,46.47933738284694],[0.9457509623107698,46.478723279933405],[0.9453522698761518,46.47841245412881],[0.9444524717961904,46.477803053672595],[0.9441953233744338,46.477672127979716],[0.9433125178737684,46.47705122738821],[0.9422478740739306,46.476502774748504],[0.9408870939335003,46.47527400504254],[0.9398832151519015,46.474107183938486],[0.9389258938809161,46.47289414069397],[0.938239922289985,46.47211004716889],[0.9374407074219284,46.47103121330972],[0.936862829283328,46.470016278749455],[0.9366955933520653,46.470032219894925],[0.9330692244219727,46.46991102225184],[0.9297037301176061,46.46992072001009],[0.9257081545522406,46.46981991626042],[0.9215640868069246,46.4698107122739],[0.9209684129976359,46.47003995524268],[0.9216967929398764,46.47066541417492],[0.9228143764226734,46.471259707686315],[0.9237067048107305,46.471707223626865],[0.9243298740107929,46.47212889488949],[0.9246086867980212,46.47237531045295],[0.9236521905399944,46.4728961377655],[0.9231477001450507,46.47337397976142],[0.9224910730522466,46.47383193373506],[0.9217590282968846,46.47407477787026],[0.9209316737213136,46.474446013350445],[0.9197324256155175,46.47482340639139],[0.9195989897992256,46.475304959649755],[0.9193101174943692,46.47564329996053],[0.9188890620205422,46.47610596921662],[0.9188705132658438,46.476516964498146],[0.9202049525844521,46.47704020305306],[0.9212167810118108,46.47754321524538],[0.9220626265203226,46.47807384764463],[0.9226653214969593,46.47843858072584],[0.9236214025802373,46.4787834008602],[0.9243076304997938,46.47910237145074],[0.9248221177669075,46.47935351823743],[0.9255511561887861,46.47950923479465],[0.9263507541765935,46.47967663081819],[0.9269992184880859,46.4799258235277],[0.9274782873299714,46.480097332056175],[0.9276821341353013,46.48016284454711],[0.9279819093786924,46.48006577793473],[0.9286191514571845,46.47999448254536],[0.9295991268347712,46.48007860031927],[0.930680460761245,46.48018195768016],[0.9313892588471988,46.4802249134359],[0.9323904929233239,46.48038845087691],[0.9335600402425897,46.48059185517985],[0.9345575982666062,46.48070673789112],[0.9360005637810875,46.480976473878194],[0.9327369056166988,46.484214336251284],[0.9308516905492303,46.48689956277246],[0.9282941044793279,46.487452813088105],[0.9272926452411607,46.48768966816755],[0.9267045173051374,46.487712072552426],[0.9254684771738165,46.487510476180596],[0.924139674616864,46.48714934620751],[0.9233739932896879,46.48694636937614],[0.9222607905316953,46.486466414114936],[0.921002379888447,46.485670594395884],[0.9199331626002392,46.485054388617876],[0.9193053415093395,46.48449766806296],[0.9187985918890991,46.483560018051115],[0.918453931619016,46.4828808378445],[0.9167686095125472,46.48286880757931],[0.915951853986337,46.48262465158367],[0.9149565438516815,46.48303063818228],[0.9143287178970021,46.483376428002856],[0.9142202369459691,46.483628821079066],[0.9146811185733619,46.484235679072],[0.9151347489994337,46.48468227619261],[0.915436400952966,46.485052280770134],[0.9158583231589508,46.48554616127354],[0.9163330289225887,46.48607399740698],[0.9170027407280804,46.48731514260691],[0.9175076818599709,46.48818258838096],[0.9178198058184256,46.488861364187336],[0.9181877486987744,46.489687503719324],[0.9184865803963385,46.490466891895494],[0.9187764834839262,46.49147833072378],[0.9191249996935972,46.492211544683606],[0.9194752941681316,46.49301676339906],[0.9203369357168367,46.49349990787157],[0.9212461070699042,46.49394944761474],[0.9218284629956629,46.49421134402316],[0.9224590200235699,46.49440365306786],[0.9234509383913633,46.49479391398007],[0.9242020873031734,46.49506419567482],[0.9250846475994996,46.495196627128166],[0.9257819634996041,46.495387946611814],[0.9265828203919206,46.49561113520193],[0.9270591305510893,46.49573852009921],[0.9278792391001826,46.496018628892564],[0.928411001514331,46.49630416615451],[0.9292581395554198,46.49685905043004],[0.9296957962890409,46.497317081843484],[0.9305315209625519,46.498896728032776],[0.9308489286471119,46.499722198626806],[0.9311171108907739,46.50013943871185],[0.9318137660251349,46.501164854448945],[0.9320831864880035,46.502083315218435],[0.932876674269955,46.50254572562377],[0.9339824033873455,46.503265734058715],[0.9346692654420936,46.50402825902768],[0.9352262554937486,46.5045066349086],[0.9352926038377576,46.505373994756454],[0.9352963858349158,46.50587344898643],[0.9353854030339721,46.506922853672094],[0.9354349900482567,46.507778302264875],[0.9352354260545546,46.50828425477761],[0.9351722929472918,46.50886656707805],[0.9388270844489985,46.50966018291852],[0.9394242034607085,46.50586122313768],[0.9414201382777446,46.505624763980116],[0.9430537002960785,46.50560429456973],[0.9445438398684414,46.50582499730452],[0.9457442401847304,46.50588017412714],[0.9470085618339553,46.50592261450288],[0.9475789758404707,46.505830600219895],[0.9489519652105138,46.505185976702556],[0.9495656759691069,46.5049343089441],[0.9503658200103267,46.504679511156276],[0.9513766293462242,46.504248204509054],[0.9517076811639069,46.50409296528125],[0.951763271235843,46.50379400078684],[0.9513389939061814,46.50326692871086],[0.951032089920842,46.502736793577284],[0.9509649511249508,46.50230405768082],[0.9513022482377714,46.501898741331324],[0.9534681875484228,46.4999031763537],[0.9539274465232783,46.49957311759949],[0.9541919710514245,46.49946565398296],[0.9547650468858083,46.49901010746331],[0.9556585733607436,46.49815891867295],[0.9564721218442304,46.4973769359688],[0.9571051437789633,46.49677093083462],[0.9577529333613493,46.49608591466235],[0.9581297047556234,46.49535892084815],[0.9585547448968712,46.495040128532096],[0.9586368866149714,46.4941143004327],[0.9585628024437016,46.49350151914171],[0.9589748183551371,46.492350222483964],[0.9594365141481017,46.491258021533206],[0.9595729482585854,46.49085655093985]]]}},{"type":"Feature","properties":{"code":"FR5400459","name":"Vallée du Corchon","designation":"SIC","legalReference":"http://www.legifrance.gouv.fr/affichTexte.do?cidTexte=JORFTEXT000029476310&fastPos=1&fastReqId=1974789526","sourceUpdatedAt":"2014-09-30"},"geometry":{"type":"Polygon","coordinates":[[[1.1336463105356995,46.48930614340425],[1.1336169938568446,46.489265339336534],[1.1335618420823776,46.48923776626161],[1.1323165608273817,46.48892585597371],[1.1313322618501853,46.488665285859916],[1.1303614040901686,46.488457036300844],[1.1291777224069044,46.48808276123864],[1.1291567889786878,46.4880753417713],[1.1281900921210446,46.487903111193404],[1.1273930092753703,46.48760850195341],[1.1272462355762334,46.487471973219655],[1.1276624723922357,46.48744760817707],[1.1276872624163992,46.48744607234193],[1.1285911774614725,46.48727751651542],[1.1292315279764855,46.48723931970405],[1.1292642447205397,46.48723246941052],[1.1292958343163644,46.487223808257845],[1.1300550949657862,46.48692863559963],[1.1314108651370645,46.48672075683786],[1.1314362497785941,46.48671292859237],[1.1324825855794745,46.48632179640275],[1.1326698942629412,46.48628149144626],[1.1327261710464167,46.48625779282539],[1.1327573409716571,46.48621493226167],[1.1327541713155291,46.48616990924139],[1.1327173057302722,46.48612902479094],[1.1326566837169811,46.48610768838047],[1.1325874632046495,46.4861096576728],[1.1323910514103097,46.48615526930475],[1.1323688976985544,46.486161330228306],[1.1313352196451112,46.486548993422936],[1.1299794547584823,46.486756871314824],[1.1299514756759867,46.48676422085131],[1.1291821630850825,46.48706333818745],[1.1285572501415038,46.48709899076778],[1.1285336155449843,46.487101441908386],[1.1276296545158102,46.48727179609509],[1.1270064656996819,46.48730566438399],[1.1258905125237124,46.48716781951831],[1.1255234508677083,46.48695020838294],[1.125500647598826,46.48693871519738],[1.1248116003631756,46.48671362560727],[1.1244433344259903,46.48645055949997],[1.1244174912209743,46.486441286885935],[1.124398157790029,46.48643208416227],[1.1241082291768962,46.48634801170221],[1.1237424833227116,46.48604268201806],[1.123719503117764,46.48603343462197],[1.1236873491389852,46.48601509801333],[1.1223932662994973,46.48568905920837],[1.1223709297388318,46.48568612435248],[1.1223478484328635,46.48568137674479],[1.1218860778584039,46.485677345772686],[1.1218579641111464,46.485685142379666],[1.1218206094733012,46.48569239622027],[1.121552330287516,46.48582585043362],[1.1209684000508842,46.486044556918735],[1.1209456605452932,46.48605331354341],[1.1207472845030335,46.48618616235209],[1.120734020828962,46.48619681670449],[1.1200225340583907,46.48684606677117],[1.1191387887728632,46.48709575349067],[1.1191164801951894,46.48710900777995],[1.1190926444841771,46.48712045083163],[1.1186461200234676,46.48746119376018],[1.1184230313366765,46.48753348717036],[1.1172101367917897,46.48765276447418],[1.1166384476722855,46.48768982422267],[1.1145233614881387,46.48744666627616],[1.1122578015553202,46.48692741495455],[1.111282890591688,46.48678194739953],[1.11068377326852,46.48664951938815],[1.1102635397084706,46.486222081205135],[1.110245090634187,46.486208387119355],[1.1098563077749557,46.48597474705848],[1.1098368759404944,46.48597003654535],[1.1098175853560284,46.485959031501054],[1.1075635035945497,46.48535162344577],[1.1059477691532338,46.484796073334856],[1.1059276758913255,46.484791806041784],[1.105137047632675,46.484644677746225],[1.1042196763147694,46.48454341087671],[1.104192003606,46.484545812522484],[1.1041634875846245,46.484545503442],[1.1036585719494962,46.48464350914788],[1.1036200702779952,46.48443433659436],[1.1036139268751401,46.48441807588788],[1.1033646543442437,46.48387099033587],[1.1029924476432234,46.48328838240275],[1.1029421725421504,46.482972902076135],[1.1035894005666658,46.48224028296256],[1.103598570081318,46.482226883899216],[1.1036490521403268,46.48213745126773],[1.1045466898173935,46.48057522760044],[1.1045509619584086,46.48055637539211],[1.104928312496381,46.47839463677336],[1.1049286197271668,46.47838114198949],[1.1048787328360719,46.477654913253694],[1.1043909940879466,46.475877017596],[1.1040719923383346,46.47532467823636],[1.1040605847584846,46.475307908641554],[1.1034970008574538,46.47478171287885],[1.103047881725551,46.47435933099267],[1.1023470162008844,46.473539201650034],[1.1016034376794497,46.47287427517049],[1.101607428519057,46.47269885442313],[1.1018071049180818,46.47234830081394],[1.1018089405649787,46.472324922645946],[1.1018094310476567,46.47230333617041],[1.1017506277632514,46.472129032169185],[1.1017578499209437,46.47181148463096],[1.102134811228022,46.47147635040809],[1.1021465180675865,46.47145398015783],[1.1021607554405084,46.47143209238588],[1.1021911790562515,46.471425674804095],[1.102213695328754,46.471417816245065],[1.1022334747624887,46.47140993384391],[1.1022503038221585,46.47140291936546],[1.102300664885946,46.471370174444075],[1.1027135529569,46.471253178245725],[1.103452645093656,46.471218004741914],[1.1041397287134995,46.47135682542502],[1.1041769416421088,46.47135812829521],[1.1042088624243782,46.47135757434812],[1.1042350635107674,46.47135066103269],[1.1045028625145592,46.471259984827356],[1.1045237896780846,46.47125301368265],[1.1049194986154005,46.471032351534966],[1.1049316684340258,46.47101808250894],[1.1049553003462107,46.47099854525541],[1.1052168232349957,46.47060726458747],[1.1060029428374676,46.46994991672225],[1.1064415832079157,46.46961543904336],[1.107517226367077,46.469323840575846],[1.1078330484279102,46.46928855881457],[1.1081146128119366,46.469449066181156],[1.108163944861785,46.46946759821609],[1.1088140670790914,46.46956460023617],[1.1088335942478156,46.46956481084979],[1.1088532239833917,46.46956052139563],[1.1088910986800382,46.469558683009716],[1.109308961615169,46.46941922433165],[1.109894556672543,46.46911556125247],[1.1110613391536448,46.46877182259484],[1.1110811094540234,46.46876123911066],[1.111100799449824,46.46875425444223],[1.1114234291459253,46.46853817366535],[1.1119808510916405,46.46877813121891],[1.112003883156499,46.46878467356968],[1.1129101776157233,46.46901938665431],[1.1129309082909773,46.46902410469391],[1.114432638693619,46.46922021663973],[1.1144672436673198,46.46921878812196],[1.1144999062398286,46.469214193065575],[1.1148738513803442,46.46908998800857],[1.1152005109233907,46.469093497186506],[1.1163426243653762,46.46950392266852],[1.1181049787390265,46.469974971671355],[1.1181290955424537,46.46997973101289],[1.1181563918701587,46.46997912404286],[1.1181884657219952,46.469974517333725],[1.1192208348333423,46.469676496327374],[1.1206966013954567,46.46969003659807],[1.1207325212418524,46.46968816934624],[1.1213017956837847,46.469563787240645],[1.1216426533412418,46.46956742943346],[1.1218098885941423,46.469607009423704],[1.1229358688264708,46.47010132536908],[1.123621991590643,46.47063412931152],[1.1241235378457055,46.471263039787964],[1.1241556229759735,46.471284077452964],[1.1241737436470771,46.47129506724071],[1.1244418151883848,46.471388804469676],[1.1244681318145457,46.471397181578375],[1.1251822327350334,46.47149477133042],[1.12601775979882,46.47163683895194],[1.1260870296648207,46.471637576862754],[1.1261461763265435,46.47161301537275],[1.1261783907781253,46.47157016827805],[1.1261778350460863,46.47152517241832],[1.1261425144897304,46.471485204345704],[1.1260830867886389,46.47146387646942],[1.1252333404064807,46.471317156208016],[1.124537141530094,46.471222460013784],[1.1243304292398664,46.47114827041459],[1.123836245797106,46.47053383904487],[1.1238275260566537,46.47052204700625],[1.1231234926128375,46.469974653146664],[1.1231009766742424,46.469962266038834],[1.1219294285899757,46.46945036845552],[1.1219088280799594,46.469439799594106],[1.1217145407553288,46.469392734200724],[1.1216934459541785,46.46939250902493],[1.1216715481092139,46.46938777970781],[1.1212809609033194,46.469383605443866],[1.1212572940728462,46.4693878477487],[1.1212377591026659,46.46938763912934],[1.1206725231943715,46.46951207020289],[1.1191947931292834,46.469496258056274],[1.119162077939895,46.46950310535916],[1.11913595042616,46.469506872580794],[1.1181437813335113,46.46979542729058],[1.1164505096059512,46.469339070605805],[1.1152954519442293,46.468925354003545],[1.1152759558549727,46.46892334538267],[1.1152359369526728,46.468913918637575],[1.1148453445129565,46.46890972222756],[1.1147852700693976,46.46892032410191],[1.114432238185051,46.46903845280887],[1.1129885016354577,46.46884926667947],[1.112111750382109,46.468621173459084],[1.1115535460914385,46.468381214399],[1.1116047996920557,46.46821350313606],[1.1116822324618856,46.46764116434458],[1.1122808647124993,46.466755006359875],[1.112289814888016,46.46673620595291],[1.1123607005713592,46.46642833465153],[1.1124819798734722,46.46618939328573],[1.1130451979048002,46.465813042226486],[1.1134744625803348,46.465648497622986],[1.1139631545806277,46.465527781134114],[1.1145646930239108,46.46557743814113],[1.115175633761753,46.46575316654454],[1.1159316440076281,46.466114007638375],[1.1167551356269003,46.46679319796499],[1.1167769918736241,46.46679973258936],[1.1168078975176006,46.46681535952409],[1.117331954269157,46.46691185945439],[1.1173555186565847,46.466912112633544],[1.1173750449088664,46.466912321787795],[1.1174011302684708,46.46691080156437],[1.117417955990116,46.466903784847496],[1.1174388869492566,46.46689951358257],[1.1182280973774112,46.466548049218254],[1.1192076437465373,46.46619862037263],[1.119233944671409,46.46618720628036],[1.1195496739099189,46.465974633937016],[1.1199288267788807,46.465848671901725],[1.119955222604772,46.46583320871591],[1.1199738160720087,46.465822611575064],[1.1199817623174977,46.46581099796961],[1.12011262092235,46.465636937120244],[1.1201205456195698,46.46561452363603],[1.1201300023429213,46.465587634509895],[1.1201477351430535,46.464795995711654],[1.1202153229110094,46.46458076615732],[1.1204692826179057,46.46416057558473],[1.1209955499518838,46.4637181041545],[1.12140075978739,46.46326803657907],[1.121407550519218,46.463255513978815],[1.1214198677205314,46.46322864927062],[1.121499404272269,46.46253125454452],[1.1219552641323838,46.46200794443858],[1.1219634190988874,46.46198103827475],[1.1219690465533791,46.461962202357604],[1.1218552371562436,46.461287035173704],[1.1219219844572725,46.46075956410833],[1.1219328063274885,46.460671499415604],[1.122212736596578,46.45956593304004],[1.122389865781836,46.45921420678895],[1.1236500704867831,46.4586967731091],[1.1239816970259269,46.45866162186215],[1.124350755524542,46.45875193887688],[1.1243767879519062,46.45875221677667],[1.1244256867794442,46.458749139355305],[1.1244774567682665,46.45872809304973],[1.1246083277714378,46.45863950855441],[1.1246204781808815,46.45862614062745],[1.1246362646944947,46.45861281617798],[1.1257818305355638,46.456870409942844],[1.1257933705653536,46.456825543966836],[1.1257694774534324,46.456782098923476],[1.125715706467623,46.4567527299399],[1.125649486737249,46.45674482775288],[1.1255865100786184,46.45676035666859],[1.12554418347464,46.456795893200926],[1.1244067323743412,46.45852488462533],[1.1243525015111615,46.45856300128095],[1.1240401959139443,46.45848498319673],[1.1239686002405167,46.45848421908491],[1.1235852148296754,46.458522422898554],[1.123561492572907,46.45852936682796],[1.1235364674349109,46.458536297457826],[1.1222134440937568,46.45908004917412],[1.1221948866058502,46.4590888476175],[1.1221815885518691,46.45910130653039],[1.1221671347978668,46.45911284573409],[1.122157463010769,46.45912624064342],[1.1219641022022218,46.45951108906169],[1.1219584587997462,46.459524526761186],[1.1216735092382955,46.46065073182214],[1.121661893023141,46.46074508570815],[1.1215936064376464,46.46128603570589],[1.1215920092322995,46.46130221592675],[1.12170128529895,46.46194673968555],[1.12125770841288,46.46245668520754],[1.1212492385188493,46.462474594355704],[1.1212409637902665,46.462495200737386],[1.1211602680386714,46.46319168097157],[1.1207825473536204,46.46361505067286],[1.120255487447498,46.464054815877894],[1.1202415485300399,46.46407266109485],[1.1199621684875112,46.46453486985884],[1.119886579558243,46.46477610442701],[1.1198675853467253,46.46557132893564],[1.1197693047015393,46.46570344635138],[1.1194139285348739,46.46582021745658],[1.119399534093377,46.4658290596856],[1.1193798063268605,46.46583784565052],[1.1190612144647076,46.46605038661284],[1.1180904864075656,46.466395859397544],[1.1173426641897153,46.46672481779112],[1.1169211689428742,46.46664831073058],[1.1161124338812742,46.465984577913076],[1.1160924111534973,46.465971766606714],[1.1153193709876583,46.46560354712559],[1.1152935380913067,46.46559426699493],[1.114639115916872,46.46540637633747],[1.1146117916626468,46.465399784382555],[1.113961872557693,46.46534780764294],[1.1139280923319699,46.4653501466923],[1.1138941354624992,46.465354277033775],[1.113378167886259,46.465483696750994],[1.1133597074936465,46.46548799905871],[1.112895208862817,46.46566745892013],[1.11287248437071,46.465676214096966],[1.112277519276474,46.46607471791359],[1.11226122510643,46.46609254130304],[1.1122411300755362,46.46611751569485],[1.1121043674098963,46.466390483891395],[1.1120327245077497,46.46669744453616],[1.111434950604081,46.4675773104872],[1.1114293395523094,46.46759524909994],[1.1114236929060832,46.46760868086057],[1.111337867674042,46.468186329206226],[1.1112921286518767,46.468135448502565],[1.1111812622400257,46.46762406753861],[1.1109896912067831,46.46704162976125],[1.1107224893045942,46.466458375996],[1.1103946864290615,46.46595275143225],[1.110219027645669,46.465773596424405],[1.109818788786493,46.46533287158236],[1.1096882486939812,46.46470160426954],[1.1097525898630445,46.463940165536776],[1.1099674580190848,46.4634178965589],[1.1100819681336362,46.46280726351199],[1.110079480507447,46.462784745059345],[1.11007859240111,46.46276673591689],[1.1099568709356424,46.462499984592945],[1.110371884530078,46.46217603390264],[1.110875275055598,46.46185302888308],[1.110891040550367,46.46183520505713],[1.1109099051503295,46.4618129135962],[1.1112573252743994,46.460894359460816],[1.1112559976057226,46.460849354988795],[1.1112214998267336,46.46080849483202],[1.1111621297113605,46.46078536019923],[1.1110958731062688,46.460784645718356],[1.1110366821606759,46.46081099827231],[1.111003267943956,46.4608493331705],[1.1106652633239362,46.46174279081928],[1.1101765369719452,46.462053351849434],[1.1097101284279804,46.462419034508834],[1.1096953617462186,46.46243867433129],[1.1096817349009898,46.46246551800327],[1.1096833523103724,46.46250332789415],[1.1098187124899621,46.462799925142185],[1.109710311971894,46.463379128690036],[1.1094968439768198,46.46389421468801],[1.109494054004631,46.463913977909776],[1.109426581994102,46.464698779692576],[1.1094283569251606,46.464712294542004],[1.1095638142855373,46.46537961083799],[1.1095735953267896,46.46539591075355],[1.1095825685274945,46.46541400683414],[1.110001875752345,46.46587473123418],[1.1101698008883634,46.466044803772434],[1.1104756640553257,46.46651869794469],[1.1107386378615427,46.467092909508665],[1.1109251280304147,46.46766359500936],[1.1110371216595771,46.468183088693316],[1.1110469229657391,46.46819849168546],[1.111055897115943,46.46821658764227],[1.11123627426078,46.468411989602366],[1.1109346722353501,46.46861388902396],[1.1097760505825804,46.46895411617802],[1.1097555367864766,46.46896289742567],[1.1091646641122268,46.46926965016307],[1.1088272165850388,46.46938028076027],[1.1082524796391007,46.46929579303609],[1.1079555147760918,46.46912522041475],[1.1079361215586434,46.469118709577664],[1.1079192157537223,46.46911223182112],[1.1078932928573473,46.46910654778832],[1.1078725358522235,46.46910902599006],[1.1078517577433986,46.46910609956038],[1.1074397373207316,46.469151588240614],[1.1063172913701342,46.469456629827164],[1.106295176930693,46.46946718626468],[1.106267509913413,46.469481287751364],[1.1058007635998233,46.469837955384165],[1.1050043162944585,46.47050238134839],[1.10499101943053,46.470517537807325],[1.1047294874365117,46.47090611929488],[1.1043683416119254,46.471107362852415],[1.1041662645988455,46.471174456844736],[1.1035022346224714,46.47104128449076],[1.1034790607164946,46.4710410340641],[1.1034567300873954,46.471038089182585],[1.102674506176935,46.47107459380973],[1.1026535515085276,46.47107976453516],[1.102632806680936,46.471081338586714],[1.102162196320309,46.471211206235765],[1.1021644452522885,46.47111224788263],[1.1021595457203288,46.47109869722326],[1.1021459402162097,46.47106705703148],[1.1018184720798863,46.470694582674845],[1.099699123229447,46.46899791160749],[1.0993864046629576,46.46877675738211],[1.0990921980370394,46.46843522786593],[1.0989129128989774,46.46790779068352],[1.0989026940011526,46.46789328486329],[1.0988953655049896,46.46787790750442],[1.098769359335564,46.467744261304034],[1.098757774780663,46.46773243669334],[1.0982013512172786,46.467291774889325],[1.0980839603150485,46.46699176040877],[1.0980642942920018,46.46696905024827],[1.098046977123435,46.46695176546633],[1.09778259488012,46.466810315635755],[1.097762097536889,46.466801096015715],[1.0974186357221254,46.466678576778826],[1.0973078091504365,46.466479412204876],[1.0972893151440468,46.46645671241137],[1.0968097885501844,46.46607086880098],[1.096816771619493,46.46576501082169],[1.097012260819697,46.465421617305964],[1.0970151411619171,46.46540365545418],[1.0970207161639687,46.46538751559851],[1.0970335506358453,46.46482528050901],[1.0972875376656914,46.46448612238283],[1.0972968661800158,46.46447092682673],[1.097493897283594,46.46400247841144],[1.0978005668220145,46.463796161376386],[1.0978134101454982,46.46378415429135],[1.0978247460925923,46.463769434369716],[1.0978368833964198,46.46375696516903],[1.097839636984988,46.46373900208805],[1.0979201340054867,46.46301283440912],[1.0979274751986476,46.46260260363448],[1.0979133382144646,46.462562860131],[1.097526765532815,46.462105142631835],[1.0975126052609014,46.46209239226481],[1.0970590862465595,46.46176711739192],[1.0965602290740144,46.46149983360814],[1.0962576080071715,46.46106732151163],[1.0962139987924628,46.46103265756672],[1.0961504543884075,46.46101576400344],[1.0960828152565238,46.46102402855574],[1.0960312396638772,46.46105315839164],[1.0960095115514734,46.4610979114021],[1.0960226766214871,46.46114304508766],[1.0963442493992146,46.4616009531937],[1.0963750027255372,46.461628281790965],[1.0968830865940102,46.46190197015113],[1.0973134336606187,46.46220989389651],[1.0976672649087111,46.462630360036805],[1.0976596689379972,46.463014498224766],[1.097583159566454,46.463691217084005],[1.0972856941040783,46.46388772760553],[1.0972505569521003,46.46393233497767],[1.0970483367190313,46.464411528597154],[1.096786368771824,46.464764093740364],[1.0967713498684626,46.4647999262605],[1.0967583083817751,46.46537115607813],[1.0965633070397265,46.465719056392984],[1.0965545047446286,46.465742358102325],[1.0965462887009232,46.46610218900438],[1.0965489346386914,46.466117511940695],[1.0965572298381112,46.4661365021357],[1.096563451602695,46.46614916538106],[1.0965774444245506,46.46616371268562],[1.0970773140126904,46.46656507767182],[1.0972011028775261,46.46678418223847],[1.097219217255357,46.46680057701261],[1.0972304287841201,46.466811495762045],[1.0972537888228604,46.46682074694015],[1.0976258909025862,46.46695527720337],[1.0978446039208196,46.467071935076035],[1.0979552881973595,46.46735748165862],[1.0979692608605356,46.46737292555615],[1.097990524058959,46.467400153287784],[1.0985469468051945,46.46784082241204],[1.0986626726864372,46.467962651534094],[1.0988394979375349,46.46848916550996],[1.0988534524151452,46.46850821364877],[1.09918601930025,46.468889753135656],[1.0995115971376197,46.469123644443485],[1.1016103665066086,46.47080029824979],[1.1019011275901458,46.471134586551614],[1.101896587458305,46.471334289576326],[1.1018951548041918,46.47139726353971],[1.1015195765354069,46.47173151295115],[1.1015051209943247,46.47175744933694],[1.1014964425879086,46.471775351859684],[1.101487571346918,46.472139673126065],[1.1014906981894486,46.47216220240428],[1.1015433425624246,46.47231574364109],[1.1013546538706045,46.47264661773748],[1.1013531794508302,46.47266009944956],[1.1013450858958056,46.472678010778544],[1.101339969154661,46.47290290527093],[1.1013420055100918,46.47291642550152],[1.101352332710514,46.4729318353807],[1.1013571800524102,46.47294808284328],[1.1013670813694,46.47295898657684],[1.1021254387568087,46.47363577658216],[1.1028295432330184,46.474459543218025],[1.1032846487844399,46.47488738367849],[1.1038381522478373,46.475404474550025],[1.104141682042761,46.47592964999904],[1.104618850383237,46.47768224253204],[1.104665650768848,46.47838099534926],[1.104295112777304,46.48052030955826],[1.103404353161514,46.48207181534519],[1.1033580443662359,46.48215499233025],[1.102757617071968,46.4828341308885],[1.1023713065406455,46.482694969383026],[1.1015739568747236,46.482083445216155],[1.1013232274339733,46.481590331631416],[1.1011316802606428,46.48135879683984],[1.1011152565781444,46.4813478225844],[1.101097261236296,46.481331432345435],[1.1003956264411248,46.48096838411833],[1.0998918142371967,46.48060748302438],[1.0998675368132678,46.480598221762484],[1.099849514263821,46.48058902936504],[1.0987638868193457,46.480266782999195],[1.0978050672956898,46.479810944247944],[1.0933138088680459,46.47706611126378],[1.093289811075211,46.47705325305886],[1.0925671107438966,46.47681859935508],[1.0910208329074864,46.47644354610883],[1.0894221377512716,46.475890637614484],[1.0887988824719632,46.47558056846089],[1.0881735803982864,46.475087811322574],[1.0865825666910938,46.47358744656308],[1.086529934549562,46.47355987784901],[1.0864637001339985,46.47355195207279],[1.086399525460617,46.47356744069591],[1.0863567268738563,46.47360476309491],[1.0863455339914716,46.47364962957709],[1.086370587689001,46.47369309627584],[1.087971540118478,46.475202563621515],[1.0886164636551747,46.475708590670166],[1.0886315679525662,46.47572000409926],[1.0892766908897595,46.476042012203116],[1.0892947810875737,46.47604851161399],[1.0909171758339116,46.47660752739105],[1.092470802445281,46.47698580759924],[1.0931624433027993,46.477212027223445],[1.0976489988369336,46.4799545593649],[1.098622494668978,46.48041821317075],[1.0986410503097306,46.48042426213681],[1.0997209063604692,46.48074509501146],[1.1002156448741958,46.481098701555815],[1.100229628449944,46.48110785016917],[1.1009183854298334,46.48146445877579],[1.101088416813011,46.481668760961625],[1.1013336390173085,46.48215731695665],[1.101350488920367,46.482172798216965],[1.1013603186133285,46.48218730537003],[1.1021924711099107,46.48282619884667],[1.1022093282070475,46.48283537870555],[1.1022286146605025,46.482846390418835],[1.1026833063214216,46.48300878929343],[1.102733513809432,46.4833215610926],[1.1027396970264525,46.483336029198384],[1.1027435785993671,46.48334866667791],[1.103120987559001,46.48393763525479],[1.1033589504316217,46.4844603018326],[1.103413515278923,46.484765026462895],[1.1034057494854859,46.485106868190975],[1.1028840482186055,46.48605229890096],[1.1027702995957585,46.486127546870364],[1.1027528023346316,46.48614670459774],[1.1022795729017856,46.486729592828496],[1.102261982455593,46.486769890449025],[1.102253237876907,46.48718010871568],[1.1023076359840445,46.487569414172455],[1.1021199753181534,46.487858915261626],[1.102112098921206,46.48787862265599],[1.102033910100038,46.48828358320384],[1.1020381525399212,46.48830612731017],[1.1020388704256208,46.4883259278689],[1.1021443362752374,46.48855742543616],[1.1019085436836984,46.48879241216278],[1.1018893226779582,46.488835393792975],[1.1018790916939596,46.48928518794941],[1.1018950178585762,46.489326749151296],[1.10226341193846,46.48985803319141],[1.102311290868284,46.49004391079597],[1.102276365176612,46.49009032106583],[1.101989791449191,46.49024917712787],[1.101623543670714,46.49002744934823],[1.1016083321572239,46.490020086493665],[1.1015890015266088,46.49001087361705],[1.1006429527813961,46.48973516044061],[1.09917827775598,46.48873935203714],[1.098142872206921,46.488184598446644],[1.0981146016802832,46.48817349422716],[1.0976547383314665,46.488033515864814],[1.0976319164574433,46.488026069931884],[1.0964968260087382,46.487884128385765],[1.0962316239599275,46.487734567806676],[1.0961209899706308,46.48744542172654],[1.0960995921697465,46.487418191608484],[1.096085709830781,46.487404547839056],[1.0952739521212171,46.48677932403928],[1.094588743990021,46.48593052633122],[1.0944052951631118,46.48548761669364],[1.0940345189980336,46.48481771034531],[1.0939867402280052,46.4841108407014],[1.093999520473848,46.483473019980984],[1.0938193602728374,46.48283578778279],[1.0938091009957478,46.48282038107867],[1.093114378871553,46.48181850236591],[1.0930696190346758,46.48178201965362],[1.0930060105040726,46.48176692874861],[1.0929406888693687,46.4817752116057],[1.0928879228407342,46.48180432672137],[1.092866185186455,46.481849079006224],[1.0928781756747241,46.48189420046805],[1.093563087857948,46.48287798288651],[1.0937378723876714,46.48349355915488],[1.093726008847147,46.48411969039723],[1.0937746512403832,46.484840068214474],[1.0937808731893253,46.48485273155115],[1.0937830162516131,46.48486714990448],[1.0941547955474789,46.485538870761324],[1.0943398536348603,46.48599079138373],[1.0943486590041365,46.486004389463616],[1.0950479111530695,46.4868713325116],[1.0950655152745101,46.486887724373126],[1.0958760303667128,46.48751023491915],[1.095992806001923,46.48781564236214],[1.0960108228603094,46.487831135724065],[1.096027840707632,46.48785021799778],[1.0963525034768602,46.48803731762511],[1.0964147430724864,46.48805599557693],[1.097569280339403,46.488201749118005],[1.0979884502715822,46.48832958547313],[1.0990051514564758,46.48887603642672],[1.1004728888857758,46.48987458293154],[1.1004962580183952,46.489883834290545],[1.1005155271467553,46.48989574216484],[1.101466835514314,46.49016971436729],[1.1018507510313476,46.4904051323145],[1.101778487729843,46.491004514105896],[1.1013344318481728,46.491345218095425],[1.1013223475809468,46.49136668488802],[1.1013125200661547,46.491389070061096],[1.1012978331614467,46.49198008285175],[1.1012999367144758,46.49199629997455],[1.101415310907132,46.492433959780065],[1.1013437568444349,46.492824599644194],[1.101343450167968,46.49283808810648],[1.1013496146048236,46.49285345304931],[1.10135327720805,46.49286969246046],[1.1013619632299076,46.49288327894759],[1.1016655574414063,46.4932312029568],[1.1017184287662058,46.49342703358941],[1.1016502957657457,46.49371872871802],[1.1015194448456371,46.493978250932244],[1.1015179620692155,46.49399173246919],[1.1015111419321038,46.49400515688849],[1.1015060251780615,46.494230050619905],[1.1015093660625326,46.49424358524591],[1.1015136859604764,46.494259829257096],[1.101528868302294,46.494279787158305],[1.1015436320874108,46.49429524806153],[1.1018628950678724,46.494521863482376],[1.101849453421583,46.494539711249935],[1.10173168697487,46.49461941595279],[1.1017162519564851,46.49463364397295],[1.101704983415992,46.494647922265045],[1.1016951280557044,46.49466851008519],[1.10169117234347,46.49468195956361],[1.101687565678641,46.494866385082865],[1.1016943172477152,46.49488175254076],[1.1017074512329255,46.49491159052186],[1.102004949744891,46.49520725640604],[1.1020022900098123,46.495324197459944],[1.1016437611451109,46.49556325551372],[1.1016195278803502,46.495591782116016],[1.101608656769871,46.49560606429782],[1.1015556525794596,46.495713463017324],[1.1014775723791435,46.49576660797463],[1.1009893430575461,46.495802243391886],[1.1009618858879198,46.495812292262976],[1.1009284392480714,46.49582182910213],[1.1006578795868556,46.49600244824223],[1.1006446096005804,46.49601310024593],[1.1006377693042917,46.496027426793844],[1.1006230922780953,46.496042564376616],[1.10061870307226,46.49605781434533],[1.1005452334401136,46.49653211227923],[1.1003610197706855,46.49673706060309],[1.1003540969895453,46.496754985005445],[1.1003417976201493,46.496774644002734],[1.1002738327222947,46.49718421807494],[1.1000641237710642,46.49728991266342],[1.0991235920492388,46.497578420683],[1.098890290911608,46.497575883232216],[1.0988682308216142,46.497577442096144],[1.0988510020989155,46.497584452243515],[1.098824849121132,46.49758866858613],[1.0988062734204285,46.49759746405373],[1.098397797199622,46.49782606836876],[1.098379979099591,46.497847466514614],[1.0983663056567123,46.4978671168665],[1.0982267052284644,46.49839198368979],[1.0980383325502736,46.498601384443944],[1.0980315122835531,46.49861480866691],[1.0980189353676573,46.49864616305182],[1.097927158971556,46.49981310814494],[1.0979309036954954,46.49982574437597],[1.097935322564686,46.499849190449204],[1.0980444580043327,46.500045635396646],[1.0979193440769264,46.50033221288163],[1.0979167836040562,46.50035602831773],[1.0979167566746004,46.50037717476499],[1.0979281707037734,46.50039079066437],[1.0979343756226534,46.500404356826294],[1.0981673888853045,46.50065433816855],[1.098158765619694,46.50103216366398],[1.098166003981284,46.50105204116912],[1.0981681475361658,46.50106645937937],[1.098175933083581,46.50107913939799],[1.0982835332392802,46.50127467128132],[1.0982816440337388,46.5013574331985],[1.0981842255475913,46.501423855104214],[1.098168964593973,46.50144168571344],[1.098152073226164,46.501465347422226],[1.0981548088774948,46.50149102265768],[1.0981561617294306,46.501511729987406],[1.0983783926125856,46.5019145657521],[1.0982593629051216,46.50199155118993],[1.0974958711612945,46.50220368692502],[1.0974774303979824,46.50221248894857],[1.097459049909811,46.50222128296513],[1.0974419312281802,46.502231894894955],[1.0974339748429078,46.50224350776304],[1.0974230260565454,46.50225508704631],[1.097230551826438,46.50259221392469],[1.0969128936205248,46.50280470698742],[1.0968965491490965,46.50282702295534],[1.0968812558549954,46.502846204830895],[1.0968074326124793,46.5031715773772],[1.0968005605628641,46.50344684004685],[1.0968078302542816,46.50346491853379],[1.0968099001069045,46.50348293478199],[1.0969883303137864,46.50378361408085],[1.096982103431212,46.50405618802692],[1.0965526575182238,46.50454370161801],[1.0960016142775142,46.504706858597594],[1.0959751902185837,46.50472276466083],[1.0959487870314966,46.50473777395764],[1.0954859332317772,46.50508994948093],[1.0952816042275328,46.505272178688976],[1.0952698256979805,46.505297244713496],[1.0952598398621778,46.50531513221093],[1.0952567816923497,46.505423074719886],[1.0946998725112138,46.50583900435521],[1.094682373061728,46.505855012914324],[1.094662214589959,46.50588178389278],[1.0944677863648848,46.50630257062978],[1.0938922779141198,46.50673089378274],[1.0938843190329213,46.50674250007184],[1.0938681392832337,46.50675492496603],[1.093741067556614,46.50696589135908],[1.093094068375252,46.50744201294885],[1.0930794520692737,46.50745985276668],[1.0930647700558935,46.50747498394856],[1.0927238642201658,46.50819110279441],[1.0919781140618414,46.50961363650679],[1.0915811125506718,46.51022835616199],[1.0910017805855916,46.51070071768018],[1.0905347431000199,46.51101323337735],[1.090267743737328,46.51123526203104],[1.0894809390575475,46.511720631288775],[1.0894596926187767,46.511734795778786],[1.0894511376698304,46.511749997367104],[1.089447509396647,46.51176615405957],[1.089440676240487,46.51177957758728],[1.089435506688572,46.51200447097216],[1.0894400152434183,46.51202386836736],[1.0894477157970053,46.5120405980442],[1.0894581973465827,46.512055107994456],[1.0894731114233298,46.51206967218544],[1.0897552186922181,46.5122707168991],[1.0897505460420078,46.512474023100495],[1.0893089296700538,46.51285340151698],[1.0892966194126446,46.51287575774889],[1.0892865444205444,46.51289724611371],[1.0892738863213796,46.513447786366],[1.0893290448298418,46.51380111584369],[1.089261978266543,46.51401678206713],[1.0891841138523666,46.5145436608482],[1.089127520987934,46.514624026911754],[1.0891179143412697,46.51463921630709],[1.0889751771393559,46.51509925266472],[1.0889446984663538,46.51634514837981],[1.0886904263648467,46.51668698279674],[1.088676694312175,46.51672012283567],[1.0886674213203102,46.517174422529024],[1.08868599402658,46.51721692043999],[1.0889867775693944,46.51756484048308],[1.0890415309286117,46.51791006834877],[1.0890551802242767,46.517934512033705],[1.0890677956485293,46.51795264427414],[1.0892941532241178,46.51815308483695],[1.0892897065952334,46.51834649401247],[1.0892253821700657,46.518593233634085],[1.0889643690960022,46.51910595776655],[1.0886548914468954,46.51931131990638],[1.0886399610227304,46.51932555740983],[1.0886246088073472,46.519346984540675],[1.0886175976920518,46.51936849973366],[1.0886115495018718,46.5195519950155],[1.0885180508328953,46.519593257531255],[1.0882802109315302,46.5195573581975],[1.087856026001416,46.519298061445824],[1.087834152173057,46.519291521348094],[1.0878036940361369,46.51927814002943],[1.0877705658759742,46.51927912453324],[1.0877457366393943,46.51927615586077],[1.0874189084906394,46.51931755913217],[1.08739672424076,46.519324512715336],[1.0873806545017417,46.519331534325104],[1.0873573134787886,46.519337578652646],[1.0873411075000556,46.519350898452444],[1.0870752947783604,46.51957293016857],[1.0870631964985495,46.519588991948126],[1.0870527823570735,46.51959967402682],[1.086995135293196,46.51971421786932],[1.086563591131215,46.52000101686136],[1.0859144546108703,46.52026067504622],[1.0858912464893526,46.520277964886695],[1.0858691870652968,46.52029617015583],[1.0857276387232035,46.520527213156164],[1.0857245140037746,46.5205496768367],[1.0857214563455289,46.52057483746855],[1.0857834767205723,46.520762679460674],[1.0858013971906777,46.52078266894779],[1.0858180146237593,46.520802644729315],[1.0860373734990685,46.52095622579046],[1.0860309445657912,46.521235090963394],[1.0860370033499087,46.52125495666114],[1.0860434562552748,46.521274820847594],[1.086151657408459,46.52147216959723],[1.0860191082459387,46.5219746054545],[1.085828921084525,46.522308140753445],[1.0855757413424623,46.52247901759528],[1.085286958819964,46.52240746144077],[1.0847871025728948,46.52213922166376],[1.0847618498560634,46.52213219297246],[1.0847334653354235,46.522125130745096],[1.084697688834947,46.522122038455024],[1.08467423453872,46.52212717874812],[1.0846558150116674,46.52212877528716],[1.0846342401749471,46.522137540885325],[1.0840411685864426,46.52244594479071],[1.083656098024467,46.52257307796888],[1.0836338884963517,46.52258362966845],[1.0836229526751757,46.5225943054112],[1.0836078067837522,46.522606739955364],[1.0835950904899405,46.5226209950137],[1.0835268095087778,46.52275521342735],[1.083521159211196,46.52276864923785],[1.0834556177851986,46.52301537185961],[1.0833622086324233,46.523108825334404],[1.0829444108758557,46.52318790333532],[1.0829259606631312,46.52319670298002],[1.0828880119242328,46.52321427838412],[1.0825572618626906,46.5234805741301],[1.0825450706556767,46.523494837880435],[1.082414918970307,46.523660765585696],[1.0819829724184393,46.52395114142358],[1.0815868072267054,46.524063750581895],[1.0810648991960525,46.52397701088545],[1.0799681262519936,46.523518154263456],[1.0799375028774973,46.52351196658756],[1.0799016632824696,46.523511571185075],[1.0795650975395754,46.523550148148715],[1.0795381908667292,46.52355794778809],[1.0792683962137777,46.52364584756132],[1.0792538521527972,46.523654683400274],[1.0792354347768187,46.523661677985004],[1.0788382018560276,46.52392723500401],[1.0788181339086322,46.523949507609785],[1.0788051777328418,46.523962860118665],[1.0786839718914636,46.52416397806992],[1.0785925145575617,46.52422324971838],[1.0779081830643011,46.52434435895759],[1.0778844462313146,46.52435039655033],[1.0778700295648533,46.52435923436007],[1.0778490107868688,46.52436619942151],[1.0778327372205292,46.52438221352504],[1.0777032972711076,46.524511253979675],[1.0776924741812093,46.52452823336078],[1.0776789532216053,46.52454878015734],[1.0775418658496332,46.52506914984211],[1.0773623915800052,46.52526961944671],[1.0768436092394253,46.52561480232068],[1.0768326100780516,46.52562817851506],[1.0768182007281633,46.5256370163218],[1.0765977032300516,46.52591981372277],[1.0762292122238784,46.52624866291777],[1.076222361905875,46.52626298252829],[1.0762046573364412,46.52628438472875],[1.0760682895641578,46.52672197856637],[1.075745476026872,46.52719979522363],[1.0756285969911634,46.52709052694848],[1.0746008269941163,46.52635479401714],[1.0745802114904337,46.526346914319966],[1.0742523839075537,46.52620246207627],[1.0742264159268333,46.52619767261615],[1.0741874868853132,46.52619004294756],[1.0725935387908763,46.52612736316092],[1.0707424652438045,46.52544093626246],[1.0707230025240795,46.525437121308634],[1.0691259224711336,46.52506301943596],[1.0687275130220175,46.524818333842084],[1.068488826713256,46.524255097720356],[1.0684749758515868,46.52423964622447],[1.0684663023837135,46.52422605116637],[1.0677001214626949,46.523542654557936],[1.0676833004997568,46.523531670769444],[1.0672516462213053,46.523265913199765],[1.0670248250307361,46.52298174383019],[1.0670336043981585,46.52260662323001],[1.067297946502474,46.52250159764477],[1.067317829517134,46.52248741859472],[1.067336460397151,46.522476829353614],[1.0675382785560406,46.52229462175348],[1.0675544770649645,46.52227365476202],[1.0675607490913621,46.52225078166663],[1.067562561199788,46.52223460119601],[1.0675059398559585,46.521919038757886],[1.067494650504528,46.52189731818458],[1.0672991982166806,46.52161529783897],[1.0672800718357978,46.52159439145763],[1.0663557574042204,46.52093621732887],[1.066363340304347,46.520612368556684],[1.0665943829748532,46.52048717399464],[1.06770056561547,46.520670476626115],[1.0677201122353532,46.520670694284846],[1.0677477001359363,46.520672801493276],[1.068270018632292,46.52063363295796],[1.0682946237518867,46.52062940625781],[1.068311844755911,46.52062330294078],[1.0683466285348702,46.5206074911006],[1.0683622503326102,46.52059147000187],[1.068376295891435,46.520576332002335],[1.0683837823732893,46.52056291437736],[1.0685233062318946,46.52011456774661],[1.0685222719365022,46.52009206119754],[1.0685203570665434,46.520067745550115],[1.0681098882085205,46.518897020377075],[1.068435974796973,46.51860911544713],[1.0695533363152925,46.518535179314405],[1.069574142999939,46.51853181237236],[1.069592687675021,46.51852482149386],[1.0696189158212637,46.51851791616994],[1.0696333322805156,46.51850907939098],[1.069767047037935,46.51842058827398],[1.0697818464948552,46.518406351843296],[1.0699864360753202,46.51818007979717],[1.0700046855013765,46.5181352925276],[1.0699898313576086,46.51809013754667],[1.0699425317514757,46.51805631904323],[1.0698776453778724,46.518043898352],[1.0698110464129116,46.51805485562888],[1.0697633927763126,46.51808581688405],[1.0695730477418588,46.518299652312166],[1.069483265714399,46.51835983672799],[1.068355392514273,46.51843185528911],[1.0683315014748263,46.51843878719074],[1.0683095059015566,46.518443042649075],[1.06829102398744,46.51844733853756],[1.0682692685861273,46.518463738802765],[1.067863972269142,46.5188222930401],[1.0678558162247582,46.51883660273994],[1.067842428448837,46.51885174458244],[1.0678380789612956,46.51886519445696],[1.067840173373543,46.51888141842045],[1.0678397521825642,46.51889940762126],[1.0682601847753148,46.5200954411472],[1.068145005291214,46.520461276076645],[1.0677388778670118,46.520492742462324],[1.0665933206049887,46.52030449970249],[1.0665685555632378,46.52030422335256],[1.0665454226314601,46.52030126883632],[1.0665258131295894,46.52030374665727],[1.0665006475298164,46.52031516473156],[1.066482121922908,46.52032125833208],[1.0661521206695006,46.52049753528653],[1.0661364282421928,46.520510859054646],[1.0661202708321802,46.52052147460923],[1.0661110086502186,46.520533069643],[1.0661094747060902,46.520548350485754],[1.0661012751742394,46.52056445356076],[1.066091793810628,46.520969259087124],[1.066095127571893,46.520982793784135],[1.0660994429147514,46.520999040023334],[1.0661087259113553,46.52101443802024],[1.066124835507968,46.52102811849013],[1.0670782051406646,46.521709111605226],[1.067245622889603,46.52195212954571],[1.0672943686586247,46.52221991206517],[1.067143756411501,46.5223559041935],[1.0668370905304045,46.522475761312215],[1.066787400949646,46.52251569594903],[1.0667716982727344,46.52255151322102],[1.0667611687088319,46.52300129704395],[1.0667796294985068,46.523048293205385],[1.0670313815050116,46.523364238347746],[1.067047025710109,46.52337520955359],[1.0670597287579433,46.5233897465252],[1.0674978569413274,46.52365737599821],[1.068243775316283,46.524320749301694],[1.0684856874497353,46.52489662343607],[1.0684995800298402,46.52491027690183],[1.0685227084985942,46.52493572537683],[1.0689667604471476,46.525204769301965],[1.0689931285680658,46.52521720659465],[1.0690165086220342,46.52522646975446],[1.0706242576205927,46.52560158260223],[1.072493145925394,46.526295411868546],[1.0725243251133312,46.52630025981727],[1.0725474181635124,46.52630501202752],[1.0741405952436285,46.52636768388987],[1.0744204329650755,46.52648776407663],[1.0754335319548374,46.52720983743882],[1.0756161964977669,46.5273828248863],[1.0756326702642418,46.52739200378943],[1.0756494312221125,46.52740568838474],[1.0756892871320056,46.527424129075484],[1.0757402742125417,46.52747417928615],[1.076301785764231,46.52822544137633],[1.0763584664604704,46.528310650880826],[1.0765445656806065,46.52871762122984],[1.0765560958142213,46.52873214455187],[1.0765738796551292,46.52875213947654],[1.0765994934047003,46.528772216520224],[1.07659023633371,46.52917072972891],[1.0763999237272317,46.52950604782985],[1.075463055283273,46.53070591239772],[1.0754560574088123,46.53072653086619],[1.0754479547357212,46.53074443491381],[1.0753574831782893,46.53191857669388],[1.0753590009459173,46.531940192306],[1.07548202250652,46.53225648547604],[1.0754917718270973,46.53227458718163],[1.076503195413096,46.53363549949735],[1.0765188444736233,46.533646469387726],[1.076531564529653,46.53366010837509],[1.0768062836726906,46.533834111465126],[1.0770082945347377,46.53401180594497],[1.0771923649724915,46.534175808517176],[1.0772107832472957,46.53418860826132],[1.0775164561589539,46.53435755441316],[1.0778039120630394,46.53451100131881],[1.077919981986926,46.534566270964795],[1.0780248703395219,46.534822078818465],[1.0781525707675965,46.5351627150503],[1.0781740318676558,46.53518724706762],[1.0782790066747117,46.53514161781706],[1.0783795618878804,46.53519671640689],[1.0784067526578236,46.53516552485996],[1.07840623441898,46.535120529242896],[1.0782760988800344,46.53477266293408],[1.0781617636541387,46.534485265405166],[1.0781526720392556,46.53447256936447],[1.078137564342866,46.53446070358883],[1.0781125065284551,46.53443927893242],[1.0779595675494025,46.53436605313967],[1.0776762202491716,46.534215354372314],[1.0773930011966142,46.534059252759484],[1.077215420693129,46.533901622241494],[1.077008505157496,46.53372206947742],[1.0769945653657813,46.53371022227336],[1.0767258742140478,46.53354078130169],[1.0757323056695012,46.532202569359036],[1.0756189188200909,46.53190887800585],[1.0757080131210799,46.53077431186637],[1.0766391211751005,46.529583380864004],[1.076844587597901,46.52922123094655],[1.0768473514449535,46.52920326767025],[1.0768530757033183,46.529187136676455],[1.076863480783854,46.52873914502825],[1.076861383084096,46.52872292755963],[1.0768523889241275,46.52870573125875],[1.0768417864677484,46.5286907678043],[1.0768283179984393,46.52867577237484],[1.0767862392164333,46.52864651050172],[1.0766054242675565,46.528253094176414],[1.0765342877642303,46.528144330368164],[1.0759669009798294,46.527382214306485],[1.0759566223344785,46.52737040149454],[1.0759350522825764,46.527350363484715],[1.0763131146910054,46.52678947323059],[1.0763192010727864,46.526774245458576],[1.076456417460483,46.5263393596614],[1.0768218781013685,46.52601182608215],[1.0770399961053856,46.52573575171567],[1.0775564329685086,46.52539054204844],[1.0775712322515594,46.52537630552769],[1.0777771109831673,46.52515003349154],[1.077782622847923,46.52513749903096],[1.0777948943987938,46.52511963516496],[1.0779319473740885,46.524601063365616],[1.078021654657118,46.52451027569968],[1.0786929033481276,46.52439172378567],[1.0787520873637102,46.52436898597792],[1.0788858017231344,46.52428048339311],[1.0789106534709736,46.5242546612537],[1.0789222348333665,46.5242385916097],[1.0790398821618554,46.52404463466761],[1.0794039722781195,46.52380301079589],[1.0796315150252707,46.52372724274441],[1.079893001674989,46.523694137097166],[1.080946332340115,46.5241376694467],[1.0809658390877774,46.52413968377389],[1.080984050955811,46.52414708244574],[1.0815736361034676,46.52424446466845],[1.0816021926875314,46.52424387990488],[1.0816413574611983,46.52424161308999],[1.0821072017097155,46.524109079286745],[1.082122914198493,46.5241002554783],[1.0821492350490276,46.524089743275084],[1.0826126155829694,46.52378171921936],[1.0826313843233704,46.523762130833084],[1.0827645244837236,46.52358813577339],[1.0830621368506717,46.523351166054724],[1.083479737842912,46.52327478194188],[1.0835019333609377,46.523267828376],[1.0835192145633055,46.5232590216613],[1.0835389688601476,46.523250242873004],[1.0835535547264583,46.52323960127603],[1.0836881695515326,46.52310611328392],[1.08369763642609,46.52308552220971],[1.083708610139083,46.52306764860806],[1.0837756950012252,46.52281014048068],[1.083826379519131,46.52271532057761],[1.0841863628444612,46.522593760827746],[1.084704598835684,46.52232547174291],[1.0851401131990714,46.522557010605915],[1.0851683546473252,46.522567669573654],[1.0855117712169189,46.522652876605555],[1.0856689013208602,46.522904750555],[1.0859875220787505,46.52334465893612],[1.0860294364007337,46.523381113166714],[1.0863596100711455,46.52353500749394],[1.0866652161422665,46.52384969542356],[1.086680831315325,46.52386246210796],[1.0869745492752099,46.524070843873375],[1.0875066031455507,46.52451578812455],[1.0878728859853164,46.52487388084821],[1.08788785873389,46.52488619166526],[1.0886629218261437,46.525353594859126],[1.0893512573360986,46.52569856413482],[1.089721158525793,46.525945559836025],[1.0897519712849026,46.52595490049441],[1.0897830477858002,46.525964237442615],[1.0903497427770723,46.5260379289133],[1.0907256754722723,46.52607353635437],[1.0907558713039183,46.52607296764756],[1.091211909792329,46.52602936649739],[1.091235212233574,46.526025125726605],[1.091873901850337,46.52587014654562],[1.0918960973542209,46.52586319135432],[1.0924264109940462,46.525653036849775],[1.0931139717083052,46.52533932071275],[1.0931579342919855,46.5253038082269],[1.0931704983440305,46.525256259418875],[1.0931494383507936,46.52521373534487],[1.0930979915527543,46.52518348121352],[1.093031854233155,46.525173761477284],[1.0929663240079925,46.52518924014022],[1.0922783097740123,46.52550565174414],[1.091774762011118,46.52570260095813],[1.0911585900530887,46.52585332481014],[1.0907470097931253,46.52589381010668],[1.0903851507901159,46.52585835661811],[1.089871692768816,46.52579424530346],[1.0895291377785783,46.52556554359461],[1.0895134385926686,46.52555636884898],[1.0888161782002788,46.52520860601407],[1.0880745772777891,46.52475956482593],[1.087710005332179,46.52440104379434],[1.0871712750417468,46.52395152671254],[1.0868777927182376,46.52374405010159],[1.0865642468453214,46.5234229753802],[1.086548949017918,46.52341381052303],[1.0865297543636618,46.52339830251685],[1.0862074219560074,46.52324359683373],[1.0859053545381163,46.522826365887994],[1.0857671399731956,46.522601695986694],[1.086031934570335,46.52242464597047],[1.0860495930278888,46.52240504116906],[1.0860682986711403,46.52238545388898],[1.0862667209231487,46.52203400936765],[1.0862735880093892,46.52201878696635],[1.0864175847169166,46.521477787499556],[1.0864127974746964,46.521453440446166],[1.0864096252256163,46.52143270974715],[1.086293127749845,46.52122177752097],[1.0862988782784537,46.52091860702369],[1.0862980556704895,46.52090060155483],[1.0862872442086058,46.520883385499516],[1.0862687608131096,46.52086518899589],[1.0860327021335503,46.520695231397774],[1.0859888625973142,46.520566976833116],[1.0860916684816155,46.52039894295739],[1.0867167285399655,46.5201462172713],[1.086736443866985,46.52013608533421],[1.0872010691664549,46.51982805709222],[1.0872253209729739,46.519799527364],[1.0872361885795876,46.51978614891955],[1.087292205256316,46.51967428883712],[1.087512708227886,46.51948955127813],[1.0877296080821424,46.51946133716208],[1.088130929249659,46.5197059875939],[1.0881915302332532,46.51972914732653],[1.0885163315410058,46.5197759001287],[1.0885429561252886,46.51977709271074],[1.0885673477855633,46.51977375792452],[1.0885928282465915,46.519770889884214],[1.0886168108658762,46.51976530368028],[1.0888143528366272,46.519677490009954],[1.0888461922124641,46.51965354436596],[1.0888594914584322,46.519641991617235],[1.0888679321602317,46.51961509333508],[1.088872379524868,46.519597142632875],[1.0888765795172404,46.51941453249141],[1.0891690004982844,46.519219778869854],[1.0891878330583307,46.519200192325535],[1.089205422101685,46.51917789007574],[1.089452457031162,46.518694699500074],[1.0899399205381166,46.51862805956351],[1.0902924495929407,46.51867061023462],[1.0915062261757247,46.51899477879931],[1.091537536191196,46.518999168037766],[1.0915659080441278,46.519001278079855],[1.0934876654196513,46.51893680716287],[1.0943763679857905,46.51925019307768],[1.095677927439121,46.519539284454325],[1.0957064617192662,46.51953959564971],[1.0957353557265368,46.519541710642265],[1.0961936592946755,46.5195017166973],[1.097002796346755,46.51951053287831],[1.0973210391637553,46.51955898799117],[1.09734193042219,46.51955741614253],[1.097364309511746,46.5195594592654],[1.0978787845315434,46.51952007060873],[1.0990868313868727,46.519578203113085],[1.1008724873872604,46.51981805362608],[1.10103768568175,46.51989633453457],[1.1019201953356308,46.52056996322877],[1.1019395449037452,46.52057916982969],[1.1019538910438895,46.520590120925085],[1.1030395272585019,46.52099960966013],[1.1036123397448592,46.521318945718214],[1.103634155063283,46.52132817939654],[1.1040208795908175,46.521467337087586],[1.104040323546304,46.521472049460925],[1.1048661827870279,46.52165824656152],[1.1058104391699282,46.522107569819156],[1.1066411448937508,46.52260963756993],[1.106669357935195,46.5226189396309],[1.1066900666152157,46.52262546398129],[1.1071427939437393,46.522723036983685],[1.1071676478198804,46.522725104705934],[1.1084453008741086,46.522827077817446],[1.1091197282293201,46.52304760397227],[1.1112239090766582,46.52441097848655],[1.111283397822109,46.52443231404876],[1.1113525976492573,46.524433058622286],[1.1114106902761627,46.524406687812366],[1.1114428982234987,46.52436564404648],[1.1114399119887475,46.52431882209838],[1.1114057135668027,46.524280662044774],[1.1092858325373007,46.52290812512971],[1.109267743774363,46.52290073215331],[1.1092520509442265,46.5228915665646],[1.1085403563620422,46.52265894086906],[1.1085158950986835,46.522656877236244],[1.108498944106759,46.52265129625429],[1.107210716722738,46.522550106124214],[1.1067967506919167,46.5224619550618],[1.105973125098622,46.52196670781373],[1.1049924059212914,46.521501700302714],[1.1049665741923307,46.52149107269923],[1.104127612417594,46.52130203172615],[1.1037704701169269,46.5211748929888],[1.1031991857887793,46.520857368249324],[1.1031810880023751,46.52085087664106],[1.102099156592527,46.52043873415563],[1.1012101722969008,46.51976323754862],[1.1011958176464085,46.5197522790053],[1.1010023933965867,46.51966020007835],[1.1009751910235082,46.5196527066635],[1.1009521597873198,46.519645259985985],[1.0991249074831666,46.51940045710654],[1.0978631900092837,46.51934084143203],[1.097356556925879,46.51937941561145],[1.0970447593835964,46.519334177969654],[1.097024108705623,46.51933080527397],[1.096169043395843,46.51932148855291],[1.0957301313221273,46.519359893955695],[1.094469621448325,46.519082499136154],[1.0935775166112147,46.5187641239995],[1.0935113948191086,46.51875440465993],[1.091581849744444,46.5188232917987],[1.090377037855361,46.51850057338669],[1.0903522075274468,46.51849760525783],[1.0899806094607214,46.518451241519344],[1.0899623033737345,46.518448339034116],[1.0899391081033498,46.51844808494199],[1.0899114795717404,46.51844778292196],[1.089514200930109,46.518503717485025],[1.0895514708473042,46.51835386106851],[1.089557541940445,46.518118178961366],[1.08954804821247,46.518097378781235],[1.089541905213568,46.51808111741188],[1.0895319891273283,46.518070207183264],[1.08929927305657,46.51786250561678],[1.0892458510575358,46.51752719174877],[1.0892322230018412,46.517501845026516],[1.0892233918675063,46.517486453844086],[1.0889287180214098,46.51714759500653],[1.0889379659188583,46.51674548300534],[1.0891894699246272,46.516410815605894],[1.0891978089907304,46.5163911140795],[1.0892074798987528,46.5163615215804],[1.0892360223208453,46.51512010881184],[1.089372217039681,46.51468969533403],[1.08943141395561,46.51460936095265],[1.0894359355691643,46.514594113596935],[1.0894439981896997,46.51457800757664],[1.0895201762111895,46.51404795340363],[1.0895904913521557,46.51382377375162],[1.0895895049111501,46.51381026551719],[1.0895934558696523,46.51379681634914],[1.0895354062382805,46.513436254652035],[1.0895468815263376,46.51293698927031],[1.0899896263898583,46.51255672629334],[1.090001677556762,46.51253706239393],[1.0900126472687386,46.51251918275348],[1.0900129568594592,46.512505694366986],[1.0900172443517584,46.51223129669145],[1.0900156407773056,46.512213282699484],[1.0900049964437977,46.51219697226467],[1.0899872571249687,46.51217788171772],[1.08969941160003,46.511971369873805],[1.0897028225655383,46.51182293914751],[1.0904537888339485,46.511363272483486],[1.0904695583122124,46.51135174641023],[1.0907275017173856,46.511135018993755],[1.0911960441743997,46.51082251593036],[1.0917984168716592,46.510328366040255],[1.0918150827765694,46.51031189903532],[1.0922229226799238,46.50967930288506],[1.0929738595867318,46.50824602313734],[1.0933066689325244,46.507547814339006],[1.0939495240470642,46.50707614135115],[1.0939677184712742,46.50705564543033],[1.094102363018316,46.50683846042072],[1.0946761961512972,46.50641237089582],[1.0946937704534103,46.50639321830046],[1.094711741686757,46.506370919828136],[1.0949083478297126,46.50594566003761],[1.095410895486631,46.505573224422015],[1.0957606479766664,46.50571651017374],[1.0971616899660548,46.50662258301856],[1.0979908055459509,46.50730061770627],[1.0980152879138965,46.5073184320813],[1.0984683630166774,46.50750332301341],[1.0984996735050678,46.50750726190974],[1.0985279179182936,46.507514767059604],[1.099803749839165,46.5075718332363],[1.100829799149499,46.50785022372337],[1.1034864021234787,46.5085089020425],[1.10419323098127,46.50874016116322],[1.1042274923463216,46.508746381153266],[1.1049300423973414,46.50879897771493],[1.1073236017163395,46.50922796917309],[1.1073456012855951,46.509229107024545],[1.1073703771106,46.50922847409808],[1.1073927834943533,46.50922871616549],[1.107417441415015,46.50922178533444],[1.1092452877343075,46.50856846648346],[1.1099411884011976,46.50844819827595],[1.110606427210017,46.50836988303373],[1.1115801567222494,46.50882127190206],[1.1116547156663108,46.50885537090543],[1.113337460866286,46.509686891205774],[1.114181625257182,46.51001449250383],[1.1142089461530387,46.51001658506722],[1.1142494367482938,46.510024217981446],[1.114569956725235,46.51002766057154],[1.114594810410818,46.510023425439805],[1.1146311397907378,46.510019320070874],[1.1174619361843454,46.50905630452482],[1.117483917547777,46.50904663977736],[1.1184198462489108,46.508503288329095],[1.1185771517786087,46.508531968371024],[1.1191235498549137,46.50892292455296],[1.1196421109442178,46.50933518481011],[1.1196560742680635,46.50934613010362],[1.1210679029422292,46.510077462138774],[1.122212387296319,46.51089409880619],[1.1222277274012877,46.510901459962575],[1.1222417312246005,46.51091061228805],[1.1237741749849692,46.5115028238637],[1.1247290993609063,46.512226086791465],[1.1247834387094504,46.512249611641174],[1.1251350192450857,46.5123163378832],[1.125202644128019,46.512317057514196],[1.1252618444505398,46.51229249679869],[1.1252968193293493,46.51225507678775],[1.1252963241996632,46.51220738011296],[1.1252633510008894,46.51216654033584],[1.1252052152988075,46.51214342724351],[1.1248901586916826,46.51208158475792],[1.1239467381657826,46.51136834305258],[1.1239223844163568,46.51135593623169],[1.1223884837217781,46.51075920905604],[1.1212480877325712,46.50994621709396],[1.1212339565180138,46.5099370634461],[1.1198274461021527,46.509206692749615],[1.1193189054464265,46.50880084722327],[1.1187403819947659,46.50838974338289],[1.1186810768537898,46.50836661391195],[1.1185512960487987,46.50834273010888],[1.1187821232681823,46.50781881532232],[1.1191425358338551,46.50749604509705],[1.1198936041297853,46.50729082870245],[1.122217027922823,46.506960226108525],[1.1235730162150601,46.506929699692925],[1.1235926567229495,46.50692541401376],[1.1236174081476304,46.50692567789028],[1.124279462282854,46.506749172833686],[1.124304277263145,46.506735038968564],[1.124334776179045,46.50671737030827],[1.1247939357086694,46.506236365790855],[1.1253681128731625,46.505851069771865],[1.1257481805068608,46.50568415308733],[1.1261916427782532,46.50555570102696],[1.1262126009558235,46.50554512798195],[1.1262402004894956,46.50553461963779],[1.126631515798728,46.50522565268019],[1.1269125583165935,46.505075678579125],[1.1273620332530097,46.505080456112275],[1.127733845549894,46.50517258746882],[1.127757426552394,46.505172837601265],[1.1277757585635775,46.505174832005125],[1.1280363256575712,46.50517759965207],[1.1280636562106348,46.50517338868506],[1.1281028372472022,46.50516930327325],[1.1290212877259718,46.50486187963265],[1.1300387335124837,46.50443852181286],[1.1305190895948747,46.5044841029803],[1.130845380649358,46.50448756061257],[1.130874142342307,46.50448606637709],[1.1309056015767947,46.5044836975171],[1.131575373025706,46.504303188896465],[1.133226382964549,46.50359947000296],[1.1332727233917774,46.50356666920048],[1.133286747254743,46.50352182799206],[1.1332670279925614,46.50347662950738],[1.1332192799028908,46.50344373090717],[1.1331518657122654,46.50343402037324],[1.1330875807530922,46.503447735889516],[1.1314526152634723,46.50414487233632],[1.1308349387487606,46.50430929059337],[1.1305381597696025,46.50430614523131],[1.1300297669041317,46.50425576599036],[1.1300073533386281,46.504255528208496],[1.1299889977228246,46.50426073128008],[1.129960423886908,46.50426222746329],[1.1299407234537548,46.504269216240026],[1.1288896412183238,46.5047079678288],[1.1280129342068803,46.5049991856844],[1.127800443873831,46.504996928700194],[1.1274334978466696,46.50490845392758],[1.1274126526606143,46.504908233221656],[1.1273908794957952,46.50490259760264],[1.1268697584889666,46.50489705804413],[1.1268421542893872,46.504901717295475],[1.1268030501026671,46.504908048083706],[1.1267869579008358,46.5049168734283],[1.1264440990449454,46.50510128684138],[1.1260607737107138,46.50539954146169],[1.125617063129626,46.50552754128232],[1.1252149828735385,46.50570547336372],[1.1251952403119596,46.50571426025321],[1.1245998781420152,46.506114627064086],[1.1245864415567557,46.50612707956386],[1.1241380207236844,46.50659379776571],[1.1235402508572274,46.506751191148346],[1.1221961282407793,46.50678184352151],[1.1221724848259427,46.50678429333886],[1.1198063040141217,46.50712163525538],[1.1190115451873524,46.50733988156695],[1.11895638377976,46.50737078337996],[1.1185586750867003,46.50772374883588],[1.118550661996936,46.50773805797607],[1.118537290811136,46.50775321207932],[1.1182720375605033,46.5083532386302],[1.1173242253605582,46.508903659186274],[1.1145437833482474,46.509847420345956],[1.1142831959588266,46.50984462107947],[1.1134785201769317,46.50953453860713],[1.1118065786473263,46.50870943521219],[1.1117280484808345,46.50867259652808],[1.110702046639436,46.50820130245643],[1.1106820846422805,46.50819344091214],[1.1106626033372426,46.50819052948305],[1.1106377468411288,46.50818891361822],[1.1106141943739243,46.50818731209003],[1.109884049074175,46.50827211857071],[1.1091578390454884,46.50840150833975],[1.1091366370474767,46.50840532890143],[1.1073432404357086,46.50904552544329],[1.104990312855966,46.50862417192389],[1.1049695198420397,46.50862124498943],[1.1042747377829334,46.50857142910405],[1.1035792258179673,46.50834119580492],[1.1009196829448304,46.50768023691876],[1.0998858187965883,46.5074017623528],[1.0998639859386001,46.507398822601246],[1.0998457246534408,46.50739412907119],[1.0985788827959546,46.50733716145282],[1.098168570934689,46.507168930203285],[1.0973484388316164,46.50649684865857],[1.0959139309719514,46.505569711579405],[1.0955189272598351,46.50540794115256],[1.0955201621954331,46.505353962297264],[1.0956918585293276,46.505202870774866],[1.096130773208305,46.50486573128947],[1.0967033310654777,46.50469650795246],[1.0967320083317424,46.5046788270026],[1.0967584401906563,46.50466291459326],[1.0972267910235567,46.504126338405236],[1.0972444943806123,46.50408154164907],[1.0972515100938647,46.50377433409942],[1.0972467137754411,46.50375583384201],[1.0972435462274506,46.50373510441033],[1.0970638723517712,46.50343171530573],[1.0970693176387336,46.50319332651697],[1.0971332823907272,46.50290878650747],[1.0974335162637556,46.50270869930477],[1.0974509943478772,46.502690895774684],[1.0974670838516292,46.502673971647475],[1.0976475759702966,46.50235650930077],[1.0983807307264182,46.5021548386026],[1.0984042254769277,46.50214159622745],[1.0984239291818656,46.50213461288162],[1.0986271798251563,46.50199870196139],[1.0986424499020937,46.50198042289042],[1.0986588247931977,46.501956757927154],[1.0986566758392196,46.501928390335216],[1.0986546094403442,46.501910371480136],[1.0984332825448364,46.50150755132128],[1.0985044627523648,46.501460634552096],[1.0985206176533986,46.501446415306],[1.0985346830843181,46.501426769651594],[1.0985417705196694,46.50140165321458],[1.0985464848055186,46.50127483137939],[1.0985467924410246,46.50126133664251],[1.0985405870524725,46.50124777681711],[1.0985386538427264,46.5012297556684],[1.0985311029156601,46.50121797488526],[1.098422024796323,46.50101883473467],[1.0984309944705979,46.500625715534966],[1.0984225470367146,46.500607630165774],[1.0984112435104973,46.50058321303011],[1.0981886735940232,46.500344141496484],[1.0983103290663239,46.50006337614613],[1.0983104211781012,46.500039534055546],[1.0983076774597331,46.50001700666842],[1.0981904367855404,46.4998042756023],[1.0982788530267111,46.49867598886624],[1.0984618738002476,46.49847282440513],[1.0984686728801476,46.49846030321918],[1.0984796291626908,46.49844242259352],[1.0986137625868122,46.49793729463628],[1.0989358161381113,46.4977563375941],[1.099145540386124,46.497758618924124],[1.099171693232309,46.49775440790942],[1.09921208894801,46.497748546714845],[1.100204109190757,46.49743945397728],[1.1004755135454147,46.497305179711866],[1.100490344498129,46.49729454465404],[1.1005054609930387,46.49728301362803],[1.1005182725260236,46.49726965729135],[1.1005222289347967,46.497256201558045],[1.1005277446241348,46.49724276362658],[1.1005990227920306,46.496813431550365],[1.1007845397921936,46.49660849099851],[1.1007915026871988,46.49658877392335],[1.1008036338050202,46.49657090630135],[1.1008741059438925,46.49610827489196],[1.101074127070486,46.495975477709614],[1.1015609407833598,46.49593937524794],[1.10158822203559,46.49593156788382],[1.1016218497722279,46.4959193380327],[1.101759966966479,46.495827258709994],[1.1017853751348416,46.49579873897787],[1.1017963634931387,46.495785359437484],[1.1018496227605425,46.49567796484982],[1.1022250818054242,46.49542739691853],[1.1022358796811638,46.4954167118043],[1.1022485638527324,46.49540335497094],[1.1022601112423152,46.495388185048895],[1.1022618222514824,46.495367505214254],[1.102267420273676,46.495175910699835],[1.1022600793415642,46.49516053349579],[1.1022448654391073,46.49513067636845],[1.1019505927300097,46.49483594557539],[1.1019531718640103,46.494722596108936],[1.1020471293164407,46.49465883297444],[1.1020658393299456,46.4946410393286],[1.102138394228539,46.494547348637845],[1.102147726564798,46.49453215186027],[1.1021480946875868,46.494515955985484],[1.1021502463092725,46.49449033676045],[1.1021389566865782,46.49447086690952],[1.1021294529153607,46.49445636890713],[1.1021171695976955,46.49444364058948],[1.1017696998512003,46.494196920197275],[1.10177358855067,46.49402599920003],[1.1019061437850637,46.49375749880521],[1.101982372065092,46.49343889591466],[1.1019790402365393,46.49342536145216],[1.1019818800014363,46.49340919760629],[1.101920698868726,46.49318358402525],[1.101905556068586,46.493159123270765],[1.1016098032930675,46.49281848539004],[1.1016782705135495,46.492437714561724],[1.101678756140627,46.49241612447077],[1.1015597479991728,46.49197213025572],[1.1015720291231743,46.491432379344786],[1.1020096650030657,46.49109655508856],[1.1020244669974384,46.49107286986627],[1.1020360318360896,46.49105410191778],[1.102112702155008,46.49041247686264],[1.1024608944978134,46.49021964718255],[1.1024769303532733,46.49020767362239],[1.102500583298286,46.49018723462163],[1.102524915525255,46.49015420774154],[1.1037799094354535,46.49025059202106],[1.104067091157083,46.49033468680639],[1.1044270828844052,46.49054554290929],[1.1049955542321084,46.49104209195136],[1.1050212946942017,46.49105586901538],[1.1050510764181427,46.491069689650466],[1.1054897950744162,46.491204906845574],[1.10552459558691,46.49120978451589],[1.1055552963503348,46.491214613143676],[1.1061343194703308,46.491220877240394],[1.1061616445316762,46.49121667689914],[1.1062008587635,46.49121080095251],[1.1067193785128953,46.491038247782505],[1.1067391174033094,46.49102946493964],[1.1084293604528501,46.49020641165565],[1.1093747444871498,46.49004115039563],[1.1098424590944898,46.490046196082055],[1.11018733989444,46.490171392097245],[1.1108891183271172,46.49053617231691],[1.112294395316687,46.49157753156686],[1.1123166117564491,46.49159171442183],[1.1128964522375364,46.491824707406174],[1.1141782039655603,46.49241885406916],[1.114198814359549,46.4924235769334],[1.114215716491626,46.4924309560534],[1.1153925622411656,46.492668544890776],[1.1154179124900836,46.49267061563268],[1.116562967061207,46.49268290204291],[1.1176583338947785,46.49300732828704],[1.118952194570666,46.493201594958165],[1.1194600854426178,46.49333929738754],[1.1194807984075463,46.49333951834233],[1.1194990577617634,46.493344215070955],[1.1204541163290538,46.493399419352606],[1.120741380171655,46.49348167325142],[1.120758294867726,46.49348815448637],[1.120784351678962,46.493488433331635],[1.1208062591244052,46.49349316280006],[1.1208258040313035,46.49349337151378],[1.121400157169894,46.493499509018385],[1.1219509350161763,46.493464902001676],[1.1222348155599866,46.493587603947915],[1.122299704077481,46.493599092798746],[1.1223650262562819,46.493590793931574],[1.1224149726814148,46.493559834729325],[1.1224343993087198,46.49351235067268],[1.1224211532793926,46.4934699215446],[1.122373500052936,46.493433420448014],[1.122045173295405,46.49329404346948],[1.1220083019387448,46.493288251460754],[1.1219790506021756,46.49328254139607],[1.121396397058149,46.49332130834344],[1.120832266643515,46.493315281196345],[1.1205360982520312,46.49322933322494],[1.1205150340758465,46.49322730887694],[1.1204956192157678,46.49322170341483],[1.1195420714615796,46.493169218293744],[1.1190393903664226,46.49303156589997],[1.1190187381305126,46.49302864284247],[1.1177321076429552,46.49283490573182],[1.1166436574433614,46.49251281163487],[1.11662012196564,46.49251075935557],[1.1165930602130012,46.49250326634487],[1.1154361604313672,46.49249085244062],[1.1143107012080158,46.4922628134314],[1.1130302568581276,46.491668676273044],[1.112464561717749,46.49144394193628],[1.1110571382634775,46.49039671538784],[1.1103445188855232,46.49002461883853],[1.1103251387834605,46.49001720626281],[1.10993745314021,46.48987805702661],[1.1099179588816561,46.48987604764942],[1.109877876218822,46.48986841786236],[1.1093568928387556,46.48986279835463],[1.1093319565033621,46.48986523123251],[1.108343360221157,46.49003452010545],[1.108318278453034,46.49004324631901],[1.1082985997587418,46.49004933459758],[1.1065938690114525,46.490879426382726],[1.1061094371772433,46.49104244770286],[1.1055769880133266,46.49103668692955],[1.1051824208319965,46.49091364096793],[1.1046130625707236,46.49042158800252],[1.104215209970651,46.490185576386104],[1.104189545609929,46.49017405396934],[1.1038659797681951,46.4900805622828],[1.1038372313340052,46.49007575296428],[1.1025615234997517,46.489976438553775],[1.1025195811699702,46.48981582279085],[1.1025095308304662,46.48979951340012],[1.1021423743642662,46.489268246226786],[1.1021514977774194,46.4888670351935],[1.1023991616009654,46.48861462894707],[1.1024167134333804,46.48858467354042],[1.1024137728799923,46.48856214926429],[1.10241287776204,46.48854413998627],[1.1022977426464697,46.48829094432925],[1.1023673137950698,46.487918282397075],[1.1025605407919568,46.487618947484854],[1.1025717141102942,46.48757407846668],[1.102515803686077,46.48716855686493],[1.102524291392924,46.48679523200854],[1.1029666096148358,46.48624845180035],[1.10308852348161,46.4861687914586],[1.103109912858178,46.48614472904966],[1.1031205742500318,46.486131349375924],[1.1036600504029868,46.485151912567154],[1.103661564980544,46.48513663190077],[1.103668444622222,46.485120511616635],[1.1036750840612386,46.484828149831415],[1.1042075215083071,46.48472324442811],[1.105086155104924,46.48482094178528],[1.1058410271859496,46.48495958037669],[1.107450848641047,46.48551462238381],[1.1097007061777626,46.48612153034944],[1.1100542223208687,46.48633049919363],[1.1104920238176132,46.486776121177215],[1.1105034986969564,46.48678704733413],[1.1105293410342436,46.4867963222143],[1.1105434646748247,46.48680547091923],[1.110561540336202,46.48681286371806],[1.1112150021573126,46.48695577485739],[1.1121952344241621,46.48710220541722],[1.114449184271317,46.487616832138485],[1.1144686170908271,46.487621541866325],[1.1166222464136095,46.4878687107675],[1.1166487309494741,46.48786989385233],[1.1172398613962253,46.48783124206288],[1.118481353624589,46.48770957539722],[1.118499813345824,46.487705271248785],[1.118520624449708,46.487700998597916],[1.1187819476398757,46.48761381780358],[1.1188017339156966,46.48760322688657],[1.1188226363088347,46.48759445394899],[1.1192666698607756,46.48725458627175],[1.1201595092583745,46.48700049503358],[1.1202138132345276,46.486972286307655],[1.120939919050903,46.486309698159914],[1.121117163173509,46.48619011492375],[1.121698214931803,46.48597497309901],[1.1219359209610043,46.48585693706815],[1.1223177792709373,46.48586101508266],[1.123562480641279,46.486175731828546],[1.123922983113855,46.48647651031762],[1.1239539031962302,46.48649213709143],[1.1239744799451417,46.486504049806804],[1.12427091114567,46.486588192379045],[1.124639196285811,46.48685036224622],[1.1246585696048086,46.486857765969575],[1.124676303204128,46.48686875101362],[1.1253733504898804,46.48709752588499],[1.125746186366544,46.48731924571941],[1.125778542724949,46.48732858699189],[1.125807259393764,46.48733789559497],[1.1269257754984907,46.4874775675128],[1.1272025231641927,46.48773244975076],[1.127219553170006,46.487739833547735],[1.1272452059114817,46.48775810043085],[1.1280786066263166,46.48806569105506],[1.1281003757749548,46.488070869945],[1.129078780726173,46.48824997069931],[1.1302669379899397,46.48862474867374],[1.1312518795714945,46.48883539543966],[1.1322281693338212,46.48909318004512],[1.1334705707704589,46.489405962923726],[1.1335385190102498,46.4894084811745],[1.133600043026653,46.489389332556556],[1.133639970088476,46.48935106602185],[1.1336463105356995,46.48930614340425]]]}},{"type":"Feature","properties":{"code":"FR5400460","name":"Brandes de Montmorillon","designation":"SIC","legalReference":"http://www.legifrance.gouv.fr/jo_pdf.do?cidTexte=JORFTEXT000020776785","sourceUpdatedAt":"2022-09-18"},"geometry":{"type":"MultiPolygon","coordinates":[[[[0.9533354399937134,46.44202025187424],[0.9533416177072248,46.442012082797476],[0.9533447796528863,46.44200490275319],[0.9533912083397684,46.441943440018],[0.9536812223509674,46.44155951570005],[0.9536918620418138,46.4415513995373],[0.9537056792259619,46.44153610359877],[0.9543018685650729,46.441138205475895],[0.9543086579063971,46.441135195153784],[0.9543349803953233,46.44112623842323],[0.9543605914250588,46.441116239372754],[0.954365061081529,46.44111629782064],[0.9543710772579421,46.441114308618985],[0.9557262702288424,46.44095243249914],[0.9562866577784811,46.44078913857268],[0.956652690793253,46.44058637009044],[0.9569715423639714,46.440244886059155],[0.9569746041526557,46.44024182781016],[0.9569988748507661,46.44022563219607],[0.9570200841545915,46.44021248402522],[0.9570245999378133,46.44021082094246],[0.9577444683590703,46.43993262217725],[0.9577444321584744,46.43987540616812],[0.9577512182085081,46.439666725099315],[0.9577702569627291,46.43962159703336],[0.9586394640722611,46.43868782255597],[0.9586546029014565,46.43867872708645],[0.9586638104771854,46.43866852574244],[0.9586773343335884,46.43866456815776],[0.9586894652760908,46.438656467398225],[0.9587104129337899,46.43865363155276],[0.9587254522995216,46.438648657974],[0.9597459977850167,46.43850845115993],[0.9597477503688852,46.438498165175105],[0.9600367746772965,46.43803775330971],[0.9602108581427008,46.43705224003607],[0.9607210442137492,46.43710275143742],[0.9621010466945376,46.437311202660126],[0.9638010581963669,46.4341204493715],[0.9656272807451921,46.4318291205198],[0.9654592502969666,46.4315157592912],[0.9645549868080123,46.4310718557992],[0.9635603276233203,46.43066602904481],[0.9632969901434308,46.4300535732015],[0.9634435021020874,46.42950689994274],[0.9638685834271169,46.42908729459451],[0.9651500258975356,46.42876256826604],[0.9652933728061117,46.42875398964109],[0.9651881396168819,46.42867024597665],[0.9651578786922662,46.42862864824366],[0.9651635520180649,46.428581291962075],[0.9652017703780335,46.42854361158271],[0.9652634292327338,46.42852270313091],[0.9653304239644027,46.4285266047674],[0.9653864096308091,46.42855305253955],[0.9655456945748847,46.42868074702756],[0.9655500336810412,46.4286859586741],[0.9655588268281144,46.428692249530776],[0.9655979721457618,46.42873602136025],[0.9664580138525813,46.428685569721296],[0.9669348204653353,46.42881503139246],[0.9673088415801375,46.42858654983355],[0.9758111255220134,46.42721556008713],[0.9809458801739283,46.42638724321719],[0.9809122975912,46.42632700942009],[0.9794164020262014,46.423643854027446],[0.9792592675860265,46.42336198888319],[0.9757462765567737,46.423808610542935],[0.9747681489210361,46.42152097364224],[0.9734735059761079,46.418492764627835],[0.9753971688436668,46.41775758880962],[0.9753978095817607,46.417757344359],[0.9686827904940508,46.403798210941396],[0.9693311191694441,46.403734614204886],[0.9702779950581973,46.403641725976215],[0.9704799673733095,46.403621910933936],[0.9708947391358843,46.40277015453611],[0.9718469315540345,46.400814665184555],[0.9719363117355854,46.400422886095],[0.9719557656119757,46.40033763073983],[0.9706924293795394,46.40018565062873],[0.9695564597577152,46.40004898023291],[0.9679792743611493,46.39942277062192],[0.967474441824652,46.39875027901536],[0.9665415040233937,46.397507455485055],[0.965927748961494,46.396689800036945],[0.9660397564797523,46.39660688896831],[0.9672350433571711,46.395722076169875],[0.9688136506854075,46.39516172795466],[0.9696041593584708,46.39495166461413],[0.969769743874618,46.39446354525337],[0.9697779591625137,46.39443932851795],[0.9697888803307851,46.394237687257814],[0.9697918527532765,46.39418279365297],[0.9697372774658808,46.394160903252356],[0.9682312220084389,46.39355678673832],[0.9670104625816116,46.392452385573904],[0.9660213050503531,46.39138272718732],[0.9694365772177642,46.39003676579339],[0.9784649031420946,46.38647788330327],[0.9784907672095406,46.38646768651367],[0.9779224554101894,46.38540051065093],[0.9770664020811642,46.38379293023669],[0.9769479893051758,46.381081233307434],[0.9768027843579191,46.37890529070439],[0.9763251143443512,46.37662329682405],[0.9758536213834653,46.374750654542446],[0.9728880074414188,46.37404393432474],[0.9698241898039205,46.37339574063371],[0.9693766904836529,46.37324499040806],[0.9668578494703481,46.37352669685409],[0.9626688280607224,46.37399506721272],[0.9624115355310006,46.374023829104836],[0.9623372892481087,46.374032129176925],[0.9617157147686665,46.37440500890666],[0.9574194791900213,46.37178170802752],[0.9553913907311888,46.370543205146724],[0.9551889801920553,46.37041959285429],[0.9552075770742385,46.369583179046955],[0.9552099251576165,46.36947758160484],[0.9551028681165703,46.36947534590251],[0.9530798798292911,46.36943308001105],[0.9498155664423726,46.37228704054282],[0.9500714908249003,46.37288088524833],[0.9528069050884465,46.37629982335964],[0.9533417286181668,46.376822832723526],[0.943407638779595,46.38103430777304],[0.9424587234534301,46.381732963343275],[0.9414200989584857,46.38186246828758],[0.9393413565158807,46.37939669691644],[0.9383123792075967,46.37903660576815],[0.9373712287593983,46.37914253037695],[0.9366975908722918,46.3793878351295],[0.9331118542212289,46.37784252464679],[0.9317516989663003,46.37733188332376],[0.9315486408576037,46.37694689202918],[0.9328771508125345,46.37631693776093],[0.9333933132185976,46.375362495833606],[0.9331521773163416,46.37460590694019],[0.9325356424908969,46.37408282025008],[0.9325095971606573,46.373360848386085],[0.9327334212958371,46.37282547235519],[0.932911328584742,46.37251117884774],[0.9330722368198293,46.372220384520254],[0.9334979556541633,46.37194111183136],[0.9324592323427078,46.3706963048966],[0.9310998415526966,46.371546488701554],[0.9292257980842169,46.36966346680727],[0.928468287426013,46.36981489802422],[0.9265499736053598,46.368151897468024],[0.9228874065898887,46.36834138642658],[0.9216564297452662,46.36888893132038],[0.9204897669808263,46.36942489724091],[0.9196054460589828,46.369983962106296],[0.918504578736948,46.37050835898545],[0.9174537836334965,46.37088182075488],[0.9170095397369462,46.3723247249463],[0.9175534095524759,46.37362844025036],[0.9225338108497835,46.37438132199341],[0.921181934139001,46.37584901247856],[0.9193647152292066,46.378423249786266],[0.9219584258093646,46.37978241287687],[0.9193092137088836,46.38186792751658],[0.9198739575974135,46.38214714743459],[0.9231050429393137,46.383005981930644],[0.9224414290889298,46.38400699696267],[0.9224411306560798,46.384018335919535],[0.9215899574294334,46.385986084038855],[0.9195257489509328,46.387221165253735],[0.9178645829002893,46.38785093156921],[0.9169431412913717,46.38810745735196],[0.9161843352101688,46.38960930788755],[0.9151462741312486,46.39107673080236],[0.9152891765417026,46.39187955787826],[0.9168787431353594,46.392286042925015],[0.9181318879496124,46.39205325372454],[0.9190628763639439,46.39131848670769],[0.9207692801585338,46.39027070784911],[0.9219979042193073,46.38948911125057],[0.9235900015936221,46.38870790798591],[0.924757285668759,46.388334801673274],[0.9256827731810158,46.388380326170775],[0.9259201122113062,46.38876472366824],[0.9260245446197788,46.38921859728324],[0.9258405729462862,46.390394661879895],[0.9254573082649425,46.391384744104236],[0.9251105769851997,46.39274641636548],[0.9248350977520586,46.39314196136762],[0.9228439493369703,46.393736771262],[0.9221896614726195,46.39414511868876],[0.9218226990926751,46.39519209514029],[0.9218152312404585,46.39593736410465],[0.9245682268030989,46.39682008646886],[0.9265845614986288,46.396981229318925],[0.9282347100101191,46.39684088093346],[0.9300713150867689,46.397095609121806],[0.9298860174108595,46.39803764365534],[0.9294480196485212,46.398724998373595],[0.929181003755785,46.39977220419572],[0.930073893350326,46.399818319291875],[0.9311190039522397,46.400143629160006],[0.9322437539323752,46.40032867903812],[0.9333369032250064,46.40052570033578],[0.934694697608664,46.40080432797537],[0.9356397285322094,46.40108300143225],[0.9364843715255253,46.401267643250755],[0.9375986664757479,46.40168653022896],[0.931234570246756,46.40403165215298],[0.929818925465765,46.404343781647604],[0.9292246690445896,46.40447480050873],[0.9301761417780959,46.40531236111737],[0.9304097682882764,46.40549876141163],[0.9304999552193483,46.40604523810873],[0.9304599945092902,46.40628607357429],[0.930438158661274,46.40641766956593],[0.9303787141557289,46.406441494307664],[0.9302997094496305,46.40647315951046],[0.9302052421918591,46.406511021679],[0.9294201463849701,46.40682567829429],[0.9296805471288919,46.40723516733191],[0.9303968140684464,46.4083614852416],[0.9316475694042397,46.40958393809697],[0.9319202481333079,46.409850437388386],[0.9323723518253056,46.41034983915927],[0.9315934564900265,46.412806181302805],[0.9312714140235246,46.41321632088199],[0.9308474390488779,46.41375626490684],[0.9307981635731002,46.413819018305766],[0.9310956405603728,46.415111360516484],[0.9314484508500125,46.415854024325846],[0.9316045499895913,46.41618260334873],[0.9313834061463246,46.41627122745393],[0.9313374604287256,46.41628964064396],[0.9308484399607823,46.41648561584556],[0.930671470716928,46.41646649107299],[0.929674160926302,46.41635870580672],[0.9280515564778247,46.416103544711426],[0.9276692062499533,46.41607013891075],[0.9269926619210049,46.416011026351256],[0.9257041358706569,46.41609399697783],[0.925114445889073,46.41622105595708],[0.9241886750330989,46.416420520864484],[0.9235593898809727,46.4163157909434],[0.9233951470074597,46.41630202976074],[0.923299380116961,46.41629400635139],[0.9221865650270272,46.41620076226566],[0.9211639539745003,46.416317923397315],[0.9205870451557839,46.4164344457659],[0.9205471419696879,46.41689449443775],[0.9205295206466813,46.417097644737886],[0.9211792599464481,46.41750471035107],[0.9226870512323173,46.41787606815535],[0.9236296844898602,46.417969240473376],[0.9245726503387849,46.418050039785584],[0.925026493429641,46.4186546488306],[0.9253623645405238,46.41903820253074],[0.925351474052951,46.419457652746104],[0.9245943738602646,46.41979566700035],[0.9244123787310984,46.41985862508524],[0.9232135044512526,46.4202733406716],[0.9231579667141462,46.42034025481927],[0.9226918034502252,46.42090189790371],[0.9223847915715702,46.421414572087905],[0.9219290126111366,46.42191507935945],[0.9236048206911213,46.42769778783538],[0.9225422478980457,46.428654669125144],[0.9216440367560541,46.42816513514013],[0.9162266998119506,46.4232923788373],[0.9158931880801833,46.423048005146256],[0.9151798235438071,46.42279268906068],[0.9150707244153675,46.42331606624928],[0.9152084944099952,46.42372465605924],[0.915664156285625,46.425075993357446],[0.915671163039662,46.42509677153616],[0.9155680864231183,46.426073838453995],[0.9152623826868581,46.426760732075564],[0.915815759818241,46.42737796646751],[0.9155992998059818,46.42753571170201],[0.9151606998757442,46.42785533721969],[0.9144799465941619,46.428682215570774],[0.9144600643524826,46.42870636515163],[0.913820792214317,46.4291488760152],[0.9144559525986831,46.429660955715875],[0.9145626862172944,46.43025404369854],[0.9147648452105628,46.43192977043672],[0.9149763109239462,46.4329654053598],[0.9153486761576517,46.43372161192083],[0.9157309532731711,46.43381402185402],[0.9161609548110164,46.43384929350086],[0.9166586116541081,46.43397716336958],[0.9168756226183958,46.434174722232314],[0.9169291262951731,46.43452384339497],[0.9167019852516952,46.43488492304719],[0.9165396738889207,46.435047846019806],[0.9163433684503236,46.43519899867958],[0.9161153518746392,46.43553635653653],[0.916215809161545,46.435629360675414],[0.9472590327025558,46.44065644621373],[0.9473049866665182,46.44160030056652],[0.9482556244703004,46.44250675553158],[0.9498904178134617,46.4419679568104],[0.9498964572716027,46.441964938687256],[0.9499383099894187,46.441961328535555],[0.949956235888721,46.44195999923897],[0.9499651990177702,46.4419595899588],[0.9500051583402648,46.44197141907974],[0.9500207104799465,46.441975735472006],[0.9500273614088266,46.44197787617226],[0.9505260744080816,46.4422458144446],[0.9515287130190262,46.44251886166384],[0.9520938665522356,46.442579357531045],[0.9526860179337356,46.44257523118822],[0.9528583309411203,46.44254330401644],[0.9529382459469582,46.44249020448017],[0.9532072313202902,46.44231147597492],[0.9533354399937134,46.44202025187424]],[[0.9648377345260665,46.41308060650769],[0.9649659018375902,46.41308112445825],[0.9650939396011453,46.41308679591232],[0.9652218478529606,46.41309762087035],[0.9653481123470714,46.413114604611025],[0.9654727553405746,46.413136731477266],[0.9655942856064564,46.41316396948944],[0.9657142024453644,46.41319634537895],[0.9658310064147028,46.41323383783186],[0.9659446975410677,46.4132764468576],[0.9660523001218639,46.41332413565168],[0.9661568205168862,46.413375909315874],[0.9662567360544573,46.41343278921268],[0.9663506245110591,46.413492680065346],[0.9664399003157599,46.413557677037126],[0.9665216571618732,46.413625669221474],[0.9665988625715236,46.41369670409687],[0.9666685181918214,46.4137717713394],[0.9667306617906146,46.41384880709247],[0.9667867778494044,46.41392886467942],[0.9668353588458163,46.41401192806512],[0.9668764663605945,46.41409592300419],[0.9669100769650507,46.41418189757315],[0.9669347141187624,46.414268793207505],[0.9669533693828062,46.41435664158059],[0.9669630585285001,46.41444542196912],[0.9669638049079666,46.41453408630691],[0.966958561081688,46.41462371405178],[0.9669444124192937,46.41471220495956],[0.9669213434617553,46.414799553347876],[0.9668923375883015,46.414885801543285],[0.9668544191562471,46.41497090734755],[0.9668091024354191,46.41505386545445],[0.96675636480224,46.41513570231967],[0.9666962516203809,46.41521435960318],[0.9666302547908833,46.41528985306188],[0.9665568597773981,46.415363193380664],[0.9664761119611518,46.41543232221571],[0.9663909801946101,46.415498303099035],[0.9662984728080776,46.41556110433636],[0.9662016268767594,46.415618699267604],[0.9660988972560808,46.41567313029672],[0.9659918293115871,46.41572234959353],[0.965881876163733,46.41576741531292],[0.9657660777874115,46.41580828550277],[0.9656474478865685,46.415842933100464],[0.9655259712842426,46.41587239550242],[0.9654031321400623,46.4158966883449],[0.9652774389503823,46.415915785035494],[0.9651503908928738,46.41592971769478],[0.9650220034254037,46.41593744351213],[0.9648937531054138,46.415940021080225],[0.9647656325627814,46.41593743945836],[0.9646376642678354,46.41592867758408],[0.9645098254248328,46.415914767322654],[0.9643851001477622,46.4158957348691],[0.9642620193746777,46.41587053256942],[0.9641405294423243,46.41584122942008],[0.9640221834246954,46.41580578317869],[0.9639069661403303,46.41576418277439],[0.9637963007952415,46.41571954501706],[0.9636902407132769,46.415669811730815],[0.9635887476387326,46.41561600911346],[0.9634918600568325,46.415557105591006],[0.9633995244511456,46.41549516476509],[0.9633147623845509,46.4154281598025],[0.9632345522909002,46.415358117562086],[0.9631618699980474,46.41528507494248],[0.9630952313775897,46.415209016282745],[0.9630361129159108,46.41512995172907],[0.9629830154256509,46.415048897620316],[0.9629389068914429,46.41496589072042],[0.9629008036583008,46.41488089400448],[0.9628717049340288,46.414793944793246],[0.9628500804873316,46.41470605346071],[0.9628373913055126,46.41461827295533],[0.9628306922338356,46.4145295346571],[0.9628329592307561,46.41443987006375],[0.9628441385018529,46.41435134816577],[0.9628612544297704,46.41426392666273],[0.9628873056275927,46.41417661058352],[0.9629207849029813,46.414090421510274],[0.9629631538358014,46.41400639617635],[0.9630114284205258,46.4139245083415],[0.9630685924000805,46.413844789628314],[0.963131662385574,46.41376719759327],[0.9632021067696924,46.41369279610776],[0.9632784342633249,46.41362155314306],[0.9633621285189795,46.41355349516123],[0.963450213990796,46.41348857986364],[0.963545628505715,46.41342890798866],[0.9636454262286049,46.4133723840339],[0.9637495694686111,46.41332106645636],[0.9638580732848443,46.41327392323992],[0.9639709224501597,46.41323199177758],[0.9640881322252463,46.41319423465116],[0.9642081959310219,46.413161662650715],[0.964331074936444,46.41313531275493],[0.9644553467224005,46.413113100444335],[0.9645809498236937,46.41309709456739],[0.9647094069876577,46.413086273786256],[0.9648377345260665,46.41308060650769]],[[0.9596860241932597,46.40669048603188],[0.9598067340527989,46.40669091995604],[0.9599258373200472,46.40669545953793],[0.9600447956852985,46.406706179245774],[0.9601636162890687,46.40672205233653],[0.9602793316078377,46.40674304198595],[0.9603934484637409,46.406768132048455],[0.960505943565863,46.406798365196146],[0.9606138497845589,46.40683369381576],[0.960720149804693,46.406873122728676],[0.9608218529732907,46.40691765239509],[0.9609189900185351,46.40696625110125],[0.961011545334366,46.4070189185798],[0.9610995267360595,46.407075654981234],[0.9611829649349867,46.407135428590074],[0.9612603377274855,46.407199249902604],[0.9613316678032086,46.407266092466614],[0.9613969707675853,46.40733595657221],[0.9614547394885999,46.40740882071373],[0.9615079878595681,46.407483690248256],[0.9615522407383987,46.40756051767778],[0.9615904895251982,46.40763932941977],[0.9616227490789284,46.40771909887629],[0.9616460208604117,46.4078008263902],[0.961661811833761,46.407883490394404],[0.961671644182322,46.40796608040023],[0.9616725422407904,46.40804856488226],[0.9616674509140181,46.40813200709381],[0.9616534403064694,46.40821431177586],[0.9616334787561182,46.40829654259745],[0.9616060893852474,46.40837765711754],[0.9615698193389429,46.40845659710795],[0.9615276053361371,46.40853443647935],[0.9614794938728328,46.408610138377384],[0.9614224856316161,46.40868367624372],[0.9613610636186258,46.408755097716536],[0.9612922752415908,46.408823333985715],[0.9612175962115336,46.40888841140018],[0.9611370425399144,46.40895031942547],[0.9610506289108743,46.409008036846565],[0.9609598243746477,46.40906260595692],[0.9608646594454827,46.40911300042153],[0.9607651187184117,46.40915921454953],[0.9606612254278417,46.40920125414915],[0.9605529790743342,46.40923808692497],[0.9604433556936841,46.40927078210828],[0.9603293951132683,46.40929826532678],[0.96021406485427,46.40932057879497],[0.9600973578461336,46.40933874925181],[0.9599777972679507,46.40935173423429],[0.9598583666684083,46.40935956544732],[0.959739096816013,46.40936121116606],[0.9596184345192991,46.409358718981444],[0.9594994018694741,46.40935108902674],[0.9593804915252553,46.4093383051646],[0.9592632334256582,46.40931936247657],[0.9591475667225875,46.409296308214955],[0.9590350135399932,46.40926813732912],[0.95892405140002,46.40923586568413],[0.9588176867761515,46.40919849316096],[0.9587129520017805,46.40915598290699],[0.9586142753787399,46.40910943019482],[0.9585186820295054,46.40905878182704],[0.95842767091759,46.40900407002952],[0.9583426874192299,46.408946342135444],[0.958262286566803,46.40888454003293],[0.9581879518938853,46.40881869027254],[0.9581196220672716,46.4087508509149],[0.9580588501414817,46.4086789798023],[0.9580025991017046,46.40860510337296],[0.9579538524060103,46.40852925339713],[0.9579126022206638,46.40845142974464],[0.9578773414318659,46.408372653946074],[0.9578496078697862,46.408290872759935],[0.9578293246088342,46.408209187046666],[0.9578165147800642,46.40812655954472],[0.9578111555895283,46.40804401672021],[0.9578132773699344,46.40796053765119],[0.9578228187486834,46.40787818038618],[0.9578398104625699,46.40779591319834],[0.9578642217089632,46.40771476780939],[0.957896083224587,46.40763371248957],[0.9579353184911908,46.40755583728619],[0.9579804814934214,46.40747906798175],[0.9580330489654008,46.407404447053544],[0.9580930050653934,46.407331979613],[0.9581573821873607,46.40726162876869],[0.9582291100032512,46.40719548985968],[0.958306734903276,46.40713148312561],[0.958390218781518,46.407071672423974],[0.958478070145922,46.407016036466125],[0.9585718032396023,46.4069635700528],[0.958669896222861,46.40691527281954],[0.9587708648204668,46.406871139825675],[0.9588776926285911,46.4068311974022],[0.9589858738471184,46.406796429653255],[0.9590983996869024,46.40676686844845],[0.9592123021287415,46.40674144463862],[0.959329065363449,46.40672121162887],[0.9594472052524762,46.40670511600282],[0.9595666835701803,46.40669522702719],[0.9596860241932597,46.40669048603188]]],[[[0.9576704405251842,46.44267293311858],[0.9577012521643884,46.44192898481054],[0.9595805734369953,46.439210563028254],[0.959700972336461,46.43869656295188],[0.9588330508765942,46.438815939191834],[0.9580113683974527,46.43969874602858],[0.9580053125829711,46.43987856900134],[0.9580040733029378,46.43998628400856],[0.9579865525855675,46.440030401579996],[0.9579380115304443,46.44006280402556],[0.9571774770713088,46.44035666137884],[0.9568601951401515,46.440695077238395],[0.9568450476402242,46.440704172327514],[0.956832808567642,46.44071639464613],[0.9564365187172496,46.440936322193075],[0.9564199860942934,46.44094127416601],[0.956404869268075,46.440949337476866],[0.9558144306371266,46.44112154665304],[0.9557994671802912,46.44112342440881],[0.955785950116381,46.44112738719206],[0.9544561719435907,46.441286476594854],[0.9539024570639941,46.44165602216341],[0.9536517127371503,46.44198796431115],[0.9535829948533695,46.44207893388881],[0.953449971464201,46.442383499600055],[0.9534138739495256,46.44242481373459],[0.9532088527935108,46.44256164180506],[0.9531916243326045,46.44257313929137],[0.953251023204017,46.44257277437719],[0.9534168461012419,46.44257175495083],[0.9551433151575641,46.44305872972855],[0.9573810296510803,46.443440549172664],[0.9576656232459128,46.442685711613706],[0.9576704405251842,46.44267293311858]]],[[[0.9475026147725868,46.443610949676476],[0.9475569146095841,46.443470374374634],[0.9473799581352045,46.44356717857946],[0.9464720186546044,46.443672572450815],[0.9457281364806474,46.443661409749986],[0.9456216716363482,46.44438277832662],[0.945728749465839,46.44497686767497],[0.9458194569001518,46.44556972738836],[0.9454606207032429,46.44601275492195],[0.9460626512005199,46.446465381467036],[0.9461295664646664,46.44633124802517],[0.9462797990248507,46.44541453429787],[0.9462907341783976,46.44539508531172],[0.9462970911213803,46.44537969930569],[0.9468937853603658,46.44467462983311],[0.9475026147725868,46.443610949676476]]],[[[0.9746927622922033,46.44722763680359],[0.9746367072672317,46.446726967566434],[0.9743674970375077,46.44645983050805],[0.9730121248791712,46.446566253895014],[0.9721212019439438,46.44670710468243],[0.9713246613208619,46.446474858859396],[0.9707998804310334,46.44605206781352],[0.9677330994136669,46.445597650066496],[0.9675994484495809,46.44604860964231],[0.9675282096898143,46.446863205245435],[0.9674542254419993,46.44754993462073],[0.9674412214262023,46.44782915549847],[0.9688879475654216,46.44847955961522],[0.9698697782163039,46.44872815862001],[0.9700335455451135,46.44876962356686],[0.9715688666728639,46.44868601112816],[0.9726918891929116,46.44850980950224],[0.9740615622348905,46.44831077683405],[0.9744727995250374,46.44808890279201],[0.9745803025651416,46.44766797745917],[0.9746927622922033,46.44722763680359]]],[[[0.9503775988037577,46.44239554779144],[0.949928914702577,46.44215399496294],[0.9483256837716216,46.44268286837722],[0.9482126258698603,46.4427887016398],[0.9480862492815112,46.44318200255032],[0.9479017314095562,46.44328283860026],[0.9477548260446255,46.443662480445326],[0.9477502169101267,46.44366758060356],[0.9477500856496238,46.44367273420784],[0.9471365817528287,46.44474460597587],[0.9471289640487925,46.444750700518014],[0.9471273170283987,46.444756864553504],[0.9465368272197452,46.44545273467601],[0.946388331234031,46.44636018942416],[0.9463820977852085,46.446370421691896],[0.9463818891953755,46.44637866532053],[0.9462630647745928,46.44661674301204],[0.9484713600142225,46.448275554488596],[0.9492183968836235,46.44883701808706],[0.9496082351073879,46.44828920613268],[0.9493349291415393,46.447661131068564],[0.9490279147653938,46.44689347136733],[0.9489356891717362,46.44624183465154],[0.9494498273894759,46.44508936030677],[0.9498989270487662,46.44402990174756],[0.9503295099868556,46.4428774316705],[0.9505788413443291,46.44273439229031],[0.9508380287604709,46.44258569590908],[0.9510572880006878,46.44258424706122],[0.9504100805452851,46.442408312661414],[0.9503953552454467,46.44240091975109],[0.9503775988037577,46.44239554779144]]],[[[0.9122860321081407,46.449285894880624],[0.9123024156030767,46.4492494572675],[0.9125123835223667,46.449397558218216],[0.9136877794850125,46.45022660284956],[0.9138027731274351,46.450034116867265],[0.9141401499777734,46.44946938062399],[0.9146400762797592,46.448433367954486],[0.9156995867204003,46.4485260005724],[0.9171362937617742,46.448338798295026],[0.9187825774618426,46.44777893301399],[0.920200278845825,46.44734712784639],[0.9207558615152892,46.44691694041663],[0.9188992249654119,46.446452559196416],[0.9177133484343095,46.44560373886869],[0.9161084111748855,46.44424245093004],[0.9171183864681487,46.44303136071257],[0.9179834949997264,46.442112265192506],[0.9177127663460045,46.442003335881296],[0.9159897359630872,46.44131004028655],[0.9139506705195708,46.44212576998363],[0.9115833805443878,46.44061363447328],[0.9115004875583924,46.44058991621256],[0.9067934003174881,46.44225862088682],[0.9052011059242614,46.44293781569554],[0.9032413979487421,46.443773676854676],[0.9027598742881372,46.443540795813036],[0.9011252691400125,46.44512428780193],[0.9075711976338634,46.44766944498932],[0.9096415205588269,46.44930886425258],[0.9116219230370484,46.4503440205086],[0.9120299878771881,46.44985531962857],[0.9122140983103758,46.44944587131858],[0.9122860321081407,46.449285894880624]]]]}},{"type":"Feature","properties":{"code":"FR5400462","name":"Vallée de la Gartempe - Les Portes d'Enfer","designation":"SIC","legalReference":"http://www.legifrance.gouv.fr/jo_pdf.do?cidTexte=JORFTEXT000019800182","sourceUpdatedAt":"2017-09-27"},"geometry":{"type":"Polygon","coordinates":[[[0.9452162216370553,46.29992126094853],[0.945160504127864,46.29983058673357],[0.9450496683280877,46.29928032554799],[0.9440638690230826,46.29932220683196],[0.9433918459467114,46.299313947789344],[0.942522174346817,46.299069296087886],[0.9427616150379281,46.29882928075821],[0.9437447148439841,46.29796852021573],[0.9435476057774848,46.29700056405596],[0.9435029136567393,46.29665177197334],[0.9434334991069192,46.29652854474771],[0.9433344887364851,46.29643554470184],[0.9416591319659673,46.29571755388267],[0.9413711507026378,46.29551154394229],[0.9398858767627445,46.29421726523737],[0.9389727739067655,46.29340784517498],[0.9386554437836441,46.29325365656209],[0.9378016180270724,46.2929677704999],[0.9375845061936781,46.29290479978167],[0.9384870865105015,46.29239853093187],[0.9392101427039323,46.29209429866763],[0.939714672295813,46.29179727482724],[0.9407165993534936,46.29146497702869],[0.9412726076018656,46.291579809601934],[0.941607790899156,46.29167032124471],[0.9415720843306947,46.29110298047614],[0.9415107352176092,46.29064510126235],[0.9406816548349844,46.290564706972376],[0.9406124952798972,46.290938186224636],[0.9396732762228215,46.29114887596745],[0.9390607553478135,46.29113232581756],[0.938815807671605,46.29100602217618],[0.9385814429500314,46.29103372722307],[0.9384590481764701,46.29123558397248],[0.9379564682723097,46.29145164010191],[0.9375425115409038,46.291648994567915],[0.9371630158384752,46.29224270923979],[0.9366771535800912,46.29239868147501],[0.9366132033061365,46.29262914751596],[0.9363597325272547,46.292829382091135],[0.9359468016382917,46.2929862530926],[0.9357982776151432,46.2928152452584],[0.9353082610522754,46.29224948273316],[0.9351974727987378,46.29212573228937],[0.9349668651558996,46.29177014167812],[0.9340816627985936,46.29085934160822],[0.9338829789532955,46.290474450446915],[0.9338822809188603,46.29039075222436],[0.9336979777852324,46.29020850259099],[0.9335165448037278,46.28980402355534],[0.9328911569971148,46.2888064528288],[0.9328319580765788,46.28833329676057],[0.9327929644937789,46.287297989806376],[0.9326191982123739,46.28648597353887],[0.9326428455900951,46.28556842365123],[0.9330664657145935,46.28443087026284],[0.9334083403217461,46.28367473487174],[0.9338268080601969,46.28243362490742],[0.9338515449121901,46.28147289740084],[0.9329466782366157,46.28191701478941],[0.9328407103560915,46.28204528059991],[0.9330453017134448,46.282068511172724],[0.9328925904030858,46.28286748012563],[0.9323676702251262,46.282869972188266],[0.9321863943690536,46.283089989506095],[0.9317445734144602,46.283267182757136],[0.9316290155922744,46.283772362881656],[0.9317673814526317,46.28463253296884],[0.9312681623128158,46.28473971878914],[0.9312656811620138,46.285983277458804],[0.9313921834663634,46.28672452048057],[0.9315722213599469,46.287011106808144],[0.9317317712115202,46.28739731775041],[0.931820195324731,46.287713364421954],[0.9318568062489261,46.28797477329882],[0.9318843293462805,46.28857351062799],[0.9321195187118818,46.289082141981986],[0.9325496622212636,46.28942041130312],[0.9325444222547145,46.289623713362225],[0.9329157699015707,46.28993156524629],[0.9334584611542083,46.29097040769279],[0.9332947915778032,46.291090761223835],[0.9325834742895647,46.29116023491883],[0.9323511285507842,46.2912356405968],[0.9322029291353295,46.29151096073447],[0.9326103509965478,46.2915681990269],[0.9329257910239641,46.29179437128437],[0.9332655890773073,46.29222420519697],[0.9330858397692812,46.2923839525285],[0.9329503803579001,46.292573039430074],[0.9330767989110967,46.29268438916386],[0.9333606173328175,46.292632109523026],[0.9336352814168511,46.292642714368704],[0.933771931564398,46.292538221112856],[0.933685483785808,46.29242737221113],[0.9339061688527924,46.29247239422028],[0.9333712528461409,46.29290939724492],[0.9336803703710018,46.29309949405298],[0.9337741918730991,46.29314114607063],[0.9333223134565345,46.29342350365717],[0.9330991180505483,46.29349092405063],[0.9331847904356413,46.293626961442605],[0.9341641665633064,46.293135176474856],[0.9343019609370881,46.29332944560187],[0.9340113350471926,46.2938729574328],[0.9343283454438651,46.29403885452657],[0.934797620623548,46.29400866574364],[0.935273136252412,46.29448246752371],[0.9358377040187656,46.294628919654585],[0.9359849929919352,46.29479721519117],[0.9358023676632208,46.2951800918019],[0.9357404075756752,46.2952873050843],[0.9356997863496888,46.29552436477529],[0.9355162549461283,46.29572005891393],[0.934954486359376,46.295767101189575],[0.9348421065744454,46.2956244403822],[0.9346809073826071,46.29564314238062],[0.9344879630404334,46.29575053337706],[0.9344863882128867,46.29581170675235],[0.9347762929260582,46.29592687135309],[0.9349756683655015,46.29610930552496],[0.9351806862211951,46.29610284376824],[0.9351429976562695,46.29641732203698],[0.9356972635084138,46.29644487169732],[0.9357240141021549,46.29655588263651],[0.93679014848638,46.29650786936821],[0.936971575768026,46.29685385143185],[0.9375385300884048,46.29695353764405],[0.9376960818869443,46.29707696032563],[0.9378073508299505,46.29725830191099],[0.9382049589784206,46.297699636019466],[0.9382913007454456,46.297769989032304],[0.9383313547695078,46.29794414977844],[0.9382106526642177,46.298650838981715],[0.9379453571251116,46.2992954542579],[0.93783725140725,46.299526283462065],[0.9377847593250295,46.300463270678144],[0.9377707553299477,46.3007204534455],[0.9377560709195345,46.30099382355157],[0.9374029389140793,46.30107945419878],[0.9374900061918553,46.30179410614289],[0.9377787225056591,46.30232587498696],[0.9375557795185625,46.30253908542403],[0.9375041264923522,46.302811102396085],[0.9374390594905545,46.30308475278147],[0.9369939721620596,46.303383405168034],[0.9366396963628212,46.304098907424574],[0.9363152473075521,46.304800376207616],[0.9359030495117434,46.30549536202274],[0.9354702860507396,46.30583375401543],[0.9348581191374158,46.30581718796208],[0.9347876391654839,46.305715535998104],[0.9343827454259886,46.304970849947125],[0.9343690419064149,46.30435338784418],[0.9338729712445459,46.30431665317461],[0.9337307861753452,46.30361661403598],[0.9325383866382713,46.30340928486446],[0.9308673504274937,46.30308442400929],[0.9302734279826886,46.302925878995325],[0.9295646680671398,46.30267412826437],[0.9295334970472927,46.30273492850394],[0.9293415482804437,46.30278203903526],[0.9290508331634489,46.30275773195969],[0.9285865778326782,46.30265117858041],[0.9283375128144271,46.30266788405256],[0.9279089698876952,46.302856923168996],[0.9276276780025655,46.30303520015208],[0.9276643630096578,46.30327861108638],[0.9279345409231257,46.30359511484908],[0.9285663984506505,46.30399890327697],[0.9288780004358285,46.30380840465659],[0.9294143975044707,46.30393744548006],[0.9294691763517815,46.30405870582562],[0.9306618631509601,46.30482307915959],[0.930754484682436,46.305208460474596],[0.9316561514688915,46.30514585096129],[0.9331175909626122,46.305933328700895],[0.9326663250190597,46.3065351329651],[0.9336282208670725,46.306776504944075],[0.9337609597522204,46.30699680664083],[0.9331683378913996,46.30730442127916],[0.9326514712320757,46.30756977205502],[0.9321310521812556,46.307907066483025],[0.931555711636324,46.308123096950425],[0.9312355234420747,46.30836388831295],[0.9307944870248843,46.30862837140514],[0.9303322574549494,46.30900957237913],[0.930021550567472,46.30935035578349],[0.929692267782286,46.31017413335333],[0.9296142595211662,46.31088133955425],[0.929233731617946,46.310928810849525],[0.9290071404220548,46.31123014581886],[0.9298606747051612,46.312119891658554],[0.930027908687824,46.312432409749924],[0.930686460631708,46.31246577690936],[0.9306191167797602,46.31287617187986],[0.9305181847383499,46.313043188464476],[0.9296379975359537,46.31423446396244],[0.9301903493693923,46.314675043766925],[0.9304719420988722,46.31489449958219],[0.9306477332857283,46.31498666387],[0.9310389268448919,46.31511569396135],[0.9310321409083121,46.31520739381029],[0.9293505114010453,46.316032390076565],[0.9295646136400504,46.31621501618213],[0.9302573823302416,46.31599144775982],[0.9304679820183321,46.316541168411916],[0.9309012377036547,46.316470055843595],[0.930951068243093,46.31661734964922],[0.9307016922198462,46.316653850454536],[0.930754494182205,46.31679667909096],[0.931022619212415,46.316783809262],[0.9311814249408672,46.316794774773875],[0.9311738503312733,46.31686666469802],[0.931120292342466,46.316868702596715],[0.9311228740384531,46.3169902127807],[0.9312056723934298,46.31736467436816],[0.9310626959895486,46.317369202470836],[0.9315162209845596,46.318133394184095],[0.9305384141041008,46.318656680732765],[0.930236338876557,46.319008374737216],[0.9294067865372733,46.31949299459393],[0.9291733177062081,46.319481099470515],[0.9288322545601309,46.319677529555335],[0.928599828475385,46.32014256451227],[0.9275682999234349,46.32051128627772],[0.9272981387932432,46.32025597063872],[0.9270730799562834,46.32043584337474],[0.9272312993190629,46.32059528234152],[0.9263466762421352,46.320852435496924],[0.9260022559535639,46.32105241477259],[0.9254118397258347,46.321267332639565],[0.9247879381596591,46.32029942634834],[0.9245819616953976,46.32038414974521],[0.9245692235922883,46.32087530531026],[0.9233676197021757,46.32171519076334],[0.922985819692157,46.32156825087282],[0.9223867442119035,46.3220062063341],[0.922596768191749,46.32217079949133],[0.9233549474716383,46.322778649040416],[0.9233067282265874,46.32292022836588],[0.9232012298369002,46.32358659736636],[0.9230128489819266,46.323573452481405],[0.9229068437454049,46.32370440482064],[0.9229169508305775,46.32387550204263],[0.9231633222819894,46.32397126010556],[0.9234003257883864,46.32440794046556],[0.9227433958037454,46.32494686033749],[0.9230320242945682,46.32507103395698],[0.9228387732183652,46.325170308039915],[0.9227132338350521,46.32553318124236],[0.9222125929944355,46.325679914676016],[0.9217019343931628,46.325682540435444],[0.9214916745022484,46.325306480643064],[0.9214902883358673,46.32478005042529],[0.9211280558959969,46.3246945419838],[0.920789515239254,46.32477130325108],[0.9203628035932054,46.32488745724931],[0.9198423890933659,46.325265188734754],[0.9194338853192312,46.32524028450825],[0.919059210683299,46.32505383273322],[0.9186467590467043,46.32460235331049],[0.918431815551081,46.324407093953056],[0.9184488325165875,46.324317322657],[0.9171362275050446,46.32364400957321],[0.918030363177952,46.323025309514584],[0.9172390618542274,46.32254928321807],[0.9161854393494836,46.32203217139485],[0.915276045393838,46.32159334901016],[0.915040138575901,46.32150040781495],[0.9147726803068477,46.3215465413056],[0.9145734631841692,46.32171501503886],[0.9142926783816592,46.322271199334345],[0.914110154885781,46.32242188737851],[0.9141704830240475,46.32250902948895],[0.9145759094570265,46.322650890874726],[0.91574929119311,46.32422234017034],[0.9167277699795731,46.323667692751414],[0.917286485982211,46.32404812460114],[0.9175291874504481,46.32426442332347],[0.9173963455176571,46.324332951318844],[0.9173913043934807,46.32452635607529],[0.9181082458462122,46.32505093735797],[0.9184038819706261,46.32547936505513],[0.9182902445063562,46.32590267333965],[0.9177400435378165,46.32628092611508],[0.9171788449653756,46.326507860455614],[0.9164358198916459,46.32698268067778],[0.915259713390778,46.32614908133329],[0.914862730766909,46.32624488598652],[0.9151428784075551,46.32669382466311],[0.9139768984642946,46.32660721200456],[0.9140033306333903,46.326853201630705],[0.9142579115112299,46.32730092506018],[0.9148241553321337,46.32772195333589],[0.9151407736876699,46.32790859355665],[0.915196164849815,46.32801097148023],[0.9151786236973817,46.32812053025635],[0.9148775684699111,46.32847219827495],[0.9145652041605554,46.3286995437802],[0.9136939255219959,46.32906475317091],[0.9129423572814319,46.32928747858666],[0.9122699682505402,46.32927903504322],[0.9119620623929426,46.32933545807967],[0.911513217282225,46.32863243277188],[0.9112169647367526,46.328799681275356],[0.9111738942426577,46.32873795176601],[0.9105966482230933,46.32901504417608],[0.9106639415238404,46.329238155372366],[0.9104164115377167,46.32976145667795],[0.9101645102838746,46.32989146564694],[0.9099619740546206,46.32984752398301],[0.9096091298301805,46.32991326936802],[0.9095616220637918,46.33006564891178],[0.9096731882788277,46.3302992121442],[0.9093770685365907,46.33041606668035],[0.9090128221973485,46.33039168720379],[0.9086841413165233,46.33067999930322],[0.9084500863250524,46.33068875098264],[0.9083198906811242,46.330606123772604],[0.9078253128142294,46.330612490128196],[0.9074819477335668,46.33082682953774],[0.9076981992893896,46.33092223537534],[0.9077119114676254,46.33097370142283],[0.9073857911498279,46.33114956113951],[0.9070127419042563,46.33141031674363],[0.9063945062121769,46.33161398462274],[0.9058912917874848,46.33160313577633],[0.905935020421291,46.3318718472781],[0.9055792267574034,46.332049126800165],[0.9050404996848155,46.331990137452024],[0.9049066681951055,46.332090132049686],[0.9049763066515367,46.332223285887814],[0.9048554336458642,46.33234414040332],[0.9040754483600175,46.332577252546606],[0.9033276698534444,46.33265778900582],[0.9030180126172094,46.33277445048556],[0.9026665480728805,46.33285099440243],[0.9022565454322596,46.33286650594723],[0.9019972443069967,46.33287672557653],[0.9015635028573554,46.3328514431561],[0.9014661164751845,46.33292849610364],[0.9013380526405905,46.33276490108672],[0.9013146841974091,46.332527944093506],[0.901059323611487,46.33243292729053],[0.9011368616507802,46.33209376394711],[0.901126959244266,46.33190287265053],[0.9012789305472799,46.33168163411291],[0.9013732754714029,46.33142906949417],[0.901281756544834,46.331003179671825],[0.9013374024963047,46.33058725307032],[0.9017077752350836,46.32974877895854],[0.9024602039816793,46.32953963093717],[0.9024195932963222,46.329449132369646],[0.9022811228378796,46.32917292542725],[0.9019935867182848,46.32894882856802],[0.901971401478525,46.3287262817258],[0.9020493911234176,46.32852210139915],[0.9020271830128875,46.328241069444694],[0.9019486119841613,46.32789542924194],[0.9016741016429741,46.32780827152299],[0.9017065980124244,46.327698898718666],[0.9017538504102286,46.3275573214171],[0.9017435743665679,46.32737542211057],[0.9017785132356072,46.32717339934699],[0.9020597305810881,46.32700598465061],[0.9028905491917785,46.32655127108695],[0.9023834896573404,46.3258447693106],[0.9020455490832023,46.325345577998675],[0.9016931174767939,46.32488399153769],[0.9015108885276085,46.324578438598834],[0.9013390421400329,46.324425987551344],[0.9010776147922386,46.324350688275274],[0.9008570602426733,46.32441988592619],[0.9007514657214873,46.324528327163016],[0.9007311637094833,46.324790826416454],[0.9007217680448628,46.3251470538859],[0.9006566918147283,46.32536848903136],[0.9004852687563556,46.32577125590797],[0.9001829528763028,46.32617235743168],[0.9007061013045726,46.32624827192112],[0.9006747248812235,46.326821978523846],[0.9005826320376065,46.327097970429904],[0.9002499633064736,46.327462693057676],[0.9000295061419069,46.32775415582173],[0.8998912922786099,46.32825631818328],[0.899801367380611,46.32868081329131],[0.8996980827130935,46.32886847125175],[0.8997661224789378,46.32933725716459],[0.8994385942941717,46.32928991474933],[0.8993712688670666,46.329473532223716],[0.8994859801086688,46.32986192276732],[0.8994385284634688,46.329966604584],[0.8990474320392224,46.33000484094414],[0.898559218734156,46.33001664585776],[0.8986243588321989,46.33042240298625],[0.8987341326551922,46.33070724834699],[0.8991015301026636,46.33116813023365],[0.8993541979888147,46.33157626989258],[0.8987976391404336,46.33157821283986],[0.8967096511723941,46.332645941478745],[0.8963258388181803,46.332741854860295],[0.895902083483233,46.33278596097715],[0.8956201306359935,46.33293535707543],[0.8953087388944626,46.33310237240712],[0.8949136605671173,46.333137841646916],[0.8947118008468734,46.33300479979698],[0.8943162042277449,46.33304026008885],[0.8943113906063108,46.33322196805799],[0.8942065895177135,46.33336281621085],[0.894142851163817,46.333513178714554],[0.8934422448653536,46.334062174918735],[0.8929810375197119,46.33383314257869],[0.8928616706380924,46.333910811659884],[0.8930173351628024,46.33410535921781],[0.8929006910754056,46.33412457133311],[0.8927771396636812,46.3343452637182],[0.892597132571466,46.33450494185138],[0.8926395240634767,46.33458646910024],[0.8923406338456745,46.33480583213246],[0.8917660792426267,46.33498028324142],[0.8915994201883474,46.33469560355347],[0.8912699347967126,46.33442775097859],[0.890882059629901,46.334191544446924],[0.8906666147352494,46.33406641682789],[0.8905534183494072,46.33389220185509],[0.8902526825769566,46.33367690355168],[0.8901377269222156,46.333573752445375],[0.8900122000118122,46.33337957943259],[0.8898823428246365,46.33278132213959],[0.8898379110874161,46.332204850241226],[0.8899366379737614,46.331789472183885],[0.890081158408217,46.33134678937925],[0.8900700044157501,46.33120447191946],[0.8899982131443273,46.33115406212603],[0.8898210617520731,46.33122108991727],[0.8895104282444872,46.331359307965236],[0.8891148071678642,46.33141544713716],[0.8888684326697452,46.33134031166302],[0.8878700394408917,46.33093342709556],[0.887055962272414,46.330435305427486],[0.8867771891902578,46.330552323786286],[0.886787377251773,46.330672132795016],[0.8872713892658586,46.330945578186835],[0.888162699332808,46.331514875981256],[0.8881682718957956,46.331808294839846],[0.8883126124848398,46.3319199231629],[0.8883609679949458,46.332284982130865],[0.8883241771398787,46.33310607651749],[0.8885256365076458,46.333756543761716],[0.8882002279610088,46.33390266489884],[0.8881969970027197,46.33402410767513],[0.8882491853651596,46.33407426252022],[0.8885778799740834,46.334082961130704],[0.8886916781044737,46.33412220812496],[0.8891494006933492,46.33448168967552],[0.8893968669877786,46.33451634750499],[0.889496916468087,46.334618405386074],[0.8894651554327809,46.334698987704726],[0.8904051300671225,46.33561083260483],[0.890902265693411,46.33561717056473],[0.8913131861221985,46.33599854250258],[0.8915645157169159,46.335902762849706],[0.891809489572994,46.33614434422199],[0.8912934318308658,46.336405028020025],[0.8910062617972523,46.33651474578162],[0.8906269925220713,46.33662419783768],[0.8906433149109582,46.336684690878705],[0.8906163226718247,46.33669335058606],[0.8904771316209463,46.33676356028891],[0.8908847540998085,46.33711789924525],[0.89132943153584,46.33756899528235],[0.8915567498260417,46.33792283409483],[0.8916289690839975,46.338187413015525],[0.8917427950308086,46.33837783088531],[0.8919292008638815,46.33853048043786],[0.8922205415185694,46.33876815656669],[0.8927039809995505,46.3391207521047],[0.8932570863742638,46.339530929897386],[0.8938248303585685,46.34001687424389],[0.8940037283324676,46.34028190646252],[0.8941306476494486,46.340547174307076],[0.8942247680632176,46.340824626379785],[0.8943144439117267,46.34131888958796],[0.8944603865821852,46.341817461002535],[0.8947011217031577,46.342617788605594],[0.89553708957347,46.34471787398988],[0.8956560665887159,46.34511711888693],[0.895689954016092,46.34552518261501],[0.8956393940339773,46.345746806576024],[0.8950976426654912,46.346930427977114],[0.8949603281358232,46.34739030673831],[0.8948761237694617,46.34758180195052],[0.894874486580874,46.34848703326695],[0.8949233612487728,46.34895737884579],[0.894912874460528,46.349353179645185],[0.8948536436239555,46.34944061193964],[0.8946024360768624,46.34971097867418],[0.8942180929030659,46.35011642291554],[0.8940754885635485,46.35033417334383],[0.8947904551127731,46.350309968403415],[0.8951828310796129,46.35191669229684],[0.8946701220600254,46.3522764168004],[0.8945813266000056,46.352532646074515],[0.8946967264557917,46.35317030756475],[0.8943415009586037,46.352981321330894],[0.8939833561123015,46.352843589899265],[0.893796166033246,46.352659440682274],[0.8930064587688972,46.35436811507644],[0.8929180699090903,46.35495639356319],[0.892988096171553,46.35556468218862],[0.892900014680861,46.35580832323921],[0.8930292794534817,46.355986338149],[0.8932949887112624,46.3563514575827],[0.893739605156249,46.35681153764948],[0.8942615936687727,46.35768203277816],[0.8952022001091698,46.35782266775457],[0.8956691908634697,46.35811655456126],[0.8962675261876472,46.35846608946961],[0.8963015917826174,46.358637493956294],[0.8966191437466707,46.35885209111056],[0.8972654611380783,46.35884769509746],[0.8976499974285201,46.35894255683312],[0.8979250640025104,46.35963353218247],[0.8979453525338252,46.359937939193664],[0.8989820622027705,46.35997987589602],[0.8989929682704112,46.36013298551472],[0.8988432725135316,46.36028406632556],[0.8990213506364066,46.36075064150652],[0.899510327287661,46.361060088688525],[0.9003016416149111,46.36098012335719],[0.900215109881624,46.36150544252146],[0.9005334900406027,46.36163095014386],[0.9008262795216289,46.36158336259181],[0.9013404287687804,46.36151067932167],[0.9019248657445207,46.36149827594834],[0.9018075399258383,46.36096948135455],[0.9022645118471911,46.360802488009476],[0.9027736281118225,46.360930400110284],[0.9029889341627559,46.36049849652139],[0.903623178816001,46.360272543312384],[0.9044205605239825,46.36070194299547],[0.9044679602837483,46.360308407782],[0.904493058040523,46.36003156663503],[0.9048352061590227,46.359762332485076],[0.9052465535091041,46.35917992061583],[0.905399886804244,46.35890919948941],[0.905758877710364,46.35912609188725],[0.9064444371349503,46.359730437824325],[0.906696414044433,46.35960313230463],[0.9074756617093342,46.35947167220411],[0.9078298090111833,46.35931416405032],[0.9085017725688868,46.359353214335094],[0.9092372710830524,46.3591896979462],[0.9101575847260277,46.35861457311287],[0.9108496525981467,46.35846129777333],[0.9114883173481253,46.35806439148933],[0.9109720616132198,46.35771326131316],[0.9108590086677907,46.35752917481151],[0.9107472257487227,46.357365796157914],[0.9106927464263878,46.35716354377904],[0.9094370778970978,46.35712705919689],[0.9093712843574085,46.35742048056118],[0.9085650879573114,46.35750032656862],[0.9080027762815778,46.35720169477602],[0.9077789776017534,46.35734015469628],[0.9071105985847537,46.35721025101938],[0.9062987606943838,46.35694626111789],[0.9062919166112778,46.356633028679674],[0.9057375462093586,46.35660624504383],[0.9057590331304498,46.35634285720777],[0.9051461797100938,46.356326129232706],[0.9031249553014636,46.35760539254565],[0.9031872296012429,46.358566321154676],[0.9029190680849377,46.359312510160066],[0.902187010451169,46.359334751209275],[0.9018527907240744,46.359825440469315],[0.9015314527418478,46.35981237937505],[0.9013530478656393,46.35990910487158],[0.9012072670843383,46.35990726028235],[0.901123560099116,46.359755029577684],[0.9008149190968033,46.35981231201728],[0.900693321947098,46.359972747361624],[0.9002984505642394,46.359978546221384],[0.900546800723548,46.35943278517714],[0.900541550463874,46.35855356356602],[0.9004126116974374,46.35785454397017],[0.9002950465396755,46.35733564420933],[0.9002540397044863,46.3567079293183],[0.9000386194886153,46.356006918148466],[0.8998392171576478,46.355604854914134],[0.8996159100306531,46.35515840414993],[0.8994226747696198,46.35440007852317],[0.899507213898287,46.35407270432552],[0.8995931363432541,46.35348168861126],[0.8996606138784073,46.35295882984581],[0.8997005773901969,46.352626389794615],[0.8998569155072755,46.35121380742414],[0.8999512970572783,46.35102063167696],[0.9004156060155565,46.35075475667955],[0.9014804824455181,46.35078173150141],[0.902317581215579,46.35083731039042],[0.9038945897386295,46.35098771342954],[0.9042171220911733,46.350504068965186],[0.904413723672608,46.35027259201741],[0.9047397308287065,46.350105735720575],[0.9051978010391812,46.34988835429856],[0.9055294344870192,46.349507402055615],[0.9056130932536343,46.34910352107419],[0.9049827735832336,46.3491855527803],[0.9042523089954412,46.349167334496485],[0.9033640944509556,46.34903553518282],[0.903252768766345,46.34885146289955],[0.9030076006157429,46.34870708725648],[0.902567169152329,46.348255195640185],[0.9021445046061954,46.348189561753045],[0.9019658031091495,46.34779136229161],[0.9018184996275713,46.3477894988708],[0.9017360482627272,46.34764898341228],[0.9013857688723321,46.34761305913455],[0.9013578976903219,46.34753171923126],[0.9015376047390916,46.34738371750914],[0.9013972760427104,46.34717677427106],[0.9016779688392517,46.34701835002254],[0.9014932119534588,46.34686484086343],[0.9014279697182404,46.34656976039584],[0.9012236537887596,46.34597057517632],[0.9014383184158348,46.345620550717356],[0.9014259039447134,46.3455196122399],[0.9013141828582386,46.34535622426432],[0.9011672940055722,46.34533366829708],[0.9008260075750587,46.34445019347809],[0.9009435011694911,46.34439948979091],[0.8999941204444306,46.3427389422642],[0.8996433436903924,46.34272280039305],[0.898885399860074,46.341549689767625],[0.8987373312350598,46.34107089120271],[0.8984684616793938,46.33964211723397],[0.8983826448122078,46.338435226658525],[0.8982119458490324,46.338301683414976],[0.8982928451270039,46.33800845378096],[0.8987580869126097,46.33753113563991],[0.8993867893564719,46.33693980144109],[0.9003724542953425,46.336142418952896],[0.9016737589108557,46.33499628208832],[0.9021675415265011,46.334548103421945],[0.9030943605977968,46.33428536702786],[0.9039761542161565,46.334143537707256],[0.9044460895893127,46.33461559719853],[0.9050159950434011,46.334507609935834],[0.9053733962180436,46.334333951081554],[0.9056533367334114,46.33426549314511],[0.9059057653655195,46.334067109189796],[0.9065352269241328,46.334075048418235],[0.9071446022691695,46.33421501221743],[0.9074839352554643,46.33466471510953],[0.9079811830649179,46.33517669818381],[0.908788197784123,46.33561248771571],[0.9098000326545166,46.33607064875601],[0.9110233641627301,46.33676271536557],[0.9116484061408906,46.33688125139393],[0.9109811001117757,46.33558878168509],[0.9102794811654352,46.33447674711777],[0.9123756641000171,46.33366442739109],[0.9127872422436796,46.3335094260124],[0.9138743495170445,46.33303085119139],[0.9143421745233419,46.33279106144903],[0.9150355215227673,46.332406518520706],[0.9156998174431035,46.33214938599832],[0.9161378003858011,46.33202709489034],[0.916361127505175,46.33196150694527],[0.9166126079502284,46.332016845702036],[0.9178242028915488,46.33207250088411],[0.91829787029293,46.331886757290654],[0.9190929856212134,46.33136399074435],[0.9202672866658677,46.33141465779408],[0.9206357458071185,46.331432758052976],[0.9211262893075792,46.331351593735796],[0.9217473096622494,46.33132334884506],[0.9222024463994192,46.331114862469796],[0.9225896895664869,46.33080474712751],[0.9232784889428344,46.33019693683939],[0.923634237347768,46.32995841497269],[0.9243150376791136,46.329642947221714],[0.9247498223329504,46.329231732974634],[0.9253234432094877,46.32853069390716],[0.9257572139231828,46.32814286174365],[0.9264204210357991,46.327878456811945],[0.927571404118747,46.32744733936149],[0.9279429928528125,46.327237791633614],[0.9282415602907867,46.32697874588449],[0.92826040698254,46.32682780844911],[0.9284736072670535,46.32646421918039],[0.928956892008479,46.32584302713987],[0.9298250565333329,46.32507453462903],[0.9303223254471241,46.32449400032857],[0.9309907873260316,46.324068564130776],[0.9315836183037737,46.32369977429145],[0.9319603260717236,46.32329051550056],[0.9329840775580329,46.32265530473801],[0.9334547722111871,46.32251895067834],[0.9341852771964105,46.321952089357964],[0.933702002742767,46.321478190284665],[0.934605140568388,46.32095485609185],[0.9350133875698168,46.32098870055807],[0.9354213752444004,46.321612833953075],[0.93687534260452,46.32073994458837],[0.9375758826946599,46.32138748221753],[0.9385311972390206,46.31993881980929],[0.9382797925939224,46.31981604186072],[0.9378508317960866,46.319486803366296],[0.9375530280088461,46.31914838571694],[0.937183633683305,46.31871010141809],[0.9369707333905657,46.31848431334861],[0.9366678762466071,46.31832760350481],[0.9364052017037183,46.31831535637719],[0.9358631516952088,46.31838964724014],[0.9350996153373733,46.31850169460167],[0.9350144917507702,46.3184079560328],[0.9348219346199238,46.318255301159084],[0.9343228634217713,46.31799717191223],[0.9342259201382797,46.31725810037342],[0.9340876109577556,46.31695044205052],[0.9339341133186994,46.316909851971076],[0.9338467245649603,46.31649124048679],[0.9339212176223982,46.31602424164933],[0.9341204444530762,46.315675767556456],[0.9338855117069493,46.315217542219976],[0.9339741744535748,46.31511785264457],[0.9342891816348872,46.31484729569129],[0.9345912198167741,46.314792540865106],[0.9348848815933454,46.31477098035014],[0.9351074362923077,46.31479712385517],[0.9355600201139519,46.31507447548427],[0.9374762571317172,46.316404714102916],[0.9378772790311737,46.31614690843795],[0.9383197094229525,46.316001188995926],[0.9382992138316848,46.31623310054919],[0.9386028851499543,46.31633762614011],[0.9394054183094501,46.31579231766969],[0.9400380735438517,46.31566783315083],[0.9395481657156591,46.31538644690428],[0.9395572140584991,46.315033820019934],[0.9400296109526567,46.314828173950666],[0.940587987417689,46.31470277681559],[0.9412225257617094,46.31443793531164],[0.9404791879567541,46.313830389175905],[0.9409085854891884,46.31356391908117],[0.940243418681593,46.312754869652984],[0.9398799125542527,46.31272069799049],[0.9391789360867464,46.31268055986053],[0.9387837369434874,46.31270718696399],[0.9383426638758112,46.312852021631045],[0.9383068219739756,46.31309453426185],[0.9378885476977891,46.31286711599131],[0.9371381832456464,46.313121505927974],[0.9365964663595453,46.312599209002165],[0.9363299564395478,46.312737188892775],[0.9355884007558449,46.313153657273396],[0.9351593688020546,46.31335981514936],[0.9345258021598266,46.31358594416212],[0.9341288183885105,46.313681814668506],[0.9339952134916278,46.313781845054784],[0.9337703703733264,46.313970730287735],[0.9334994708649815,46.31374421731172],[0.9331093178486116,46.313010512149795],[0.9326020830793617,46.3123158456429],[0.9324316599319434,46.31211127032716],[0.9318318513000469,46.311547733992526],[0.9315312254121008,46.31132174998773],[0.9313763735264742,46.31109756637664],[0.9313395853663919,46.31084245600223],[0.9316468164783148,46.310238865581375],[0.9321480596022816,46.30949820656252],[0.9326881952354289,46.30897578946829],[0.9329407913273823,46.30874765591011],[0.933430575418934,46.308450468748944],[0.9344045270423387,46.308068389207406],[0.934801621786581,46.308012113421576],[0.9350953654248428,46.30791495905275],[0.9355846225950344,46.30763755709405],[0.9363430040502688,46.307129519401045],[0.9375918618461339,46.306234297879115],[0.9385603452854688,46.305475979017025],[0.9396828234078468,46.30439740867275],[0.9399591319516498,46.30447279667167],[0.9400589897696842,46.30458381143929],[0.9402669138453182,46.305002097225795],[0.9406939296012831,46.30545368377263],[0.9412761546347378,46.306076344058766],[0.9417898747241612,46.305992682958504],[0.9421836787006904,46.306018224926525],[0.9426873148866817,46.30626737983127],[0.9426196980099771,46.3060532817687],[0.9428307510883822,46.30583271720685],[0.9435723578358806,46.305408108855104],[0.9435313414154819,46.305265431592034],[0.9434939244725187,46.3050328079552],[0.9436627755331112,46.30471094219929],[0.9437096479503172,46.304558542260416],[0.9436867739427168,46.30429550784316],[0.9436054902238552,46.30411274137037],[0.9435393701886161,46.30377898509689],[0.9435106503950202,46.30263313097004],[0.9436445087064178,46.30199858793986],[0.9437054168084432,46.30188595321241],[0.943838064769781,46.30180660291509],[0.9441222434627076,46.30157883398841],[0.9444146826308797,46.301550927207806],[0.9445623784199693,46.301471761186676],[0.9446977400124974,46.301351940010306],[0.9447453653690796,46.30116986086948],[0.9446364346861602,46.300905769192],[0.9446732069963072,46.30056428045926],[0.9452162216370553,46.29992126094853]]]}},{"type":"Feature","properties":{"code":"FR5400463","name":"Vallée de la Crochatière","designation":"SIC","legalReference":"http://www.legifrance.gouv.fr/jo_pdf.do?cidTexte=JORFTEXT000000466849","sourceUpdatedAt":"2017-05-31"},"geometry":{"type":"Polygon","coordinates":[[[0.6831415941315919,46.29374363455056],[0.6824358871541508,46.29342737121943],[0.6820792347007181,46.29312519664201],[0.6819114199781309,46.292837478053684],[0.6818616637275888,46.29250108440403],[0.6820011123620925,46.29202167796543],[0.6820001055228619,46.292003661813936],[0.6820007071749842,46.29198387487445],[0.6819390011081772,46.29179714533851],[0.6819225936218772,46.29177755628024],[0.681903065131739,46.291757924406916],[0.681875585016723,46.29174807079476],[0.6818447724743693,46.29173457561062],[0.6814943869206783,46.29169031139414],[0.6814447456681622,46.29165358863331],[0.6815686882199388,46.29134043580641],[0.6815653678045032,46.29131519355746],[0.6815641528828731,46.291295375036384],[0.6814395436124373,46.29106407884702],[0.6813977705650351,46.29102477492331],[0.6808034097676278,46.29068132820864],[0.6807535473744194,46.290399833039714],[0.6807418158771019,46.29037581038139],[0.6804281838571696,46.28995772706109],[0.6804115141134367,46.289946680721194],[0.6803989495516668,46.289932997391304],[0.6799760403323296,46.28967214599894],[0.6797486204707309,46.28929625957781],[0.6796998172494659,46.28871781161729],[0.6796940960543494,46.288698830023776],[0.6795648445854,46.28846296495017],[0.6793708174133336,46.288227056120256],[0.6793568539058519,46.28821245499526],[0.6788488043910429,46.287845058921306],[0.6788283864807907,46.287835762877314],[0.6785101760950119,46.2876947720413],[0.6784812130741943,46.28768670076112],[0.678451461171639,46.28767906111963],[0.6774420843567228,46.287576999323875],[0.6766840390741732,46.287277926879504],[0.6765794978457464,46.286776953551694],[0.6765650066001261,46.28675424070205],[0.6765507871753832,46.28673513415909],[0.6762909229939709,46.286547748161304],[0.6762680944705735,46.28653841595638],[0.6762461098063192,46.28652729653296],[0.6752473691216776,46.28625168706791],[0.6743853667541948,46.28549392121181],[0.674361131364452,46.28548007175336],[0.6743314356028994,46.28546613688524],[0.6740170022089783,46.28534903622526],[0.673967691778426,46.285118833862725],[0.6739470349489458,46.285089734564075],[0.6739345564576587,46.28507335592102],[0.6735753886080413,46.284814311099595],[0.6733989885590863,46.28442116532983],[0.6732038087184988,46.28413932680713],[0.6731912074718498,46.284124745496875],[0.6727584709760672,46.28376743040221],[0.6726364973634503,46.2835901589641],[0.6726176014716112,46.28356917977647],[0.6722354616706089,46.28329359830845],[0.6721766003899603,46.2832702362535],[0.6714604071748439,46.2831337264565],[0.671379569403523,46.283018251178206],[0.6715125755199128,46.28256485814629],[0.6719090936099336,46.2820424400147],[0.6719147018303082,46.28202902274912],[0.6719241436373,46.2820129650512],[0.6720012271327559,46.28157584271406],[0.672122877621255,46.28137515275302],[0.6724500070751636,46.28106949275013],[0.6724635827400168,46.28105618969585],[0.6726001880640182,46.28083322113704],[0.6726057246291302,46.28081350711073],[0.6726103990850945,46.28079197552638],[0.672625289638078,46.28030444812665],[0.672620524149035,46.2802863828945],[0.6726159328019259,46.28026651408046],[0.6723688440602319,46.279857930533645],[0.672354986630023,46.27984422788924],[0.6718627086336414,46.27935104909442],[0.6716900774777881,46.2790542401271],[0.6716933717053774,46.27678473554727],[0.671688634846855,46.27676576727121],[0.6716839990235929,46.276743202090415],[0.6705714338065186,46.27497203206002],[0.6705490332762978,46.274949206008074],[0.6697350510833613,46.27431359823397],[0.6684193155249903,46.27295157533361],[0.6664830653914214,46.27054010108158],[0.6664642719311155,46.270524528030926],[0.6652479378537333,46.269690374268],[0.6643507744556686,46.26913359170798],[0.6633860677685175,46.26866399434872],[0.6633580157025036,46.26865638178487],[0.6633334610105188,46.26864882028889],[0.6625733635063182,46.26855029706144],[0.6622968539848587,46.26846972005493],[0.6619358650210904,46.268121067678344],[0.6619202224385955,46.26810868818394],[0.6612776556090565,46.26773697512519],[0.6612584916285718,46.267727242916976],[0.6600552263774456,46.267309882833864],[0.659565245531118,46.266998462190806],[0.6585576383114649,46.26617812432951],[0.6585334930881263,46.266165615375314],[0.6568582924529143,46.26541411217927],[0.6560260368924637,46.26513269256928],[0.6551432733249807,46.26476413309011],[0.6538881105523067,46.26385458225215],[0.6538568522149562,46.26384152204426],[0.6523254710686892,46.263327407410316],[0.6497345108407595,46.2617680056399],[0.6493907139558039,46.26151991269042],[0.6498161700643508,46.26137866150624],[0.6501480477492954,46.26123422178117],[0.6501945549701462,46.26119891628239],[0.6505274727673699,46.26076291900181],[0.651076793103807,46.260175805910585],[0.6510911144970538,46.260157565942805],[0.6510934313554415,46.26014140427663],[0.651090554961438,46.260125165155415],[0.6510910278768206,46.26010987261527],[0.6508918933241187,46.25958496259858],[0.6507926886607422,46.259361207139094],[0.6507561471774724,46.25932196916223],[0.6506959677629105,46.2593003751799],[0.6506281902521737,46.25930206244275],[0.6505718557262298,46.25932822400315],[0.6505394768193199,46.25936823469255],[0.6505417177065336,46.25941326356843],[0.6506425830593913,46.2596379472171],[0.650824817337109,46.260117610944135],[0.6502978992561651,46.26067670864609],[0.6499800561177189,46.261094935043026],[0.6496878086865719,46.26122286610461],[0.6492015289169523,46.26138210323117],[0.6486028246791925,46.26094842977928],[0.6484351350704977,46.260745245814455],[0.6483803074029197,46.26048795725853],[0.6483747663477432,46.26046987925494],[0.648025581102095,46.25989773180379],[0.6480101811630671,46.25988400217031],[0.6480004832538439,46.25987035794332],[0.6462339962410936,46.25854633806949],[0.6461884240076563,46.258095700115355],[0.646334787280878,46.25752194394036],[0.6463323828387609,46.25750751167744],[0.6463356236683712,46.25749496279339],[0.6459021754648088,46.2550650337773],[0.646105070635374,46.25496457205483],[0.6461196695140169,46.254953993209064],[0.6461431377866452,46.25493364220357],[0.6461543428594696,46.25490681606347],[0.6461569124368245,46.25488885252742],[0.6461479970113578,46.254862625495505],[0.645644345125105,46.25407578260322],[0.6450836014930952,46.25348426637801],[0.6448441653772256,46.253090129191285],[0.6447349400827559,46.25275553479953],[0.6447980260819892,46.25252429636259],[0.6453837192095867,46.251964302564],[0.6453941967980433,46.2519527592838],[0.6455958961330581,46.25168579943055],[0.6456032167956419,46.25165890918954],[0.6456090941842518,46.25164100148783],[0.645627361538371,46.250966342967914],[0.6456252603052295,46.250948312524386],[0.6454380123904245,46.25048206144958],[0.6449335854686966,46.24979059671449],[0.6437449132974741,46.24842296986039],[0.6433268982166279,46.247761585826716],[0.6432716261544088,46.24754478092349],[0.6432428626095198,46.24750205184868],[0.6431882063168138,46.247474234749326],[0.6431194487947913,46.24747051057824],[0.6430579994186626,46.24749028948819],[0.6430191400433798,46.247530201649354],[0.6430135933449712,46.24757511368635],[0.6430714359163623,46.24780096097189],[0.6430801668432895,46.247816388336766],[0.643516048885688,46.248508187729534],[0.6447089428442806,46.24988173312557],[0.645196613218454,46.25054864817908],[0.6453672922017398,46.25098045762068],[0.6453473935812819,46.251621793995],[0.6451633216820234,46.25186831870266],[0.644568451064822,46.25243537801919],[0.6445577791416087,46.252453214357764],[0.6445467243370463,46.25247104547263],[0.6444735132270931,46.25273992828371],[0.6444742013517027,46.2527552385715],[0.6444735594965241,46.2527759266093],[0.6445976225550978,46.253148542851285],[0.6448461344589866,46.25356171212866],[0.6448573545002845,46.25357627644223],[0.6454191684348604,46.2541669087679],[0.64586592435607,46.25486201389804],[0.6456793269631701,46.254955517054036],[0.6456426063510543,46.254989163739744],[0.6456335580803509,46.255034024120285],[0.6460717319803587,46.25750362148122],[0.6459285402700597,46.25807112241143],[0.645929150408994,46.258089133697155],[0.6459773381397919,46.25858930218084],[0.6459792527866351,46.25860283064741],[0.6459945223082005,46.25862105416525],[0.6460053695691543,46.25863921503734],[0.6477917623331778,46.25998243593288],[0.6479966652661271,46.26032025332929],[0.6478506407420377,46.26017589215508],[0.6478341773148164,46.26016484675769],[0.6474472495716986,46.25992960168999],[0.6474266953155311,46.259922993176886],[0.6474035845283136,46.25991095446862],[0.646370561968346,46.25967326300118],[0.6428046407875802,46.25822873136313],[0.6419283875335042,46.257907854655336],[0.6408110288282215,46.25700921360806],[0.6389927598802457,46.255236148434555],[0.6387631445752329,46.25494023639701],[0.6387801520283778,46.254394239555324],[0.6391270990393163,46.25355082537659],[0.6391288944824293,46.253532856700225],[0.6391529842082267,46.25275929352882],[0.6391523086157047,46.25274128709841],[0.6389124389510739,46.25206275592901],[0.6389050781303014,46.252049145820855],[0.6381661529458825,46.2509176783227],[0.6379335379087703,46.25030224970887],[0.6379050731610033,46.2490491427925],[0.6379029176959247,46.2490329118876],[0.6377917648222868,46.24873697426828],[0.6378577929331413,46.24853278429882],[0.6378550451428625,46.248487747080894],[0.6378187119187378,46.24844670892787],[0.637758549551802,46.248425108084355],[0.6376896145458878,46.24842677055113],[0.6376332863616061,46.248452924862406],[0.6376019477656458,46.248492948169215],[0.6375301090896723,46.24871685300527],[0.6375321750946553,46.24874207827874],[0.6375327998427753,46.24876368811415],[0.6376465493017742,46.24906776534541],[0.637675531398324,46.25032087417856],[0.6376770379369612,46.25033709611835],[0.6379235292922336,46.25098152899138],[0.6386594756624532,46.25211295614865],[0.638893157896172,46.252773394135474],[0.6388700452711791,46.25351547646143],[0.6385209702309594,46.25436875908222],[0.6385007711291755,46.25495880049234],[0.6385187635494012,46.25500586477536],[0.6387700280917185,46.25532729897597],[0.6406076164686896,46.25712135795518],[0.6415228638938726,46.25785679097695],[0.6402630322857495,46.257734437614566],[0.6402434991256439,46.2577368415362],[0.6402199001621333,46.25773648823345],[0.6387180734835464,46.25793626365352],[0.6371109990028077,46.258132635223006],[0.6352515338730632,46.25817671250989],[0.6345521178389638,46.25781523895115],[0.634530089798455,46.25780590919117],[0.6333797261476483,46.257419648942516],[0.6324594784577812,46.25690185787113],[0.6318388732740752,46.2563777671695],[0.6309214973920911,46.25563682407138],[0.630727398970206,46.25520644401238],[0.6306921740577508,46.255167213121524],[0.630631977139762,46.255146511487965],[0.63056423386167,46.25514729014334],[0.6305079422751954,46.25517163651544],[0.6304754745093178,46.255214343471614],[0.6304776430100263,46.255261170665456],[0.6306777437358976,46.255706947049056],[0.6306917548271891,46.2557233546868],[0.6307042227824134,46.25573973830247],[0.6316391001703229,46.256493544468995],[0.6322623434311261,46.25702037849051],[0.6322813714981981,46.25703416422108],[0.6332272572306038,46.2575658419102],[0.6332472301662426,46.25757424362072],[0.6344070843576757,46.25796424740599],[0.6351312687733262,46.258338691228104],[0.6351489410819641,46.25834615471293],[0.6351723483762848,46.25834830594403],[0.6351940429900071,46.25835583048192],[0.6352134926858914,46.25835612202553],[0.6371481765392851,46.25831138089777],[0.6387681159853842,46.25811249370398],[0.6402496516717886,46.25791421837303],[0.6418066950005531,46.25806621321491],[0.6426764758968839,46.258386994587234],[0.646270574808907,46.25983915500853],[0.6472971450043058,46.26007584819336],[0.6476473582083321,46.26028805167497],[0.6481980319740485,46.26082270477415],[0.648389321227998,46.26105143465376],[0.6484017710483452,46.261064216805174],[0.6490771333717725,46.261553032898746],[0.6495541510703953,46.26189850545246],[0.6521654488747766,46.26346721706594],[0.6521886312580492,46.26347700854061],[0.6537116574400508,46.263988746468655],[0.6549732265039038,46.26490109331404],[0.6549922657365821,46.26491487259051],[0.6558990825542051,46.265290091469],[0.6567351285365812,46.26557067020866],[0.6583656176874504,46.266303963029266],[0.6593754693139244,46.26712298842491],[0.6598984794074658,46.267453346034365],[0.6599194171808791,46.26746445274289],[0.6611275602922171,46.2678836909582],[0.6617395001730046,46.26823830503759],[0.6621077139447297,46.2685947107003],[0.6621291411024088,46.26860672790724],[0.6621610110227032,46.26862519452998],[0.6624838061255753,46.26871995528701],[0.6625047473637196,46.268722515891604],[0.6632543308710632,46.26882132997903],[0.6641941160904598,46.269276160717396],[0.6650727116417741,46.26982277384483],[0.6662595344832642,46.27063579898551],[0.668195824870524,46.2730454789343],[0.6695235286433059,46.27441937790807],[0.6703354079640168,46.27505135330625],[0.6714333217021223,46.27680070881874],[0.67143121425867,46.27907788715705],[0.6714365739957541,46.27910631288372],[0.6716215438257053,46.279423995482944],[0.6716343661972121,46.279437680658376],[0.672131555720599,46.27993543730124],[0.6723641154408458,46.28031860814539],[0.6723500185496131,46.28078005543438],[0.6722283810578019,46.280976244233656],[0.6719052951363093,46.28127476854294],[0.6718936447464435,46.28129079278768],[0.6717522291312863,46.281518191768974],[0.6717466601828801,46.2815370087339],[0.6716668624809976,46.28197588437901],[0.6712706698633173,46.282500106498546],[0.6712597182653199,46.282518843979815],[0.6711141347700103,46.28301615357774],[0.6711180529341653,46.28303870498264],[0.6711230745912911,46.28306127895854],[0.6712549513067009,46.2832521956568],[0.6712744576898908,46.283272279495236],[0.6712935591130437,46.2832842607457],[0.6713128812011773,46.28328904046048],[0.6713332905617673,46.28329654501413],[0.67207129760399,46.28343697442252],[0.6724157348656307,46.28368500379465],[0.6725344682153546,46.28385593019262],[0.6725462953990927,46.28387230019597],[0.6729803296673383,46.284229640825906],[0.673154275181374,46.28448416211402],[0.6733335712987624,46.284884552789926],[0.6733455910107594,46.284900928435015],[0.6733656989231063,46.284922818703805],[0.6737171902023417,46.285178151628045],[0.6737682103834975,46.285420075999745],[0.6737794709693039,46.28543823691761],[0.6737898277735438,46.28545818741048],[0.6738172920001236,46.285474789344285],[0.6738352591673317,46.285485850603145],[0.6741958589167122,46.28561712851489],[0.6750629464601351,46.28637856887518],[0.6751180861507698,46.28640907289598],[0.676120772840951,46.28668743775057],[0.6763288551510128,46.286836275169215],[0.6764352416759408,46.287348978766026],[0.6764454221629291,46.2873644210574],[0.6764501441772052,46.287379789799026],[0.6764599083332159,46.28739163274065],[0.6764803944869175,46.287400930613785],[0.6764981442753525,46.28741469049005],[0.677331919291077,46.28774186643918],[0.6773541772315601,46.28774399156159],[0.6773799057737138,46.28775157284768],[0.678387704620996,46.28785451463243],[0.6786695361952629,46.28797742071568],[0.6791560740283357,46.28833100309281],[0.679332510754959,46.288543258331885],[0.6794431540582924,46.288746456563295],[0.6794894110312589,46.289321268256344],[0.6794966505857755,46.28933487380921],[0.6794990927585213,46.289348409525466],[0.6797447333964637,46.28975695473938],[0.6797636472937719,46.28977523220572],[0.6797853592014781,46.289795344987304],[0.6802045891792755,46.29005344656207],[0.6804951771154765,46.290435653549935],[0.6805486079146145,46.29073609915637],[0.6805551880977122,46.29075239469453],[0.6805707780680726,46.29077331681158],[0.6805903086114866,46.29079070401982],[0.6812057982479373,46.29114795812047],[0.681303080195212,46.2913257588665],[0.6811720346256579,46.29165680930574],[0.6811713785450906,46.291678395065915],[0.6811706681409666,46.29170178415082],[0.6812047552076785,46.2917418730452],[0.6813367321031533,46.29183739529897],[0.6813650825385003,46.29184860634767],[0.6813959192103848,46.29185895453463],[0.6817046603758176,46.291900360512955],[0.6817404505874601,46.292004372280296],[0.6816006345504446,46.29248512766753],[0.6815982428771621,46.29250624207234],[0.6816508861127571,46.29286696932259],[0.681659294728716,46.29288509021977],[0.6818518198611353,46.293211862882366],[0.6818641885835867,46.29323004185268],[0.6822451246237496,46.29355326905804],[0.6822658763968696,46.29356257032275],[0.6822798692968607,46.293571771860805],[0.683057096770224,46.29384138967391],[0.6831415941315919,46.29374363455056]]]}},{"type":"Feature","properties":{"code":"FR5400464","name":"Etangs d'Asnières","designation":"SIC","legalReference":"http://www.legifrance.gouv.fr/jo_pdf.do?cidTexte=JORFTEXT000000466850","sourceUpdatedAt":"2017-05-31"},"geometry":{"type":"MultiPolygon","coordinates":[[[[0.8229172286031241,46.14849312882527],[0.8222313223077008,46.14833816466023],[0.8215609896777343,46.14827519131937],[0.8210016460709347,46.14841617153119],[0.8204457304411491,46.148489705731244],[0.8197741567352003,46.148471691789965],[0.8193325304525194,46.14843427097402],[0.8183517485023114,46.1482636248608],[0.8179626433999562,46.14811171828556],[0.817523946111567,46.14782506601591],[0.8173306475663931,46.14760649886011],[0.8168466399584949,46.14721754309551],[0.8163563849153836,46.1471092640292],[0.8155451394509914,46.146997566152564],[0.8150982032754915,46.14729570696668],[0.814795577741663,46.14764618192918],[0.8143985509374687,46.14767683158642],[0.812994735159701,46.147458143681625],[0.8119316261414526,46.147380820114066],[0.8111155748447688,46.147293322218786],[0.810415324778689,46.14701390876374],[0.8099772826834185,46.14674702403776],[0.809108503416349,46.146795579099326],[0.8088821900931313,46.146554957073015],[0.8084153809549288,46.146118506590085],[0.8079602212919866,46.14587658155899],[0.8070464637613803,46.14576523544983],[0.8064260877585809,46.14559846486867],[0.8058535075129133,46.14556011384028],[0.8056902310232932,46.14552370596703],[0.8043206687380312,46.14796360556642],[0.8052733513960024,46.147925221794004],[0.8061135007712728,46.147873612200456],[0.8065673078004003,46.148127220153],[0.8068092782410967,46.14841395478924],[0.8070490726471613,46.148723156885325],[0.8073042624447913,46.149190043038374],[0.8075619339883685,46.149508489270474],[0.8081783531546033,46.14987857286955],[0.8094018693751901,46.15015247392149],[0.8098928425546857,46.15014740689793],[0.8111047382774222,46.15010077958731],[0.8122471660473743,46.149801232222394],[0.8128948618322631,46.150165415886455],[0.8128593477059989,46.15143825737388],[0.8139551080454314,46.15155470875652],[0.8142326376424832,46.15122279626014],[0.814936103222945,46.15125476473586],[0.8155609483562983,46.151078698605794],[0.8162523954633191,46.15080274175878],[0.8168615705073535,46.15054726902423],[0.8176333292211607,46.15040916310901],[0.8185342213570919,46.15037177585256],[0.8197934067872601,46.15043097117636],[0.8202846509698823,46.15045825915927],[0.8209381405782713,46.1505273150094],[0.8213224821091627,46.14987196455983],[0.821990100181946,46.14952455821782],[0.8223027359712446,46.149175998945715],[0.8229172286031241,46.14849312882527]]],[[[0.7921100330099275,46.15900809881757],[0.7910669895819771,46.1585169114638],[0.7913001378459164,46.158011668283244],[0.7919697420504761,46.15737560241074],[0.7917807794963118,46.157001372160046],[0.7919694859246293,46.15632274431691],[0.7921123965642526,46.15566508586648],[0.792148840007556,46.15529213540999],[0.7920780601653077,46.15464505576291],[0.7919424606603562,46.154018691085625],[0.7913513901889605,46.153958422264296],[0.7908561650817822,46.15421261632731],[0.7897268155092187,46.15412517764295],[0.7891133356033381,46.15508415194191],[0.7886644732745648,46.15543346069682],[0.7887253003787781,46.15584103603517],[0.7884906072864446,46.15639574804885],[0.7880644281056837,46.156857849007736],[0.7876344111561525,46.157181311079334],[0.7874849320191847,46.157383533659925],[0.7869519722660827,46.15791165897794],[0.7865416254127562,46.157997820920826],[0.7861652835402492,46.15840030661552],[0.7860883546149371,46.15850093836465],[0.7853469233320783,46.15884532010803],[0.7843131468108994,46.159137096113824],[0.7846495182075383,46.15956285335794],[0.7864796675195275,46.160964774364906],[0.788183151891476,46.159849767911105],[0.7886827099487621,46.15931218177498],[0.7891629990152065,46.15894261068631],[0.7897076412066772,46.15868729375027],[0.7897987974035041,46.159313956793106],[0.7901421267733008,46.160080854742],[0.7907200062287093,46.16039471485791],[0.7913818781057634,46.16030297183103],[0.7918194882322328,46.15975282652133],[0.7919554565208545,46.15948292252157],[0.7921100330099275,46.15900809881757]]],[[[0.8018604846337314,46.14653542360725],[0.801587481182919,46.146169962863766],[0.8016220891252899,46.14613623612321],[0.8010812274351065,46.14607489924733],[0.80075297431363,46.14619642171227],[0.8003884649226845,46.14639664170768],[0.7999462089404302,46.14652561094157],[0.7997649751298088,46.14652494590936],[0.7993531341814946,46.14671372218811],[0.7990431194416607,46.146688809094286],[0.7983062735418407,46.14669047786317],[0.7976977852416197,46.14660300578834],[0.797330007993689,46.14664749358614],[0.7971054079156675,46.1468487059191],[0.7968768300363577,46.14714975075595],[0.7964907436338394,46.14785719626782],[0.7962562142974827,46.14841462090233],[0.7972611733788029,46.149089720233206],[0.7983031218365518,46.1489581260239],[0.79861437354082,46.14904064815402],[0.7986696911266232,46.14849697618045],[0.7991157074292797,46.14824927758925],[0.799543983994741,46.148166913690304],[0.7999382426524868,46.148046291062265],[0.8003011699199052,46.14788924485521],[0.8009765841812923,46.147581669260155],[0.8013417076213926,46.14731396583304],[0.8016381131856379,46.14717851439635],[0.801757240840667,46.14689667215875],[0.8018604846337314,46.14653542360725]]]]}},{"type":"Feature","properties":{"code":"FR5400467","name":"Vallée de Salleron","designation":"SIC","legalReference":"http://www.legifrance.gouv.fr/jo_pdf.do?cidTexte=JORFTEXT000000246314","sourceUpdatedAt":"2017-05-31"},"geometry":{"type":"MultiPolygon","coordinates":[[[[0.9815977587366415,46.56379975767167],[0.9816092241366237,46.56376390618694],[0.9823028600168497,46.56403579947156],[0.9829202282621594,46.56438957214813],[0.9832158836847908,46.56472781373682],[0.983233457991959,46.564760417383006],[0.9834821164859036,46.564697684844525],[0.9834602598399091,46.56465873578902],[0.9834498357403968,46.564647809092754],[0.9831270088548014,46.56427954978727],[0.9831048969158028,46.564261289601255],[0.9824604781945916,46.56389370393056],[0.982441142592361,46.56388447736381],[0.9817318844598614,46.56360609254942],[0.9817096046819288,46.56359953235317],[0.9815722183272176,46.56356370322891],[0.9814719907930192,46.56338254552333],[0.9814585017050019,46.56336888939846],[0.9814419783602518,46.56334619764083],[0.9807370529319004,46.56284290375222],[0.9807127578357152,46.5628336173052],[0.9806905996582922,46.562822557177626],[0.9801723066249813,46.56268141372731],[0.9801451192577594,46.5626783911644],[0.9786565769853559,46.56257066866824],[0.9783145711812259,46.56248560571901],[0.9778847501345334,46.56213585042318],[0.9778129990137191,46.56208370290358],[0.9783372320149484,46.56220063332821],[0.9783665546666025,46.56220188356564],[0.9787212854305323,46.56220611308601],[0.9787493938686505,46.562198350646085],[0.9787678300346528,46.56219677117297],[0.97878437146092,46.56218752000453],[0.9793781038021003,46.561836920653434],[0.9798961670120555,46.561580346266446],[0.9810462488725439,46.56128809561735],[0.9816128811413841,46.5612066561999],[0.9822975457241774,46.56121480030966],[0.9842598249584014,46.56141808536523],[0.9842819050273721,46.56141654847115],[0.9843252509447127,46.56140985919847],[0.9848454042106878,46.56123832170186],[0.9848700552580653,46.56122556719419],[0.9848951882128921,46.56121147006625],[0.986021840476559,46.560287222933205],[0.9867352920389408,46.55980978023895],[0.9873054723257337,46.55960058038129],[0.9884647667926745,46.55930657204131],[0.9896271537628635,46.55918714678117],[0.9896903692102053,46.55916810061407],[0.989730449763136,46.55912988489764],[0.9897369170104889,46.55908497089088],[0.9897105837399904,46.55904236488471],[0.9896550507651978,46.55901471153444],[0.9895887998475756,46.559008529791235],[0.9884117710505144,46.55912957437544],[0.9883920551882123,46.55913564555692],[0.9871940953163413,46.55943954320825],[0.9865870122777128,46.55966405068284],[0.9865641604380614,46.55967277939467],[0.9858297726642848,46.560163468062406],[0.984711714204131,46.56108331775917],[0.984248790998097,46.561237985741414],[0.9823276463800197,46.561036094793906],[0.9816018544379319,46.5610265625919],[0.9815731780203825,46.561030722670345],[0.9809825134781308,46.56111367539565],[0.9809644031109942,46.56111796136742],[0.9797768782582901,46.561421003980406],[0.9797512310915996,46.56142924606483],[0.9792132944560568,46.56169817917368],[0.9786587410380065,46.56202630360832],[0.9783992075828786,46.562023208647915],[0.9777607725273553,46.56188512280468],[0.9777309559007933,46.56188026524339],[0.9775116011831608,46.56187764848124],[0.9774084442652284,46.56182962684056],[0.9774093063385043,46.56169106664113],[0.9774059300447498,46.56166942715739],[0.9772232174175625,46.561266824632085],[0.9771084350910888,46.56074086328475],[0.9771339201097775,46.559618190866416],[0.9771306132164633,46.55959655258856],[0.9770749799979374,46.55947441398206],[0.9770378625733872,46.55835369634683],[0.9769816826916013,46.55799309340523],[0.9769904820010867,46.55764226899914],[0.9769782314726838,46.55761063026548],[0.976973228733263,46.55759707222294],[0.9766572338357796,46.55714698966982],[0.9766470347139246,46.55713247232866],[0.9763434307387703,46.556869698029146],[0.9757982756260699,46.55576990058],[0.9758156627261888,46.55507724600058],[0.9759482701776839,46.554777387029986],[0.9759508433852464,46.55475807300232],[0.9759655384169101,46.554255697338235],[0.9759605349328196,46.55424213921985],[0.9759557495261911,46.55421958659509],[0.9756484786247285,46.55373001243457],[0.9755865476817195,46.553502970524875],[0.9755726849692156,46.55348615802464],[0.9755636384939418,46.55347255178004],[0.9755443742481147,46.55346062209404],[0.9752793558205813,46.553319332046975],[0.9752494260322716,46.55331132816889],[0.9752152090791087,46.553302816072645],[0.9750112963368636,46.55329947811868],[0.974950877603014,46.55331090669029],[0.9745088593295304,46.553455439093966],[0.9733496919469646,46.55267222151387],[0.9720204558937319,46.55190044708965],[0.9718003069564575,46.55162516719805],[0.9718626396045584,46.551319968570354],[0.9721802227219902,46.55106642826171],[0.9721906771080757,46.551044957063795],[0.9722002857517483,46.55102077766893],[0.9722083642595867,46.550746427908756],[0.9722034899309729,46.55073287098307],[0.9721990992148073,46.55071032244563],[0.9718941743641719,46.55022796370846],[0.9719034121979718,46.54986094931284],[0.9721035564826646,46.549469226100356],[0.9721053147339681,46.54945124698454],[0.9721081449401152,46.54942698889908],[0.9720962764652485,46.549406148036475],[0.9720900741315858,46.54939347821171],[0.9720785088914791,46.54938164020288],[0.9720591710654596,46.54937241169585],[0.9720410861164767,46.549360495967015],[0.971821330439506,46.549282275670784],[0.9717848373433492,46.54922964897928],[0.9717368559434706,46.549011317726674],[0.9721766987012379,46.54863596509142],[0.9737807748338833,46.546990500444394],[0.9737915246016041,46.54697263189105],[0.974006026464192,46.54650729382592],[0.9740874477110705,46.545968374094784],[0.9740832062075572,46.545947629736766],[0.9740825356058133,46.5459278223222],[0.9738945844975986,46.54551615682783],[0.9733897441785635,46.5447407634394],[0.9733705971600974,46.544724339791244],[0.9733478888336875,46.544704268115545],[0.9729853619633764,46.544485768795155],[0.9726049645533776,46.544168971845515],[0.9725791106944637,46.544159665755444],[0.9725635026895941,46.54414777954834],[0.9721757844356361,46.54400816108603],[0.9721562681256853,46.544006127201776],[0.9721382000912755,46.54399871364303],[0.9718042272511345,46.54395691742448],[0.9714550358818721,46.543582007110494],[0.9714422950254381,46.54357015536277],[0.9706708766929796,46.54297151936813],[0.970428927494637,46.542802145348276],[0.9696889546316037,46.54168648352552],[0.9695126213762668,46.54138742382205],[0.9695853982951119,46.540879898475424],[0.9697247243341239,46.540526138717745],[0.9697263511602248,46.54050816177161],[0.9697449834365062,46.53981552337965],[0.9698997129364851,46.53967790660873],[0.970731557610247,46.539381950247254],[0.9707551007091192,46.5393687342261],[0.9707699314187276,46.539359915111184],[0.9711026314039066,46.53909395417322],[0.9711119628615105,46.539080573417245],[0.9711265814545201,46.539064548171375],[0.97125563900114,46.53881234508466],[0.9718191272115447,46.53839618933309],[0.9725320384543878,46.53809429173239],[0.9725485621235685,46.538085490689596],[0.9730200943937568,46.537773503272994],[0.9730440303422094,46.53774499377924],[0.973055057418049,46.53773162760429],[0.9731192928944241,46.537603724694485],[0.9731209825668097,46.537588446543644],[0.9731253647179408,46.53757500136408],[0.9731429740891858,46.537214384764546],[0.9731761331660249,46.53721028389077],[0.973205906528629,46.53720074019765],[0.9732287675811372,46.53719111456877],[0.9734926963611985,46.5370143107321],[0.9735061150423043,46.53699917369099],[0.9735207934682809,46.536985856841795],[0.97405853250382,46.53618695023446],[0.9740670519877456,46.53616455377164],[0.9740730691135121,46.53613763451065],[0.9740871956554209,46.53557541088276],[0.974157865305927,46.535357602249526],[0.9741581860974283,46.53534230614731],[0.9741719714249921,46.53479358211227],[0.9741711141397241,46.53477827145118],[0.9740458792226385,46.534412346145174],[0.9740386678392107,46.53439336051831],[0.9725231263806986,46.532440592034256],[0.971723466325609,46.53115145343938],[0.9717348984526581,46.53069717950043],[0.9719236439004177,46.53045019276283],[0.9719282676443901,46.53043224818944],[0.971937876627214,46.53040267064653],[0.9719400539763663,46.5302695264149],[0.9719393113532003,46.53025241626088],[0.9719278920468872,46.530234733992906],[0.971909483508492,46.53021516865316],[0.9715798966704003,46.52997636191862],[0.9710113373613504,46.52966000311912],[0.9707261686478961,46.52933534373627],[0.9707482558631549,46.528458277935385],[0.9707311370316272,46.52841308120592],[0.9703073150573109,46.52784830314332],[0.9703198459832981,46.527350850540664],[0.9704291537951554,46.527203691066205],[0.9706320811325192,46.52707115336943],[0.9712792225698799,46.527159902772006],[0.9713012969503979,46.52715836851079],[0.971321977307922,46.527160416094745],[0.9713458089314423,46.527156199954696],[0.9713642782472406,46.52714742462205],[0.9713852437199666,46.52714318105897],[0.9717156021245827,46.52696717261298],[0.9717568929694649,46.526927178635155],[0.9718805033525725,46.52672440199953],[0.9719576606213651,46.526673132498175],[0.9721127535357218,46.526674991516835],[0.9724644430898969,46.52688436899267],[0.9725320236163437,46.526903178259616],[0.9725878683365745,46.5269011461549],[0.972784425850723,46.526861212467736],[0.9728089108869998,46.526852054425085],[0.9730199021514698,46.526756503102995],[0.9730444457226453,46.5267446465236],[0.9733624940553027,46.52648750791176],[0.9738857157802061,46.5262571188966],[0.9740099562150134,46.52628830554712],[0.9746472044476089,46.52651638567281],[0.9746703565732681,46.526518462911625],[0.9747121455886871,46.52652616020816],[0.9753572755130907,46.52653387784821],[0.9753780464006534,46.52653232693907],[0.9754053545514018,46.52652995677206],[0.9759300508134073,46.52640125766925],[0.9759564620103776,46.526388075210264],[0.9759809600412702,46.52637801959246],[0.9763089978360114,46.52615833152213],[0.9763426003351556,46.526118243158216],[0.9764722154455012,46.52578955796674],[0.97675514351381,46.525637269348934],[0.9775945452246457,46.52538364434728],[0.9776168822777784,46.52537131544076],[0.9776473934399944,46.525355479457254],[0.9779083578909613,46.52513814090645],[0.9779205343293118,46.52512028640877],[0.9779367915781544,46.525090788114206],[0.9780081012637759,46.524822592949],[0.9780939282691465,46.52397508137066],[0.9783612793562476,46.523496870381216],[0.9783628314631453,46.52348159061726],[0.9783699850933937,46.523456478291415],[0.9783137840462246,46.523001399489814],[0.9781237351759103,46.52244124019444],[0.9781089972895424,46.522425768826054],[0.9780991931563104,46.52241125119155],[0.9780812219349003,46.52240023987729],[0.9776447647009188,46.522177271804736],[0.9772768874940545,46.52187053802942],[0.9762686918365862,46.52069591787942],[0.9762533951049392,46.52068223964699],[0.9756198116576594,46.520227447525386],[0.9751242047227014,46.519604240891155],[0.9749519954194129,46.51935562751741],[0.9749599651780658,46.519038089172604],[0.9750801387344967,46.51887755727117],[0.9750858012658542,46.51885962465705],[0.9750954665787478,46.51883274918064],[0.9751029160937459,46.51853589527385],[0.9751032556909535,46.51852240094889],[0.9750970792536929,46.5185088290807],[0.9750951259616425,46.51848810892918],[0.9749789992030375,46.51827976449335],[0.9749853667763093,46.51802608924147],[0.9759322865545214,46.517477723934114],[0.975944500490754,46.517463468773684],[0.9759602373623659,46.51745465970585],[0.9759712452247072,46.51743679733829],[0.9759727964917083,46.517421518467565],[0.9759773041714982,46.517408073591874],[0.9759819078643557,46.51722456562198],[0.9759730011887683,46.517205562636285],[0.9759626249920125,46.517180244652295],[0.9758078883744941,46.51703262131105],[0.9758465338166565,46.516952098850425],[0.97626142928706,46.51652064755094],[0.9766487688451714,46.516561265885535],[0.976704915781133,46.516554738093674],[0.9767260349290587,46.516544194744554],[0.9767577634861848,46.516526580010314],[0.9770823275009227,46.51622451189331],[0.9780037631629029,46.5156974242095],[0.9785153891023558,46.51535799831527],[0.9792413321721661,46.515157002438585],[0.9794998695301043,46.5151960800268],[0.9796402053874516,46.515265240563224],[0.9797434845277682,46.51545093102518],[0.9797964608029999,46.515844788689336],[0.979799751324422,46.51585922266479],[0.9798111603105703,46.5158719607447],[0.979820143431688,46.51588826254013],[0.9798329026412432,46.51589921127638],[0.9800314313611758,46.516039250032186],[0.9800519874768847,46.51605119667448],[0.9800758073010091,46.516057779395005],[0.9801082943873998,46.51606176523703],[0.9802483493662392,46.516064333550766],[0.9803137657732688,46.516054317013186],[0.9803390607070517,46.51603841799012],[0.9803627031184914,46.51602070630733],[0.9806244436480587,46.515717885571625],[0.9808374232395216,46.51554045940385],[0.9811012856760907,46.5155750948092],[0.9814548364220389,46.5158699472461],[0.9814749336411326,46.51587963547572],[0.9814963029748522,46.5158902405924],[0.9815186984857837,46.51589635470515],[0.9815428567006119,46.515899792297006],[0.9821944301778571,46.515952539734904],[0.9822205335754756,46.515951051121995],[0.982262630369648,46.51594615436057],[0.982582488170514,46.51586267466215],[0.9826022573300924,46.51585391332275],[0.9826286069980635,46.5158425271126],[0.9828274285327091,46.51570991977711],[0.982843475787974,46.51569391383642],[0.9828625581192655,46.51567074559151],[0.9828653990881376,46.51565638384307],[0.9829256416267341,46.5153313618888],[0.9831092418751003,46.515333545463],[0.9838008150060916,46.51551723738144],[0.9838220979621572,46.51552108587874],[0.9838528185193384,46.51552235080087],[0.9838887319765488,46.51551963051343],[0.9842240648730953,46.5154322865371],[0.9842794465731467,46.51540144588794],[0.9845510500972561,46.515177919612725],[0.9845617294124823,46.515157350257454],[0.9845740141541864,46.515135000508295],[0.9846474001486665,46.514658966043754],[0.9851058844977895,46.51409572532664],[0.9851114608730913,46.514081396415996],[0.9851223425770645,46.51405272931437],[0.9851270025442732,46.513865623048424],[0.9851185158297635,46.5138502239679],[0.9851032951520439,46.51382304704197],[0.9848095884383111,46.51352711676974],[0.9848150809768049,46.51330672295342],[0.9850620138418433,46.51297942150994],[0.985069987867338,46.51296781725601],[0.9850743661964563,46.51295437698416],[0.9850839916000829,46.51292884214246],[0.9850755977948472,46.51290489935981],[0.9850719377504616,46.51288955829782],[0.9850645467062803,46.51287777066989],[0.9846430692989763,46.51226988192528],[0.9845903686062267,46.51197861440973],[0.9847268397308444,46.51149703151768],[0.9847289999210553,46.511483561170444],[0.9847379650065515,46.5111237342515],[0.9847296058095687,46.511098443628356],[0.9847220162767641,46.5110785539041],[0.9843449200563957,46.510583674565005],[0.9843002198965937,46.510547148757176],[0.98424184421843,46.51053610432856],[0.9842076037770223,46.51053974770069],[0.984168362540121,46.51054558177782],[0.9839400120804344,46.5106193511122],[0.9838081545596861,46.510617783717564],[0.9835812000232899,46.5105206017394],[0.9835860223323911,46.510327196606],[0.9839037028969514,46.50998454452673],[0.9839141570316642,46.50997296966813],[0.9839826684585631,46.50983881144246],[0.9839891724325006,46.509792098346466],[0.9839741202830892,46.509773919902045],[0.9839587883958625,46.509751241821014],[0.9839394626162007,46.50974201525606],[0.9839021320877488,46.50972357730183],[0.9834206573785803,46.50959457209057],[0.9831527271728255,46.50936373495382],[0.9831588527839329,46.50911815114758],[0.983218472497226,46.509079272849],[0.9840819261867051,46.50904634846708],[0.984100275882491,46.50904206558991],[0.9841211879779418,46.50903961225589],[0.9844564591260861,46.50895316696177],[0.9844819909830536,46.50894312157723],[0.984505977158777,46.508927212133905],[0.9845193859685968,46.5089120710258],[0.9847158106220317,46.50861296323122],[0.9850539638880211,46.5084262208015],[0.9854470875311375,46.50839219930594],[0.9860049154723992,46.50852704384052],[0.9860366476343655,46.50852967087174],[0.9860786472063808,46.50852836955632],[0.9876486092359805,46.508232056982905],[0.987670809499309,46.508225122874656],[0.9876906195383,46.50821455544095],[0.987717763055923,46.50819733178516],[0.9878599316056232,46.50805639794751],[0.9878684615116055,46.50803849900758],[0.9878781186047617,46.508011622400886],[0.9878866601484858,46.50766799137365],[0.9880201669550465,46.50732493805643],[0.9883501930144493,46.506845642798915],[0.9884759870062578,46.506718460907486],[0.9884978124207526,46.50667372856257],[0.9885847457681085,46.50579742987625],[0.9888371370053721,46.50550527733],[0.9888537524089208,46.50546048300024],[0.9888662199755283,46.504958532787164],[0.9888148760781105,46.50466458066012],[0.9889946590934956,46.504425558935864],[0.9890025749807204,46.50440585574072],[0.9890121701140921,46.50437627662975],[0.9890159531246538,46.50415046427552],[0.9890005262197913,46.50411068821533],[0.988828375453182,46.50390619034441],[0.9888421035904633,46.5032485807209],[0.9888387313601696,46.503226947740295],[0.9886584896652448,46.502828890950155],[0.9886031834152547,46.50243230770641],[0.9886010459300989,46.50241878960067],[0.9885869069904734,46.50240062239358],[0.9885704157545602,46.502382430913194],[0.9883118442409363,46.502194903815145],[0.9882926271385208,46.50218702736173],[0.9879717681850048,46.50204690296513],[0.9876811170133314,46.50188148777235],[0.987444741382697,46.501493559444675],[0.9874287294282387,46.50147717230237],[0.9865405846045936,46.500747673963076],[0.9863078004343617,46.500414676775506],[0.9863202460113341,46.49991452531248],[0.9865178004044123,46.49956863561751],[0.9865235164608732,46.499553405650126],[0.9866684472657923,46.499012531046745],[0.9866637826047397,46.49898548425953],[0.9866605813417471,46.49896744635235],[0.9864793097841853,46.49865935499211],[0.9864318779143194,46.498355554674006],[0.9864861775265616,46.498320204830996],[0.9872818520446126,46.49828645365535],[0.9873042989153064,46.49828492036831],[0.9878287616446023,46.49820115842182],[0.9878509044893977,46.498196022111244],[0.9878670264927867,46.49818721108078],[0.9878891312952686,46.49817847562687],[0.9879037288783804,46.498167852488386],[0.988108978341615,46.49798312411507],[0.9881158697952237,46.49796790755475],[0.9881284655250296,46.49793836419056],[0.9881223324221047,46.49792299317212],[0.9881156621530814,46.49789771984443],[0.9878775455627912,46.4975961514879],[0.9878815703916297,46.497434229167695],[0.9880128850334106,46.497345804088894],[0.9886911880170923,46.49726836324681],[0.9887198136170275,46.49725970543776],[0.9887527093890925,46.497246596519226],[0.9891841251809985,46.49704205028482],[0.9897553584238369,46.496962880143165],[0.9900922627695153,46.49687553588012],[0.9901107188453798,46.49686675657507],[0.9901304118366352,46.496860689531005],[0.9905943143898903,46.49659623346184],[0.990610658758081,46.49657842665357],[0.9906296848354155,46.49656245765603],[0.9909619411426368,46.496120974554714],[0.9909677236262457,46.49610304873044],[0.9909772495401663,46.49607616416151],[0.9910002887195992,46.495146918610146],[0.9910742722720628,46.49479056205654],[0.9910652940953435,46.494742768523366],[0.9909406198216093,46.494516338521336],[0.9909253898682755,46.49449995836988],[0.9903669045070068,46.4940083485752],[0.9902527640833693,46.49362007283406],[0.9902196401868693,46.493579184924634],[0.9900251414966704,46.493441910208084],[0.989967083225042,46.49341872653356],[0.9894832406490331,46.49332751755626],[0.9893912016456236,46.49326163698399],[0.9892242628489479,46.493063500504206],[0.9891228720114255,46.49221466265176],[0.9892350905072403,46.49210261169205],[0.9892433967920603,46.49208291624044],[0.989252922820606,46.49205603269717],[0.989259622366276,46.49178616541429],[0.989244022443238,46.49174278953447],[0.9891952262051765,46.4917089198033],[0.9891304364167702,46.49169465349534],[0.9888048246632439,46.49169079564048],[0.9887761197280617,46.49169765324698],[0.9887549714225862,46.49169920151844],[0.9884533515467286,46.49177841161609],[0.9882644947040842,46.49177617333011],[0.9882234644359774,46.49153993561258],[0.9882324031868315,46.49118010719909],[0.98866400458948,46.490850492265615],[0.9886774982184864,46.490834455074165],[0.9888187028542003,46.490654361702994],[0.9888233174659143,46.490636421724695],[0.988832619932233,46.49061853270393],[0.9889122552759096,46.489887920385975],[0.9891333161228452,46.489742068282126],[0.9898777134027604,46.48945394165268],[0.9908259443986106,46.489420173887524],[0.9908898334669022,46.48940743178242],[0.9922729667881721,46.488793907943794],[0.9923195037106977,46.48875576736414],[0.9926536955076385,46.488312503350244],[0.9926581808745325,46.48829456276743],[0.992667840162786,46.48826767950274],[0.9926779302098241,46.48786017786399],[0.992626861924336,46.487391664864624],[0.9932105744757126,46.48670389629189],[0.9932174869202836,46.48668778357494],[0.993228526954702,46.486668120542554],[0.9933050883004411,46.486106631163935],[0.9936168062841791,46.485817871610024],[0.9936276822541827,46.485804501853586],[0.994157094588817,46.48510438834479],[0.9948145507502236,46.48461994557714],[0.9949553859041109,46.484482135666084],[0.994966813506235,46.484462471170126],[0.9950187359288225,46.48438569751715],[0.9951912019058727,46.484428226831625],[0.9953925202431093,46.48449988754258],[0.995748930049299,46.48514836486994],[0.9957605173838158,46.48515929771115],[0.9957691665131215,46.48517289836684],[0.996728712907345,46.48599674626043],[0.9967632433530159,46.486012450624926],[0.9967854175002779,46.48602170887938],[0.9973665736174058,46.486163526840436],[0.997390079176314,46.486166504913626],[0.9974084000071958,46.486168520219636],[0.9976114326887158,46.48617091102857],[0.997650723940334,46.48616237670351],[0.9976691338566226,46.48616079416517],[0.9976846776625753,46.48615377317633],[0.9981769154976575,46.48590762189887],[0.9981976251244568,46.485907864825826],[0.9984143244492423,46.48610117512841],[0.9984335647912739,46.48611309831417],[0.9984553520459654,46.48612235396708],[0.998476099185346,46.48613159590465],[0.9985085484132007,46.48613647870913],[0.9985360231831499,46.48613680131194],[0.9985622213117886,46.486131261145886],[0.9990356291244222,46.48599870584399],[0.9990661557828608,46.48598106782884],[0.9990878279310866,46.485968726977056],[0.9990980385690785,46.48594544863259],[0.9991091201725535,46.485923986116624],[0.9991120240289658,46.485806145249136],[0.9992155688710971,46.48566968786693],[0.9999323489938058,46.485392870466406],[1.0005409715331446,46.48544051119214],[1.0005664546220197,46.48543991124002],[1.0005866597502204,46.48543655275707],[1.0006087390967413,46.48543410978375],[1.0006301009734362,46.48542356470214],[1.000971786163929,46.48524401233188],[1.0013093704928853,46.48501941958438],[1.0013213550537923,46.48500876353284],[1.0015120488874198,46.48484003599575],[1.0017623872291135,46.48467200781063],[1.0022770013274827,46.48445758717545],[1.0022980852777712,46.48444254223991],[1.002324718458322,46.48441900573619],[1.0023387064406686,46.48438002839084],[1.0023500199585318,46.483837571433604],[1.0023484422968265,46.48381955516856],[1.0022275170919153,46.48350319467162],[1.0021930867256885,46.483462300885954],[1.001682328086177,46.483096379897454],[1.0016658803807466,46.48308718397896],[1.0005822909576347,46.48253907083253],[1.0002174619453827,46.482278330835754],[1.0000503916865813,46.482037914189625],[0.9999989758644298,46.48155230739539],[0.9998863498942934,46.48112446841487],[1.0004382128162572,46.48035350597161],[1.002287222534761,46.48033202370161],[1.0029237978000365,46.480472213291456],[1.0029582352330078,46.48047306819293],[1.0029923802143357,46.48047211739263],[1.0034020657596505,46.4803810895751],[1.0034481243992583,46.48036183295762],[1.0037513134582021,46.480119736518475],[1.004550092490203,46.48004360914582],[1.0046133016011898,46.480026354833655],[1.0049419625185192,46.47985024066732],[1.0049833212954618,46.47981022940702],[1.0051108039927874,46.479604761233645],[1.0055368954544455,46.47927951539495],[1.0060320065133779,46.479156637345596],[1.0060863169334648,46.47913027631995],[1.0063535666634977,46.47890844785417],[1.0063655688376933,46.47889688906942],[1.006372454057284,46.478881672283805],[1.006382985723271,46.47886650379885],[1.0063833386123278,46.47885210622029],[1.006407738057337,46.47785629163924],[1.0065430896673484,46.47776519112762],[1.0070293835818358,46.47768809294147],[1.0070634148213846,46.47767589593505],[1.007089701280591,46.47766630300397],[1.00710308261362,46.477654312424406],[1.0072445549183073,46.47751244495296],[1.0072557651310496,46.47748557860514],[1.0072627158224308,46.47746766609585],[1.0072576890711886,46.477455011313545],[1.0072425412340509,46.477419289529855],[1.0072006333598056,46.47739135366751],[1.0064904055064616,46.477092407204445],[1.0064970827360302,46.476819838061544],[1.0070557014012673,46.476448443492195],[1.0070665152262932,46.4764377736638],[1.0070792091570246,46.47642442719692],[1.007090788106734,46.47640926700892],[1.0070925319910238,46.47638858850307],[1.0071011183107597,46.476013912295535],[1.007044484590962,46.47578964367044],[1.0070542867208305,46.47538933644436],[1.00701002452068,46.47459068135272],[1.0072197648900987,46.473801285893146],[1.0073572420225625,46.47352439974396],[1.0073572419957766,46.47350595077463],[1.0073533019045162,46.47347801405161],[1.006986045775675,46.47285733715956],[1.0070687178817705,46.47204486878057],[1.0072503907516925,46.47180583798581],[1.0076407697416867,46.471499960588474],[1.0076526040876037,46.471484806607165],[1.0076634380319334,46.47147323454144],[1.0079317500498621,46.47098776556549],[1.0085412039368067,46.47009506175405],[1.0085453786988055,46.47007351763984],[1.0085525036160012,46.47004840306579],[1.0085556947434455,46.469917969270966],[1.0085495155204554,46.469904398199354],[1.0085360251589464,46.46987544475284],[1.008517959899764,46.469863534648375],[1.008485912412317,46.46984246440028],[1.0078791463662742,46.46962481559226],[1.0078505201421168,46.46958128988635],[1.007926153130939,46.46898649543483],[1.0080568747714902,46.468652384635696],[1.0082004093574763,46.46852359040597],[1.008829367341611,46.46853093758898],[1.0092658271201846,46.468624216116474],[1.0092999387494657,46.46862461409131],[1.0093349625301904,46.46862502254374],[1.0093587484798525,46.46861630344857],[1.0093874308666868,46.46860944051245],[1.0101145947711818,46.46821120368782],[1.0101293116962011,46.468195180914414],[1.0101454119524778,46.468186371041604],[1.010154592894951,46.468172980194225],[1.010157894440569,46.468155018378184],[1.01016187075787,46.46814157291727],[1.0101656731219903,46.4679112585208],[1.0101517994580504,46.46787150411116],[1.0099707258729391,46.467655233360695],[1.0099305360984705,46.467535992264885],[1.009996687109577,46.467493572030186],[1.0104734034120766,46.467335365085624],[1.0108000453850774,46.467339174477914],[1.0110300684705247,46.46742284142527],[1.0110546910060019,46.467427623339084],[1.0110961133574394,46.467432607622264],[1.0117589068373154,46.467440333331346],[1.0123021073958762,46.4677436034978],[1.0123243859768194,46.467748358767096],[1.0123408308545276,46.467757553174806],[1.0129220961082992,46.46789929435191],[1.0129912415712718,46.467904594349534],[1.0130540244756676,46.46788282992032],[1.0134369009185922,46.46766863262453],[1.0141640740781865,46.46736170315314],[1.0146346442897187,46.467094080132384],[1.0146467802355705,46.46708252195555],[1.014661257491524,46.4670709972558],[1.0148648754352332,46.46684840465533],[1.0148771439109687,46.466815255332385],[1.0148815101201638,46.466801807493205],[1.0148891296369067,46.46648875998863],[1.014887044935807,46.466472541082254],[1.0148764091782432,46.46644947119924],[1.014858005491952,46.4664299116388],[1.0144996549160572,46.46617199191389],[1.0144526956299673,46.46591319949192],[1.0145683166225776,46.4657588755252],[1.014576277471024,46.46574726912368],[1.0146470066185902,46.465602319889385],[1.0146467052457717,46.46558251999789],[1.0146499616160811,46.46556636327107],[1.0146424770852114,46.465552777060495],[1.0146282300010925,46.46553911296606],[1.0146184039683774,46.46552550047614],[1.0146015047882142,46.465513610685974],[1.0143678281034403,46.465387613840505],[1.0142533045531739,46.465224312599005],[1.0142098496202057,46.46519051546814],[1.013703364349643,46.46496326804402],[1.0134901071425133,46.464849211443],[1.0134417630191181,46.464593995527935],[1.0136311405037184,46.46430375871489],[1.0136353352340637,46.46428131224308],[1.0136412160008552,46.46425888517725],[1.0136465844843148,46.464038489039766],[1.0136380444287205,46.46402039601196],[1.0136269141249048,46.46399597168186],[1.0131395619737547,46.46347020200215],[1.0131531250154278,46.46286298033944],[1.0131522618303144,46.462847669853716],[1.0128510013514997,46.461953341521394],[1.0128686082095182,46.46123099069668],[1.0130150179381772,46.46110041861765],[1.0131819930323571,46.4610614220396],[1.013232576749312,46.46103726476995],[1.013262510106822,46.46099531811933],[1.013326914201404,46.460756718618704],[1.0136845935670373,46.460559319519945],[1.013701649946577,46.46054332348686],[1.0137190316356222,46.460530027222774],[1.0139208615756252,46.46026243046307],[1.0139253378739257,46.46024448266383],[1.0139349736741987,46.46021760364642],[1.01394359762502,46.4598127832844],[1.01394279981318,46.45979477711923],[1.0139312218666672,46.45977844446762],[1.0139129346095563,46.45975933798456],[1.0133608871441853,46.45936239068063],[1.0133224192712222,46.45922066927099],[1.0137838183562844,46.458987586698086],[1.0138079451443354,46.45896987067125],[1.0140814721892426,46.4586986093949],[1.014090760963293,46.45868071732709],[1.0141031130384401,46.45866016548062],[1.014176662314593,46.4582651000921],[1.0142905985404143,46.45807746482689],[1.014594015765761,46.45791542517584],[1.0146139768187483,46.45789765820494],[1.0146319440664386,46.45788167247196],[1.0147642971912672,46.45770774906079],[1.0147784068303198,46.457662916698304],[1.014758803620476,46.45761769751181],[1.0146457454233362,46.45749670784395],[1.0146011153106926,46.45729193058482],[1.0147201745584602,46.457215032767856],[1.01538909846485,46.45717961778065],[1.01542063650515,46.45717278143034],[1.0154520990891318,46.457164149485244],[1.0154955994488053,46.457131363427386],[1.015561705811694,46.45704215044983],[1.0155687601386219,46.457019736467686],[1.0155758144271179,46.45699732338521],[1.0155673314085834,46.45697652834176],[1.015559702705233,46.456958439551656],[1.01530340116198,46.45663737731903],[1.0152879926631062,46.456620552188184],[1.015030740003341,46.45643759865304],[1.0150127399631996,46.45642838654787],[1.0149909131882862,46.456420934644264],[1.0149727104471897,46.456414428438684],[1.014949608895717,46.456411458079025],[1.0142631858280484,46.456363881715426],[1.014241291123574,46.45629523844164],[1.0142942790080829,46.45625806722131],[1.0145205080291682,46.45622290565822],[1.0145467131941766,46.45621601289251],[1.0145611223057647,46.45620717756434],[1.0145808201437234,46.456200208617005],[1.0145929595383476,46.45618820285955],[1.0147317574979848,46.45605439613472],[1.0147536068256637,46.45600695732839],[1.0147405206675935,46.45596181354776],[1.0144836627742082,46.45559709778439],[1.014471038131515,46.45558075327561],[1.0127722098401353,46.45418695264508],[1.012724176712301,46.4539677402346],[1.0130491537441113,46.453454123239716],[1.0130559402218753,46.453434857327395],[1.0131336962893718,46.45302499240662],[1.0131287296915477,46.45300963663858],[1.0131218136174445,46.45297806333054],[1.0130042149536038,46.45276073675532],[1.012990746719054,46.45274708140903],[1.0129729397792337,46.45272437829406],[1.012617401356688,46.452472787390704],[1.0125648247239216,46.45222652484186],[1.012535790865363,46.452183891944216],[1.0120185985871823,46.451770696975984],[1.0120005182226488,46.45175923830593],[1.0114320528385354,46.45148446594677],[1.0113488159157422,46.45142770846642],[1.0113550711650363,46.45117132821306],[1.0114100572226883,46.45109998744166],[1.0114180678242968,46.45108658244141],[1.0115583069627903,46.4507597791073],[1.011617590898295,46.45043203830795],[1.0116838540855284,46.45006388014464],[1.011709930944199,46.44991301742738],[1.0118093294957107,46.44972340925399],[1.011844921507536,46.44965184238636],[1.011847308922928,46.4496365695165],[1.011847247523723,46.44962037129238],[1.0118475776071028,46.44960687670643],[1.0118386464144082,46.449591477972476],[1.0116048700884723,46.44925131782429],[1.011728305728062,46.44889282906283],[1.0122594138573469,46.44827454132038],[1.0122710867371723,46.448254881292115],[1.0124080655731935,46.44785875582792],[1.012752367258494,46.44713841062153],[1.012752870503933,46.44711772120927],[1.0127521605621843,46.44709341762471],[1.0127395857689954,46.44707527134086],[1.0127194400992336,46.4470525409498],[1.0126925108124236,46.44704143099809],[1.0126602543997505,46.44702935642546],[1.0121535389665912,46.446936172734425],[1.0118128866330791,46.446812521414245],[1.0117228338762243,46.44671519482397],[1.011669509526162,46.446286256745275],[1.0116669544289167,46.446273625276355],[1.0116078958091805,46.446090276732235],[1.0115901849897926,46.44606937378836],[1.0115747938435795,46.44604939575799],[1.0110733440653403,46.445692617811524],[1.0108408330662781,46.44540016022087],[1.010726702790907,46.44496151524525],[1.010720521815408,46.444947947770544],[1.0104145821370045,46.44441618229652],[1.010424688950472,46.443927694911096],[1.010327274772693,46.443508140870385],[1.0109231170825486,46.443628467699135],[1.0109556475363988,46.443628846921314],[1.010989488261702,46.443629241748454],[1.0110486563021337,46.44360473974313],[1.011185130712818,46.44351185202253],[1.0112051086931035,46.44349318523101],[1.0112160639755492,46.44347621504194],[1.0112183253724247,46.44345824765479],[1.01122475665527,46.443269361994965],[1.011217456169675,46.44325397896376],[1.0112051037094834,46.44322683791758],[1.0110782600619395,46.44309038565745],[1.0110601939975083,46.44307847574617],[1.0110346089758966,46.443060182817696],[1.0104803209201205,46.44283775865048],[1.0101176552003748,46.44244929752671],[1.010089601356971,46.44243097576832],[1.010067565145032,46.44241632400471],[1.0091443685107475,46.44206181049206],[1.0090327432026247,46.44186254556082],[1.0090195195450085,46.44184439380327],[1.0087647602985204,46.44161646282561],[1.0087414710756226,46.441605388320106],[1.0087210024013917,46.44159075370729],[1.008088705140142,46.441365606071386],[1.0073224289007305,46.44090808116497],[1.0064884093920021,46.440538842052696],[1.0063213840250114,46.440449606854415],[1.0065004636339174,46.44042920746704],[1.0065226339269948,46.44042226962328],[1.0065447082144299,46.44041892317321],[1.0065619755633215,46.44041012886871],[1.0065778172512687,46.440395918713506],[1.0065926510255292,46.44038529574559],[1.0066019649187699,46.44037190661206],[1.0066035054550206,46.44035662623456],[1.006608223058196,46.44033148680969],[1.006599470583609,46.4403088865492],[1.0065932949683973,46.44029532161028],[1.0064275658245636,46.440099919384735],[1.0064828485200883,46.43992059573726],[1.0066713261667026,46.439713144715],[1.0066781402801475,46.43970062890036],[1.0066904908841334,46.43968007689496],[1.006763186998274,46.43936868711288],[1.0067596655535334,46.43934794993269],[1.006758913529209,46.43932544518894],[1.0066476992976365,46.43908299401597],[1.006768242122487,46.43884864790009],[1.0075095993806822,46.437689348385035],[1.0078398767002432,46.43734048102356],[1.0082423202777098,46.43685027903629],[1.0082492732837383,46.43683236648916],[1.008257341857873,46.43681626588351],[1.0083261238032963,46.43644633952914],[1.008949867286589,46.43607120634366],[1.0089657282786073,46.43605609367046],[1.0089815602653667,46.43604188303631],[1.0093223188071039,46.43554555952916],[1.0095318560110156,46.43509269206709],[1.0095329990241126,46.435045915567876],[1.009417717091046,46.43465044591066],[1.0094264630812881,46.43429241964201],[1.0095203797453915,46.43423053178449],[1.009539144048335,46.4342109515115],[1.0097476217689743,46.43393444018508],[1.0097586604219513,46.43391657264599],[1.0100366631147941,46.43307398675993],[1.0105038153542316,46.43240996775032],[1.0110495215152158,46.4312996548125],[1.011249952990912,46.43103204697154],[1.011258418422571,46.43100514864147],[1.0112628929676852,46.430987207167256],[1.011270770530847,46.43058147748886],[1.0112679761721417,46.430559846054074],[1.0110878198989828,46.4301618219744],[1.0110389281713765,46.42976533037385],[1.0114637713913972,46.429521933239144],[1.0114839464845125,46.42950057305124],[1.0114928371194256,46.42947998012232],[1.0115654998376449,46.429085804818286],[1.0118217557487865,46.42874866244295],[1.0118295209076396,46.42872895604102],[1.0118392271007606,46.42869937613885],[1.0118456522063106,46.428435800160884],[1.0118346218186336,46.42840237957467],[1.0118284464462175,46.428388809493576],[1.0117153114885293,46.42822552027171],[1.0116743360442888,46.42803788033101],[1.0121724273450983,46.427890715708095],[1.0121921586339144,46.427881948207904],[1.0122118898837174,46.42787318160446],[1.012542608797498,46.427652081029365],[1.012557398535654,46.42763785269774],[1.0127660806971384,46.42740993146802],[1.0127826618161329,46.427365133264004],[1.0127948470250763,46.42686497042547],[1.0126834893169179,46.426196005642794],[1.0128259723913389,46.42553899583902],[1.0131667400123379,46.424787110536066],[1.0131692793384557,46.424765547641],[1.0131826854691544,46.42421500916401],[1.0131810888161583,46.424197893328774],[1.0126962276616522,46.42290099725499],[1.0127054323900369,46.42252317740317],[1.0127144164195356,46.42215435124354],[1.012717484406964,46.42202841638208],[1.0128229902055368,46.421804685437614],[1.0130533742136796,46.421325966794214],[1.0133894447953582,46.4208349759112],[1.0137299696565125,46.42020906769096],[1.0137315075965578,46.42019378807178],[1.01373723929995,46.42017765365491],[1.013754427035077,46.41947149658492],[1.014163182924537,46.418543138232224],[1.0141663333415518,46.41852337572092],[1.0142193642673345,46.41645349860933],[1.0143885930950338,46.41479709083556],[1.0145312879256823,46.414225562332575],[1.0146670924024241,46.41387351045071],[1.0148573585269662,46.41353919465603],[1.0149049640246741,46.413507353427086],[1.0149224852138854,46.413487757953604],[1.0149400705310163,46.41346546675733],[1.0152104031295983,46.412933219337276],[1.0156253277563636,46.41182046528747],[1.0160140704437841,46.411348079244725],[1.0168641986879658,46.41073257971849],[1.01688149772068,46.41071658309005],[1.017217551077473,46.410270577509024],[1.0172255477584287,46.410257171907155],[1.0176371592272584,46.40940172120522],[1.0176436023689164,46.40938020259217],[1.0176574361789537,46.40870009465737],[1.017654124971761,46.408678457059594],[1.0174751173731382,46.408282255585576],[1.017494151601779,46.40749783051851],[1.017644592147799,46.40661055460081],[1.0178370275574085,46.406233062207924],[1.018394439811842,46.405776125709075],[1.018733228977428,46.40570356810413],[1.019534158172263,46.405712859955315],[1.0204296108444373,46.405900961661004],[1.0214759910170055,46.40605030704058],[1.0229796539711264,46.40629176606177],[1.023765801344744,46.406301756502444],[1.0237853146671299,46.40630198180783],[1.0242256359776865,46.40626387933852],[1.0245999174891072,46.406310496512674],[1.0246350661184567,46.40630955111253],[1.0246650401737245,46.40630449971648],[1.0246918428607013,46.40629626333363],[1.0247086716791085,46.406283407339046],[1.0247226616096212,46.40626962217896],[1.0247346242913384,46.40625896444482],[1.024999060514715,46.405866091861405],[1.0253950451999898,46.40546574972799],[1.0254069478919352,46.40545238505245],[1.0260149941543955,46.40434362255752],[1.02620881773103,46.40412720503599],[1.0262156879980673,46.4041119868826],[1.026227930721241,46.40408963227177],[1.026303011151539,46.40360009792611],[1.026300002716371,46.40358206613051],[1.0262980678482516,46.403559548277975],[1.026118949452286,46.403166055782414],[1.0261290327344854,46.40274775495836],[1.0265319058047828,46.4020010505956],[1.0265357955262122,46.40197725262845],[1.0265542494757123,46.40129494677193],[1.026549247251814,46.40128139593082],[1.026547276247925,46.40126607530327],[1.0262413355490774,46.40068395866505],[1.0261293684652653,46.40025704591914],[1.0263260413009865,46.39974911812546],[1.0265208660448213,46.39949041766204],[1.0265253515518982,46.39947697054788],[1.0265346259527137,46.399459083612854],[1.026611065711718,46.398888576506195],[1.0267945914994983,46.39860724896053],[1.027976179374155,46.3977705416738],[1.0283181270520838,46.39745054596397],[1.028330502866605,46.39742818984425],[1.0283399929592965,46.39740130805927],[1.0283548196287786,46.39678509893327],[1.028355144014238,46.39677160417299],[1.0283489694149222,46.39675803494659],[1.0283470615289245,46.39674001860657],[1.0283395414844834,46.396728233025584],[1.02823092135583,46.39652902357502],[1.0282442777825416,46.39597398288442],[1.0282446019630354,46.39596049442425],[1.028238426181756,46.39594692516785],[1.0282365198890855,46.39592890254517],[1.0278676898178698,46.39525878542482],[1.027752895025226,46.39477605455288],[1.0277706963793467,46.393963721440265],[1.0273562608171851,46.39224747679151],[1.0273448673104761,46.39222935135961],[1.0273411606799396,46.39221580941423],[1.026968251370726,46.3917705963166],[1.0269154195945667,46.39165300815796],[1.0263730576350472,46.3904634815593],[1.0258728754696005,46.388936109904876],[1.0252509192476222,46.38775735674075],[1.0250196144428352,46.38673157952233],[1.025010973387751,46.38671798718071],[1.0250061005915319,46.38670443215046],[1.0240562740531318,46.38543055050987],[1.024039714564134,46.38541101381334],[1.0225225833244926,46.38432717028954],[1.0219742981393494,46.38344349124445],[1.0218610370945564,46.38296527186579],[1.0218709968320219,46.38255326474872],[1.0225554920190305,46.38188902238825],[1.0228356305568373,46.38181578150394],[1.0248875522621603,46.38115564501248],[1.024909840588162,46.38114240440974],[1.0249349272224926,46.381129198742],[1.0267232114771352,46.379755121010696],[1.0267343025069011,46.37973725468714],[1.0267490802510517,46.37971222814309],[1.0268249850554358,46.37930818497975],[1.0268253538570122,46.37929289126181],[1.0267353692897667,46.37758218489051],[1.0267267720978672,46.37756679370928],[1.0267231744710417,46.37754875164558],[1.0261127153202687,46.37666617425748],[1.026253683793832,46.375941646037084],[1.0264489424336578,46.37563436117513],[1.0264576679043125,46.37561736460744],[1.0266039730129022,46.3749891795595],[1.0266019600966072,46.37497565783159],[1.0266035231390116,46.37495947591235],[1.0264222879358236,46.37427711743246],[1.0262345549033,46.373864630088015],[1.0261993367895146,46.37382643059944],[1.0261384907853126,46.373805031513676],[1.026071102388359,46.373806955741166],[1.0260143762180325,46.37383059505034],[1.0259808609566234,46.37387249699344],[1.0259850444093368,46.37392023880523],[1.0261679895763567,46.374318273191584],[1.0263406858997532,46.37497444103739],[1.0262010698136563,46.37557840874262],[1.0260039444401083,46.375882072315996],[1.0259985048129696,46.375900005749074],[1.0258472286474563,46.37667211117795],[1.0258509353819019,46.37668564692143],[1.0258590758961899,46.376719935174606],[1.0264758774947853,46.377608888411075],[1.0265630572002866,46.37928986425953],[1.0264942783782298,46.379662497197934],[1.024753580930339,46.38100112950577],[1.0227302323593803,46.381652591883764],[1.0224174835093827,46.38172995646588],[1.022395323144304,46.38174319791296],[1.0223660267543482,46.38176085271263],[1.0216286197640905,46.38247847526505],[1.0216113105419546,46.38251696491359],[1.0215985054030663,46.38297122815516],[1.0216011692821056,46.382984754957576],[1.0217215798606682,46.38349005351465],[1.0217273167717542,46.38350541528394],[1.0222905196278698,46.384411762999385],[1.0223032357013864,46.38442360940557],[1.022317165541958,46.38443906903599],[1.0238382186741117,46.38552745634078],[1.0247638698814443,46.386773621426386],[1.0249996074158072,46.3878066387149],[1.0256207753757587,46.38898538688958],[1.0261195961618992,46.39051004837278],[1.0266642004846975,46.39170590314734],[1.0267225314432906,46.391832546259685],[1.0267324798720725,46.391846161952635],[1.027101666204985,46.392289530689595],[1.0275096992276778,46.39397690669843],[1.0274903150287962,46.394782024524076],[1.0274944056767787,46.39479557309484],[1.027617170694741,46.39530898901601],[1.027981791869804,46.395975459189955],[1.0279681513086005,46.39654219025953],[1.0279753489832533,46.39656207249783],[1.0279813730555483,46.39658193535348],[1.0280923739362953,46.39678477656665],[1.0280782581588537,46.39737129592996],[1.0277788816143247,46.397651288751184],[1.0265904389217682,46.398492417026546],[1.0265784054184552,46.39850577684276],[1.0265667011812403,46.39851643741426],[1.0263640789747421,46.39882903606896],[1.0263597079485853,46.39884338680384],[1.026352838351721,46.39885860587731],[1.026276632720319,46.39942461408359],[1.026079972951478,46.399689139952095],[1.0258669717694067,46.40023242467073],[1.0258666038593527,46.40024771836442],[1.025864759059738,46.40027019246986],[1.0259839416079843,46.400721477486854],[1.0259900600668428,46.400737749001124],[1.0262912854784452,46.40130991262994],[1.026275783370572,46.401953104264955],[1.0258753825723654,46.402699837039926],[1.0258737547514085,46.40271331645096],[1.0258669287575846,46.40272673566293],[1.0258560414470803,46.40317831862476],[1.0258621512621746,46.403194583681454],[1.025863129022072,46.403208093753705],[1.0260395604023096,46.40359435856178],[1.0259715817139508,46.404050679958395],[1.0257858421423847,46.40425549663205],[1.0257747887198472,46.40427156385745],[1.025168106162368,46.405377644716815],[1.024776038064061,46.405771734247004],[1.0247655903194222,46.40578421519041],[1.0245387840097055,46.40612172850943],[1.0242404827563893,46.40608543577932],[1.0242091726375318,46.40608372545887],[1.0237623435986476,46.40612175208054],[1.0229987395015119,46.40611292223135],[1.0215258101123526,46.40587271947654],[1.0204887479044993,46.40572572673096],[1.019586522279016,46.405538005117556],[1.0195580211666473,46.40553317253216],[1.0187115841892544,46.40552335287104],[1.018689112179525,46.40552759347198],[1.018669533906434,46.405530062997975],[1.0182722886189284,46.405615433600325],[1.0182240030941379,46.40563827125147],[1.0176208711348604,46.40612977338959],[1.017611530619518,46.406144957165615],[1.0175981916682157,46.40615830061787],[1.0173913815327755,46.40656532160774],[1.01738636879791,46.40657875833878],[1.0172318018478181,46.40748578593757],[1.0172121513215595,46.40829540141134],[1.0172187594624678,46.40831797092967],[1.0173970790402018,46.40871596687893],[1.0173812515774843,46.4093681521923],[1.0169824070905829,46.41019316155085],[1.0166572599625938,46.41062399556027],[1.0158043517935627,46.4112412575407],[1.0157910634959348,46.411252801990116],[1.015388876549794,46.41174302521499],[1.0153800103854276,46.411760019466094],[1.0149607904540474,46.412880825449136],[1.0146982813650773,46.41339336765046],[1.014654916280002,46.41342165884756],[1.0146374043554975,46.41344124813739],[1.0146198621928437,46.41346174034776],[1.0144180779914278,46.41381752376841],[1.0142756820495593,46.4141865929141],[1.0141294649742603,46.41477697734804],[1.0139568621238602,46.41644594112888],[1.0139067300792228,46.418505957819434],[1.0134985779963572,46.41944152009836],[1.013493303935564,46.41945495662694],[1.0134760470773245,46.42016381565451],[1.0131475817547027,46.42076467163382],[1.012807739188019,46.421261016870034],[1.0125721706862305,46.421749573721655],[1.0124622595969561,46.42198809727371],[1.0124552841365095,46.422007360788236],[1.0124517779916895,46.42215128943886],[1.0124427908871214,46.42252011555534],[1.0124333662589144,46.42290693094412],[1.012439256233857,46.42293219133081],[1.012921708505708,46.424226364241896],[1.012908999847553,46.424748113526924],[1.012569830825946,46.42550136536055],[1.012420966682889,46.426187547953965],[1.012419379647281,46.42620462638666],[1.012533180410642,46.426874523047275],[1.0125218481930822,46.427339598694175],[1.0123491889894,46.42753104853805],[1.0120461438127235,46.42773267710531],[1.0114722726900036,46.427903250388056],[1.0114444972266006,46.427916421919775],[1.011422720654485,46.4279341647299],[1.0114078195761984,46.42795558703924],[1.0114015071883988,46.427971707629744],[1.011402896833359,46.427989272957646],[1.0114593968341223,46.428265726715345],[1.0114693594399662,46.428284288959546],[1.0115825445504705,46.428450726513184],[1.011576884626149,46.42868281855093],[1.0113211482618825,46.42902536852011],[1.0113089992426727,46.42904861862821],[1.0112414213635594,46.42941856044055],[1.010820288485052,46.42965929844366],[1.010800327605155,46.42967705926857],[1.010780309928926,46.42969752223858],[1.0107786616216934,46.429717301819984],[1.0107740088144312,46.42973974029937],[1.0108301002271745,46.43019031124669],[1.0108329834110583,46.43020563902471],[1.0110109504542648,46.43059734269629],[1.01100188656851,46.4309688639281],[1.0108113901301325,46.431223991668965],[1.0102614324586372,46.432343250430684],[1.0097923205885864,46.433012641515624],[1.0097827572943638,46.43302603104518],[1.0095047509270672,46.433868616319224],[1.0093231707431414,46.43410945013924],[1.0092053918694823,46.43418905921269],[1.0091899498658228,46.43420327396862],[1.0091738116698272,46.43422468164818],[1.0091667787778849,46.43424619493629],[1.0091549341989692,46.43465637350265],[1.0091580956561115,46.43467620989626],[1.0092710979830195,46.43505815414203],[1.0090774465044337,46.435478810958095],[1.008756107460338,46.43594746103526],[1.0081154239638135,46.436334101039755],[1.0080996286599306,46.43634651250881],[1.0080916707219272,46.43635811851195],[1.0080759140739939,46.436384928170035],[1.0080005113126769,46.436775470467154],[1.0076101039227638,46.43725230740799],[1.0072754080932644,46.43761147360946],[1.006523718474641,46.43878280092257],[1.006386885466665,46.43905564040732],[1.00638386570694,46.4390781009266],[1.0063830373128586,46.439103739702695],[1.0064990917680707,46.43935839878456],[1.0064337063143658,46.43963657675335],[1.0062480263032347,46.43984136409619],[1.006242493208801,46.43985479759367],[1.0062314504642187,46.43986996611252],[1.0061613547408472,46.44010130129183],[1.0061617604002258,46.44011929986823],[1.0061650504294395,46.44014183722061],[1.0061765117382053,46.44015726263536],[1.006272459247767,46.440273565790825],[1.0060922053274746,46.44029395061512],[1.0057237637204186,46.440039935214934],[1.0056980459142228,46.4400270386788],[1.005666289339885,46.440019017799024],[1.0056398051583435,46.44001600526026],[1.0053145031068293,46.440012194439014],[1.0052919843925299,46.44001732897434],[1.0052724682097338,46.44001710066795],[1.004919150488967,46.440093945757106],[1.004600593606698,46.44002722644792],[1.0046034171828353,46.43991208026493],[1.0045878198921336,46.43986870612094],[1.0045390618069534,46.439834842682025],[1.0043959457513159,46.4397314834128],[1.004347187907729,46.439697619891284],[1.0042824109250421,46.439685161857874],[1.0039973099648931,46.439681818320636],[1.0038944055838197,46.439632021546906],[1.0038929963218786,46.43958341605821],[1.0038783543391656,46.439543650678914],[1.003688690775866,46.439316470885345],[1.0036722556928337,46.43930728149312],[1.0036583397075192,46.43929091755496],[1.0036414466118806,46.43928441878756],[1.003623163664763,46.43928150771325],[1.0035961872943076,46.4392721943731],[1.003232664200706,46.43923463121663],[1.0032100831144408,46.43914168825405],[1.0034406470128536,46.43908140274676],[1.0034711459126096,46.439063766124804],[1.0034933968401107,46.439053230897066],[1.0038184414179832,46.43874930426878],[1.0042163304653706,46.438481319649085],[1.0042452556761199,46.43844566741884],[1.0043147300198516,46.43826651704642],[1.0043162830350405,46.43824538835622],[1.0043143321207413,46.438218820072244],[1.0043056670392754,46.43820612213852],[1.0041901218951315,46.438040101118744],[1.0040841640078302,46.43715433031831],[1.0040741085138578,46.4371344128938],[1.0040680450287147,46.43711634782269],[1.0038707565860245,46.43688187480169],[1.00385150599584,46.436870852723345],[1.0038252841199742,46.43685479880389],[1.0033790542718688,46.43671683841456],[1.0029692011554203,46.43654736297079],[1.002876032592033,46.43636630559396],[1.0029187414847542,46.436333508733796],[1.002949407994908,46.43629337904039],[1.0030875810521165,46.4362950010308],[1.0034502291453478,46.4364684237834],[1.003473691258787,46.43647229738166],[1.0035150233962002,46.43647998011837],[1.0037829251402335,46.436483122663134],[1.0038132856047774,46.43647628170305],[1.0038471412379668,46.436470377360905],[1.003864517431893,46.43645708884786],[1.003893567036831,46.43643493387376],[1.0039580496118705,46.43635020368343],[1.00396653873955,46.436330509524545],[1.0039761139973302,46.43630092343382],[1.0039804156697105,46.43612551063008],[1.0039681780375893,46.4360938750608],[1.003963306059156,46.436080319228076],[1.0037974614946368,46.435842616085004],[1.0039156919767733,46.4354318859208],[1.0042961267106547,46.435362560368795],[1.0043170154322982,46.435354707939894],[1.0043379041480247,46.435346855507184],[1.0043580096356033,46.43533359300794],[1.004373908156545,46.43532208009174],[1.0043791634653214,46.43530954526978],[1.0043875218177298,46.4352979447089],[1.0043897813158975,46.435279974665995],[1.0043962525492942,46.43509018871286],[1.0043866329104698,46.43506847742873],[1.004374825578149,46.43504584697865],[1.0041306315266851,46.43482972413573],[1.0040197428102995,46.43444779668945],[1.004007820978842,46.43442965892059],[1.0039921474649733,46.434405632238835],[1.0038057434209187,46.434226628852194],[1.003789243865908,46.43422013425236],[1.0037749983307553,46.43420647488065],[1.0036374561713963,46.43414187000455],[1.0036536761018517,46.43348068715891],[1.0036540068110307,46.43346719254081],[1.0036490748465268,46.43345093969849],[1.0036471091076313,46.43343561874743],[1.0036396316869207,46.43342203264909],[1.0035213224493025,46.433204686349725],[1.0034957882004625,46.43318459367571],[1.003477974791551,46.43316818944738],[1.003028120928595,46.43293794967258],[1.0030009765028562,46.43293043378151],[1.0029800496980585,46.43292389314932],[1.0018446351503079,46.432735091133175],[1.0016572392943732,46.432633911056506],[1.0016599349879944,46.432524160660826],[1.0022898698620948,46.43241098513728],[1.0023195610561901,46.43240233410334],[1.0023459135526587,46.432386449292],[1.0023659128805857,46.432366887262255],[1.0023775198697937,46.4323499229802],[1.0023792003215954,46.432331949134245],[1.0023882813603617,46.43201261636322],[1.002383340757659,46.43199636420343],[1.002373854864461,46.43196925507277],[1.0023495140503136,46.43195367142771],[1.0023251039053083,46.43193539062579],[1.0021397282014615,46.431847727234626],[1.0021210230171906,46.43184076142295],[1.0020933444958335,46.431833689934614],[1.0020564013932176,46.43183055472725],[1.001601996724622,46.43186840728983],[1.000662282116653,46.43181417065362],[1.000338059551029,46.43176806905129],[1.000319779494954,46.431765152043894],[1.000300198629265,46.431767623047435],[1.0002611247817172,46.43177165953001],[1.000040926738279,46.43184285669837],[0.9993768925390564,46.431668126703734],[0.9993555927410043,46.43166382532191],[0.9983079000760284,46.43156060760416],[0.9978688812746689,46.43155228503638],[0.9979054340518577,46.43141549147954],[0.9981512884806591,46.43120872970934],[0.9981617033474205,46.43119805017706],[0.998168540813807,46.431184638101854],[0.998179522912108,46.4311667679243],[0.9981798562621138,46.43115327334027],[0.9981923086697985,46.4306477209874],[0.99883367106712,46.430133375096695],[0.9988472556188757,46.43011013697127],[0.9988567157090268,46.43009045477225],[0.9989294244037482,46.42961620203542],[0.9993160386555471,46.42918883706029],[0.9993205121588974,46.42917628784912],[0.9993309395105056,46.42916471759569],[0.9994019835104772,46.42898558298092],[0.9994036609327802,46.42896760910135],[0.9994160743568956,46.428513341930646],[0.99939883548642,46.42846814832134],[0.9991475855871943,46.42815474880634],[0.9991312646935744,46.42814106323304],[0.9991185898298663,46.42812741633438],[0.9987338467881139,46.427897930193296],[0.9987156557246527,46.42789141506837],[0.9986963642369328,46.427882191013076],[0.9981717001610054,46.42773833532087],[0.9975244946846219,46.427598431395495],[0.997067174052937,46.42745761893053],[0.9964668329116487,46.42736460352821],[0.9960518012444782,46.42689719905901],[0.996037713831985,46.426888029854375],[0.9960249933369687,46.426876186893914],[0.9957042019600431,46.42669243041846],[0.9956768425587383,46.426683110134626],[0.9956550166906527,46.42667655771725],[0.9947421002168852,46.42649481109344],[0.9945913214375406,46.42627707058028],[0.9946105602038822,46.42549804731077],[0.9946845614024145,46.42508859662671],[0.9947086840740313,46.42411167122945],[0.9946889619387805,46.424019650856394],[0.9946353970251567,46.423833655126195],[0.9945945483875771,46.42372789286645],[0.994462652978662,46.423483384562076],[0.9944374137774354,46.42338860188038],[0.9941601922273415,46.422395515134774],[0.993844588312789,46.42179789896904],[0.9935291321449975,46.42138924587365],[0.9934170039037996,46.42114046898124],[0.9934671811765591,46.4191101453067],[0.9938550035581795,46.41863782108297],[0.9938620843307393,46.41861451245907],[0.9938702943362084,46.41859301077253],[0.9938839791344064,46.41795744638494],[0.9938674098059072,46.41791990818241],[0.9935397703802178,46.41754710289548],[0.9929056039082017,46.41704289912371],[0.9925979151023004,46.41669012582827],[0.9925801454337334,46.416671915369136],[0.992387082428932,46.41653465725298],[0.9923279397717781,46.4165114612123],[0.991585757775409,46.41637219760414],[0.9914259564484494,46.41625782658431],[0.9913359995210046,46.41616048364318],[0.9913987065498868,46.41589757366567],[0.991720549077606,46.41550995707085],[0.9917297922722952,46.41549387191357],[0.9917314729601011,46.41547859318495],[0.9917355391306825,46.415453447241994],[0.9916755973326761,46.41522328243442],[0.991664137775279,46.415207849069375],[0.9916604449074017,46.415194307024855],[0.9914948466678838,46.41499888243379],[0.9915486449483563,46.41483305281738],[0.9916292373838114,46.41477821975793],[0.9921708905012353,46.414660455519794],[0.992408648763372,46.41466326934662],[0.9926329243702293,46.41486388240333],[0.9926558525991204,46.41487315083894],[0.9926843560721519,46.41488833798182],[0.9927168430681242,46.414890073068186],[0.9927518017752388,46.41489138682301],[0.993026065799217,46.41484873988114],[0.9940792460856918,46.41463488694083],[0.9941090682465353,46.41462038917918],[0.9941346332943752,46.414607196550826],[0.9945398642719688,46.41424215595435],[0.9945571950449151,46.41422256373397],[0.9946255601778283,46.4140883980014],[0.9946271032904708,46.41407311862646],[0.994632773318689,46.41405968714145],[0.9946379923998631,46.41384829116638],[0.99463579101491,46.413829368213946],[0.9946262764432995,46.41379596058035],[0.9946059721346204,46.413780426164664],[0.9945892054314491,46.41376402702565],[0.9943254051597493,46.413622789088706],[0.9939009835316577,46.41344815242019],[0.9937993274649344,46.4133029802514],[0.9936224908842967,46.41272500059773],[0.9936098863987927,46.41270865104758],[0.993595941756855,46.41268868933791],[0.993568894558115,46.412672171468074],[0.9935496545803929,46.41266114761423],[0.9930168916031257,46.41248837970583],[0.9928482754568604,46.41220473905371],[0.9928359963922159,46.41219109559153],[0.9926664416327273,46.41202981986628],[0.9926702233625869,46.41187689072752],[0.9928545678328173,46.411787290235175],[0.9934030313563008,46.411750586611795],[0.9934238843497056,46.411749033716895],[0.9934464804568309,46.411740303636606],[0.9934745095565111,46.4117298387347],[0.9936789352703901,46.41159367785235],[0.9937028539946591,46.41157056793139],[0.9937148921899559,46.41155451013931],[0.9937167927616234,46.41153563854297],[0.9937283390197166,46.41112635555819],[0.9942049115589922,46.41088723372499],[0.9942422976491838,46.41085618063545],[0.994445277410656,46.41058862903651],[0.9944497545047054,46.410570688145235],[0.9944593913570992,46.410543804269345],[0.9944632343798407,46.410388180252184],[0.9946442644523961,46.410069079860904],[0.9950883927258567,46.40985522076306],[0.995111110029156,46.40983344239104],[0.9951227860052081,46.40981378589524],[0.9951832087320187,46.40963183592428],[0.9954462602064758,46.40956295401835],[0.9954725783857666,46.40955066880328],[0.9954989845453263,46.40953478031491],[0.9956996697498877,46.409357185040925],[0.9957065052850306,46.40934376766945],[0.9957256207940802,46.40931250045241],[0.9957939835298825,46.409046059401696],[0.9957938731945811,46.40902671289786],[0.9957905605507286,46.40900552666866],[0.9957790597516034,46.40899189538251],[0.995762351346419,46.408978196064005],[0.9957512009517764,46.40896637153305],[0.9957279507855112,46.40895439756642],[0.9954817687093619,46.40886690660899],[0.995156047180713,46.40867139578284],[0.9951594877494542,46.40853196110812],[0.995634820993183,46.408294625170385],[0.995651017708606,46.40828131726019],[0.9956734436744445,46.40826358525681],[0.9956817842825781,46.408236689331005],[0.9956876663868545,46.408214263000666],[0.995691571676336,46.40794795823181],[0.9956882651803733,46.40792632352754],[0.9956316387350609,46.407801477310635],[0.9956416179281856,46.40731253919139],[0.9955832195991571,46.40707474520503],[0.9955666260827323,46.407056549499934],[0.9955488516914832,46.407033843698535],[0.9953647338876379,46.4069038936458],[0.9951394692443843,46.40666008224159],[0.9951444648259772,46.406457680666236],[0.9955769820917687,46.40620993336906],[0.9955891048484021,46.40619297883182],[0.9956012297603963,46.40618142885032],[0.9956060915070208,46.40616618522099],[0.9956815952420547,46.405723462487096],[0.9958175575196184,46.405453318392965],[0.9958188199634855,46.40543353660348],[0.9958205216579842,46.405417361937744],[0.9958130500194341,46.40540377527173],[0.9954481715018325,46.4047398907021],[0.9954582012807838,46.404333288428575],[0.9959741827109657,46.40381748069035],[0.995982693449324,46.40379958715475],[0.995992327018422,46.403772704001],[0.996005814632225,46.403225764685956],[0.9959972899272981,46.403207670175576],[0.9959820855581608,46.403180494065055],[0.9954781874181091,46.402685038897154],[0.9952447927931211,46.40239163847394],[0.9952578206604312,46.40186359055586],[0.9957015603079751,46.40148100483083],[0.9957136196019104,46.40146135051533],[0.9957245976306806,46.40144348592107],[0.9957249301046459,46.40142999126344],[0.9957315694747565,46.40111063033229],[0.9957307081456429,46.40109532220631],[0.9956724486589502,46.400920969577705],[0.9956834760722204,46.40047388403474],[0.9959200003591611,46.400276016239026],[0.9959280909800087,46.40026441249975],[0.9959400566954426,46.40025375685194],[0.996142867571292,46.39994120705354],[0.9961484683706137,46.39991428189164],[0.9961529455628496,46.39989633462818],[0.9961198688007046,46.39860018952827],[0.9961099559806791,46.39857488080723],[0.9961014760665015,46.39855498105555],[0.9957327607315993,46.3981115116403],[0.9956138607812037,46.39780686789376],[0.9956065629603236,46.39779148362613],[0.9953504409568692,46.39742402444312],[0.9953259384355164,46.39740484116646],[0.9953037609864586,46.39738928103302],[0.9949251742289187,46.39725433013369],[0.9945758200261611,46.39708643678874],[0.9945327151021841,46.3969887408869],[0.9944785402835963,46.396548984266616],[0.994475991255973,46.396536358622996],[0.9944169789658172,46.39635569557989],[0.9943854989113259,46.39631393092202],[0.9937180864780956,46.3957913363478],[0.993725151660696,46.39550527178124],[0.994215599386057,46.39517813797262],[0.994233137750137,46.39516304787264],[0.9945019231707042,46.394890428267125],[0.9945188054299023,46.39486497872109],[0.9946566148542457,46.39443468899516],[0.9951743135931339,46.393914410278896],[0.9951879784847896,46.393887574594544],[0.9951960298731757,46.39387237170585],[0.995275353901684,46.39324523043873],[0.9952702364028163,46.393212774597195],[0.9952635752319594,46.39319559906102],[0.9949577427138434,46.392569302152886],[0.9949360814902362,46.39254835274791],[0.994917580951812,46.39253148525879],[0.9947189540304555,46.3924360048494],[0.9946879245705764,46.39242843990172],[0.9946673011085856,46.39242099929227],[0.9942695411753671,46.39237130547825],[0.9942291740035716,46.392373524193275],[0.9942015070501423,46.392377698317894],[0.9936696702554256,46.39253338016638],[0.9934030788373298,46.392438444333735],[0.9933536456771599,46.392165209874854],[0.9933288396506248,46.39212712020909],[0.9931456597866949,46.391951284722744],[0.9930427806638699,46.39180429668696],[0.9931010101797839,46.391553032786774],[0.9934567003541436,46.39139167170016],[0.9937943994304181,46.39116891024609],[0.9938053264914452,46.39115824287798],[0.9938183995315711,46.39114489926683],[0.9938307331728896,46.391129747447046],[0.9938324830583195,46.39110907434955],[0.9938389828036956,46.39082210341869],[0.9937775671643795,46.39058652076058],[0.9937649463215531,46.39057107335746],[0.9937447669828112,46.39054564327618],[0.9936169891588861,46.390454149398536],[0.993560341283796,46.39043098288465],[0.9928579466633687,46.39029039386779],[0.9922498157863989,46.39011402571942],[0.9918930385634319,46.38981735721447],[0.9913481852833921,46.389028049425335],[0.9912965570367477,46.38869720050481],[0.9914254953803395,46.38836308756779],[0.9918116409226052,46.38785026225351],[0.9923110551336933,46.3874737508198],[0.9929769817419868,46.38731516201225],[0.993167814508396,46.387317421044635],[0.9938430408861244,46.38767184710138],[0.9938676337510904,46.38767663381208],[0.9939064063715362,46.38768608896633],[0.9946944489105851,46.38774040436256],[0.994730888305008,46.38773633390829],[0.9947605701110804,46.38772993601377],[0.995499476008735,46.3874169782276],[0.9955222761083692,46.387399247521266],[0.9955422174035213,46.38738148910054],[0.9957449825464707,46.38706894575704],[0.9957518357049816,46.387046527450195],[0.9959125505725447,46.38591014275127],[0.9959244358373814,46.38531999268751],[0.9959211318201999,46.38529836064562],[0.9957989628975131,46.385026964103],[0.9957840246322723,46.38501059254408],[0.9957725780553462,46.38499515966353],[0.9946312025592081,46.38408814131992],[0.9943917019164081,46.38382975728252],[0.9940845963636252,46.38315485506102],[0.9937101795769022,46.38252054238846],[0.9936977117250702,46.382506899132025],[0.9929290796396442,46.38177028734815],[0.9929127455630048,46.38175794602449],[0.9918937681833513,46.381163688410275],[0.9911997893264233,46.38066685565196],[0.9908902122963372,46.38035724286136],[0.9908685751041487,46.38034349361773],[0.9908461842138028,46.38032882763456],[0.99005732801386,46.379978437902736],[0.9898866793583502,46.37964797197601],[0.9898721124229045,46.37962980189931],[0.9898555289095698,46.379611611596665],[0.9896306696340945,46.379451473574356],[0.9895803539427854,46.37912063903517],[0.9895656422936471,46.37909526660233],[0.9895542562603088,46.379077137229764],[0.9892998736079679,46.37884915544965],[0.9892830688703543,46.37883995883032],[0.9892679400853128,46.37882628075359],[0.9888114309632474,46.37862290133108],[0.9888128351204747,46.378566226940784],[0.9891889997155389,46.37823145600552],[0.9892025299121064,46.37821812099362],[0.9892098944644643,46.378198860191404],[0.9892130841308441,46.37817775400025],[0.9891562341024723,46.37771726227117],[0.9891503547084131,46.37770009465256],[0.9890272496492972,46.37747367689184],[0.9890157171225213,46.37746184027191],[0.9890070560916303,46.37744914180804],[0.9886808891715338,46.37716992231391],[0.9883910486214396,46.37696221959054],[0.988341863111569,46.37663319126083],[0.9883474383629404,46.376408300723284],[0.9883377457174922,46.37639019116308],[0.9883265018300583,46.37636935827145],[0.9876947462968075,46.37578146188514],[0.9872548027220645,46.37523633060155],[0.9872317075609857,46.37521896174952],[0.9867771294412018,46.374939108691784],[0.9867589800595163,46.37493169485683],[0.9867425673837892,46.37492249754394],[0.9856534284702468,46.37459639779829],[0.9848584750864232,46.37424499559253],[0.984570117629363,46.3738690332109],[0.9845153156617328,46.37366771228864],[0.984591824163444,46.37311072701402],[0.985063486920097,46.372225513537536],[0.9850679711422959,46.37219947250885],[0.9850860779441493,46.37157790288521],[0.98508641286297,46.371564408204144],[0.9850802505537719,46.3715508365698],[0.985078231631929,46.37153281811962],[0.9845227957285054,46.37054268627662],[0.9844702904713264,46.370301805623555],[0.9846081457232485,46.36986252852351],[0.9846857956810067,46.36932985400894],[0.9848074189440797,46.369091041519376],[0.985975666096034,46.36831040422259],[0.9860107566045102,46.36826852693236],[0.9862011072602908,46.3678163763987],[0.9862851236405363,46.36778857982307],[0.9863037309784046,46.367777107516005],[0.9863354812564912,46.36775498968773],[0.9863424250488265,46.36773707276268],[0.9863520581047623,46.367710195715766],[0.986355138474622,46.36758605504023],[0.9864152839580084,46.367566970598205],[0.986436298239971,46.36755822323388],[0.9870238900399001,46.36725207277015],[0.9875916585692016,46.36704286429935],[0.988435333951241,46.36683062944903],[0.9884644680126801,46.36681927672595],[0.9891299002399287,46.36650819329663],[0.9898622932960532,46.36606471996535],[0.9898768386153075,46.36604959497664],[0.9898912945661845,46.366038066946054],[0.990228245566871,46.36558765382079],[0.9902370915426891,46.36557426229281],[0.9903078105984928,46.36539513597015],[0.9903094268427344,46.36537715556486],[0.9903162716299928,46.36514777793331],[0.9915910163388153,46.365162895301545],[0.9923468548661036,46.365347320763846],[0.9923649319527172,46.36535203111251],[0.9934024478633126,46.36549929665512],[0.9934336828066772,46.3654978672871],[0.9934715631466741,46.36549561354479],[0.9949309712779175,46.365249224897944],[0.9954795379964377,46.36534209337839],[0.9955012210776151,46.36534325006589],[0.9964829255790869,46.36535574746871],[0.9965090229654547,46.36535155985642],[0.9965493305096471,46.36534573479861],[0.9973900345557979,46.36508751145674],[0.997407279581368,46.365078718443364],[0.99742811988576,46.36507176665839],[0.9980228301008873,46.3646738555672],[0.9980375002552966,46.364658730872144],[0.9980523813202092,46.36464541409524],[0.9982550389055904,46.36433285889156],[0.9982605328426034,46.36431042828544],[0.998265116367281,46.36428798710269],[0.9982799223901296,46.36361193842438],[0.9982199851898201,46.36338042475885],[0.998172307135087,46.36282466883251],[0.9983008422204548,46.362571535145904],[0.9983036846743749,46.36255627126013],[0.9983080466333273,46.36254282385277],[0.99832519552508,46.36184565555994],[0.9984469089343235,46.361679273763116],[0.9984598402385663,46.361655578418244],[0.9985336605275277,46.361296518793175],[0.9985242400969501,46.361251416440325],[0.9982855188771368,46.36081668275524],[0.9982921576506834,46.36054681242451],[0.9985119405331002,46.36032984689322],[0.9988959758681213,46.36025698801152],[0.9995547059250652,46.36030794458359],[1.000173573097121,46.36057438719902],[1.000197912753011,46.36057827207218],[1.000220089407379,46.360585731043344],[1.0010689611971682,46.36068480968844],[1.001100631869746,46.360683834487176],[1.0011298593251314,46.36068193010369],[1.0011489531855273,46.36067450388579],[1.0015502849098037,46.360497909958234],[1.0015729606269592,46.36048467801482],[1.001583361121091,46.36047400436738],[1.0015981790953343,46.36045798107693],[1.0016064335963162,46.360444582859785],[1.0016771613389912,46.36026095101243],[1.0018244467941289,46.35950502714283],[1.0019357359658472,46.35935516191497],[1.0022396032551422,46.359153573272344],[1.0027243968243256,46.358993710019284],[1.0035579670944013,46.35882533538344],[1.0039737430029387,46.358830220169025],[1.0045001292746043,46.35887689680269],[1.0046577433727326,46.35902721962303],[1.004669170505726,46.35903815029664],[1.0049949457074745,46.3592687306572],[1.0050237186028168,46.35928256976127],[1.0050546991900842,46.35929103033534],[1.0050801199066084,46.35929312796965],[1.00554379825947,46.35929766953919],[1.0055776298968,46.35929356745306],[1.0056072993715925,46.35928401594555],[1.0056301238403558,46.35927258463086],[1.005960408200533,46.35905330173803],[1.00597914784386,46.35903372544694],[1.0060556278847883,46.358935642840855],[1.0060630188388446,46.35890693528706],[1.006066504105674,46.358889427890816],[1.005888706275169,46.35821202263032],[1.005913348202783,46.35720449945331],[1.0061099155076558,46.35677668560717],[1.0069040713021349,46.35580518658438],[1.0079550093409873,46.35492846624262],[1.007964150664355,46.3549159766417],[1.0079774926044864,46.354901738201576],[1.008309425287582,46.35425144727726],[1.0090857609748758,46.35368734170017],[1.0090980253562296,46.353669491206716],[1.0091125398352472,46.353655259605475],[1.0092490363986335,46.353386910101314],[1.0092534998904628,46.35337436664957],[1.0092525506772332,46.35335995960454],[1.009251806122087,46.35333475337119],[1.0089471420675344,46.352711205054575],[1.0089672248435566,46.35188810014409],[1.0091583190371116,46.351512407246894],[1.009456541759318,46.351272940354576],[1.0100746005032857,46.351026417140446],[1.010680789977018,46.350947120487916],[1.0119671012623122,46.35109532223872],[1.0120287912721524,46.35108884511338],[1.0124842951995905,46.35095918930795],[1.0125028258248292,46.350950408421824],[1.0125248762331662,46.35094166907554],[1.0128551167966928,46.35072056687436],[1.0128739227456094,46.35070098707539],[1.0133438044749388,46.35008108873794],[1.0137090787727783,46.34975511359804],[1.0141072171157237,46.34968056998446],[1.0145695598497688,46.34968595916484],[1.0150091184007426,46.3498642999401],[1.015594792303028,46.350008346011485],[1.0156219628225338,46.35001315787262],[1.0156414914099545,46.35001158548104],[1.0156637889421185,46.3500136444808],[1.0156886506322178,46.35000673606109],[1.0161479023154414,46.34987711042531],[1.0161634479463455,46.34986829413142],[1.0161896464013356,46.34985960195329],[1.016519873410101,46.349638489245045],[1.016533222741303,46.34962649466317],[1.0171305901233634,46.34900671602087],[1.0181707432577396,46.34822515948875],[1.0187410946097955,46.34801402996999],[1.018759632331581,46.34800524822205],[1.0191559574847775,46.34778489588603],[1.0191680646626504,46.34777333791124],[1.0191917301904583,46.34775111677841],[1.0194600349310445,46.34734931248675],[1.0194645178647426,46.347335866458195],[1.0194713385151966,46.34732244753114],[1.0195493868382808,46.34683025095493],[1.0196777812235258,46.346459211014206],[1.020101462745776,46.34613299059568],[1.0205758783723928,46.34597653183216],[1.0208148931212273,46.34597930449607],[1.0208368408564283,46.34597955943505],[1.0216743922548903,46.34589928953719],[1.0217108281275875,46.34588621418362],[1.0217357925535258,46.345880202519695],[1.0221309175715774,46.34565982664063],[1.0221430236827134,46.34564826744676],[1.022157467404482,46.3456367361984],[1.0227987987495437,46.34495400267247],[1.0237356269577664,46.34474889130314],[1.0237643947869461,46.344735726514386],[1.0237918039097156,46.3447252467267],[1.0241166815994491,46.34450765024604],[1.0241517367202644,46.344465761259386],[1.0242712350785084,46.3441927021487],[1.0249437927474132,46.34394852967025],[1.0249607446295768,46.34393522652311],[1.02498174362963,46.34392647293285],[1.0253656944478364,46.343629467453084],[1.025895402651125,46.34343042870662],[1.027098942382583,46.34353251276214],[1.027122178488761,46.343528285948835],[1.0271593686912377,46.34352421325746],[1.0271839136985714,46.34351099796594],[1.0272115005210571,46.343493322546394],[1.0272208965169498,46.34347543679642],[1.0272308954113674,46.34344855576562],[1.0272324515309912,46.34334869205182],[1.0272308528416436,46.343331576227115],[1.0271295785010315,46.34306945766832],[1.027490566514234,46.34286216807625],[1.027895699093803,46.34286684390307],[1.027960898277605,46.34285679983643],[1.0280112153230125,46.34282318593542],[1.0280289218548058,46.342778398830546],[1.0280343291134084,46.342553506291075],[1.0280270957527393,46.342535422878015],[1.028018785080339,46.34250833583215],[1.028003148771044,46.342499152396535],[1.027978949266605,46.342479079356714],[1.027225061416755,46.34211944803858],[1.0269460173482923,46.34183727694153],[1.0269510162391895,46.341545792808034],[1.0269482201302305,46.341524164197494],[1.0268248299523965,46.34125279271484],[1.0268149582175023,46.3412418830675],[1.026794519356892,46.341216448724765],[1.0260473542006308,46.34068141754466],[1.0258763205550092,46.340349206306136],[1.0258253948109315,46.3398150194988],[1.025769141862922,46.33950213447997],[1.0257575376346522,46.33947950205579],[1.0253915418968242,46.33894887392003],[1.025408943257765,46.33822651598108],[1.0255968417051837,46.337976736008],[1.025604781612898,46.337965128630636],[1.0257343247051929,46.33771107507359],[1.0258883607658946,46.33757248431072],[1.0269450086194973,46.3374569158327],[1.0269659620107023,46.337449960832195],[1.0269957331073005,46.33744400336856],[1.0273896930441302,46.337268588269716],[1.027408154200864,46.33725710160979],[1.027419062601225,46.33724643182773],[1.02743471964078,46.33723311404604],[1.0274428733264034,46.337217909941565],[1.0275802840823507,46.33690635867783],[1.0276818008238866,46.33673656263804],[1.027999568225121,46.336704236532576],[1.0280220759398364,46.33669729832841],[1.0280465805845167,46.33669398236425],[1.0286737497414506,46.33644206757765],[1.0293018478923133,46.33644841011526],[1.029331001732245,46.336440648886565],[1.0293493603323585,46.336439061212566],[1.0293702932193867,46.33642760346983],[1.0298128265559363,46.33617625618409],[1.0303159806803188,46.33605157547136],[1.030340876864278,46.33604286488174],[1.0303541438173096,46.33603131862478],[1.0303714369940449,46.33602522303213],[1.0303827023876695,46.33601050396524],[1.030992346574112,46.3352045297858],[1.0310025010957615,46.335171354892005],[1.031005183554575,46.33515699011185],[1.0309955282603505,46.33513707974152],[1.0309830816821153,46.33511444051257],[1.0306758640138711,46.334804963314],[1.030614124096217,46.33467377755811],[1.0302341528509038,46.33416729957547],[1.030216833116277,46.3341527044132],[1.0295213541527337,46.333653381981144],[1.0289604157762637,46.332891064444496],[1.02894383733486,46.332872879785754],[1.0281201419572448,46.332282990330256],[1.0278093195527644,46.33197346219449],[1.027786529098305,46.331959700643004],[1.0277581349417402,46.33194137348053],[1.0276344967048152,46.331896754347454],[1.0276127247223805,46.331894703957026],[1.0275970563390018,46.33188732495359],[1.02724613727145,46.33184098487552],[1.0271933644223321,46.331507437778335],[1.0271830834895745,46.33149202177714],[1.0271655556461619,46.33146482188372],[1.0268090350274042,46.331165566398],[1.026760859004244,46.33080327630881],[1.0268898124128514,46.33050782269664],[1.0268902015205705,46.33049163209214],[1.0268958701032,46.33047190465866],[1.0268373488297369,46.33015628543115],[1.0268301160098918,46.330138207293885],[1.0263941976994295,46.32927383732738],[1.0261501555381785,46.32892188212266],[1.0260950599491638,46.32861530490107],[1.0260688923392738,46.32857451231197],[1.025810613624083,46.32834207026095],[1.0256139278772844,46.32820032149288],[1.025591645705435,46.32818971910197],[1.0251602368435064,46.328010615272696],[1.024998743649461,46.32785577387355],[1.0248185839966644,46.32746226289869],[1.0248112442854145,46.327448684725454],[1.0246982144178651,46.32728810371412],[1.024698995151545,46.32725572343049],[1.0247939170759366,46.32719203072135],[1.0248046979344712,46.32718135899201],[1.0248179676750437,46.3271698170355],[1.024828917520368,46.32715194580408],[1.0248311697344805,46.327133975165],[1.0248373012600787,46.32695498181955],[1.0248324988766486,46.3269387255449],[1.0248256607808395,46.326909855857146],[1.0248062706818692,46.326895230216316],[1.024788476367007,46.3268788298225],[1.0245808956110205,46.3267666466804],[1.0245852317620103,46.32658673226],[1.0250397134938805,46.3265919902376],[1.0250657901990488,46.326587796071834],[1.0251048938043492,46.3265819477846],[1.0253602308484304,46.32649671867271],[1.0254117613345832,46.3264658212674],[1.0256778998333564,46.32620164840905],[1.0259255105180733,46.325994853594274],[1.0266416593670278,46.3256027062684],[1.026658241056482,46.32558850298708],[1.0276610139951532,46.32469215982924],[1.0276745178990234,46.324678813798535],[1.027811068422066,46.32445543483562],[1.027817948873301,46.32443931963655],[1.028095933859159,46.323627285767444],[1.028098968252308,46.323603922290836],[1.028042691117775,46.323243344214625],[1.0280278933480118,46.323216176321175],[1.0280166335347378,46.32319805286655],[1.0279165268174728,46.323088920871065],[1.0279210242458026,46.32290180500588],[1.0279864587832728,46.3228809671524],[1.0280037504696546,46.32286946833065],[1.0280351512670995,46.322849134077515],[1.0280436818734335,46.32282943360014],[1.0280532852331963,46.32280255286449],[1.0280557262124643,46.32261721642684],[1.0280517661826827,46.322595574849366],[1.0280435855963053,46.322581984128895],[1.0280264497074518,46.32256828526941],[1.028014955053094,46.322554659713134],[1.0276274149163385,46.322316228066214],[1.0276672539608007,46.32221500727342],[1.027713043808816,46.32218224676491],[1.02773029213307,46.322164446463994],[1.0277418885109981,46.322146582563576],[1.0277435534434196,46.322128605314724],[1.0277480077857946,46.32199458270677],[1.0277431423101129,46.321975629504955],[1.0277361099329243,46.321949454385624],[1.0277158562763662,46.32193302537059],[1.0276914978775908,46.32191429683873],[1.0276591946267772,46.32190717390931],[1.0276269321511402,46.3218987041488],[1.027098049963517,46.32185120678048],[1.0267469373324205,46.32159969409542],[1.02672199481802,46.32158906111753],[1.0256417872126022,46.32117480306456],[1.0254296107395229,46.32102207772663],[1.0253788701634055,46.32064806448733],[1.025361454319752,46.320616370481346],[1.0253539453822353,46.320604584589745],[1.0248615302550825,46.32007338986307],[1.0247345382130215,46.319800168479986],[1.024716643597633,46.31978556599037],[1.0247007411420275,46.319771887078446],[1.0246847284458744,46.31976270101948],[1.0242346388972172,46.319577527946464],[1.0241700009447654,46.31956508011527],[1.0233804749151927,46.31955593719613],[1.0232747502215047,46.31948092483666],[1.023325266479587,46.31931954546137],[1.0235103948626143,46.31915522096041],[1.0235205028365513,46.31913463929465],[1.0235315852720195,46.31911137496807],[1.0235357293555822,46.31893955303457],[1.0235360544681755,46.31892605815492],[1.0235311177957522,46.318909806667975],[1.0235278498136127,46.31889447046961],[1.0235216839016843,46.31888090082564],[1.0235037716641104,46.31886989724545],[1.0234898359513314,46.31885534070521],[1.0229436501721685,46.31855206907295],[1.0226467098836867,46.31780627094507],[1.0226284879511909,46.31778626329384],[1.0226088469207724,46.31776893868258],[1.0216757289040985,46.317277611859716],[1.0215672601336208,46.31699380444248],[1.0215100090536784,46.31672949500793],[1.0214975276205207,46.31670865365913],[1.0214822122155058,46.316686877653595],[1.0209425552597224,46.316297287906],[1.0208053285105436,46.31606443850778],[1.0210970676697941,46.31532547142319],[1.0209512500699007,46.3149593483466],[1.0208589773309156,46.31480080852263],[1.0210051558143003,46.31466302968683],[1.021232560516884,46.314656672097264],[1.021517467079162,46.314635682689094],[1.021675374518415,46.31460331953269],[1.0225086746982939,46.31409288298148],[1.0227687124906375,46.31375666446912],[1.0227078364458824,46.31331954027679],[1.0226750595290686,46.31267578654593],[1.022617493079081,46.31259143144512],[1.0221701324808272,46.31186008577254],[1.0220611867501326,46.311429601866045],[1.02207781449771,46.31129482122594],[1.0221245354802737,46.31119368745675],[1.0221565937272385,46.3110923774786],[1.0221719744329063,46.31087479836255],[1.0222223657129486,46.3107719015432],[1.0224664985542236,46.31061005987649],[1.0224826220245709,46.31059585198662],[1.0224966654631409,46.310576221466185],[1.0225037631757732,46.31055110637608],[1.0225083587981394,46.31043597940711],[1.0225620820441317,46.31036191765139],[1.0225699148089897,46.3103440114589],[1.02263624753577,46.31009733230865],[1.022983085351205,46.30986559452464],[1.0241979889766815,46.309616015979245],[1.0242193048525219,46.30960456955128],[1.024252122141557,46.30958965200835],[1.0245184661215807,46.30936778032943],[1.0245305793343742,46.30934992031631],[1.0245409865422808,46.309338341414886],[1.0246079738226928,46.309204143699475],[1.0246109216601524,46.30918438449035],[1.0246148778049937,46.309162834948026],[1.024562111957846,46.30862322738962],[1.0245585856399821,46.30860789122137],[1.0244392183050943,46.30834555951361],[1.0243936629308217,46.30763866680019],[1.0243449347611466,46.30691823914998],[1.0243399341126962,46.30690468251515],[1.0243351775745841,46.30688663353869],[1.0240992477727446,46.30650417344768],[1.0241602930337441,46.30627722293438],[1.024484153019971,46.30588775187096],[1.0244910323440128,46.30587163053733],[1.0245003746808077,46.30585554471088],[1.0245750307925667,46.30545148824303],[1.0245729273746451,46.30543616593244],[1.0245732534176664,46.305422671952],[1.0243986956463071,46.304853760750134],[1.0245381707497048,46.304286685393095],[1.02453860471847,46.30426869040134],[1.0245025271872077,46.303174085178284],[1.0248162940366443,46.30287897364583],[1.024824515914753,46.3028610749629],[1.0248328275277503,46.302834173873734],[1.0248427502115505,46.30242216516686],[1.0250682957498303,46.30227000905689],[1.0250858607377038,46.302252215601186],[1.0251942234729867,46.302113997893045],[1.025830076216461,46.30126921949986],[1.0260378357261632,46.301046660963664],[1.0266038565718971,46.300723871705195],[1.0274669852760931,46.30056557537859],[1.0274853691195824,46.300556790702096],[1.0275190737245408,46.300540083464604],[1.0275358822917826,46.30051868433747],[1.0275492732000067,46.30049904284948],[1.0276202411073834,46.30019571808823],[1.0282082114602453,46.29949884532412],[1.0282134703811188,46.29948540701086],[1.0282257328829187,46.29946125384602],[1.0282668279638854,46.29910179982511],[1.0282635392185402,46.29908736052448],[1.0282589245800153,46.29906301247531],[1.0278792902285883,46.298383761651245],[1.0278555155792728,46.29834119281306],[1.0274971322266797,46.29736704145681],[1.0275050238923753,46.297038696637564],[1.0280145998579107,46.296313019641666],[1.0280274851260054,46.29626817790568],[1.0280049476214004,46.29622292642484],[1.0279537234861922,46.29619354408059],[1.0278878410086623,46.29618558009471],[1.0278237315731662,46.296201039412644],[1.0277803016392344,46.29623653200805],[1.0272608582450709,46.296972887605264],[1.0272543928246527,46.29698810739423],[1.027243664471042,46.29701318148247],[1.027235014336371,46.2973730108217],[1.0272395971573303,46.2973982609339],[1.0276081488777429,46.29839772756162],[1.0276362730875341,46.29844844164868],[1.0280047018817549,46.29910777005963],[1.0279682333881424,46.29942588556004],[1.0273791235240064,46.3001267971032],[1.0273640761668086,46.30015316555415],[1.0273047868742216,46.300410734071434],[1.026508096688463,46.30055449360443],[1.0264789538822123,46.30056765584517],[1.026449104380941,46.30057810716842],[1.0258551971127259,46.3009158756225],[1.0258368520265477,46.300933661071674],[1.0256035075700456,46.30118111134502],[1.0249625403287117,46.30203033154981],[1.0248698897194621,46.302152533113976],[1.0246087549885126,46.3023321770529],[1.0245912093527356,46.30235446915207],[1.0245848490181955,46.30237599141926],[1.0245727213508695,46.30280416651012],[1.0242659065471575,46.303090359780704],[1.0242575803943674,46.30310196213079],[1.0242507235298706,46.303117181281834],[1.024241188606828,46.3031409147721],[1.0242767158522885,46.30425846010243],[1.0241354009963255,46.30483721310966],[1.0241374303172448,46.304855231011494],[1.0241370625975628,46.304870523981876],[1.0243130494230217,46.305444850541036],[1.0242441505970878,46.30581478429108],[1.023921888430421,46.30620248000139],[1.0239163734148673,46.30621590828907],[1.023908258455292,46.30622931309325],[1.0238344042242433,46.30650290583884],[1.023839126578877,46.30652275936324],[1.0238434021621268,46.30654980037897],[1.024085770588278,46.30694493195021],[1.0241325934717387,46.30764733771944],[1.0241814806181413,46.30837226567164],[1.0241849624484058,46.308389406197705],[1.0243043273610173,46.308651738147994],[1.0243532879093646,46.309163401477896],[1.0243025667832264,46.30926359928142],[1.0240761025738618,46.30945264053337],[1.0228754800950255,46.30970237640638],[1.0228546861231134,46.309708436115564],[1.0228164763577685,46.30972598806541],[1.0224138445797846,46.309999367112326],[1.0223889165005704,46.310031473309245],[1.02232126726177,46.310289839314834],[1.0222608949564873,46.31037012415625],[1.0222563714692885,46.31038537019697],[1.0222470026752548,46.31040775708901],[1.0222446147774862,46.31050670876815],[1.0220189350220854,46.310657065038754],[1.0220039650614867,46.31067488510991],[1.0219838870284825,46.31069984956486],[1.0219187484575345,46.310826870104265],[1.0219171225903292,46.310840344214206],[1.0219103070870945,46.31085376334532],[1.0219266031199241,46.31108791060252],[1.021859026552518,46.31141825977686],[1.021832418472475,46.3115412311271],[1.0218968694131396,46.311829919400815],[1.0219997843192608,46.31198858199083],[1.0220815600939301,46.31209751332633],[1.0223070947515724,46.31258783343242],[1.0224975371741785,46.313206424077954],[1.0225099699043498,46.313231765565625],[1.0225689233680277,46.313361122232195],[1.0226203151110198,46.31359927514584],[1.0225044123390117,46.31382828488076],[1.0214366181502776,46.31454206016209],[1.0210241852799566,46.314579569164465],[1.0209940219221696,46.31458641702113],[1.020961299860011,46.31459683335841],[1.0209495992998547,46.314608396696585],[1.0209014338639106,46.31455384973081],[1.0207318667803769,46.31458517336416],[1.02067207372117,46.31464116960462],[1.0206227538202104,46.314699080824006],[1.0207747043552944,46.31496180049972],[1.0207755722646756,46.314985202816295],[1.0207789010356878,46.31500863977549],[1.0207901919282276,46.315024965762426],[1.0209604994174553,46.31523210400159],[1.0209581742060612,46.31532835446373],[1.0208313849461028,46.31553969436087],[1.0206873142265864,46.31591820163039],[1.0206777565171514,46.31623842650879],[1.020679767107525,46.31625194846143],[1.0206872314469337,46.316265533631054],[1.0206948424564306,46.316283616122014],[1.0207060078644001,46.31629454259913],[1.021256709509158,46.31678054407637],[1.0213116860115774,46.31703133253997],[1.021437568059017,46.31735763311719],[1.0214541861386153,46.31737402090407],[1.0214744370773803,46.31739585469018],[1.022407746319,46.317887185569184],[1.0227048111457837,46.31863298562212],[1.0227233310302197,46.31865119691339],[1.0227458987278366,46.31867395429838],[1.023274127123199,46.318968015876166],[1.0232715233605407,46.319075967659565],[1.0230990142872327,46.319228741459085],[1.0230892689912572,46.31924482290397],[1.023074510094582,46.31926444560341],[1.0230030002602515,46.319488578352974],[1.0230049646242625,46.31950929738109],[1.0230072421157674,46.31953361855802],[1.0230198341142662,46.319549959656946],[1.023043890106454,46.31957543605312],[1.0232354533592771,46.31970993027099],[1.0232559440666988,46.3197218631627],[1.023279684936926,46.31972843619434],[1.0233127083378626,46.31973241754674],[1.0241292240897941,46.3197427729421],[1.0245072971897105,46.319898323173796],[1.024616096223941,46.32013713405276],[1.024627844061593,46.320153467533444],[1.0251210815879637,46.3206855719947],[1.0251727236286807,46.321070398345086],[1.0251748408928403,46.32108481828809],[1.0251862200505533,46.321097545898304],[1.0252015680020683,46.32111842295912],[1.0254645461203764,46.32130772685629],[1.025489588935846,46.321319712985854],[1.026569959845096,46.321732628645705],[1.0269401784925576,46.32199965490934],[1.0269542456005432,46.32200881414876],[1.0269800386791992,46.32201631006087],[1.0269980486222103,46.3220237153399],[1.0270187795786918,46.32202575419875],[1.0274853416457377,46.32206713700891],[1.0274848659574203,46.32208692463982],[1.0274571676229316,46.322104605257834],[1.0274237148923515,46.32214561125695],[1.0273515243552642,46.3223283404937],[1.0273538167432923,46.322351764647436],[1.0273556959999222,46.322376081502085],[1.027373574206386,46.322394281773285],[1.027392616612508,46.32241250219528],[1.0277944852476173,46.32266009109158],[1.0277924307073338,46.32274555416378],[1.0277282659161422,46.32276730923087],[1.0277005675430597,46.3227849836053],[1.0276791615271164,46.32280003399936],[1.0276614612077564,46.3228448202563],[1.0276567045418543,46.32311831120928],[1.0276756384905146,46.323162623630054],[1.02778450071396,46.32328085996892],[1.0278366386177364,46.3236080981324],[1.0275670424431869,46.32438963300554],[1.0274397723730824,46.324599620502646],[1.0264696086407648,46.32546574504658],[1.0257534603189753,46.32585789219789],[1.0257349522900157,46.32587117023293],[1.0254619409111165,46.32609747081654],[1.0252133096618568,46.32634654728141],[1.0250156072002743,46.326411746829585],[1.02445854577456,46.32640530136855],[1.0243932926597097,46.326418045351716],[1.024344225880105,46.32644896970596],[1.02432652161717,46.32649375632606],[1.0243189313623327,46.326808611265704],[1.0243249906072847,46.32682667555062],[1.0243313304950783,46.326849244868335],[1.024352328418729,46.32686748166677],[1.0243691425101527,46.3268811745848],[1.0245743032115384,46.32699153086579],[1.024571917467876,46.327090483282824],[1.0244782031141746,46.32715238352501],[1.0244626456026011,46.32716750501337],[1.0244479902510348,46.327188031350985],[1.0244403272830664,46.32720953822442],[1.0244355641348715,46.327304863524496],[1.0244514478974647,46.327346439354955],[1.024570448307136,46.32751788092124],[1.0247543756399904,46.32792223333694],[1.0247659054871676,46.3279340655162],[1.0247732450572162,46.32794764909274],[1.0249593225045162,46.32812526729046],[1.0249829088260898,46.3281408348457],[1.0250032107200062,46.32815546543868],[1.0254353707339194,46.32833322993122],[1.0256117075794287,46.328459446060684],[1.025838180600557,46.32866182801301],[1.0258920448945363,46.328954892566436],[1.02590325703912,46.32897752005286],[1.0261515159672885,46.32934032095125],[1.0265780536185949,46.330183886000256],[1.0266323574342868,46.33047515526029],[1.0265031388455401,46.33077060581461],[1.0265027715805728,46.330785899647395],[1.0264970182527875,46.33080382679215],[1.0265532013274243,46.331216599662156],[1.0265635248432332,46.33123021675739],[1.026581061636234,46.33125741060031],[1.026937537279161,46.33155847203797],[1.0269923047497946,46.33189789158757],[1.0270067995083376,46.33191920031754],[1.0270211918901717,46.331939166052145],[1.0270939826450367,46.33199129886781],[1.0271188734712775,46.33200147949605],[1.0271538897803807,46.33201448270738],[1.0275266465219015,46.332060181346876],[1.02761315772266,46.33209267256834],[1.027912510710454,46.332393071819205],[1.0279252367723564,46.332404014583204],[1.028742546764533,46.33298933087314],[1.0293046918740458,46.3337525684233],[1.029321362891418,46.33376985477042],[1.0300110356868462,46.3342619089815],[1.0303748844022982,46.33474480666704],[1.0304315992496893,46.33487143619413],[1.0304414484328384,46.334883248608215],[1.030449181626135,46.33489683586736],[1.0307243962073236,46.33516995136791],[1.0301797564500748,46.33589253733049],[1.0297038997643417,46.33601123092116],[1.0296829892104553,46.33602178655467],[1.0296645659092551,46.33602607631714],[1.0292418560084937,46.3362686537803],[1.028639105619139,46.33626170352022],[1.0285713758027872,46.336274420741226],[1.027935142861751,46.336530726020094],[1.0275730024653171,46.336566139272826],[1.0275075720427536,46.336586080063284],[1.0274676315022975,46.33662611456335],[1.027332345307913,46.33684950531669],[1.0272074070945356,46.33713421268639],[1.0268725377702559,46.337283312260205],[1.0257884780974973,46.33740441324674],[1.0257586830598642,46.337411714806024],[1.0257336567579847,46.33742042486541],[1.0257185588727877,46.3374323982753],[1.025513485820917,46.33761314177171],[1.0255053459153607,46.33762744343233],[1.0254933994678754,46.337638107666876],[1.025359468427554,46.33790200403953],[1.0251622798524664,46.338167874059],[1.025148550135643,46.33820100996738],[1.025130126891572,46.33896564506304],[1.0251453723819086,46.33900721321556],[1.025509807372974,46.33953512458899],[1.025564976779638,46.3398390068862],[1.02561955975471,46.3403804334934],[1.025622980483607,46.34039757010785],[1.025807817053598,46.340755136482464],[1.025822977089597,46.340773308700776],[1.0258383868506853,46.340791480738076],[1.0265839966215464,46.34132649536992],[1.0266916249298916,46.34156169660475],[1.0266848507733506,46.341867555742716],[1.0266903988438012,46.341882914126735],[1.0267038360539908,46.34191276616476],[1.0270313150845574,46.34223958786241],[1.02705683483823,46.34225877960788],[1.0277710197349783,46.34259995417582],[1.0277689644089827,46.34268541704469],[1.0274442346043138,46.342681669109055],[1.0274205526741802,46.34268319501977],[1.0274037536034726,46.342690199503934],[1.0273789614641904,46.34269441475417],[1.0273592633795239,46.342703184078964],[1.0268934011733013,46.3429709017555],[1.0268752719079934,46.34299003788305],[1.0268551764354057,46.34301500296666],[1.0268548080817474,46.34303029135439],[1.026855656935185,46.34306000022785],[1.0269658040912844,46.34334201440139],[1.025873758875616,46.343250214254326],[1.0258505745074284,46.34325264831185],[1.0258133267885328,46.343258964252755],[1.0252174258076425,46.3434792819385],[1.025201691023113,46.34349079839634],[1.0251804282651757,46.34349955015698],[1.024799354571367,46.34379568520399],[1.0240938333926208,46.34405432260916],[1.0240669816345753,46.34406886100654],[1.0240484032110662,46.344087539444494],[1.024037016816382,46.34410450501061],[1.0239090340033645,46.34439546609514],[1.0236262593616268,46.34458565514714],[1.0226740516835668,46.344793289347244],[1.022647805935778,46.34480378184414],[1.0226165649718577,46.34481691786917],[1.0226045514083848,46.34483027751808],[1.0219510034842452,46.34552906919958],[1.0215977690916094,46.34572563495488],[1.0209063598430157,46.34579139833581],[1.020569776067683,46.34483187838313],[1.0205636222284424,46.34481741171836],[1.0202567066641834,46.34428115450702],[1.0199682298883055,46.34289656887452],[1.019960717754033,46.34288478263623],[1.019955829148088,46.34287212950481],[1.0195792193133173,46.34232786413387],[1.0195701446716943,46.34231605972742],[1.0187924893839073,46.34149718031035],[1.0187593277861025,46.34146080165668],[1.01810453999348,46.3397435223528],[1.0180707058460625,46.339702633402496],[1.0180115092813522,46.33967944913913],[1.0179450093467213,46.339678676529644],[1.017885969872723,46.33970228463018],[1.0178511991834085,46.33974327323421],[1.0178514097015747,46.339788265985476],[1.018512511424404,46.34152362036089],[1.0185223826252692,46.34153453705058],[1.0185284833720445,46.341550802631176],[1.0185769634295871,46.34159815669567],[1.0193470500526778,46.34240795260047],[1.019712668727354,46.34293409741962],[1.0200036833961168,46.34432320642892],[1.0200083818381058,46.34434125806937],[1.020316603244612,46.34487753055248],[1.0206398497596962,46.345797310007825],[1.0205477491038608,46.34579624135796],[1.0204883559806064,46.3458076971852],[1.0199662566336243,46.34598025341436],[1.019946490834005,46.34599172348073],[1.0199256254217426,46.3460004784895],[1.0194609710699178,46.34635501231275],[1.0194298764905103,46.34639964217588],[1.019290805800129,46.34680385036935],[1.019213395152119,46.34729066147601],[1.0189665752484955,46.34765851985959],[1.01860433135113,46.34786127226889],[1.0180249561932528,46.348074993307485],[1.0180105761358047,46.34808382920635],[1.0179895744232994,46.348092581508205],[1.0169307090420519,46.348890113653766],[1.0169187365338248,46.348901668339934],[1.016326722027884,46.349517463129594],[1.0160241265559367,46.349719102636925],[1.01563812923511,46.34982888554795],[1.0151126130902624,46.34970128364415],[1.014675188733778,46.34952072402288],[1.0146105175287925,46.349508271714804],[1.0140908961083739,46.349502214603326],[1.0140621188812846,46.34950458131982],[1.0135908499166668,46.34959131595053],[1.0135686860815267,46.34960230179949],[1.0135344088852623,46.349617202936095],[1.0131307588172545,46.34997692206808],[1.0131185919902368,46.349991181555126],[1.0126579047612516,46.350601285936335],[1.0123581896807299,46.35080115121702],[1.0119644429494654,46.350913526931166],[1.0107033669862353,46.35076741918671],[1.0106786132478445,46.350769831848226],[1.010657828652102,46.35076958897729],[1.0100049154312005,46.35085193777439],[1.0099721845593705,46.35086190349717],[1.0093071232719324,46.3511227201233],[1.0092909468449396,46.35113602917211],[1.0092741441880546,46.351143030100104],[1.0089427789360448,46.351409105239895],[1.0089330552936426,46.35142428340563],[1.0089185625127395,46.351437612800005],[1.0087138192022207,46.351840142752266],[1.0087123253951706,46.35185361809196],[1.008705500206136,46.35186703724524],[1.0086846449482596,46.352721631722474],[1.00869232175015,46.35274511699764],[1.0089875675258937,46.35335505418797],[1.0088752916457635,46.353578702134804],[1.0080988650576916,46.35414099959501],[1.0080866000476387,46.35415885538105],[1.0080721154360257,46.354172184822275],[1.0077365011058628,46.35482962312427],[1.0066829300986557,46.35571260885988],[1.005875062141737,46.356697447286194],[1.0058645536389275,46.35671262229401],[1.005658380875984,46.35717181492593],[1.0056515555736039,46.357185233910194],[1.0056262494935093,46.358219741160305],[1.0056289082472714,46.358233267478866],[1.005798404644018,46.35888583198705],[1.0057634808688305,46.35893221273145],[1.0054860077791545,46.35911792618607],[1.0051388362213383,46.35911385266875],[1.0048619513147519,46.35891443681708],[1.0046730723659754,46.35873810460031],[1.0046533610277193,46.35872302599744],[1.0046314471912436,46.3587155715823],[1.004609362387882,46.35870991388208],[1.0045900074342289,46.3587042823313],[1.0039982020130167,46.35865144192278],[1.0035363921578284,46.358645117066594],[1.0035069834622703,46.35864927346719],[1.0026495299809537,46.35881915965658],[1.0026298880714495,46.35882522988083],[1.0021045846362253,46.358999017525086],[1.0020900719127395,46.359007843770286],[1.0020704075349065,46.35901480975988],[1.0017400641535994,46.35923588033588],[1.001721306816355,46.35925635910699],[1.0015787942588452,46.35944454368514],[1.0015678891691737,46.359467813681455],[1.0014205405561782,46.36022373347448],[1.001365075112761,46.36036525837573],[1.0010550839105716,46.36050378086036],[1.000291638798375,46.36041380621399],[0.9996679436959989,46.36014280635576],[0.9996473491378896,46.36013986800545],[0.9996139166394972,46.360130476597824],[0.9989003992037553,46.360077075314834],[0.9988755135075108,46.3600794777741],[0.9988507030491077,46.36007918558024],[0.9983950237073986,46.360163794539886],[0.9983729151318264,46.36016983515973],[0.9983556053833086,46.36018133033316],[0.998335962738403,46.36018739351561],[0.9983213149997232,46.36020162147377],[0.9980495720625434,46.36047016338304],[0.9980324867465864,46.360509555322594],[0.9980227872056261,46.360829777440216],[0.9980300980084487,46.36084966392001],[0.9980320371576462,46.36086588098262],[0.9982684593487899,46.36129339132517],[0.9982019620465387,46.361619245019035],[0.9980776729403086,46.36178694779731],[0.9980634033792585,46.36182007125946],[0.9980459619347447,46.36252893618179],[0.9979175849689342,46.36278116891756],[0.9979157961643891,46.362800946976414],[0.9979118216795013,46.362822496283435],[0.9979612319399471,46.36340796904807],[0.9980189164088028,46.36362820726788],[0.9980029357892992,46.364277696326155],[0.9978218855190732,46.36455720786349],[0.9972602214720432,46.364933005492595],[0.9964625367416109,46.365175541232816],[0.9955216151460831,46.365164425217486],[0.9949584712283901,46.365072286938286],[0.9949272804480606,46.36507191778023],[0.9948911591087203,46.36507149074465],[0.9934264324308933,46.36531780954487],[0.9924290366461441,46.36517732607646],[0.9916618159055934,46.364990966702436],[0.9916408363257346,46.36498802105285],[0.9916189839826028,46.36498326121219],[0.9903000611599517,46.36496762044763],[0.9901987997323094,46.36454799771131],[0.9901886722377536,46.36452898073117],[0.9900118435426437,46.36427133008867],[0.9900158521666894,46.36410940628167],[0.9900048027643121,46.36407778220991],[0.9899986414113275,46.364064209950854],[0.9898104139286973,46.363794727407345],[0.9897965888317974,46.3637783655001],[0.9890644830554153,46.36320908051097],[0.9890731732671934,46.36285824980118],[0.9893309727437268,46.36247258365005],[0.9893380924639189,46.36244746988456],[0.9893426126532013,46.36242773015745],[0.9892920713375232,46.36189172878506],[0.9893020964134057,46.361486920077944],[0.9898568210484487,46.361156070511925],[0.9898737661060695,46.36113827655187],[0.9898911271252047,46.36111688417855],[0.9901020369219765,46.36041212061949],[0.9905586365014105,46.35993342951586],[0.9905694846327938,46.359904762130505],[0.9905764258419288,46.359886850330724],[0.9905857727982349,46.35950902992059],[0.9908369068926006,46.35921056470549],[0.990849892532355,46.359192721563375],[0.9909193008891692,46.35901357900724],[0.9909215655621099,46.358995609109805],[0.9909324400136813,46.358629502951906],[0.9909263002652151,46.35861503485095],[0.9909140209765315,46.35858609324689],[0.9903603799250306,46.35796584010169],[0.9903096930815443,46.35753511911324],[0.9902972582536218,46.35751247550766],[0.9902876351015477,46.357491664964265],[0.9899669667241272,46.35712612617517],[0.9896024527993257,46.35682035525744],[0.9894282166003953,46.356299085135795],[0.9892498639770753,46.35543762637498],[0.9889379706258016,46.35484183328898],[0.9889176293732629,46.35482359168583],[0.9888970908095467,46.3548026515206],[0.9877740652981165,46.35408743656034],[0.9876695296368558,46.35389543176255],[0.9875696149794557,46.35268396487692],[0.9874552111637823,46.3521040111631],[0.9875363829830329,46.351450801679285],[0.9877463394175198,46.35069743510137],[0.9878851622114607,46.35033915437563],[0.9878854976093625,46.35032565967271],[0.9878883060673955,46.35031219420489],[0.9878385734587553,46.34953459825417],[0.9873530095634288,46.34831719675544],[0.9873668381695455,46.34775946985975],[0.9874989299135648,46.34745779444653],[0.9875020857724152,46.347438035183984],[0.9875164798623668,46.34696489712806],[0.9878335554182545,46.34662312861071],[0.9878477889955497,46.346604403479255],[0.9879171992070865,46.3464252572046],[0.9879188564738695,46.346408182776614],[0.9879317031893661,46.34593952117798],[0.9880491079844336,46.34582124064172],[0.9880560482314377,46.34580332896376],[0.9880668936048798,46.345774660842636],[0.9880704603016945,46.34563073239149],[0.9880607734021728,46.34561261733556],[0.9880546799654508,46.34559635011101],[0.9880444251940365,46.34558543113161],[0.9871605115261628,46.3447668665243],[0.986170158725486,46.34352050625803],[0.9861139887929662,46.34321839592929],[0.9860667330436512,46.342551952705215],[0.9860617475259608,46.342538400010206],[0.986058511433035,46.3425221615205],[0.9856930345677409,46.34190412312417],[0.9857044220166522,46.341445341111346],[0.9859001867895566,46.341101239761876],[0.9859029042137912,46.34108597389376],[0.9859088942482593,46.34105904781587],[0.9858518295835068,46.34074073196062],[0.9858416950753449,46.34072531376134],[0.9858371150293036,46.34071085754216],[0.9855373958537113,46.34032306067453],[0.9855617303267561,46.33926154679221],[0.9855602291014927,46.339240836017055],[0.9852581900062484,46.338533562780334],[0.9853346339279271,46.33797657620289],[0.9854610123229763,46.33769013843393],[0.9860420759133949,46.337215645467815],[0.9860512407712282,46.337202256311514],[0.9860621585602546,46.337191589610846],[0.986458791148415,46.336536732899965],[0.9873171188660664,46.33582978034833],[0.9873278287981923,46.33580651538304],[0.9873381876236068,46.335789538754675],[0.9874196644296791,46.335099437647735],[0.9881200164643594,46.33458496191852],[0.9881355077843698,46.3345680515026],[0.9881490063781937,46.33454751276262],[0.9881487395322258,46.33453221488512],[0.9881527858241106,46.33444227658984],[0.9882920046882204,46.33438094640222],[0.988316585911152,46.33436414145971],[0.9883383554420315,46.33434550247192],[0.9883452261803847,46.33433028643855],[0.9887580342295871,46.3333453761907],[0.9887611006053416,46.333329217456836],[0.9888594889515614,46.33203912783395],[0.989037851170471,46.33180279179893],[0.9896784186643588,46.331376681999984],[0.9908514198086878,46.330809312804625],[0.9908633713191193,46.3307986575936],[0.9908789976684034,46.33079164589871],[0.9913423520169329,46.33039221453701],[0.9913529259638326,46.33037434600579],[0.991366177036704,46.33036370644379],[0.9915038668025472,46.330048594285785],[0.991507899828146,46.3300009546354],[0.9914750939389502,46.32996186883202],[0.9914185548523011,46.32993690304927],[0.9913494663520598,46.32993608350006],[0.9912893078894445,46.329957865629034],[0.9912546720857965,46.32999795072558],[0.9911239715915725,46.330293345595344],[0.9906859787114565,46.33067057534079],[0.9895183063531398,46.33123260251846],[0.9895014619493483,46.331241399475914],[0.9888423164489152,46.331683487872354],[0.9888222589457867,46.33170394336737],[0.9886187672365379,46.33197147581264],[0.9886096357522282,46.33199386257599],[0.9886015338971116,46.33201176639318],[0.9885033459595648,46.33330635425249],[0.988109825972598,46.33424650199539],[0.9880478140242036,46.334274561442584],[0.985058933855074,46.33190840838155],[0.9849659549221534,46.33184431534964],[0.9843442118378368,46.33139597945716],[0.9842876303541032,46.331372808188746],[0.9842190587519422,46.33137199078811],[0.9841600682961492,46.33139378268186],[0.9841252911762346,46.33143386411481],[0.9841226182573768,46.3314788235719],[0.9841555941552516,46.331521506819904],[0.9847794103289044,46.331969867782945],[0.984867504537598,46.332032104593566],[0.987891042828016,46.334425671357565],[0.9878894373412771,46.33449043765963],[0.987189989669873,46.335002221170484],[0.9871784398693858,46.3350200775162],[0.9871637077129624,46.33503790288057],[0.9871621997592556,46.33505138320555],[0.9870826286577972,46.33574060627191],[0.9862470674438345,46.33643073042027],[0.9862324036169654,46.33644855327752],[0.9858303503551176,46.337109643123014],[0.9852439740630714,46.337588566558836],[0.9852321407446487,46.337604626090965],[0.9852187742319672,46.337619764962064],[0.9850793831399337,46.33794654017088],[0.9849971460373095,46.33853495366188],[0.9850008398771702,46.33854849619724],[0.9850003928262928,46.33856648556373],[0.9853010698213884,46.33927643865369],[0.9852746028833949,46.34034242590207],[0.985285244373099,46.34037404525051],[0.9852914031870873,46.340387617827325],[0.9855921824307073,46.34077992890856],[0.9856437125008104,46.34105949443764],[0.9854523700637405,46.341392851755714],[0.9854508705781014,46.34140633310869],[0.9854426287198169,46.34142422884509],[0.9854303465386128,46.34191898867747],[0.9854376944408672,46.34193707616566],[0.9854395849784201,46.341955093325865],[0.9858073902460384,46.34257856388716],[0.9858547100806911,46.34324229980855],[0.9859106712431697,46.34355791264721],[0.9859232122615049,46.343576055818396],[0.9859265153311019,46.34358959410334],[0.9869359752279665,46.34486137571492],[0.9869458409256396,46.3448722897321],[0.9878073252875123,46.34566809327813],[0.9878053852820043,46.345746354223984],[0.9876892208282537,46.34586195322298],[0.987672800210439,46.34590045110128],[0.9876581376244596,46.34639248337089],[0.9875994602608319,46.34654745604239],[0.9872739177510665,46.346890022944336],[0.9872548750622823,46.34693478791947],[0.9872428312334535,46.347420552934736],[0.9871117318171964,46.34772943818682],[0.9871062033423635,46.34774287092711],[0.9870917035192233,46.348327587246146],[0.9870963615881485,46.34834924185473],[0.9875831042718021,46.34956620685735],[0.9876274277740892,46.35030459640824],[0.9874910520248216,46.35065841083093],[0.9872765324396897,46.351425212379844],[0.9871950816943731,46.35211576691127],[0.9873102157546398,46.352710579283354],[0.9874121412267414,46.353924763555916],[0.9874173720696984,46.35394462220878],[0.9875417087038377,46.35417105797943],[0.9875571853042405,46.3541865405164],[0.9875826085822782,46.35420933805309],[0.9887007485652094,46.35492269690736],[0.9889999925178679,46.35548594825691],[0.9891725188823497,46.35633833854347],[0.9893540371728932,46.35688039645947],[0.989365093716872,46.35689582600073],[0.9893791364511718,46.356916689344686],[0.9897595543373675,46.357236145599046],[0.9900517640428164,46.3575698512622],[0.9901020574097147,46.3580005690658],[0.9901120932913556,46.358020487038566],[0.990120551272312,46.35804128426256],[0.9906695335727705,46.35865518180762],[0.9906615223062823,46.35897902881255],[0.9905991663491449,46.35913575938504],[0.9903434969209207,46.35943596640121],[0.9903242415006216,46.359478930184316],[0.9903147806565609,46.35986124969829],[0.9898689874280503,46.360328369128446],[0.9898609260277397,46.360344468628746],[0.989849893498582,46.36035963570877],[0.9896444558419045,46.36104557216108],[0.9890831796955653,46.36138354097507],[0.9890601471631397,46.361400364540714],[0.98904922816974,46.36141642980784],[0.9890477212536946,46.361429910136685],[0.989040890042237,46.361443328096364],[0.9890306994759965,46.361902123678576],[0.9890788283915327,46.362420096285895],[0.9888273460589986,46.36279683778337],[0.9888208406652702,46.36281295745377],[0.9888114478610601,46.36283534233083],[0.988801420204864,46.363240150947846],[0.9888092283399509,46.363265887367476],[0.9888184491028023,46.36328714399793],[0.9888309606334521,46.36329898897189],[0.9895883693233115,46.363888372543954],[0.9897530130590194,46.364126086073334],[0.9897490049555077,46.36428800989368],[0.9897648945551665,46.36432868818161],[0.9899430639824855,46.3645872528054],[0.9900560945217528,46.365061906178035],[0.9900487019199906,46.36536056330338],[0.9899873901259728,46.365521806767376],[0.9896716011914762,46.36593918218554],[0.9889614426386382,46.36637166709224],[0.9883355029230549,46.3666629764073],[0.9874959652636661,46.366876156340865],[0.9874774919640296,46.36688223744648],[0.9868793379808956,46.36710323226087],[0.9862880059733503,46.367410688688146],[0.9861623342387825,46.36745148268336],[0.9861345995879145,46.36746915225788],[0.986113164830523,46.3674841893595],[0.9860954601269234,46.36752717086955],[0.9860923336975177,46.367653110455755],[0.9860333612105538,46.36767220823968],[0.9860172880086597,46.36768101396609],[0.9859971158599604,46.367692470302345],[0.9859829212929674,46.36770400337599],[0.9859774133586405,46.367716533868695],[0.9859669855677978,46.36772810914191],[0.9857679986117185,46.36819814992288],[0.9846022916480727,46.36897611961447],[0.984583609762659,46.368995696285886],[0.9845672360279907,46.36901619739088],[0.9844335481607437,46.369280051957396],[0.984429852015198,46.369295308577975],[0.9843495604993743,46.36982975041006],[0.9842095920021942,46.37027800289681],[0.9842104464677355,46.37029600709493],[0.9842087879683186,46.37031038274918],[0.9842670583590476,46.370581031094524],[0.9842738668770423,46.370594608796665],[0.9848235818864987,46.37157927860512],[0.9848087149957688,46.372177488415474],[0.984339627250258,46.37305823540884],[0.9843358626193971,46.373076187690494],[0.9842547581262723,46.373669110323554],[0.9842536198474294,46.37368888982218],[0.9843141773458356,46.37391457458468],[0.9843248607326446,46.373934495446946],[0.984641398535184,46.374348592879436],[0.9846901906913784,46.374383363233875],[0.98552194076635,46.37475050332402],[0.985541209975548,46.37475972965039],[0.9866200701297051,46.375081211830974],[0.9870349812726702,46.37533539819869],[0.9874702192507132,46.37587327547459],[0.9880842220426242,46.376442967306716],[0.9880793593430265,46.376639074954376],[0.9880801987282536,46.37665257772547],[0.9881367670809463,46.37701903684312],[0.9881510583296335,46.37704034775775],[0.9881657802158907,46.37706031963131],[0.9884921662394396,46.37729365806906],[0.9887912983502056,46.37755186051807],[0.988899207303011,46.377751107661055],[0.9889490288664516,46.37815391896615],[0.9885717400333608,46.37848957636936],[0.9885618176096739,46.378511953691614],[0.9885531222231779,46.378529847956806],[0.9885490787992788,46.37866927264029],[0.9885661654926863,46.37871446685581],[0.9885929695076672,46.37873458415679],[0.9886121070098584,46.378749207651005],[0.9891043019853093,46.37897101146054],[0.9893234004988606,46.37916437980785],[0.989374768292045,46.37949972240936],[0.9893768872466602,46.37951414937281],[0.9893895042957026,46.37952959728427],[0.9893985269512717,46.379543196535316],[0.9894099537893017,46.3795541349867],[0.9896476407922299,46.37972162271939],[0.9898234835768738,46.380065645987855],[0.9898309930212044,46.38007743413202],[0.9898452797633656,46.380088400414834],[0.989868587735337,46.38010802251947],[0.990689875200983,46.38047184763213],[0.9910021422690334,46.380783294549225],[0.9917123144882645,46.38129291431185],[0.9927326993569552,46.38188809274704],[0.9934706168824496,46.38259689429546],[0.9938410841032538,46.38322215778689],[0.9941459366667655,46.38389344148316],[0.994158339716523,46.38390978310796],[0.9944142068265877,46.38418725776946],[0.9944257510805092,46.38419909309292],[0.9955555369158231,46.38509607721079],[0.9956641811927275,46.38533581534653],[0.9956500512309888,46.385908841360155],[0.9954965719332834,46.38700752118261],[0.995318358658861,46.387284360821745],[0.9946665841684115,46.387560103907084],[0.99397209759265,46.38751140209559],[0.9932882816280652,46.387154627841],[0.9932593935553778,46.38714753607573],[0.9932242765616645,46.38713992308879],[0.9929565510096735,46.38713675458802],[0.9929292465911844,46.38714183009196],[0.9929108712003838,46.38714341191345],[0.9921861539247216,46.38731614789252],[0.9921377209962885,46.38733671818564],[0.9916077296251512,46.38773536802992],[0.9915934589506462,46.38775229693507],[0.9911841943661474,46.38829544017898],[0.9911745213705815,46.38831062595812],[0.9910356144998268,46.38866891055648],[0.9910352809454624,46.38868240522419],[0.9910323685100617,46.388700364569],[0.9910896330805192,46.38906097930356],[0.9911009384969407,46.38908225607852],[0.9916701159376226,46.38991054565028],[0.9916822918960915,46.38992553959393],[0.9920645196698555,46.390245006243674],[0.9920951501264095,46.39025796494632],[0.9921159167026141,46.390269909640665],[0.9927692538221554,46.390458961986695],[0.9934509273795602,46.39059615514428],[0.9935275974703877,46.39065105075798],[0.9935777953817637,46.39084061304853],[0.9935722414869904,46.39106550342748],[0.9932863871259341,46.39125558512909],[0.9929012855706828,46.39143099080576],[0.9928772923014307,46.39144420796377],[0.9928672956388721,46.391456685920005],[0.9928599410434223,46.391472792660906],[0.9928502268069791,46.391487078897406],[0.9927761098475274,46.39180744210225],[0.9927810666939868,46.39182279261367],[0.9927891729316605,46.39185258810462],[0.9929135645782554,46.39203402500243],[0.992925055756755,46.3920476601187],[0.9930966113737771,46.392209855824674],[0.993149023703753,46.39250472492089],[0.9931654471764523,46.392529214396916],[0.9931751443181421,46.39254732260736],[0.9931985235779482,46.39255929862385],[0.9932188543193565,46.39257303784017],[0.9936055543467626,46.39271258663608],[0.9936289757493074,46.39271735906028],[0.9936508315211773,46.3927221192612],[0.9936703307610724,46.3927223495549],[0.9936887759712516,46.39271806654118],[0.9937184835870728,46.39271572182479],[0.9942702398149935,46.39255397471828],[0.9945878686161841,46.39259372454447],[0.9947264028403556,46.39266104892037],[0.9950139201498177,46.3932466374824],[0.9949393605836582,46.39383334458914],[0.9944212562703858,46.39435452310328],[0.9944044281973548,46.394377719898145],[0.9942664972595646,46.39481250919274],[0.9940248476698778,46.39505530393228],[0.9935041409091179,46.395401878164755],[0.9934885730445484,46.39541608944327],[0.9934738703267809,46.39543751116592],[0.9934661855604014,46.39545901666805],[0.9934570520807248,46.39582874123535],[0.9934578399302114,46.39584404540791],[0.9934682204353934,46.39585586751076],[0.993471519428056,46.3958694053247],[0.9934881529993568,46.39588579702601],[0.9941683516026028,46.39641754150385],[0.9942190545274739,46.39657111434304],[0.9942720095160245,46.39701265659337],[0.9942774810816242,46.39702801876303],[0.9943428079704163,46.39717411289445],[0.9943637798024584,46.39719370632699],[0.9943828034008676,46.39721327992353],[0.9947811657154341,46.3974033514559],[0.995137103393823,46.397531282525605],[0.9953642539112831,46.39786060421796],[0.9954826942729414,46.39816794513603],[0.9954942626549885,46.39818428266625],[0.9958591549182023,46.39862410883207],[0.9958906009601627,46.39988604005996],[0.9957051068523501,46.40017179711419],[0.99545277176488,46.40038297640883],[0.9954407968510628,46.40039363094517],[0.9954338520569608,46.40041154384433],[0.9954225749568797,46.400431210069954],[0.9954095900361343,46.40093135798107],[0.9954127545970805,46.400950743750556],[0.9954698931341498,46.40112283756019],[0.9954631038125177,46.40139810306806],[0.9950259359856096,46.40177266774438],[0.9950150083410478,46.40178333523658],[0.9950080630323686,46.401801253507394],[0.994998039369147,46.40182272791275],[0.9949828695145323,46.40241103917933],[0.9950012265211325,46.40245804687986],[0.9952559267841331,46.402778693388946],[0.9957423902489793,46.40325864943739],[0.9957304081113145,46.403744413512875],[0.9952153813130259,46.40425843274373],[0.9951989310150302,46.404297831856496],[0.995185226321777,46.404752985952115],[0.9951925409332536,46.40477286527228],[0.9951944818691633,46.40478908861159],[0.9955520827689768,46.40543668849975],[0.9954282793777238,46.40567817943119],[0.99542352551553,46.40569161893873],[0.9953534476305705,46.40610651439753],[0.9949312596097237,46.40634717955681],[0.9949204358853883,46.40635875052939],[0.9949018319150496,46.40636932728992],[0.994890354105494,46.406391690403694],[0.99488407630765,46.406414108848146],[0.9948810070299025,46.406696622145994],[0.9948981746622002,46.40673371503992],[0.9951643618300348,46.40701670708103],[0.9953316107646417,46.40713926051299],[0.9953818302880038,46.40732881617402],[0.9953698451209032,46.407814586256706],[0.9953750137129551,46.40783714002115],[0.9954312079450284,46.40796377758665],[0.9954259483995528,46.408176978110006],[0.9949517890889175,46.40841433380389],[0.994935561879914,46.408428537331915],[0.9949130359543263,46.40844536578533],[0.9949062822759123,46.40846598517076],[0.9948980346980271,46.40848388145515],[0.9948924831107275,46.40870877222262],[0.9948998431313814,46.40872685894142],[0.9949081993001776,46.40874945071222],[0.994928493763308,46.40876768720281],[0.9949387403672457,46.408779507650074],[0.9953292061766661,46.40901087495371],[0.995346604357986,46.409020077283984],[0.9955206170109568,46.409085123428774],[0.9954731331290234,46.40926452829626],[0.9953146960687436,46.409406627981],[0.9950194687419472,46.40948547683912],[0.9949662246155914,46.40951049396248],[0.9949552977417145,46.40952655969062],[0.9949391517752749,46.40955336618359],[0.9948801310219791,46.40973623241612],[0.994453592862902,46.4099408500186],[0.9944389095206141,46.40995597505999],[0.9944136261650298,46.409979074653904],[0.9942746692932621,46.41022218704283],[0.99421692925541,46.41019000626983],[0.9942777295107181,46.409898282279094],[0.9944001844156177,46.40973326343965],[0.9944058279865883,46.40971532953572],[0.9944154644451964,46.40968845286164],[0.994424238328051,46.40933312212975],[0.9944070174828967,46.40928792687819],[0.9941503067964352,46.40896860401939],[0.9941356329738604,46.40895178127184],[0.9926081301412891,46.407858420604875],[0.9911489475743819,46.406540885615016],[0.9897592292262615,46.40508918684632],[0.989741294830021,46.405075473102485],[0.9893515984119884,46.40484139513304],[0.9893334161462249,46.404834878491876],[0.9893104926946391,46.40482560937576],[0.9889226792962275,46.404728322923916],[0.9889003072196826,46.404728057481556],[0.9888785743824755,46.40472330402713],[0.9886196719060244,46.40472023101636],[0.988586979188782,46.40472704099708],[0.9885608735895283,46.40473078109816],[0.9875574291207956,46.405020756180754],[0.9855416924535311,46.40468814824616],[0.9851651526602627,46.404598186386394],[0.9835611021589684,46.403906460219496],[0.9831240370007734,46.40377122453771],[0.9821761825372163,46.403181336578605],[0.9821532624948944,46.40317206064501],[0.9821326810495378,46.4031628179518],[0.9815363285291125,46.40302072932243],[0.9809534242227685,46.402923789045026],[0.980884695776358,46.40292566442778],[0.9808267469304213,46.402949273929174],[0.9807943974838086,46.402989377061246],[0.9807973926831027,46.40303620371341],[0.9808312723190125,46.40307529886764],[0.9808905322074576,46.40309850242521],[0.9814605477623837,46.403190793192266],[0.9820180519449139,46.40332611781319],[0.9829579744027195,46.40391052086852],[0.982988297638519,46.403923029688116],[0.9834329859328803,46.40406285482076],[0.9850392634420472,46.404754158151675],[0.9850578217084563,46.40476112799962],[0.9854586094415829,46.40485947912201],[0.9875450077941759,46.40520147372949],[0.9875854708228997,46.40520105500789],[0.9876127518926208,46.405197332249834],[0.9886452505699198,46.40490049963213],[0.9888504498226799,46.404902935134366],[0.9891983731580353,46.404988049644764],[0.9895520261473176,46.405199207585774],[0.9909405055344533,46.406648197438685],[0.9924089574232801,46.40797483904845],[0.9939352136513787,46.40907088722745],[0.9941611151775365,46.409352507641685],[0.9941532290155538,46.40967185448365],[0.994033332917052,46.40983600738216],[0.9940209855669556,46.40985925318456],[0.9939459034005275,46.41021830143972],[0.9939536350203568,46.41026338401523],[0.9939946268761489,46.410299856290635],[0.9942012972205402,46.41041208154073],[0.9941984545409501,46.410527227988034],[0.9940260599444168,46.41075464232062],[0.993521834955405,46.41100693449839],[0.9935044494188023,46.41102112377969],[0.9934818489716071,46.41103795426394],[0.9934750320637973,46.41105856975836],[0.9934665271811738,46.41107646322585],[0.9934562587068627,46.41149206494965],[0.9933305672803471,46.41157696250893],[0.9927927228660178,46.4116101927446],[0.9927272565847345,46.411627412288325],[0.9924638099255015,46.411759274479515],[0.9924462884928777,46.411773462117694],[0.9924251857827358,46.41179030703625],[0.9924181704326347,46.41181092258657],[0.9924100490744642,46.411828820926026],[0.9924049418803451,46.41205911768279],[0.9924127080232894,46.41207900600397],[0.9924253751077486,46.41210345096722],[0.9926121782826541,46.41228293018478],[0.9927932418032233,46.412589215249206],[0.9928038952065664,46.412602836430615],[0.9928222261456576,46.41261654938902],[0.9928397011407757,46.41262800441678],[0.9928584090369703,46.41263677706168],[0.9933797708374487,46.41280761130048],[0.9935469571894285,46.413349488890084],[0.993555142819517,46.41336308102505],[0.9936849794947469,46.41355538074629],[0.9937092871386836,46.4135718621335],[0.9937325118013554,46.413590136793935],[0.9941704918982317,46.41376627700116],[0.9943746252821513,46.413876671770446],[0.9943704501777538,46.41404579035933],[0.9943158225915234,46.41415042567439],[0.9939578938024676,46.41447283192604],[0.9929588299693886,46.414674274419575],[0.9927812927725561,46.41470367329926],[0.9925776453726645,46.414521292457735],[0.9925583609459742,46.41451206737045],[0.9925318901574445,46.414496007982095],[0.9925026606066321,46.41449161435973],[0.9924756543773866,46.4144840972898],[0.9921505053272389,46.41448024896242],[0.992128410507609,46.414484482958166],[0.9921088367355043,46.414486953486545],[0.9915202174043671,46.41461495763555],[0.9914910359134478,46.41462720781813],[0.9914623872635864,46.41463856751723],[0.9913301028885727,46.41472698334363],[0.9913178189557381,46.41474483267917],[0.9912988843229957,46.41476890267345],[0.9912282853520122,46.41499302871695],[0.9912279488769966,46.41500921924073],[0.9912304101034507,46.415022747733126],[0.9912312662820412,46.41504075174514],[0.991243893364535,46.41505619939836],[0.9914207269125357,46.415270654120704],[0.991469536113727,46.41544850020058],[0.9911570058582275,46.41582272276773],[0.9911530284396494,46.415836173975194],[0.991141963554821,46.41585224414291],[0.9910680343922398,46.41616360437441],[0.9910706969645847,46.416187483363515],[0.9910804336102538,46.416214595353416],[0.9910871585261403,46.41622682253487],[0.9912262763768583,46.416372441080604],[0.9914236006692857,46.416516052655844],[0.9914827217131437,46.41654014504061],[0.9922238060460479,46.4166766949199],[0.9923836011586707,46.41679106465583],[0.9926997236392413,46.417152938525554],[0.9933339571036567,46.41765714642301],[0.9936225757809504,46.417987196820995],[0.9936081947485486,46.418569216389216],[0.993220973668995,46.41904334918133],[0.9932051897842847,46.4190818553874],[0.9931540460229972,46.42115085753837],[0.993160645775904,46.421173428406604],[0.9932906982353117,46.42146291306973],[0.9936019021994339,46.42186701537166],[0.9939092360744225,46.42244653673666],[0.9941792189208436,46.42342154500016],[0.9942051284844093,46.42352083067045],[0.994211232415946,46.4235370982956],[0.9943494090533596,46.42379068333646],[0.9944472116339592,46.42410858233548],[0.9944232174216358,46.42508011091491],[0.9943495045389429,46.425480561721365],[0.994328183368298,46.42629375534816],[0.9943440729678243,46.42633533572623],[0.9945369383991114,46.42661116308466],[0.9945540757018783,46.4266311617366],[0.9945699971519821,46.426639898558946],[0.9945976455395675,46.42664787126019],[0.9946133444648435,46.4266552548428],[0.9955558337580654,46.426840950823646],[0.9958396481199131,46.42700447178192],[0.996271383653432,46.427490976058436],[0.9962853438821193,46.42750013759338],[0.9962955955970255,46.427511957909616],[0.996314801521114,46.42751938208061],[0.9963356112272316,46.42752502568823],[0.9963561205327561,46.42753246552034],[0.996993825303075,46.427629968783464],[0.9974375133572444,46.42776702587152],[0.998086572236858,46.42790830036694],[0.9985792788455984,46.42804457576644],[0.9989291286447659,46.42825385774864],[0.9991540961714177,46.4285354564911],[0.99914386790433,46.42895105226863],[0.9990826788963187,46.429105104245075],[0.9986921236949513,46.42953962068422],[0.99868522010126,46.42955573387678],[0.9986729750367507,46.429577188560295],[0.9986000578653568,46.430044241434935],[0.9979628186601062,46.43055503552605],[0.9979495432872579,46.43056567478952],[0.9979400071415538,46.43058805873423],[0.9979318261169658,46.43060595909069],[0.9979178923071663,46.431121396428146],[0.9976812538563965,46.43131836604793],[0.9976703245206046,46.43133443740876],[0.9976541723342909,46.43136123877674],[0.9975837549137776,46.43157816621405],[0.9975839674061509,46.431596166911376],[0.997587014273889,46.43160970366237],[0.9975879404311839,46.43162501192552],[0.997599706841454,46.43164134619596],[0.9976144683412925,46.43165231588512],[0.9976318200917458,46.43166647101012],[0.9976504051708354,46.431677937406796],[0.9977793954076929,46.431724448753215],[0.997808955458537,46.43172929251067],[0.9978455301376524,46.431734225036216],[0.9982785156782574,46.43173932620455],[0.9993041114731048,46.431841384096096],[0.9999998772646084,46.4320250400596],[1.0000278622660923,46.432027618187675],[1.0000589260886015,46.432029331473686],[1.0000844452758122,46.432026034951065],[1.00010407785165,46.43202176429231],[1.0003246617545123,46.43194787510834],[1.0006150305559967,46.43199177968727],[1.0016183254762379,46.43204856436357],[1.0020315513881328,46.432012928486785],[1.002124388245102,46.432059010278046],[1.0021195274912889,46.43225691141462],[1.0014927450876967,46.43236877832287],[1.001467206944291,46.4323752238447],[1.0014467660602506,46.43238623529932],[1.001423977837599,46.432402612853714],[1.0014127627495477,46.432419574896436],[1.001402228614698,46.432445549132204],[1.001394747022934,46.43267581781615],[1.0014008182438099,46.4326938832007],[1.0014071530380115,46.43271645603775],[1.001428183888715,46.432734700401774],[1.0014450250649383,46.43274839020634],[1.0017019215023881,46.43288638815639],[1.001734224336543,46.432895764606464],[1.0017587507469465,46.4329041501448],[1.0028912851030825,46.43309381773662],[1.0032926244252138,46.43329648628903],[1.0033922274550413,46.4334803222036],[1.0033749672834034,46.43418378146547],[1.0033832617525222,46.43420637402574],[1.0033905170276687,46.4342289547191],[1.0034189112110985,46.43424908750549],[1.0034404227247902,46.434263735087],[1.0036064706685701,46.434343966646935],[1.0037678274915827,46.43449883201505],[1.0038820067049674,46.43488439502191],[1.003892150297839,46.434900714633564],[1.0039110471750237,46.434926128077166],[1.0041327834260998,46.43512399073583],[1.0041307312457963,46.43520765316904],[1.0037604910654288,46.43527529363743],[1.003739588934006,46.435284045577305],[1.003704144740474,46.435301629112345],[1.0036890818290267,46.43532124615563],[1.0036742183573983,46.43534356712348],[1.003531277178599,46.43584129693427],[1.0035342362506872,46.43586112727372],[1.003539931945637,46.43588638922522],[1.0037173605990526,46.43614221923995],[1.0037138739267963,46.43628435469177],[1.0037003787060377,46.43630399013797],[1.0035608928779185,46.43630235404412],[1.0031982334033647,46.436129833074226],[1.0031633853976776,46.43612312382101],[1.0031335045828425,46.43611557545347],[1.0028641159969596,46.43611466171981],[1.0027947040484366,46.436132292216456],[1.0027502775281647,46.43616866467777],[1.0026975835179908,46.436159951533504],[1.0026312909359674,46.436161868914915],[1.0025745433010804,46.436188200437826],[1.0025461822509878,46.4362301556448],[1.0025503499881272,46.43627789789414],[1.0027367526122772,46.43663731834479],[1.0027453959897155,46.43665091317577],[1.0027632855330584,46.436664621087836],[1.0027877163919194,46.43668200586253],[1.003250975607283,46.436873704990525],[1.0036701975210973,46.4370036994804],[1.003825518086046,46.437187284731735],[1.0039303709467555,46.43807034689484],[1.0039388197320676,46.43808664046165],[1.003943827330652,46.438100197758146],[1.0040482733757468,46.43825169415978],[1.0040009847783222,46.43837531653732],[1.0036291249194154,46.43862470648463],[1.0036158273814562,46.438636249470214],[1.003304168658031,46.43892503474599],[1.0030146159521736,46.43900262220341],[1.0029985668588364,46.439009631283234],[1.002976554727992,46.43901566775924],[1.0029590483338897,46.43902896107908],[1.002948568148866,46.439042336739405],[1.0029335681864013,46.439067354772305],[1.002932885766937,46.43908714395311],[1.002931252498063,46.43910062298768],[1.0029907943394571,46.439326277162195],[1.0029963852843167,46.43933984109832],[1.0030084378485553,46.43935528079418],[1.0030186167999726,46.43936979508374],[1.0030363104733553,46.43938079906685],[1.0030572169439376,46.439388248136765],[1.0030749543023982,46.439397453185784],[1.0030984625876376,46.43939952885426],[1.003493169380424,46.43944464903147],[1.003632259418148,46.43961095261578],[1.0036306271297586,46.439677518066176],[1.0036388550082525,46.43970281164789],[1.0036477454048969,46.439722709630075],[1.0036641130458612,46.439734600984146],[1.0036873524023235,46.43975286724759],[1.0038867670129317,46.4398478906058],[1.0039138759513058,46.43985180711434],[1.0039527322817956,46.43985946077876],[1.0042068649830747,46.43986244062974],[1.0043396154015003,46.439958480573026],[1.0043363723212413,46.440090713788344],[1.0043395100076689,46.44011144615118],[1.0043472860928386,46.44012323679872],[1.0043591213970096,46.440139573289905],[1.0043796364536426,46.44015781071123],[1.0043994958680753,46.440170639400144],[1.0044225464434917,46.440175408128276],[1.0048927097564913,46.44027540478527],[1.0049227675357706,46.44027575697351],[1.004960287306393,46.44027439749159],[1.0053361158090974,46.44019241757862],[1.005582050300531,46.4401952988824],[1.0058532391923036,46.4403838374022],[1.0056737605024748,46.44048971138001],[1.0056604852883924,46.44050035784787],[1.0056459065824808,46.44051098335134],[1.0056349688337085,46.4405270498919],[1.0056334716093551,46.44054053132717],[1.005626626795101,46.44055394909497],[1.0056221741505682,46.44073566073747],[1.0056294146006675,46.44075373994977],[1.0056347443454972,46.4407754004851],[1.0056569677912666,46.440792758646836],[1.0056696484995948,46.44080640571674],[1.0062897383673823,46.4411627979159],[1.0065966923478231,46.44160010344012],[1.006614489978736,46.441620108001096],[1.0068716445975936,46.44180308090346],[1.00689458632901,46.44181235274362],[1.0069166783999703,46.441824303879095],[1.0074403623791,46.441966755310865],[1.0074765023626555,46.44196852802033],[1.007509017168813,46.441969808713836],[1.0075447154525075,46.44195762655952],[1.0075695069700816,46.44194981998222],[1.0079054926561817,46.44172519157342],[1.0079202871859771,46.44171097017362],[1.0080621820210558,46.44155605632444],[1.0085729988706147,46.441740191578745],[1.0088011085660415,46.44194532255822],[1.0089167440588651,46.4421563303918],[1.0089269776665095,46.44216904627813],[1.0089421815279835,46.44218092285339],[1.0089548633801158,46.44219456955568],[1.0089741616593624,46.44220379185805],[1.0099131007952358,46.4425638891342],[1.0102757658534074,46.442952350000446],[1.0102938227866407,46.44296425447618],[1.0103205821465822,46.442982566234306],[1.0108737711792002,46.44320227698957],[1.0109613825586419,46.443297782038215],[1.0109585287720981,46.443414728148916],[1.0109200019364544,46.4434412695033],[1.010282853649453,46.44331236127255],[1.0102137581315391,46.4433115546515],[1.0101546466330948,46.443333360383896],[1.0100884803117436,46.44337757887697],[1.0100751395382057,46.443390921535894],[1.0100537878784446,46.443417662790324],[1.0100532388645622,46.44344015200955],[1.0100498283457437,46.44346260758137],[1.010164678252803,46.44394085462028],[1.010152707383367,46.4444311200393],[1.0101587300231856,46.44445098999788],[1.0101619795254992,46.44446722217425],[1.0104707076062809,46.44500172024949],[1.0105872275394057,46.445443997502956],[1.010599253490976,46.445465731156254],[1.0108573495886952,46.44579267937026],[1.0108727648291052,46.44580905585025],[1.0113602533421648,46.446156675119795],[1.0114097918852736,46.44630842029954],[1.0114629365676027,46.446749957703275],[1.011476509763292,46.44677530764985],[1.011486560618717,46.44679522423463],[1.011609487837394,46.44692712911684],[1.01165960387869,46.44695920606461],[1.0120660807544648,46.44710341819374],[1.012458566530518,46.44717547815517],[1.0121566861932783,46.44781083628655],[1.0120210345209297,46.44820067487866],[1.0114930676815124,46.448812701136575],[1.0114842560905275,46.44883239739559],[1.011339414418095,46.4492410250735],[1.0113367434327276,46.44925449241339],[1.0113400157946932,46.449269828692],[1.0113455494910781,46.449293737081014],[1.0115772572807835,46.44963072268225],[1.0115596774857878,46.449668310878025],[1.011456390210214,46.44986776922424],[1.0114515969494033,46.44988300830765],[1.0114228310588187,46.45004284329877],[1.0113576887984355,46.45041280793211],[1.0113019898218485,46.45072710080353],[1.0111709666562743,46.45102791305958],[1.0111083675940038,46.45110996519791],[1.0110940155094883,46.45114578822936],[1.0110863327198085,46.451460641465104],[1.0110895060086116,46.45148002035399],[1.011100159574693,46.451502192091354],[1.0111192456328506,46.45152041138047],[1.0112663825330264,46.4516260561211],[1.0118356637608388,46.4518994869702],[1.0123108815436,46.45228295203251],[1.0123656454078753,46.452535541757776],[1.0123858127388374,46.45256277354472],[1.0124000861251914,46.452575535929405],[1.012766055286841,46.45283714868933],[1.0128692841297948,46.45302461544196],[1.0128004188890287,46.453392736884965],[1.012465974776156,46.45392873585544],[1.012459715541576,46.45396915492599],[1.012518218092481,46.454239782026384],[1.0125370808122873,46.45426699827339],[1.012547230792646,46.45428331166682],[1.0142600900498084,46.45568897734211],[1.0144739791339432,46.45599470753709],[1.014411466709058,46.45605426963449],[1.0141904917172546,46.456093091045936],[1.0141366382722892,46.45611225756792],[1.0140042887699963,46.456200699989914],[1.0139691986817052,46.456240787198496],[1.0139686511522619,46.45626327639192],[1.0139681036552377,46.45628576468513],[1.0140275021004987,46.45646641957797],[1.014036500062873,46.45648182195709],[1.0140476704110097,46.456493651032204],[1.0140590542965042,46.45650727629334],[1.0140783136456397,46.456518302919086],[1.0140990163831891,46.45652394208151],[1.0141365511306966,46.456532924670206],[1.0148737268982966,46.45658694043008],[1.0150873154319635,46.45673969398753],[1.015293199858675,46.45700573723712],[1.014650395656343,46.45703785670781],[1.0146203217570362,46.45704335367073],[1.014587395179908,46.457053318260265],[1.0145705159814649,46.45706211876929],[1.014370682459826,46.45719476802108],[1.014357229019584,46.45721261113682],[1.0143383079387325,46.45723038533048],[1.0143350879601454,46.45725554470003],[1.0143333559400687,46.45727351860238],[1.0143906948795807,46.457544131360315],[1.0144008591478804,46.457559546770206],[1.0144093418124367,46.45758034189835],[1.0144970481765716,46.45767314294242],[1.0144108784971204,46.45778461789957],[1.014101996479406,46.45795199172793],[1.0140607886693722,46.45799200684642],[1.0139264255036984,46.45821089735658],[1.0139215887727977,46.45822793815133],[1.0138449067459934,46.45861756791559],[1.0136113767874175,46.45885060762833],[1.0130919788446686,46.45911270694556],[1.013078656084352,46.45912514774766],[1.013053569816123,46.45915005376578],[1.0130515295017568,46.459169822870784],[1.0130483931089271,46.4591967833431],[1.0131103375453336,46.459427856849885],[1.0131229810920246,46.45944330197932],[1.0131434802893435,46.459467836200524],[1.0136809897919787,46.459852018687755],[1.0136724881541497,46.46020105111121],[1.0134989123202212,46.46043118245287],[1.0131239024341532,46.46064007836029],[1.0131065639226542,46.460651575607606],[1.0130961031982373,46.46066404997937],[1.0130798029541555,46.46068905477497],[1.0130196881615372,46.46090881050171],[1.0128862808825236,46.46093875009842],[1.0128714782960242,46.46094757478806],[1.012833505433399,46.460966931432964],[1.0126303660757525,46.46114902779795],[1.01261608364982,46.46117405592478],[1.0126085490495595,46.46119196578767],[1.0125892100568228,46.46196108989396],[1.0125923074582892,46.461983620862526],[1.0128912037765045,46.462873426737445],[1.0128809117635693,46.46350678355085],[1.012898037793259,46.46354387397466],[1.013382984973309,46.46406691417808],[1.0133786006979466,46.46424683195708],[1.013186140060903,46.46454602936496],[1.0131761931034908,46.46459090510321],[1.013234780941265,46.46490652277659],[1.0132420869472436,46.46492460518092],[1.0132535385335362,46.46493823976105],[1.0132662058252069,46.46495278270955],[1.0132842574160275,46.46496558808176],[1.0135489024578908,46.46510814173772],[1.0140343741218352,46.465327045803434],[1.014150440184869,46.46548856899818],[1.0141823503395815,46.46551773294255],[1.0143658889632086,46.46561704719021],[1.0143317029547687,46.465684136425956],[1.0141958283513937,46.46586251908233],[1.0141900753398476,46.465884947489805],[1.0141858820171863,46.46590739399889],[1.0142449899035544,46.46622887030524],[1.0142593158868172,46.46625018129405],[1.0142746551566717,46.466270156080355],[1.0146267038245131,46.46652170236164],[1.0146205056975868,46.46677627784898],[1.0144489385728293,46.46696594474212],[1.0140131468291391,46.46721462728778],[1.0132882276384707,46.46752247950644],[1.0129425160442458,46.46771326750275],[1.0124518589256137,46.467594174546],[1.0118901357994372,46.467281692459615],[1.0118736250892972,46.46727520446202],[1.0118529053666057,46.46727046181463],[1.0118283409055162,46.46726297796185],[1.01180885835546,46.4672609518496],[1.011122501691408,46.467252952227746],[1.0108953063095418,46.46717111814965],[1.0108758238597604,46.46716909097815],[1.0108357704572661,46.467161426421654],[1.0104452094234782,46.4671568715739],[1.0103845462664376,46.46716650968928],[1.009861250975968,46.46733901934369],[1.0098468461770371,46.467347848798724],[1.0098271346234184,46.467354815858585],[1.0096947519699546,46.467443258554844],[1.0096599149058336,46.467483341751475],[1.0096593654874422,46.46750583088425],[1.0096588160685966,46.467528320016925],[1.0097195077332446,46.4677089912847],[1.0097312847340756,46.46772802642189],[1.0099052013885843,46.46793881529655],[1.0099013758404398,46.46809534152593],[1.0092744385661863,46.46843715529541],[1.0088824791339082,46.46835608989068],[1.0088532944012498,46.46835125322839],[1.0081372420932155,46.46834288953689],[1.0080933006300639,46.468350473349744],[1.0080718232623216,46.46835562316143],[1.008045338540488,46.4683733077557],[1.008027566753196,46.46838389958766],[1.0078378627030884,46.468552649844696],[1.0078231032902427,46.46857316989613],[1.0078081208566456,46.46858919496161],[1.0076706863282971,46.46894751656736],[1.0076663394219103,46.468960061053515],[1.0075863105238194,46.469593503390776],[1.0076000922610429,46.46963955450452],[1.007665549613219,46.469732101311806],[1.0076901022588038,46.469750382123166],[1.0077117228108552,46.469766384270436],[1.0082914864178376,46.469975165649444],[1.0082899905825686,46.470036339510145],[1.00769004033308,46.47091835113119],[1.0074285220757189,46.47139220049617],[1.0070435255959989,46.47169094171554],[1.0070271281448264,46.47171144661447],[1.00682405440154,46.47197901754574],[1.0068195748042736,46.47199696503314],[1.0068102213415229,46.47201214689645],[1.0067241866026921,46.472865974367124],[1.0067263272232412,46.472879497601085],[1.0067321761430759,46.472906563308996],[1.0070886023092873,46.47350911121988],[1.0069696229055072,46.47374617279372],[1.0069639497112877,46.47375960476881],[1.0067488152197697,46.47456693135474],[1.0067484868922687,46.47458312184457],[1.006791416827651,46.47539076397389],[1.0067815019675665,46.47579556574086],[1.006785598758907,46.47580911497956],[1.0068408803717304,46.47603021748346],[1.0068331684243046,46.47634506376524],[1.006275724856751,46.47671647055718],[1.0062601120585737,46.47673158280644],[1.0062454135539503,46.47675210734162],[1.0062377223675611,46.47677361344047],[1.0062262965016031,46.47713881024887],[1.0062431654118675,46.47718399836587],[1.0062943718881143,46.47722059170393],[1.0069483056237276,46.47749368362653],[1.006920299975511,46.47752035249576],[1.0064388926294467,46.47760020343685],[1.0063851954395813,46.4776175751085],[1.0061817301653664,46.47775646569632],[1.0061652522822326,46.47776976766672],[1.0061557419927656,46.47778585469269],[1.0061486983525683,46.47780736848032],[1.006121267193451,46.47882025056833],[1.0059085581341471,46.47899592601222],[1.0054171186211596,46.47911794883661],[1.005368881426674,46.47914077746266],[1.0048957854887488,46.47950236842931],[1.0048768349303339,46.47952104320864],[1.0047533636193238,46.479722055852164],[1.0044774573171387,46.479871791032245],[1.0036464975361008,46.47995113700685],[1.0036221440920676,46.47995895515386],[1.0036024589012282,46.47996501913763],[1.0035841549107545,46.4799783032647],[1.0032770108748976,46.48022215236217],[1.0029590732863976,46.48029041169129],[1.0023501353274835,46.480157293388814],[1.0023264367077023,46.4801570160412],[1.0023082680624937,46.480154100706265],[1.0003460647998317,46.480176052648375],[1.000305605062629,46.48018457998947],[1.0002818576876937,46.480191499191456],[1.0002516155365835,46.48021363896533],[1.0002382633481217,46.48022698039757],[0.9996278593775613,46.48107913514505],[0.9996210774197943,46.48110605219752],[0.9996181589341154,46.481124012344104],[0.9997383610165564,46.481579836059495],[0.9997891680284713,46.482066336697976],[0.9997975796499433,46.48208443569678],[0.9998025902584353,46.482097993080814],[0.9999964439145336,46.48237471571735],[1.0000142975386732,46.4823929222857],[1.0003983248788269,46.48266738024742],[1.0004147286484852,46.48267836986274],[1.0014983718044326,46.48322469213061],[1.0019808505717325,46.48356959165833],[1.0020887264637237,46.483849800079525],[1.0020768730632148,46.48433196555802],[1.0016121736458907,46.484524475640605],[1.0015956809707747,46.48453282806501],[1.0013263135808579,46.4847118796518],[1.001314193556172,46.48472253333427],[1.0011222651697267,46.48489394928524],[1.0007966059529558,46.48511057766124],[1.0005169211540845,46.485258465963874],[0.9999083298398834,46.485209923076674],[0.9998898989555921,46.485212408144676],[0.9998476711119534,46.4852186588937],[0.9990460322569019,46.48552912262134],[0.9990165835770413,46.48555036895484],[0.9990007359265515,46.4855645781193],[0.9988647189579362,46.48574744582694],[0.9988509454368674,46.485780572625636],[0.9988489935860116,46.485859735223094],[0.9985627873304317,46.48593915284909],[0.9983704771537201,46.48576592323352],[0.9983511665575301,46.485756699226364],[0.9983234902559497,46.485740628086475],[0.9982942220584511,46.48573623599531],[0.9982671348161317,46.48573051296729],[0.9981277847569645,46.48572887303832],[0.99809882192518,46.48573573560553],[0.9980624313048001,46.48574295356045],[0.9975649541872412,46.485990399683295],[0.9974335481481832,46.48598885306328],[0.9969079254595903,46.485861182052766],[0.995985304684331,46.48507196542487],[0.9956106878623602,46.4843953780506],[0.9955920742274675,46.48437896074339],[0.9955806451838736,46.484367132616164],[0.9955588553409357,46.48435787274349],[0.9952929210497461,46.4842629557918],[0.9951970381318583,46.484239329108014],[0.9956836762373923,46.48368717661297],[0.9967261625504946,46.483081288706465],[0.9967591743346935,46.483044784692154],[0.996892780465668,46.482827701185315],[0.9968999349211634,46.4828016906453],[0.9969067780617497,46.48278827333028],[0.9969071107390681,46.48277477883627],[0.9969186699350084,46.48219812715547],[0.9969153635978023,46.482176494624355],[0.9967263108674361,46.48176394480131],[0.9961539001403832,46.48093475979454],[0.9954718745350964,46.48013307523344],[0.9954176432591075,46.479792301530296],[0.9954139372686656,46.4797787596046],[0.9952928188490946,46.47946689282882],[0.995276446937422,46.479444200540684],[0.9952586399256376,46.47942149568494],[0.9948309035193167,46.47907271583697],[0.9945831934981579,46.47867117458591],[0.9943369001535448,46.47835962564952],[0.9942168230185361,46.47809545934491],[0.9942069330750934,46.478084546187574],[0.9941851626576553,46.47805909186472],[0.9940264784455568,46.47794474123916],[0.9939709309383848,46.47756526098073],[0.9939647150561968,46.47754538774212],[0.9933482665856229,46.476517709176704],[0.9932919018751938,46.47621110316856],[0.9932770345926284,46.476185730236246],[0.9932657547850433,46.47616760283648],[0.9931495358718953,46.476042953432156],[0.9931324229186969,46.47602925521968],[0.9931091731776543,46.476010980634626],[0.9927229490039903,46.475828251801275],[0.992691926820684,46.4758188885748],[0.9926712055544362,46.47581414155607],[0.9922829915309301,46.47576456212832],[0.9922598148822056,46.47576428822693],[0.9922389827461051,46.47576404200323],[0.9922165225007448,46.475766478410605],[0.9921980661179071,46.47577525704871],[0.9921770777151228,46.4757813096777],[0.9918181568803129,46.475979524813205],[0.9915939430909044,46.475976873269026],[0.9913970690671893,46.47583777151959],[0.9912832100827059,46.475586271865424],[0.9912733198781489,46.475575358426894],[0.9912631738001313,46.47555903782127],[0.9910135609316567,46.475335630794696],[0.9904531136417349,46.47471081575172],[0.9902617144117946,46.47434591923563],[0.990070661554389,46.474114200046685],[0.9900222956633653,46.474079432622354],[0.9893293566618451,46.473808475381475],[0.9890222216722537,46.47358887766341],[0.988994003680037,46.473576846998476],[0.9888402402493115,46.47352238480269],[0.9888090645257337,46.473518864523655],[0.9887859242061376,46.473517242123336],[0.9887650575857692,46.47351834306075],[0.9887466092254569,46.4735271212823],[0.9887131225425856,46.473537974938694],[0.9885747762867427,46.4736285651596],[0.9885614896721147,46.47363920958462],[0.9884028371962554,46.47378129900211],[0.9882881272374812,46.473779938887965],[0.9882743409367118,46.47375817644883],[0.9882835667729247,46.47338665770382],[0.9882839015258378,46.4733731632143],[0.9882777950555272,46.473356896320375],[0.9882694812344115,46.47333250276439],[0.9882503960285451,46.47331697837209],[0.9882364315739829,46.473302417856395],[0.9882195297839959,46.473295916842794],[0.988197642007481,46.47329116106002],[0.9881742537564574,46.473283680219204],[0.9877444588850762,46.47323629379823],[0.9869404371691362,46.47288211623344],[0.9865107487507297,46.47261606529419],[0.9863441674919997,46.4724593200574],[0.9862242377692313,46.47206557164585],[0.986213578925316,46.47204384693424],[0.9860238759723178,46.47181663806748],[0.9860087385339487,46.47180746106608],[0.9859947511125092,46.47179379609406],[0.9859767428601617,46.47178458560093],[0.9859560223743516,46.47177983823889],[0.9859338115913653,46.471772376774815],[0.9855398406488045,46.47172540698889],[0.9854791025122924,46.47172738067519],[0.9853654200600523,46.471753027456614],[0.985036326335022,46.47151695655901],[0.9850028129744035,46.47150306512265],[0.9849769916697139,46.4714937554161],[0.9849432693801857,46.47149335437371],[0.9849107224940719,46.47149296774528],[0.9848844617191604,46.471501658909744],[0.984850404067501,46.47151474602248],[0.9847365293965177,46.47158988215558],[0.9845230503663328,46.4714703644171],[0.9844053648409267,46.47134298819511],[0.9843551981137193,46.471312698327544],[0.984078783558431,46.47121537902382],[0.9840504600467482,46.471212790471355],[0.9840256241468239,46.47121114798011],[0.9840035907327236,46.47121223375353],[0.9839838314603525,46.47122099528583],[0.9839516561715431,46.47123186347507],[0.9837350111570105,46.47137551025821],[0.9834252775713317,46.47130883303508],[0.983260860007958,46.470903755300284],[0.9832509730888758,46.470890138930166],[0.9832383587439182,46.470876490631916],[0.9832256537312998,46.47086374328124],[0.9832068556621152,46.470854970571274],[0.983186949322484,46.47084888144067],[0.98316757799033,46.47084235587978],[0.9831439191432972,46.470840723160805],[0.9831220134390738,46.4708418137185],[0.9830983111804649,46.47084153134579],[0.9830780062968751,46.47084893557214],[0.9825516700879323,46.471041983934384],[0.9824615870633058,46.470998616643605],[0.9823453064907192,46.4707497808825],[0.9823123720957708,46.47071519335853],[0.9819722898037814,46.47051318277701],[0.9819801216151567,46.470199235535354],[0.9819764882865363,46.470182991219986],[0.9819690098879753,46.47015411175089],[0.9819490578422851,46.47013947258625],[0.9819311463774442,46.470121265564664],[0.9816664999003833,46.469980887825166],[0.9816365972523097,46.46997378503791],[0.9816017747193985,46.469965269430055],[0.9813829426748593,46.46996175840021],[0.9813419572735855,46.46972551824641],[0.9813347223299107,46.469707437600235],[0.9813244659278482,46.469695616018],[0.9813158228531794,46.469682014235346],[0.9812881571191255,46.4696659388834],[0.9812632492540224,46.46965439077388],[0.9812344532764731,46.46964955209572],[0.9805127130753274,46.46955545919192],[0.980436617235645,46.469473566505386],[0.980441740359478,46.46926847094126],[0.9804332697213031,46.469253071536485],[0.9804196222934147,46.469225912324276],[0.9803988740043889,46.4692121658535],[0.9803683379367754,46.46919380747649],[0.9792924746822096,46.46883003684316],[0.9786040684949637,46.46833591004563],[0.9785798173484838,46.46832661761491],[0.9785641531054733,46.46831743296499],[0.978006271822636,46.468139800308826],[0.9771251846608545,46.46746474591594],[0.9771041386403959,46.46744964692355],[0.9759367775308125,46.46694077900544],[0.9739016549253622,46.466160544111126],[0.9736082234446564,46.46586638258223],[0.9733642999232442,46.46546753396445],[0.9733452256374057,46.46544930487859],[0.9733232897993043,46.4654310475465],[0.9732556111267182,46.46538794129183],[0.9728506818249802,46.46514688060664],[0.9728306139426836,46.46513719094153],[0.9723222457286054,46.46496012433491],[0.9713782122634027,46.46463655407341],[0.9700781760178676,46.464032892318876],[0.9692299433897402,46.46379458588486],[0.9691987640812627,46.4637915149465],[0.9691691524445359,46.46378845655388],[0.967368024896806,46.46389995229321],[0.9664310600161099,46.463715895524025],[0.9652292229013394,46.46330547950275],[0.9646182885971607,46.46295347551447],[0.9641221707583015,46.462376091702254],[0.9641006914533408,46.46235783524525],[0.9614467533022901,46.46076725023882],[0.9623981360934158,46.46017317068063],[0.9624127141424718,46.46015804849896],[0.9624353459252475,46.46013312472184],[0.9624375501492122,46.46010795909372],[0.9624380971930246,46.46008636693003],[0.9622713654213495,46.459409480846226],[0.9630999196075519,46.45872842027851],[0.9631132072551267,46.458717786890105],[0.9633732746174651,46.458376290469886],[0.9633887227279258,46.458331485773556],[0.9633689659400403,46.45828895745884],[0.9633190266355901,46.45825595876036],[0.9632513064977525,46.45824614372656],[0.9631874165964517,46.4582597670518],[0.9631410216670885,46.45829249835922],[0.9628865200381244,46.45862505894747],[0.9620285226213271,46.45933275592455],[0.9620111006157839,46.459352344610814],[0.9620041965411872,46.45936755410604],[0.9620051131875247,46.45938286259109],[0.9620033995517043,46.45939904292203],[0.9621686828684403,46.4600714169553],[0.9612358741768141,46.46065672217192],[0.9610221987468222,46.46056415350343],[0.9606034232691186,46.46013346066057],[0.9604223918982793,46.45978033533847],[0.9603842568275172,46.459743884535975],[0.960059295350746,46.459557282273074],[0.9599975258924603,46.45953853430497],[0.9594681259590032,46.459486231057866],[0.9586384551653273,46.459475276817386],[0.9582392550046193,46.459351663832315],[0.9561087548218448,46.45782668509682],[0.9560575499454639,46.45763349584254],[0.9560664222546642,46.45728446860465],[0.9560684623469328,46.45709912913333],[0.9560651736906527,46.45707749623653],[0.9559418672922187,46.45680604337455],[0.9559062527538044,46.45676781744241],[0.9548061963428095,46.4560737284061],[0.9537630435451157,46.45560527790852],[0.9524283491849339,46.45510042108073],[0.9508905772999293,46.45400368211328],[0.9499213056992878,46.45353834088592],[0.9491751106368006,46.45313780964995],[0.9490365070678063,46.45296875773898],[0.9490074371737236,46.45293330065803],[0.9484602796909347,46.45154086960244],[0.947837640721775,46.45040847176298],[0.9469084955882419,46.44845706639585],[0.9461641312703204,46.447380754141925],[0.9461793279204033,46.44678704588838],[0.9462630647745928,46.44661674301204],[0.9460626512005199,46.446465381467036],[0.9459253598067878,46.446746148029746],[0.9459183003743575,46.44676765737526],[0.9459021790305379,46.447397348881076],[0.945917385413794,46.44743892502366],[0.9466622602604272,46.44851794410773],[0.947589917937828,46.450468430413956],[0.9482132075715632,46.45160084046066],[0.9487629156012327,46.45299779987693],[0.9487710451045624,46.453013200250865],[0.9489605262800467,46.453240471581054],[0.9489811852194182,46.45325283076501],[0.9489923813844022,46.453267851119556],[0.9497694036183943,46.453684960488864],[0.9507261242721814,46.4541420493244],[0.9522505000305062,46.45523323043374],[0.952266976606235,46.45524062829672],[0.9522813299509207,46.45524980042216],[0.9536261322566847,46.45575658116439],[0.9546523794096475,46.45621628104923],[0.9557015309237247,46.45688231078765],[0.9558078473471752,46.45711486060364],[0.9558036166969962,46.45728127649444],[0.9557944684335264,46.457641102494286],[0.9557971873758109,46.45765463189332],[0.9558581436565812,46.457892025722984],[0.9558735629496027,46.4579102132142],[0.9558912422460599,46.457932020756],[0.9580652616814617,46.459486327351684],[0.9580881563130516,46.459497401548035],[0.9581051095834334,46.459506604958555],[0.9585501606614757,46.45964517605999],[0.9585855870802038,46.4596501066517],[0.9586162583686098,46.45965497387696],[0.9594380742576781,46.459664933102246],[0.9599227656758219,46.45971399609144],[0.9601870485575246,46.45986477219501],[0.9603618892124214,46.46020522723164],[0.9603726037338373,46.46021885241053],[0.9608186485722713,46.460678670618464],[0.9608391566363518,46.460691514863534],[0.9608583167790611,46.460706141961005],[0.9611726554388168,46.46083952106],[0.963903594586842,46.46247693426979],[0.9644007641971358,46.46305882714817],[0.9644184345277395,46.463070739214],[0.9644298740845779,46.46308167373227],[0.9650787769552793,46.463451686435235],[0.9650974391931592,46.46346046251733],[0.9663421763524964,46.46388399377293],[0.9673192332956155,46.46407933039324],[0.9673476101418743,46.4640796713393],[0.9673671347366579,46.464079907024995],[0.9691592896644973,46.463968303041995],[0.9699610057521733,46.46419210367404],[0.9712352032448588,46.464787804601485],[0.9712520990391423,46.464794309012554],[0.972204662402103,46.46512068348475],[0.9726980182851118,46.465293973071034],[0.9730853872236583,46.46552357594062],[0.9731342701078213,46.46555295826931],[0.9733719007223953,46.46594273509206],[0.9733825687798797,46.46595635903736],[0.9737033319074522,46.4662796416889],[0.9737377203891416,46.46629985373545],[0.9737558537678339,46.4663090675522],[0.975801383550838,46.46709482809649],[0.9769519617717317,46.46759809926541],[0.9778294822782729,46.468272661295316],[0.9778529488388187,46.468281944505726],[0.9778792393849162,46.46829575531885],[0.9784300294787056,46.468473300033004],[0.9791186843790504,46.468962935723084],[0.97913915334301,46.46897217644883],[0.9791544256651649,46.46898135588354],[0.9801774382961896,46.46932830338143],[0.9801742098591396,46.469504630992375],[0.9801804047881192,46.46951730595462],[0.9801937887071146,46.469549855122764],[0.9803206746851599,46.469683646187754],[0.9803347045895839,46.46969551294797],[0.9803521018973341,46.46970561791497],[0.9803707945330922,46.469715736768066],[0.9803902767573683,46.469717769139194],[0.9804071524302688,46.469725168034735],[0.9810911663535296,46.46981251040139],[0.9811358511825974,46.470062293928834],[0.9811456252586067,46.47007770819775],[0.9811517303049854,46.47009398180541],[0.9811620084023004,46.470104901234855],[0.9811801429965761,46.47011411384486],[0.9812069478772626,46.47013062888633],[0.981243423030595,46.47013556451263],[0.9812641411789808,46.47014031270732],[0.9812836693053251,46.470140546037975],[0.9815440585249329,46.47014364923862],[0.9817175771573925,46.470235699373276],[0.9817097210449724,46.47055054423883],[0.9817157808423626,46.470568610402104],[0.9817241356123576,46.470591208234964],[0.9817444538503124,46.470609447890574],[0.9817547092123184,46.47062126941035],[0.9821128754612644,46.470834291892885],[0.9822270630031453,46.471086257071086],[0.9822493632373497,46.47110587014187],[0.9822671724811516,46.47112272867942],[0.9824743309397272,46.47122372425159],[0.98249494483558,46.47122756872344],[0.9825391630919117,46.471235298747565],[0.9825664878253307,46.471231122536736],[0.9826056996860167,46.47122528804779],[0.9830514188570593,46.47106142739695],[0.9831913240318849,46.4714050272945],[0.9832063653012824,46.47142320685851],[0.9832265076725211,46.4714459423655],[0.9832551840277161,46.47145528034698],[0.9832858794097386,46.471467344490776],[0.9837356915946035,46.47156268053028],[0.9837682372111131,46.47156306747037],[0.9838085359214628,46.471560844827906],[0.983862301383804,46.4715407880908],[0.9840597236155336,46.47141086528728],[0.984200581109361,46.471460227987855],[0.9843106783358139,46.471578517126964],[0.9843263353625291,46.47158770082352],[0.9843375250699955,46.47159863603011],[0.9846585893164942,46.47178061889411],[0.9846819982740344,46.47178719198712],[0.9847136447559939,46.471800167856],[0.9847427704440987,46.47179961416713],[0.9847870998899211,46.47179743884836],[0.9848097892172406,46.47178601580153],[0.9848345371937014,46.47177550728604],[0.9849379613553741,46.471706554137285],[0.9852362360347897,46.47191975685787],[0.9852697599340947,46.4719336538096],[0.985296740172063,46.47194297216964],[0.9853268608564653,46.47194153062375],[0.9853644242810834,46.47193928081846],[0.9855309334818324,46.47190526517473],[0.9858267505689652,46.47194027230852],[0.9859760365302619,46.47212201009578],[0.9860921871599689,46.472507616990946],[0.9861038932442474,46.47252664982169],[0.9861152518749984,46.47254658357934],[0.9863112612929299,46.472732475308135],[0.9863252028578436,46.472745236877294],[0.9867730276610003,46.473020506527895],[0.9867895371572015,46.47302699724552],[0.9876197990753522,46.47339453485903],[0.9876438492357194,46.47340156628859],[0.9876761734437691,46.47341095205668],[0.9880191862832824,46.47344921019822],[0.98801109809835,46.473774854163686],[0.9880263529439322,46.47381642738311],[0.9880910395549608,46.47391257434607],[0.9881202106155349,46.473933616864805],[0.9881382285772857,46.473947329098074],[0.9881666351600948,46.473952161828976],[0.9882031095893397,46.47395709516213],[0.9884564215466656,46.473960099114805],[0.9884855710912679,46.47395864502738],[0.9885288454676724,46.473951960338745],[0.9885499521879779,46.47393601036693],[0.9885745252870083,46.47392190668818],[0.9887604439345178,46.47375674155235],[0.9888224448163093,46.473714285369155],[0.9888446659052665,46.47372174643002],[0.9891600595502902,46.47394684398693],[0.9891823332561507,46.47395970677707],[0.9898611065949832,46.47422419603922],[0.9900254657685645,46.474424106407305],[0.990218706709919,46.47479082190784],[0.990798457169864,46.47543836465136],[0.9910393718781043,46.47565536896201],[0.991155612633559,46.475910495709],[0.9911654787417337,46.47592231218002],[0.9911859664709569,46.475946849237346],[0.9914496726960697,46.476132632608284],[0.9914785955431905,46.47614557666376],[0.991509581729984,46.47615404064346],[0.9915349286917149,46.47615613901695],[0.991860445307902,46.47615998906063],[0.9918840143811007,46.47616026813473],[0.9919050255487594,46.476153318815136],[0.9919258195479935,46.47614996595198],[0.9919455730471859,46.47614119663796],[0.9922955281308631,46.47594737593549],[0.9925930137922315,46.47598418506769],[0.9929392684133003,46.47615024661422],[0.9930344745556657,46.476250351210055],[0.9930881973873571,46.47654792874798],[0.9930968479374906,46.47656692784612],[0.9937133688351103,46.47760181145282],[0.9937688206237412,46.47799299084732],[0.9937709356770869,46.47800741105738],[0.9937888530630071,46.47803102065213],[0.9938040755678366,46.47804739499721],[0.9939740421062861,46.47816907697564],[0.994089236904838,46.47841969263202],[0.9940989935871202,46.478436002516936],[0.9943492795646951,46.478749398319984],[0.994595777754159,46.47915272572243],[0.994611737417278,46.4791709107671],[0.9950452833657303,46.47952696058004],[0.9951577075084554,46.47981623219399],[0.9952129301619292,46.4801696140261],[0.9952242711461431,46.48019044449855],[0.9952367360180916,46.4802130862635],[0.9959266150798929,46.48102386156217],[0.9964811525524688,46.481824943794365],[0.9966579559524946,46.48221395189789],[0.9966441891326167,46.48277168083812],[0.9965314188151267,46.48295481735305],[0.995497891865674,46.48356171183322],[0.995485907788214,46.4835723672996],[0.9954697551968205,46.483582978475525],[0.9949337711274576,46.484186737143105],[0.9949166578746689,46.48420452922541],[0.9948957445164321,46.48420743291578],[0.9948720274439966,46.484212999548966],[0.9948499030532315,46.48421724030409],[0.9948239168528159,46.48423313106132],[0.9948019823010851,46.48424816693567],[0.9947913781193319,46.48426604167556],[0.9947309462970343,46.48438680321866],[0.9946082697508721,46.4845068301599],[0.9939539813714353,46.48498951326404],[0.9939392975337434,46.48500643809899],[0.9934007184763816,46.48571633480657],[0.9930711097022583,46.486022882763066],[0.9930574193824683,46.486049717796355],[0.9930479837137614,46.48606760029371],[0.9929689030058036,46.48663085940465],[0.9923758493607536,46.48733291062929],[0.9923701439056019,46.48735264296836],[0.9923630095085489,46.4873777501609],[0.992414796353122,46.48786426557571],[0.9924052169863796,46.48825107802806],[0.9921021120412282,46.488654218925944],[0.9907729860272289,46.489244079068094],[0.9898353771132865,46.48927527507495],[0.989788330946542,46.48928641765019],[0.9897657769549681,46.48929244508691],[0.9889818337621308,46.489596301153675],[0.9889596634727615,46.489605037416425],[0.9886933721003484,46.489783645986826],[0.9886737301797628,46.48980320678617],[0.9886582191898013,46.4898246210443],[0.9886553005372952,46.48984258095371],[0.9885741057218698,46.49058847204923],[0.9884583646690976,46.490737371034],[0.9879949250050796,46.491094958534894],[0.9879812927294341,46.49111414491107],[0.9879717472181136,46.49113652520055],[0.9879604038593001,46.49154581346203],[0.9879612369310856,46.4915593221651],[0.9880185384516872,46.491874937984605],[0.9880258467218631,46.49189032251586],[0.9880332158903953,46.491908404043656],[0.9880434688007114,46.49192022482011],[0.9880616117784012,46.49192943720532],[0.9880884406934923,46.49194550490328],[0.9881249198319765,46.491950883985965],[0.9881456697211367,46.49195472877346],[0.9881652057214269,46.49195496002724],[0.9884647114726154,46.49195851069128],[0.988492083240564,46.4919552362757],[0.9885235411476297,46.49195291288484],[0.9888288764161108,46.49187104501401],[0.9889945501322964,46.49187300780488],[0.988990641551167,46.49203042948041],[0.9888795300267176,46.49213979114936],[0.9888691016709618,46.492150470632325],[0.9888645705582214,46.49217020996242],[0.9888575448920999,46.49219082325936],[0.9889653505758258,46.493096422010204],[0.9889754108702988,46.49311634058711],[0.9889827792159425,46.49313442202706],[0.9891775605167066,46.493365286246075],[0.9891917034667805,46.493378052661704],[0.9893208493386701,46.493471363392935],[0.9893788847895134,46.49349544323696],[0.9898627954254858,46.493583957904214],[0.9900048706664059,46.493686424256765],[0.9901179371455089,46.4940656847703],[0.9901277406856063,46.49408020146837],[0.9901415239387507,46.494101958049654],[0.9907025938567473,46.49459450792285],[0.9908085553108724,46.49478741874177],[0.9907384057202849,46.495128525422906],[0.9907147326845632,46.49605956044479],[0.9904060486972414,46.4964698294962],[0.9899790417239628,46.49671222584093],[0.9896814816337182,46.496789687849585],[0.9891036317720808,46.496872826069975],[0.9890786633989364,46.49688152758823],[0.9890548385905531,46.496885746406534],[0.9886185633355195,46.497092034249974],[0.9879102483452606,46.497176771137624],[0.987859092961356,46.49719550962768],[0.9876603509685397,46.49732813153183],[0.9876448613677404,46.49734324354963],[0.9876287188266906,46.49736374762713],[0.9876216692588,46.497385260271386],[0.9876141206322331,46.49761552386908],[0.9876324955150991,46.497662531924924],[0.9878420483655787,46.497928667249184],[0.9877246719686021,46.49803255554764],[0.9872524142151796,46.49810793958977],[0.9864015261843253,46.498145531568824],[0.9863717352718697,46.49815418089513],[0.9863424104634949,46.498165077671125],[0.9862039886970808,46.498255663592246],[0.9861876515115665,46.498273469926254],[0.9861725168429258,46.49828993641883],[0.9861686678110545,46.498313733801076],[0.9861642464181583,46.498328979354255],[0.986222952988153,46.49869545395233],[0.9862274876280664,46.49871485566884],[0.9864025822084677,46.49900937614517],[0.986269222834477,46.49950899489566],[0.9860673041219302,46.499868331958766],[0.9860589917768214,46.49989342433911],[0.9860456043650289,46.50043136339903],[0.9860608573484255,46.50047293655923],[0.98631154900543,46.50083494374744],[0.9863251516201879,46.500848600803685],[0.9872094762989087,46.50157445041625],[0.9874574397495833,46.501973315577295],[0.9874930893874323,46.50200703279192],[0.9878089986652149,46.50218894333334],[0.9878247105991727,46.50219632762287],[0.9881326237392095,46.50232775222882],[0.9883453822244838,46.502481447033155],[0.9883972275582439,46.502854585380646],[0.988402822657086,46.50286815081526],[0.9885813453062852,46.5032643871184],[0.9885648749023411,46.503927362876055],[0.988583296899894,46.50397257272505],[0.9887541201766122,46.50417795827211],[0.9887496061053264,46.504359667386886],[0.9885579856924206,46.50461384443418],[0.9885537788390206,46.50463628985784],[0.9885478742728541,46.504658715321476],[0.9886028785328766,46.50496800856174],[0.9885912574702806,46.50543578064211],[0.988342995895696,46.50572438254494],[0.9883344074612216,46.505744977307835],[0.9883249668349559,46.50576285935597],[0.9882392055289763,46.50663917223957],[0.988188665709693,46.50669076195405],[0.9870712131263873,46.50634817482559],[0.9859284271362614,46.50575692990823],[0.9851682281491819,46.50526199827773],[0.9851473771777841,46.50525140380243],[0.9838063033956101,46.504743708918696],[0.9831749417217044,46.50429348821933],[0.9811922306974363,46.502966938089614],[0.9806346303644378,46.50243479692122],[0.9798118979338737,46.50139063734044],[0.9797957668385369,46.50137379570979],[0.9784556868728864,46.50046248028204],[0.9774510627867029,46.49947237114903],[0.9769595560637282,46.49880692367839],[0.9765227489973098,46.49799185623364],[0.9765152259914647,46.49798007282493],[0.9757695285738824,46.496997539405506],[0.9757159260616832,46.4966981549646],[0.97566981113404,46.49593904859932],[0.9756638182033875,46.495918281150175],[0.9752919329862653,46.495054498502256],[0.9750309591652258,46.49463115370984],[0.9735575113380835,46.49311529466053],[0.9731632864766773,46.49283387345517],[0.9731411046522083,46.49281965816081],[0.9724559787817648,46.49255319493595],[0.9720968923912414,46.4922114548255],[0.9715288402058329,46.4914397829316],[0.9712021554739872,46.49106693179711],[0.97011407698279,46.49023951878154],[0.9697731014303536,46.4899249788027],[0.9697201202713202,46.48989735123314],[0.9696988909672347,46.48988944748178],[0.969648169977449,46.489293600785885],[0.9694777349855465,46.488301739505154],[0.9694528230104325,46.48825644861833],[0.9694002283927871,46.48822881962157],[0.9693324329407289,46.488220807279625],[0.9692697220357374,46.48823804677174],[0.9692268766567319,46.488273526277304],[0.9692166921891752,46.48832109675702],[0.9693871224941463,46.489312958423696],[0.9694206010067249,46.489695786139436],[0.9693909235354613,46.489679234574815],[0.9693715473671328,46.48967270129482],[0.9685793654937648,46.48938647953348],[0.9670983794578465,46.489100956873635],[0.9667838242139526,46.48896399459256],[0.9661616555677238,46.488740541007495],[0.9653704105273602,46.4881398169145],[0.9652182538837494,46.48802100325476],[0.9647087040982577,46.487609936428576],[0.9646842361252662,46.487598842131185],[0.9640334858214831,46.48731654387046],[0.9640127845972863,46.48731089040382],[0.9639947054144519,46.487304376585115],[0.9634109276142779,46.48720734790809],[0.9633878145634361,46.48720436621502],[0.9603751562629484,46.487077969373296],[0.9575955038343229,46.48535981579873],[0.9564531619152477,46.48454511139989],[0.9553735329166577,46.483407214670436],[0.954708102495594,46.48282503299259],[0.953796890583916,46.481777349400396],[0.9537810225774306,46.48176366115099],[0.9525590556173656,46.48093264661009],[0.9528630793492607,46.480452237278776],[0.952868603646037,46.48042980924357],[0.9528731249158663,46.480410967163266],[0.9528883025350255,46.479736277702365],[0.9528867178625561,46.47971916378361],[0.9521574015719387,46.47782963222738],[0.9520533474548997,46.47680255381959],[0.9520460513517882,46.476787166952136],[0.9520435551166303,46.47677274074067],[0.9517904714607539,46.476359337924215],[0.9512160580414403,46.4757170562661],[0.9511661477288786,46.475682253310396],[0.9510999667941704,46.47567245004076],[0.951034502618838,46.47568604773296],[0.9509869098222123,46.475718766442604],[0.9509727328719679,46.475763585195836],[0.9509911233565174,46.47580880057122],[0.9515585841047299,46.47644289787659],[0.9517933368223046,46.47682908688944],[0.9518964027487865,46.47784894996289],[0.9519012870383561,46.47786700398461],[0.9526282988190301,46.479749311599576],[0.9526117862585172,46.480396990529236],[0.9522796947696932,46.48092070095153],[0.9522758321773465,46.48094449725952],[0.9522747639209402,46.480968328324444],[0.9522865170195293,46.480985117326405],[0.952304845011792,46.481009639124245],[0.9523757885417021,46.48105999244338],[0.9535806887693621,46.48187820173935],[0.954493853733569,46.482928610790665],[0.9551584334609131,46.48351077940401],[0.9562367565668072,46.48464866294336],[0.9562534978269887,46.484661462078236],[0.9574126620116696,46.48549077307713],[0.9602344686734173,46.48723193734839],[0.9602484303192497,46.487241103062495],[0.9602718891583424,46.48724588856488],[0.9602948423144305,46.48725516339481],[0.9603143842976289,46.487255400447474],[0.9633595993490093,46.48738219149838],[0.9639109369776893,46.48747433421434],[0.964519473978845,46.487736326974634],[0.9650198682569886,46.48813828627614],[0.9651743313532891,46.488258928350696],[0.9659796077093747,46.48887152137389],[0.9660017777916176,46.48888078559433],[0.9660170534773238,46.48888996675475],[0.966652064428219,46.48912077990236],[0.9669841344559783,46.489260652730266],[0.9670105860910121,46.489270867532184],[0.9684910407759767,46.48955683307888],[0.9692398613356614,46.489826787628516],[0.969488136515862,46.4899575483345],[0.9695099243694284,46.489966807766606],[0.9695409965055326,46.489974384686505],[0.9695369715843152,46.48998962772386],[0.9695632570551329,46.49003223891391],[0.9699156567953054,46.49035861019498],[0.9709972529521393,46.491176946676646],[0.9713050507161534,46.49153158063521],[0.9718731699021742,46.4923032512542],[0.9722512607869581,46.49266321806513],[0.9722658598758845,46.49267598933649],[0.9723008998753832,46.4926998069842],[0.9729939942616337,46.49297086751694],[0.9733575045841597,46.493229873689096],[0.9748038379154063,46.494720219597475],[0.9750479487221353,46.495117265253576],[0.9754087876965406,46.4959566221259],[0.975454799354736,46.49671932531124],[0.9755108668171363,46.49703493996369],[0.975520567522483,46.49705305012285],[0.975524269746572,46.49706659265422],[0.9762759037831363,46.498056397350595],[0.9767147198933351,46.49887418286268],[0.9772265716273533,46.49956506995836],[0.9782593284910528,46.500581613757355],[0.9795973270807699,46.50149290910296],[0.9804114160307373,46.502528416345534],[0.981000038353552,46.50308882234468],[0.9829904700912714,46.50442176494902],[0.983627063538043,46.504876550212856],[0.9836448645551732,46.504883960203216],[0.9836592269206296,46.50489313355147],[0.985000345364753,46.50539947257408],[0.9857627385531057,46.5058953338905],[0.9869458109007304,46.50650685834998],[0.9880581372402022,46.50684578590835],[0.987777166656604,46.5072545716755],[0.987770251300395,46.50727068403045],[0.9876266262897232,46.50764331048358],[0.9876157004971753,46.50798331460878],[0.9875338781455564,46.508066025332454],[0.98604924421913,46.50834805735407],[0.9855051783584841,46.50821562175394],[0.9854726780622367,46.508212534269916],[0.9854438248933143,46.50820949482241],[0.9849789813521034,46.50825031311486],[0.9849198678530475,46.5082689588481],[0.9845200345295357,46.50849366171733],[0.9844859684313921,46.5085220498043],[0.9843046240498252,46.508801539195666],[0.984047275853459,46.508867766241586],[0.9831536838109941,46.50890213133514],[0.9831291217493714,46.508904541727794],[0.9831053140289242,46.50891325530473],[0.9830757218654392,46.508924151124276],[0.982937400236327,46.50901473797058],[0.9829218009535792,46.50902895122654],[0.982907058229974,46.50905037111784],[0.9828993532811762,46.50907187552888],[0.9828888900587416,46.509392088587454],[0.9828952582747932,46.509413757493654],[0.9829057496046859,46.509437279902336],[0.9829184405837748,46.509450929345505],[0.9832374264989721,46.509724670072224],[0.9832929138329414,46.50975232691934],[0.9836942282546847,46.50986057390268],[0.9836710920529198,46.509905295794844],[0.9833430827999086,46.510254125224975],[0.9833237685949197,46.51029708685405],[0.9833170373912639,46.51056695293864],[0.9833265275173195,46.510594062408096],[0.9833341532636072,46.510612146887844],[0.9833825472999796,46.51064691692964],[0.9837025703361454,46.51078569556523],[0.9837502976766962,46.51079525993888],[0.9837686184570096,46.510797277284475],[0.9839640547958259,46.51079960090541],[0.9839902305897584,46.51079541638727],[0.9840294720588346,46.510789581471364],[0.984171504322356,46.51074357695888],[0.9844743457897752,46.511143098002655],[0.9844660508251927,46.51147593611528],[0.9843273616998436,46.511957494952085],[0.9843283071208315,46.511971900962486],[0.9843254529303151,46.51198716505613],[0.9843827483210182,46.51230278238464],[0.984394567731745,46.51232542188816],[0.9848078830169666,46.51292601405575],[0.984567076942652,46.513247989690996],[0.9845526982130565,46.513281110525824],[0.9845464504932923,46.51355548596741],[0.9845531040498813,46.513573562214525],[0.9845706855880147,46.51360526381972],[0.9848631621697438,46.51389848342641],[0.9848598888616629,46.51402981773267],[0.9844091779960112,46.514584151081515],[0.9844011703225313,46.51460205268093],[0.9843901214469402,46.51462171476738],[0.9843173501890932,46.515088758839866],[0.9840977349548479,46.51527151116643],[0.9838497340505917,46.51533785527606],[0.9831840427741102,46.51516166928281],[0.9831644985116738,46.515161436278646],[0.9831386122513667,46.51515393052408],[0.9828128607971878,46.515150055619706],[0.9827760673224893,46.51515681608109],[0.9827539409088779,46.51516060340386],[0.9827220985465671,46.51517777278345],[0.9827030669897914,46.515191041851615],[0.9826884936892126,46.51521876449708],[0.9826798367125115,46.51523395681074],[0.982610035870615,46.51560475596053],[0.9824626684450434,46.51570198075456],[0.9821924069546658,46.515772552102014],[0.9816265226445097,46.51572802218383],[0.9812766828876931,46.51543591008378],[0.9812602960641008,46.51542401654592],[0.9812395605053412,46.515419273787494],[0.9812202869904646,46.51540824173476],[0.9811979458886226,46.51540527931442],[0.9808070538145999,46.5153529300399],[0.9807690675135884,46.51535517950214],[0.9807318595247594,46.51536283363598],[0.9806835824636743,46.51538565355009],[0.980416177272105,46.5156074219752],[0.9804052921158476,46.51562079040681],[0.9801758321730598,46.51588350601641],[0.9800541833871836,46.51579656955263],[0.9800048785751236,46.51542255538746],[0.9799970233443323,46.51540581595131],[0.9798678942869773,46.51516717111831],[0.9798412443238688,46.515143461176656],[0.9798231384382982,46.51513244230248],[0.9796299371615159,46.51504015729872],[0.9796082286991966,46.51503270022752],[0.9795823277741108,46.51502609684369],[0.9792483824020443,46.5149744204235],[0.9792107888369546,46.51497667450342],[0.9791805769133678,46.51498080916001],[0.9783943000386167,46.51519638212343],[0.9783721407626218,46.51520691999043],[0.9783524169761653,46.51521388262655],[0.977820843296334,46.51556926390139],[0.9769018649764228,46.516091884470505],[0.9768862520070656,46.51610654437654],[0.9765949507262459,46.516376162147154],[0.976206312295237,46.5163328210913],[0.9761866921033971,46.51633528868824],[0.9761453517141941,46.516341540523584],[0.9761156352988793,46.51635693433947],[0.9760891706411446,46.51637281265072],[0.9756195148595318,46.51686210349957],[0.9756059882673566,46.516881735344576],[0.9755374473728089,46.51701588838725],[0.9755340179990791,46.517038343555996],[0.9755316331191064,46.51705811138256],[0.9755498931421162,46.517086226168416],[0.9755586972886409,46.517101627104736],[0.9757191160886183,46.51725651498177],[0.9757164073092947,46.517364464333674],[0.9747706343227199,46.5179137390124],[0.974758637371095,46.517924391320015],[0.974742471836557,46.51793500042804],[0.9747319006980707,46.517951068932284],[0.9747302580928334,46.51796454738921],[0.9747233590706106,46.51797976306708],[0.9747155003493188,46.5182928060313],[0.9747228226977944,46.51831268720585],[0.974724761550919,46.51832891150162],[0.9748397541559118,46.518535449050475],[0.9748327093225488,46.518816107563914],[0.9747126031136596,46.518976636807345],[0.9746974329724396,46.519012451922585],[0.9746883992055058,46.51937227213264],[0.9747043009225077,46.519413855517314],[0.9748939478655647,46.519689668840854],[0.9754045858604764,46.52032925687949],[0.9754200562431071,46.52034383724717],[0.976047497700067,46.520794052291386],[0.977055667355563,46.52196957650635],[0.9770671000629989,46.52198141181036],[0.9774486718157501,46.52229820472784],[0.9774674919196576,46.5223092284542],[0.9778849337779624,46.522523873214126],[0.9780547656843159,46.52302980397456],[0.9781056904454533,46.52345332406163],[0.977842135664457,46.52392528561467],[0.9778378317341535,46.52394368192508],[0.977747337939967,46.52480058667114],[0.9776849939960561,46.525040991122054],[0.9774574877601102,46.52522904054094],[0.9766265475393893,46.52548366270071],[0.9766047112029008,46.52549149656857],[0.9762690873979895,46.52567060249252],[0.9762519663255999,46.52568794688731],[0.9762316243105764,46.52570884536174],[0.9760982269071808,46.52604783632062],[0.975813101388539,46.52624058633384],[0.9753393786425822,46.526353700025425],[0.9747385559953058,46.526346511886075],[0.9741237007467821,46.52612499534796],[0.9741054120431157,46.52612117743296],[0.9739110507053521,46.526073859499355],[0.9738827091816191,46.526070823661826],[0.9738619244061398,46.52606787304201],[0.9738436063249402,46.52607035615712],[0.973818553016165,46.52607635084748],[0.9737963515443443,46.52608328238363],[0.9732015701894955,46.526344311741234],[0.9731898280276248,46.52635496752096],[0.9731737493772102,46.526361972308884],[0.97285200499431,46.52662086619996],[0.9726895895197972,46.52669270775373],[0.972578170251276,46.526716564329305],[0.9722495221145416,46.526519163016005],[0.9722302002300482,46.52650993373821],[0.9722095890470802,46.52650519161792],[0.9721712484356912,46.526497979688834],[0.9719047129897159,46.526492533316045],[0.9718648603755727,46.526498807416786],[0.9718392145646128,46.526505246950244],[0.9718182081537751,46.526516242735],[0.971679036589964,46.52660680624068],[0.9716642478119994,46.52662462279259],[0.9716475048532928,46.52664241909966],[0.971525623036815,46.52683891825211],[0.9712708333088053,46.52697533677483],[0.9706147051466288,46.52688647917658],[0.9705911142129668,46.526886196619145],[0.9705478633810501,46.52689017883336],[0.9705244384142222,46.526898894928685],[0.9704901377480595,46.52691467713261],[0.9702316491812452,46.52708434084628],[0.9702128169887274,46.52710481471715],[0.9700712067868646,46.52729207557813],[0.9700574037605942,46.52732520404686],[0.9700437593274427,46.52786673818762],[0.9700621740859815,46.52791194992992],[0.9704846756762485,46.528477610749135],[0.9704648156074381,46.52935920448944],[0.9704820545712964,46.5294044015798],[0.9707988382727163,46.52976813189428],[0.970812820417872,46.52977729638975],[0.9708283791172582,46.52979098175532],[0.9714005656653256,46.530108286705634],[0.9716771838474644,46.530306866132655],[0.9716751911306746,46.53038602225365],[0.9714868308169287,46.530638414479206],[0.9714724394490202,46.53067153626803],[0.9714613443791844,46.53111231677582],[0.9714058860945708,46.531129651663555],[0.971383523432405,46.53114288150098],[0.9713625024645594,46.53115432283552],[0.9710243782679325,46.53142561748962],[0.9710054771831943,46.53144878529528],[0.9709990574755805,46.5314680535956],[0.9709967035437506,46.531489172079034],[0.9711123647665749,46.53212043434506],[0.9711276515300927,46.532144912023455],[0.9711373659240539,46.53216302890669],[0.9711619693535737,46.532175017297924],[0.9711823479290624,46.532188760158895],[0.9716257922674567,46.53234885052007],[0.9716173478720682,46.53268438207176],[0.971352734115411,46.53316621636462],[0.9713438637191628,46.533189501763154],[0.9713410231806737,46.53337483577388],[0.9713658078659508,46.53342371990687],[0.9714101655683072,46.53345124595931],[0.9717048812660386,46.533558260267945],[0.971664474084238,46.53366125610373],[0.9714646216784213,46.533924310223966],[0.9714616640319542,46.53394856969596],[0.9714582780417027,46.53396922491032],[0.9715191524982443,46.534252051874965],[0.9715329361823339,46.53427155865191],[0.9715415961899745,46.534285161186574],[0.9715572691149009,46.5342943456339],[0.972432747034654,46.53483123969246],[0.9725364900143364,46.53501964443822],[0.9725165332335384,46.53581305448648],[0.972519697717727,46.535832434170054],[0.9725303519804178,46.53585461188804],[0.9725488024601594,46.53587282670203],[0.9730279458143207,46.536216902023384],[0.973022675853338,46.53642649571955],[0.9728382365055561,46.536631247384015],[0.9728277826081003,46.53665811859445],[0.9728230449061804,46.5366805576673],[0.9728747856990904,46.53712208990293],[0.9728637006597854,46.53756287003459],[0.972814332797347,46.53765945809748],[0.9723817786155462,46.537945819472185],[0.9716687098756924,46.53824861047079],[0.9716482451272173,46.538261412863804],[0.9710431457051941,46.53870632187558],[0.9710309043081538,46.53872146691174],[0.9710151062866968,46.538737478433646],[0.9708860569352302,46.53898968141446],[0.9705878012696806,46.539229052163996],[0.9697522394410889,46.53952766443713],[0.9697233617507105,46.539545311812866],[0.9697021642665146,46.53955855574254],[0.9695066570388328,46.53973347332481],[0.9694921371656166,46.53975849402794],[0.9694839943240041,46.53977639315687],[0.9694647904934466,46.540491525545],[0.9693278781245966,46.54084531074391],[0.969250150596323,46.541396419633394],[0.9692555896429119,46.54143382937786],[0.9694471288356836,46.5417555617043],[0.9701998161204141,46.54288937725637],[0.9702125656791974,46.5429012293059],[0.9702252842104344,46.54291398424626],[0.9704837680877267,46.54309974552861],[0.9712373463138102,46.54368197471636],[0.9715917404134873,46.54406235175482],[0.9715901554401934,46.54412531781001],[0.9716054096256737,46.5441668925771],[0.9717973158391854,46.54444138939654],[0.9718087406517284,46.54445637306088],[0.9725007443872841,46.54504055700503],[0.973001178599285,46.545625132224174],[0.9732347176064841,46.54609314189776],[0.9732243128234912,46.54650693281671],[0.9728512083174979,46.546920881086436],[0.9718125062791542,46.547612101874954],[0.9713248252397225,46.547815912104866],[0.9705740731891396,46.54784920245834],[0.9705478183887005,46.54785608503005],[0.9705257342958296,46.547857619116996],[0.9701311936857769,46.547987858247495],[0.9701154483564912,46.547996666488174],[0.9700970166184515,46.54800364270351],[0.9696977673107359,46.54826879613304],[0.9696760065480281,46.54829373251511],[0.969664651673474,46.548307091674076],[0.9693939935684371,46.54879964856846],[0.9693851237036433,46.54882293381827],[0.9693453797085264,46.55039895005211],[0.9693537225989942,46.55041974666081],[0.9693593546030885,46.55043961063519],[0.9696052564458637,46.55084118314668],[0.9696486390738247,46.55087949752796],[0.9699037040827948,46.55101573264693],[0.9699295620096952,46.55102504025295],[0.9699501142365295,46.551032483773994],[0.9715920516100209,46.55134912035583],[0.9715337762785519,46.55163816667717],[0.9715387106660015,46.55165442060646],[0.9715460552609063,46.551678806794776],[0.971801404629418,46.55200130179985],[0.9718155218220375,46.55201046842511],[0.9718317587217062,46.55202866289021],[0.9731816316883415,46.552809683572754],[0.9743795007935752,46.553620356913925],[0.9746787102763563,46.553963171787615],[0.9749224525654511,46.55449968241604],[0.9751568476692768,46.5552943259852],[0.9752073571358023,46.55587981062913],[0.9754337367011373,46.55732403266374],[0.9757321293099027,46.55835789447044],[0.9756940088168151,46.5598763372191],[0.9756966698469051,46.55988986740589],[0.9758152141889892,46.56039518283446],[0.9760008650184544,46.56085181286749],[0.9760101791790874,46.56086542016605],[0.9764547907122324,46.56141512497517],[0.976470292376488,46.561431504202666],[0.9770458688913235,46.56188828441765],[0.9770652117719015,46.56189751836156],[0.9770845011302252,46.561908544720325],[0.9772008573193884,46.561950422727605],[0.977383641283174,46.56203809066744],[0.977696527321665,46.562259580734114],[0.9781375337547944,46.56262116911945],[0.9781915710523612,46.562646108458104],[0.9785805729651149,46.562740728999884],[0.9786052584487392,46.56274462469742],[0.9800897322053087,46.56285319562364],[0.980565523803815,46.56298303743495],[0.9812344765542904,46.56345890735704],[0.9813381333990199,46.56364910067441],[0.9813340397007625,46.56381282062605],[0.9813413614497903,46.563832701050856],[0.9813433130637086,46.563848924360805],[0.981472559022626,46.56407991449576],[0.9817979837395273,46.56450040400388],[0.9822396337384975,46.564952861975556],[0.9822733912993709,46.565000956343845],[0.9825208823753536,46.56493821248344],[0.9824712248754088,46.56486833652421],[0.9824625141276269,46.564856533798476],[0.9820221241625152,46.56440588506716],[0.9817101201125648,46.56400175329535],[0.9815977587366415,46.56379975767167]],[[0.9750393725754585,46.553479782856996],[0.9751579029537626,46.55348120016811],[0.9753433568441139,46.55358059646688],[0.9753950508383812,46.553776472946524],[0.9754004047872135,46.553791837868346],[0.9757029954846846,46.5542705598195],[0.9756912086291434,46.55474012084114],[0.975559578793682,46.555047189218946],[0.9755527213176131,46.55506060508544],[0.9755346527058705,46.55578024902086],[0.975542423453084,46.55580598452923],[0.9761014413779866,46.5569432910085],[0.976115318998646,46.55695695470404],[0.9761228054078749,46.556970536897225],[0.9764332686103385,46.55723519310899],[0.9767266997906319,46.557658919073084],[0.9767186878910701,46.558004354792864],[0.9767753836626726,46.558370356117734],[0.9768155822523336,46.55949516099281],[0.9768184433626451,46.55951364603224],[0.9768728232868641,46.559633970152795],[0.9768449545029102,46.560744915222564],[0.9768470236542689,46.5607611344168],[0.9769677899162335,46.56130877265505],[0.9771380846866007,46.56168603012465],[0.9766804224097911,46.5613233360682],[0.9762502309249314,46.5607918009686],[0.9760720088297947,46.56035595841615],[0.9759562247250061,46.5598704731715],[0.9759928771328057,46.55833761523629],[0.9756936178639779,46.5572938487731],[0.9754699014260372,46.555860453595564],[0.9754192675753294,46.55527946879821],[0.9754155614209795,46.5552659264035],[0.9751753440357654,46.554448715118774],[0.9749256085012263,46.55390133429379],[0.9749149306302736,46.55388771173822],[0.9746681920263827,46.553603113973544],[0.9750393725754585,46.553479782856996]],[[0.9720213562545489,46.54435094600222],[0.9718816953778684,46.544148611598935],[0.9720714505894816,46.54417427825498],[0.9724162877067484,46.54429718865375],[0.9727831428909524,46.544603022081745],[0.9727995366400828,46.54461491677195],[0.9731620865145278,46.54483252084557],[0.9736468518936392,46.5455734775722],[0.973823306296396,46.54596251331016],[0.9737493171751398,46.546472728256504],[0.9735518981955914,46.546902280319166],[0.9719604093237951,46.548534394420145],[0.9714964674164341,46.54892925057978],[0.9714884313012688,46.548942652533334],[0.9714761605255932,46.54895870325019],[0.9714693055203328,46.548972116232996],[0.9714705957712655,46.54899327945676],[0.971528194294859,46.549269764611765],[0.9715389418889228,46.549288339224525],[0.9716073492103878,46.54938948888793],[0.9716319255538408,46.5494077798931],[0.9716541556491127,46.54942379637025],[0.9718176090648347,46.549481993638686],[0.971649113157047,46.54981291004272],[0.9716474768578732,46.549826383115956],[0.9716419161995514,46.54983981544895],[0.9716317236979429,46.55024461694918],[0.9716376762696426,46.55026718329261],[0.9716425134462373,46.550282539264735],[0.9719459203248626,46.550763082030194],[0.9719403502707484,46.5509843713963],[0.971692923199492,46.55118116234462],[0.9700468181378198,46.55086447750675],[0.9698344470731061,46.55075215367494],[0.9696089997850874,46.55038231647367],[0.9696477844898185,46.54884408730729],[0.9699006057216096,46.54838641070384],[0.9702654141138267,46.54814243543496],[0.9706167846018643,46.54802787949259],[0.9713754300401782,46.54799198690909],[0.9714082032525615,46.54798517647696],[0.9714409635387301,46.54797927375177],[0.9719681608931091,46.54775748838137],[0.9719851697360165,46.54774734397146],[0.9730449667595822,46.547041979911576],[0.9730597990204755,46.54702776237982],[0.9734687295718482,46.54657914441711],[0.973481296930667,46.546546003625586],[0.9734869781642386,46.546532572443844],[0.9734982849236365,46.546082799473744],[0.9734917474647422,46.54606022555835],[0.9732359359846255,46.54554426288348],[0.9727272361820735,46.544948786530796],[0.9727144702593047,46.54493783793589],[0.9720213562545489,46.54435094600222]],[[0.9712647325985578,46.531505880676946],[0.9715270869665459,46.53129757000559],[0.972288640480101,46.532525964041334],[0.9737966995617574,46.53446964891178],[0.9739096905216378,46.534803938015656],[0.9738965350311062,46.5353274776989],[0.9738289354457329,46.535545325253416],[0.9738255347903907,46.53555878063703],[0.9738112469943598,46.536127303007774],[0.9732923522018232,46.5368976348901],[0.9731254031486267,46.537008112784136],[0.9730887542699448,46.53669723301922],[0.9732673028146628,46.536498711512586],[0.9732839865044323,46.536452120825864],[0.9732896475496047,46.53617774467854],[0.9732888620533985,46.53615973846447],[0.9732780615652667,46.53614341124821],[0.9732596324644357,46.53612429709731],[0.9727793208057656,46.5357802083537],[0.9727984358057201,46.53502008650865],[0.972798776076329,46.5350065922301],[0.9727938336564375,46.534990339044],[0.9727905682998585,46.53497500190622],[0.9727843906072741,46.53496142905272],[0.9726671825755566,46.53474856858486],[0.9726261808348399,46.53470938118642],[0.9717686536483975,46.53418440301452],[0.971723008152966,46.53397239951398],[0.9719077298290429,46.53372536482038],[0.971916101091318,46.53371376576322],[0.9719858045049617,46.53353463701771],[0.9719861436632786,46.53352114271485],[0.9719850721435963,46.53350133082155],[0.9719854342399049,46.533486939786584],[0.971972379754886,46.53346968883519],[0.9719570794007051,46.53345330511237],[0.9719267249988085,46.53343674727017],[0.9716025621830575,46.533318579920184],[0.9716053244889099,46.5332088374843],[0.9718715656504284,46.53273242153939],[0.971873186217807,46.53271444714535],[0.9718800431255885,46.53270103056742],[0.97189034299059,46.532291733241784],[0.9718841657928965,46.53227816123329],[0.9718706886360456,46.5322492030307],[0.9718526013505644,46.53223729339719],[0.9718205300915661,46.53221621216991],[0.9713659925138969,46.532051494167874],[0.9712647325985578,46.531505880676946]],[[1.0077107293234622,46.44160414224635],[1.0074515224786402,46.44177657306367],[1.0070400951504663,46.441663784081754],[1.006817488744977,46.441505504981976],[1.0065164921900256,46.44107186831132],[1.0065017458940297,46.441057297147815],[1.006480394509496,46.44103635139929],[1.0058858027465942,46.44069645946641],[1.0058881601367777,46.440600203714354],[1.0060334151902353,46.440515521773],[1.0060525354821301,46.44053194024158],[1.0060694461033324,46.44054293456679],[1.0063364098011514,46.44068643738356],[1.007164569381526,46.44105065814801],[1.0078445569993273,46.4414545329246],[1.0077107293234622,46.44160414224635]]],[[[0.9487192220630317,46.45351287270499],[0.9486526532267887,46.45350936314882],[0.9485910829825264,46.453529308156924],[0.9485510666575034,46.453566613276784],[0.9485458885456085,46.45361154119443],[0.9486039173127566,46.45383720785105],[0.9486140624642735,46.4538553286992],[0.948623937755845,46.45386894540075],[0.9486330077828053,46.45388075512588],[0.9486534243232184,46.453891801206474],[0.9512906162581461,46.455138750409645],[0.951741765093717,46.455414196423924],[0.9523703266832447,46.45573229765588],[0.9528156328140778,46.456048165036194],[0.9528736264548016,46.45607136665068],[0.9529409829758624,46.45607488239652],[0.9530001983379721,46.45605041155325],[0.9530350011602245,46.45601304121081],[0.9530377745768382,46.45596538131125],[0.953004710303563,46.455924488839514],[0.9525558731296815,46.45560407852408],[0.9525394417888616,46.455594880899106],[0.9519067079054784,46.4552767363963],[0.9514510283038528,46.454998082329276],[0.9488529970763224,46.45377005965717],[0.9488045925411076,46.453580505418024],[0.9487756064779156,46.45353785631617],[0.9487192220630317,46.45351287270499]]]]}},{"type":"Feature","properties":{"code":"FR5400535","name":"Vallée de l'Anglin","designation":"SIC","legalReference":"http://www.legifrance.gouv.fr/jo_pdf.do?cidTexte=JORFTEXT000000277583","sourceUpdatedAt":"2022-09-18"},"geometry":{"type":"MultiPolygon","coordinates":[[[[0.8750568377615134,46.70563067639429],[0.8768036972458563,46.705655719018694],[0.8776157191869114,46.70600982814463],[0.8790789866793156,46.7045752921275],[0.8820799982197166,46.70042667747922],[0.8809693378474279,46.70003730090617],[0.8807513776792675,46.700272975496],[0.8803318279913549,46.70055377209632],[0.8798281949572592,46.701042248847955],[0.8795936462634674,46.70125251216989],[0.8788146324773728,46.700840354346596],[0.8785234373614619,46.70004209115986],[0.8782798467980589,46.69953058196852],[0.8781996575281139,46.69919662014172],[0.8773758089817049,46.698378051040336],[0.8768631806635048,46.69803226736228],[0.876817458869538,46.6976960497557],[0.876904404982365,46.69723194634464],[0.8773251939068084,46.69670642977731],[0.8779955575311476,46.696251585364045],[0.8786991195134257,46.69575846515671],[0.8795508797578218,46.69536081905747],[0.8804525420096013,46.69505198015211],[0.8808564036086657,46.69451723750339],[0.8813594445109876,46.69415471874785],[0.8821622727021063,46.693722234823],[0.8828505715657574,46.69317130886291],[0.8860239709175725,46.69362738958856],[0.8860556935885211,46.693663786527],[0.8862704900280726,46.69378798888178],[0.8866200243570977,46.69383291823118],[0.8870017163795686,46.69387825950591],[0.8875007194667623,46.693908888734875],[0.8879988078036885,46.69395389903092],[0.888263657127463,46.693986950964096],[0.8887459293871077,46.694134340991745],[0.8892439722397594,46.69420094375514],[0.8899275819703548,46.69411602698224],[0.890311175604653,46.693904928125335],[0.8906472433133918,46.69361224197572],[0.890834289470076,46.69326368098371],[0.8907365368028155,46.69296279881511],[0.8904585868478281,46.6924418824832],[0.8903137997657086,46.69203693035254],[0.8899363510548156,46.69134468296086],[0.8910160914613163,46.68979446640727],[0.8905371178466036,46.68955444374518],[0.889807495936727,46.689210463798204],[0.8894462942829533,46.68884056074119],[0.8892814795445897,46.68853972921149],[0.8890215247695338,46.688100021974925],[0.8887070306916726,46.68792956330625],[0.8881770701426339,46.68769968531635],[0.8883156370166305,46.68716424749426],[0.8884005069723452,46.686817096000674],[0.8881542403867556,46.686491831259985],[0.8879076206291391,46.6863312333869],[0.8873066594700112,46.68646308114568],[0.8870111653908436,46.686072404318544],[0.8870814558269104,46.685733161953976],[0.8871509089976077,46.6853858091717],[0.8872704172526422,46.685024696188236],[0.8876577973547738,46.684582405388845],[0.8880285145514802,46.68405891117826],[0.8886646731595439,46.683695354169195],[0.8892994895816005,46.68327418481734],[0.8898194700229909,46.68295684183537],[0.8903219815446618,46.68254928697013],[0.8910564494263626,46.682263446699174],[0.8913916984689016,46.682042736379394],[0.8916918320844788,46.68181978179004],[0.8921435100686398,46.681503362947765],[0.8924305977686651,46.68123524424324],[0.8923956768739099,46.681225805094336],[0.893030780164552,46.68108087134752],[0.8935467301833869,46.68105499982296],[0.894363276555323,46.68087635235655],[0.8954107641152655,46.68073031355681],[0.8962590882184375,46.6808310023681],[0.8964431625188255,46.680747844411485],[0.8969604623522041,46.68055820582866],[0.8973596418191797,46.68049845412318],[0.8977409942442848,46.68046007036816],[0.8982264572411568,46.68030692062771],[0.8992293905824116,46.679848942608686],[0.8995125924706107,46.67972023820614],[0.9000444300930965,46.679740424833426],[0.9006449752297138,46.67962021134539],[0.9010102223086353,46.67960680576377],[0.9013084932685325,46.67974283250557],[0.9018870870758919,46.680110033267326],[0.9022834444850603,46.680353467255564],[0.9025310325480657,46.68063102409093],[0.9027276285710901,46.68095293156715],[0.9031565526464068,46.68125075867241],[0.9034214303446433,46.681458343269355],[0.9036354292907849,46.68163199533187],[0.9040162623969981,46.681756450252465],[0.9043307320418136,46.6818836753942],[0.9046292850273525,46.682009798231086],[0.9049458011316919,46.682065053392044],[0.9052259584172595,46.68214505611119],[0.9055426237393797,46.682189515221346],[0.9058250511963174,46.682233544743546],[0.9061053569497041,46.682417027019824],[0.9064356925676803,46.682671311434696],[0.9066854798190317,46.68272843420314],[0.906999704844542,46.682806151101076],[0.9071806537770829,46.68297938320678],[0.9074554184436616,46.68297202697207],[0.9072284332000766,46.682809014635104],[0.9063301556885964,46.682167892534736],[0.9043898701421589,46.68137871581864],[0.9033625440354991,46.68064596302888],[0.9026604022085826,46.68000727306044],[0.9021594768760914,46.679191137868884],[0.902047064407486,46.67851486197978],[0.90226576548246,46.67766277716418],[0.9024927143471527,46.67782579950701],[0.9025926180762883,46.67750941617086],[0.9025987013955207,46.67693990273593],[0.9024041762798678,46.67643175735224],[0.9019754548922987,46.67603944547948],[0.901591931723779,46.676052623814975],[0.9010758403775394,46.676149615078735],[0.9006938054540288,46.67615110448075],[0.900394892844878,46.6759907782222],[0.9002820192770187,46.67560872869297],[0.9007713017408066,46.6749553190022],[0.900706293092943,46.67480423022366],[0.8999731140461525,46.67504245501636],[0.898772501893537,46.67539626123323],[0.8982914625529811,46.67520303926645],[0.8978272806511837,46.67491644742744],[0.8973649060868726,46.674744147191845],[0.8964844220066274,46.6746223632635],[0.8953384739020355,46.67445493209213],[0.895153375963876,46.67473423939005],[0.8952156657317419,46.67509495390542],[0.8953614556495691,46.67551071621302],[0.8953100601003914,46.67576651514831],[0.8952561619999346,46.676229242561746],[0.8951340956041587,46.67668391204641],[0.8947000915486658,46.676825102489076],[0.8934655221812625,46.67723872019884],[0.8929487085981442,46.67734735818117],[0.8926985130464431,46.67752235823694],[0.8921474615231653,46.677791633794094],[0.8915942735529648,46.67813106753996],[0.8912262293021191,46.67840085552423],[0.8906419468199485,46.67869489417063],[0.8895906845956805,46.67909549473446],[0.8894353029988076,46.67966490991833],[0.8888808752811541,46.680107795185975],[0.8879523774553386,46.679823367992874],[0.8876688329894263,46.6799637395764],[0.8858772775112915,46.6794424851867],[0.8851068443705931,46.680050872669305],[0.8843013849015312,46.68078478046587],[0.8835283070284082,46.68162617943508],[0.8828418081399769,46.68211593953584],[0.8825349760878111,46.68287328748558],[0.882410979173966,46.68363836147932],[0.8823540358475678,46.684404289427114],[0.8818514742671726,46.68485949584647],[0.8812001285090205,46.685060851667735],[0.8807143092367654,46.685272414819146],[0.8805622901418078,46.68557641670946],[0.8804757987592152,46.68598203837357],[0.8807683195853565,46.6866660331099],[0.8815620802610032,46.68715936113729],[0.8820588994192464,46.68724937336909],[0.8826226419169646,46.687593089836746],[0.8826502621099612,46.68806854908696],[0.8824151653434997,46.68839399138995],[0.8821108838096045,46.688768043512454],[0.8820744600455704,46.68915000276081],[0.8817699080315999,46.68964102995371],[0.8818959519863704,46.69034629818667],[0.882174939036813,46.690820458432924],[0.8829200627191564,46.69107290242427],[0.8831003813920999,46.69136044184836],[0.8823143051548764,46.691852537579976],[0.8809802248704333,46.69210368430618],[0.8797509439940774,46.692017817541746],[0.8784687425296854,46.69212922545066],[0.8779994431708749,46.69251555526995],[0.877626235277032,46.69311097444755],[0.8764218913467662,46.69388292369771],[0.8757504505829646,46.69444123045183],[0.8746783302125706,46.69530753711545],[0.8736354030435097,46.696485547093424],[0.8726283442745859,46.69730318255861],[0.87210647237692,46.697932666903895],[0.8727194590822338,46.69815018952056],[0.872951097139055,46.69833312328767],[0.8729288905869681,46.69886823541456],[0.8731948051782998,46.69899311893544],[0.8736137893296559,46.69858457002102],[0.874012667476191,46.70033533983331],[0.87347852147432,46.700499464129074],[0.8726281249565039,46.700644234603814],[0.8719956128623662,46.70068291523574],[0.8709831915691023,46.700444971238554],[0.8706214205859948,46.70003990364835],[0.8699961299181038,46.69941729174564],[0.8696476575772135,46.699187860037014],[0.8690335419517665,46.699074689782094],[0.8686237285823012,46.69855651942386],[0.8683798739100255,46.697860517444916],[0.8682850323016006,46.697457080134065],[0.8683914004565866,46.69691135074291],[0.8682775776835849,46.69652746258215],[0.8680527944617518,46.69574171685134],[0.8683582391143783,46.69508877149468],[0.8684843768903596,46.69405559095121],[0.8682724645654809,46.69377841781765],[0.8677094542601477,46.69356242122956],[0.8676959346166069,46.69314562739551],[0.8677883329313969,46.692237984410426],[0.8677066281679805,46.692029976682],[0.8673152939801304,46.6914067586868],[0.8673188388931672,46.69098748224479],[0.8675912367476515,46.690395300029856],[0.8679147366577799,46.68955812140399],[0.8680900492144823,46.68874603375429],[0.8681637367824725,46.688001924466306],[0.8681603992121284,46.68677181543007],[0.8680998753770238,46.68611146070472],[0.868458947600558,46.68527293908818],[0.8687712802255854,46.68388222264232],[0.8659166504854408,46.68331728130813],[0.865797249053047,46.68351550741448],[0.8655772956955124,46.68401658038906],[0.8654146507982035,46.68518875824244],[0.8655560895880013,46.68599772692827],[0.8652477387117831,46.686950274549496],[0.8648410247059028,46.6876154056281],[0.864583207723728,46.68843992329377],[0.8646103887481225,46.68917093652666],[0.8644208653973429,46.68964810403095],[0.863964148791379,46.690438563329224],[0.8640267633792403,46.69086678777717],[0.8640704034138303,46.691425245293935],[0.8641797844839348,46.69216721124785],[0.8644065909357076,46.692722632419915],[0.8645155240022977,46.693568079503834],[0.864294246933577,46.69405832979161],[0.8640519067545082,46.69503331768224],[0.8637924314261602,46.69597479264955],[0.8636364583778156,46.69665934736439],[0.8635782718243197,46.69735506967021],[0.8635892717306759,46.69791130013877],[0.8637484115887216,46.698642214557395],[0.8637513326377054,46.6998840169348],[0.8641982621250083,46.700089544614364],[0.8648341642964957,46.699878184109],[0.8650643529003117,46.7001187024153],[0.8652015677731654,46.701324439706845],[0.8656931069065337,46.70206412791342],[0.8667758492177287,46.70370405315975],[0.8684516870825663,46.70392897177577],[0.8698635303516231,46.704199064691934],[0.8704916861504794,46.704775818968685],[0.8711670697907095,46.70532888063237],[0.871778216205994,46.70585861823271],[0.8722397234938175,46.70624876547197],[0.8727046536693833,46.70627092034837],[0.873391351089388,46.7058370072239],[0.8742598619099157,46.705644769433825],[0.8750568377615134,46.70563067639429]]],[[[0.9780888600103244,46.573672179481605],[0.9787538642785889,46.57318520412874],[0.9820133995645078,46.57326899977037],[0.9820947533816047,46.57264009792123],[0.9824983810971237,46.572105002015775],[0.9830969902857808,46.571662209227185],[0.9844096192805939,46.57136285693644],[0.9852027358103514,46.57096735278149],[0.9858109981295947,46.57011973834971],[0.9858177243687104,46.56984987414226],[0.9852006578775119,46.56840284737714],[0.9848172214349412,46.56808336256044],[0.9848318047860736,46.56749865050045],[0.985349764095423,46.5676397685353],[0.9857358360411581,46.56786930134605],[0.9859982087191836,46.56782742226121],[0.9863388436996078,46.56724658120006],[0.9872551979749492,46.5671224685502],[0.9873897167062188,46.566944093060094],[0.9876032675667574,46.566226771553715],[0.9879383389797631,46.56591580450432],[0.9893204380645081,46.565392267500194],[0.9937362910107299,46.566209260929895],[0.994388025158422,46.56621694264039],[0.9949204703037384,46.565773303920814],[0.9955099958401415,46.56569026519933],[0.9970109926033957,46.56566293716052],[0.9999200284776354,46.56673190173512],[1.0004395210169712,46.56682797739515],[1.0006595863937697,46.56685035846193],[1.000540958168446,46.56673018920163],[0.9998770184703256,46.56640746547326],[0.9991466435558157,46.566038961564345],[0.9984236413455948,46.565351110396506],[0.9983559524065289,46.56535031491371],[0.9977662556376838,46.56466402469485],[0.9950172158029579,46.564415721877516],[0.9939422420319481,46.56436256049619],[0.9919303624584207,46.56421285727098],[0.9906466878951404,46.564473934198574],[0.9886360271274564,46.56432238752524],[0.9873634569106506,46.564084159975664],[0.9857468107366235,46.56425665941072],[0.9841943691707913,46.56451718408427],[0.9834821164859036,46.564697684844525],[0.983233457991959,46.564760417383006],[0.9825208823753536,46.56493821248344],[0.9822733912993709,46.565000956343845],[0.9820990199414593,46.565045672558064],[0.9806233400935589,46.564942634364265],[0.9796807165733752,46.56502768571528],[0.9783292584700979,46.56533551511591],[0.977849400102387,46.56574190698789],[0.9779021908366178,46.566331918171144],[0.9783582620415465,46.56692674496029],[0.978815912560586,46.567521582264014],[0.9795518157387033,46.56761763179372],[0.9803546671330137,46.567760366469116],[0.9816927366500713,46.5680894315363],[0.9817511629710085,46.56840866095589],[0.9816632403492216,46.56931643209408],[0.9813787579101607,46.569996911224735],[0.9808245262764136,46.570674180233894],[0.9796739730110595,46.57102940349436],[0.978400160320713,46.570929640018754],[0.9776606244467709,46.57087762865544],[0.9765845616039116,46.57096196516947],[0.9760354125640786,46.571366625404686],[0.9755555146591023,46.57177211060699],[0.9740066323308704,46.57194256024802],[0.972658400926668,46.57211358659064],[0.9722347324371233,46.57292735033381],[0.9732263104147109,46.57370856658076],[0.9746318156290323,46.573902645506905],[0.9758430248971918,46.57435172914227],[0.9769035871514565,46.57410794691623],[0.9780888600103244,46.573672179481605]]],[[[0.9086093273963539,46.667664309971784],[0.9073929511206313,46.66665927752881],[0.9073347369166244,46.66643359393814],[0.9072044614816306,46.66643196229529],[0.906757047765155,46.666021433232736],[0.9067032169343051,46.66557085029406],[0.9089307549131381,46.662899267468745],[0.9092811307302329,46.662003832115694],[0.9098227271912878,46.661290744632865],[0.9108263266577079,46.66040346532205],[0.913243112109712,46.65795912689899],[0.915413758009219,46.654926785915556],[0.915686845130763,46.65448027827234],[0.9161629625067668,46.653766346832874],[0.91625070457108,46.65291260643409],[0.9165414782923862,46.65179144839059],[0.9169487047455099,46.65121163454912],[0.9177489877123333,46.650591711989726],[0.9177811776400483,46.650565121430496],[0.9178851217732155,46.65036844999094],[0.9174283238938782,46.65036276924388],[0.9156731321181093,46.65002598529342],[0.9125475907749742,46.649627086607865],[0.9109895799615626,46.64924769521673],[0.9104730121853888,46.64901628450998],[0.9087214754383666,46.6485444651935],[0.9074805686863963,46.648528927647604],[0.9064332239288798,46.648605784293274],[0.9064613080159537,46.64832898704011],[0.9052623808611074,46.648258163237585],[0.9039324786589547,46.64830265538292],[0.9028524475036607,46.64828639079744],[0.9018554429546133,46.64812988048251],[0.9009779552531562,46.64786689511321],[0.9008280007885259,46.64781101354761],[0.9008114708158234,46.64783330147312],[0.9002252486186209,46.65017896863936],[0.8999469197064288,46.65146851792946],[0.899910210445614,46.65175869779121],[0.8998894266732637,46.65220205140449],[0.8998210865460889,46.65256111969032],[0.8999998064853052,46.65287290934074],[0.9003134988631645,46.65311621568065],[0.9007595925649979,46.65334408382992],[0.9011062221077987,46.6535284150256],[0.9012361088685713,46.653991658939844],[0.900901011007771,46.65425918816648],[0.9002992156204479,46.654530557870835],[0.8996817151061652,46.65481252766647],[0.8993642525814779,46.655094676731004],[0.8991614871898254,46.655348569928066],[0.8988419809592784,46.655677481806414],[0.8987224631028904,46.65608359666003],[0.8991178586257081,46.65640531575483],[0.899184751653126,46.656440353511066],[0.8990144363854853,46.65681073765914],[0.8988626478365287,46.65711296601506],[0.9015853154267781,46.659302318825965],[0.9007024165369746,46.65932990244305],[0.8988004413407786,46.66008340229889],[0.8978328887525113,46.660541818857396],[0.8982958557493982,46.660736615985535],[0.8987113818194886,46.66083813570253],[0.8992917090846752,46.66097411905963],[0.8997872575999812,46.66121701464475],[0.8999864785251146,46.66138779313668],[0.9002660744751404,46.6615487811721],[0.9001821831969747,46.66180417289678],[0.9001448343953883,46.66217712938597],[0.9000715880172161,46.66272060143966],[0.8999358764952413,46.66304733372864],[0.8996518658178289,46.663268712966314],[0.8996995791346533,46.663489767371615],[0.8999461058737238,46.663848303942814],[0.9005568739838937,46.66427171236099],[0.9007206209575441,46.664504125851686],[0.9008015638279158,46.66465541501633],[0.9008173444665801,46.66495705251682],[0.9008295273592315,46.66528114531209],[0.9015408640292594,46.66565901723007],[0.9021204350327964,46.66593445599961],[0.902347628166789,46.66659418223743],[0.9022926237692627,46.66708119341695],[0.9031027221191441,46.66754128743289],[0.9036181939201833,46.66757295200467],[0.9039179218099682,46.66745433897141],[0.9047012923434613,46.66730040082733],[0.905315766229526,46.66738909358333],[0.9054954944796108,46.66766579428417],[0.9055566189355908,46.6682109532237],[0.9053208125100494,46.66847794739775],[0.9051864651303483,46.66872371310408],[0.9050662318383371,46.66911812572716],[0.9049812832390717,46.669315017966916],[0.9077878026065429,46.66959944314552],[0.9081522119215771,46.67159530827893],[0.9086130237711573,46.672010493699254],[0.909323256706283,46.67324313937843],[0.9089514426064196,46.67465120472542],[0.9089263805521003,46.675694683102776],[0.9080422212165439,46.676007559547834],[0.9066647348228746,46.6772230640839],[0.9057164344718649,46.67748832864408],[0.9048300347728412,46.67793342307223],[0.9037998278222618,46.67814315252106],[0.9049948145221254,46.67828191808598],[0.9065615583816985,46.67834654832914],[0.9078090738933412,46.67818220648797],[0.9094518394676475,46.67784283111319],[0.9104419206282037,46.67745028840524],[0.9107112069351999,46.67718370199558],[0.9110683639876836,46.67601839592558],[0.9116841013076935,46.67499129052848],[0.9122194808045612,46.67450307400416],[0.9120317483992798,46.674185795721264],[0.9120708374588605,46.6727015751134],[0.9117753302331094,46.67152811884948],[0.9112763225085433,46.67062206638936],[0.9103184056057962,46.669755272856214],[0.9086093273963539,46.667664309971784]]]]}},{"type":"Feature","properties":{"code":"FR5402004","name":"Basse vallée de la Gartempe","designation":"SIC","legalReference":"http://www.legifrance.gouv.fr/jo_pdf.do?cidTexte=JORFTEXT000000277584","sourceUpdatedAt":"2017-05-31"},"geometry":{"type":"Polygon","coordinates":[[[0.8597368877020208,46.66060851475232],[0.8586546815766036,46.659888132942186],[0.8581083751619779,46.659433836789674],[0.8579489010411219,46.65930579336733],[0.8578306747823238,46.659031615565894],[0.8576558025134667,46.65879269307225],[0.8571648299992016,46.658289616874306],[0.855275266005013,46.658773506519005],[0.8545663841794914,46.65896497037485],[0.853875785018449,46.659142260087705],[0.8532771398402635,46.65924515902416],[0.8528233546334866,46.65935084071075],[0.852081938915893,46.65935559320113],[0.8515767905606515,46.659385014554466],[0.8510935456649662,46.65925454664938],[0.8507336068869201,46.65921206621197],[0.8500827051949119,46.65925218438026],[0.8492732178858432,46.65911835442001],[0.8492051454993319,46.65897979054248],[0.8487602560681871,46.65877602956885],[0.8483558279442578,46.65839822078238],[0.8479331161841135,46.657982384088335],[0.8474960659355605,46.65747996864931],[0.8472373133424521,46.65704286957806],[0.8471505592946466,46.65692836131368],[0.8467754614826963,46.656786690184276],[0.8467281266948602,46.656550311675474],[0.8467052331536543,46.656076697566135],[0.8466789499525683,46.655071234890876],[0.8466678605155145,46.65482363617972],[0.8469030381478408,46.65476372097754],[0.8469091807139568,46.65454064206798],[0.8466232942983078,46.654425327093186],[0.8462106558701187,46.654356945840455],[0.8460503230061405,46.65430446131686],[0.8459438161869584,46.65354540897872],[0.8458954472260993,46.653346810732586],[0.8452825671481974,46.6533136094343],[0.8448499178280225,46.65330795322809],[0.8443637144865553,46.65330159559023],[0.8437463220141734,46.65341769749673],[0.8436218898858864,46.653366575576165],[0.8435938286691622,46.65308096020869],[0.8436180618719119,46.65285631901789],[0.843695693059456,46.65264766901726],[0.8437225267394481,46.652324080566466],[0.8438025553541121,46.65202818030245],[0.8437535756679633,46.65185206859484],[0.8431423763891112,46.65175858757516],[0.8429827739447723,46.65168001366727],[0.8426833906650559,46.65141514069088],[0.8422031457125158,46.651122699856515],[0.8419018172537734,46.65097118204848],[0.8412638582097502,46.651198577346726],[0.8411741613805269,46.6511344097293],[0.8407749319416017,46.65058207772124],[0.8405710932721461,46.65015647868088],[0.8404122146694629,46.64999512482712],[0.840343480404917,46.64988174379182],[0.8406024753713052,46.64967367480679],[0.8406404565442196,46.649599487493056],[0.8409659258059815,46.64891987587813],[0.8406610212123614,46.648855587932],[0.8405001652226051,46.648766197364445],[0.8402891142952426,46.64860145623422],[0.8400038792558625,46.64847353618212],[0.8394860381810954,46.64888966827038],[0.8386059290483956,46.649425219935814],[0.8379289434626896,46.64976456322908],[0.8370175708654277,46.65007383127208],[0.8362651346233946,46.65053725537427],[0.8356605129576948,46.6509000391183],[0.8346958886756273,46.65199234599874],[0.8341874759819712,46.65191996349948],[0.8339765535194772,46.6524993824487],[0.833289198425627,46.65246153710033],[0.8329504965090432,46.65230589775468],[0.8325256725757049,46.652028547540084],[0.8323469372852896,46.65193800670356],[0.8318624052780546,46.651857828788216],[0.8316814856487729,46.651855442885825],[0.8315029240448779,46.65181529266894],[0.8314515071177637,46.65172822963393],[0.8313324569315738,46.651427911444635],[0.8312118702878026,46.6512391550893],[0.8310016250073,46.650989822949036],[0.8303864022843414,46.65104199210343],[0.8299831475272189,46.651285922138094],[0.8301024034340715,46.651560149754964],[0.8303105971739467,46.651826554725176],[0.8299813120494598,46.651994976654116],[0.8298721682136698,46.65204302281861],[0.829869037109665,46.652155467120316],[0.8296653134859129,46.65231474329916],[0.8296643111958877,46.6523507251441],[0.8288162734321205,46.652377314960994],[0.8287194796760325,46.65262439344398],[0.8285869217020715,46.652808910176056],[0.8284622317873875,46.653414652265155],[0.8280009537897259,46.65316109806007],[0.8276974045844663,46.6530338084048],[0.827269148530884,46.65286617018747],[0.8267845399815024,46.6527463762951],[0.8252165091912083,46.65271481897825],[0.8251320539065405,46.65246354187332],[0.8250110846696775,46.65228917014701],[0.8247318825480746,46.65193633141017],[0.8242397610954822,46.65214217274928],[0.8238408017827447,46.65221247142363],[0.8237075914468126,46.65243386579728],[0.8236972297200993,46.65280446018256],[0.823722628344775,46.65316743463479],[0.8232687030081708,46.6532963898575],[0.8225449221755143,46.653374075588665],[0.8217509376058352,46.65337793199194],[0.8211207997902071,46.653317373806054],[0.8205466351073305,46.65318556721777],[0.8203795458760706,46.65273612299451],[0.8202242493930754,46.65244880914651],[0.8199420626528231,46.652259692350405],[0.8198728686292398,46.652121996825],[0.8198580002103585,46.652009319998],[0.8198094014821565,46.65182240454645],[0.8197608272431698,46.65163459326308],[0.8193522129942227,46.651405993901434],[0.819244944191022,46.65133078409385],[0.8190132964419907,46.651278209653114],[0.8180740738852119,46.651290007646814],[0.8179673701026683,46.65125079302054],[0.8170904042022847,46.650967364871434],[0.8154620181388605,46.6504723467242],[0.8156014930995682,46.65130746124874],[0.816603405763849,46.651617763449195],[0.8163592245995933,46.65195105368099],[0.8161684926794965,46.65234444297303],[0.8159777485149894,46.65267754153945],[0.8153851960668218,46.65320505028527],[0.8151145085579042,46.65388532397855],[0.8147329519426485,46.65461361247241],[0.8142266910160306,46.65526374433772],[0.8136074191740009,46.656140027652214],[0.8136349861441285,46.656437345571746],[0.8137752226105288,46.6565624935807],[0.8138230967936901,46.65677459417163],[0.81370797894407,46.65703401261036],[0.8136359761738379,46.65767914034917],[0.8133116585167905,46.65766311173356],[0.8129363493416321,46.65753212815114],[0.8125783103809704,46.65742835892214],[0.8122730891424581,46.65737479455323],[0.8118128331254568,46.65744782624434],[0.8110619782636044,46.65772754202637],[0.8109927782912587,46.658226030209285],[0.8109364544461948,46.65873549411246],[0.8113227476740368,46.658954815961245],[0.8113264320463145,46.659301308181774],[0.8112376603128272,46.659525081225304],[0.8114101632888927,46.659836035925714],[0.8113073250591994,46.66087848076861],[0.8112535467169071,46.66151125506282],[0.8113700219475112,46.661899745528736],[0.8117820603403897,46.662625123979396],[0.8121116923920139,46.66310284683676],[0.8144365144243173,46.66579202195532],[0.8149952035844064,46.66643206179044],[0.813390500635296,46.66703424737234],[0.8089528999881973,46.66820231827273],[0.8131157943752367,46.67423562520411],[0.8145404348308097,46.67429332288469],[0.8170257449545308,46.674488410104054],[0.8178364681725876,46.67452349583763],[0.8181274340167687,46.67446438117772],[0.8185957896556689,46.67447061060429],[0.8191188307346221,46.674527053340896],[0.8198217110517972,46.6745615938407],[0.8202376379429767,46.6745311253839],[0.8207298292347223,46.67438648638458],[0.820948231981323,46.6742904065995],[0.8213020163299249,46.67389737512988],[0.8237271338924813,46.674973359194105],[0.8245820911870938,46.67541841052776],[0.8251506092719547,46.67570039174396],[0.8264893256544056,46.67432785642785],[0.8262852087005552,46.673913032226594],[0.8261143575713844,46.67353823558846],[0.825943020582975,46.6731760337539],[0.8258766738502142,46.672977187856795],[0.8270355432963302,46.67289354042656],[0.8277772089357225,46.67282596000483],[0.828698207191674,46.67277784157391],[0.8292584167498963,46.67278524068561],[0.8295489685097495,46.672726091409395],[0.829968170542508,46.67257235585094],[0.8302580624918136,46.67255098369012],[0.8307972832998594,46.672594093277915],[0.8310352643770113,46.67378951941657],[0.8311799400676869,46.673804926402546],[0.8321426158085328,46.676836575391384],[0.833447569878387,46.67661710987258],[0.83474151928332,46.67620042001973],[0.8349840299821103,46.67722222940669],[0.8354422383938434,46.678259465456065],[0.8354176607284027,46.678494902588845],[0.8353362262007153,46.678885257004964],[0.8369082078811304,46.678815937705835],[0.8368240989907839,46.67850619197482],[0.8365790276817466,46.677617529587636],[0.8365143898448917,46.67735572690306],[0.8365579603785034,46.67708095148972],[0.8367484906027713,46.67673521563205],[0.8371109512309287,46.67604440742004],[0.8378714950728329,46.67594281371097],[0.8385965765416765,46.675828153213885],[0.8390319745218572,46.67574568297859],[0.8394887984590595,46.6755789067392],[0.8398342869262033,46.675495254132656],[0.8400207976731858,46.6752511490603],[0.8402078308420232,46.67503043626188],[0.8404988156410412,46.6749082730803],[0.8407582537846091,46.67468851468115],[0.8410152939046117,46.67455510926646],[0.8413806239255229,46.674387126710215],[0.8424710898979434,46.674115262367515],[0.8435025480530333,46.67402977319019],[0.8463589887029571,46.67386734404674],[0.8476442264794173,46.67374644100104],[0.8481508186625589,46.67303317787471],[0.8483881784908546,46.67230291066697],[0.8483337539670655,46.671667818281115],[0.8484491861592759,46.671396671763816],[0.8479667533165332,46.67122840887767],[0.8474256449956085,46.67119705436366],[0.8472760797306026,46.671406561957156],[0.8466788431939948,46.67144825992384],[0.8462433224823721,46.67154155433732],[0.8460799773920301,46.67153942157007],[0.845298496525699,46.671094594973695],[0.8452636054919349,46.67105634550588],[0.8452721617421705,46.67074601238556],[0.8452264454723744,46.670445772129945],[0.8452133099176946,46.67027283163047],[0.8449774760058828,46.669638062385964],[0.8447185167345891,46.669211753878734],[0.8442474308228768,46.66863329999066],[0.8442052589901513,46.66820982389953],[0.8442630763218926,46.667416925892276],[0.8441654734987963,46.667003527434986],[0.844174332667405,46.66668240144141],[0.8443090707597053,46.66639891548054],[0.8446288514167615,46.66594147572322],[0.8448009090825657,46.665570294059535],[0.8449761208914507,46.66512716406753],[0.8451877342971451,46.66461972379681],[0.8453217407723822,46.664324528444645],[0.8456545693532631,46.66404273277014],[0.8461874282837463,46.66372574848362],[0.8467896753619538,46.663508655275464],[0.8471200972442321,46.66330420510044],[0.8473042051509438,46.66314463561267],[0.8473846352920034,46.662834343466464],[0.8474818867124472,46.66262504994602],[0.8476687150757312,46.662366535192575],[0.8479741847301187,46.66240831426133],[0.8483721473074286,46.66237571157722],[0.8486921915005968,46.66190657070525],[0.8484777760522282,46.661804794893165],[0.8486455371987108,46.661645010316036],[0.8492174739829298,46.66180184246956],[0.8501902807811347,46.661877503545675],[0.8503336688012477,46.66195316022599],[0.8503395777907305,46.662389653593785],[0.850137985307691,46.662472515899765],[0.8501152709803247,46.66264769045237],[0.8509048965647378,46.662792948181604],[0.850924149174282,46.662743705347346],[0.8507472183740069,46.66264242210157],[0.8507306815668021,46.66259271292859],[0.8506435070772986,46.66249259753783],[0.8506527223161038,46.66215708046201],[0.8507087549588715,46.66208222233686],[0.8507280416027709,46.66203208391582],[0.8507124604143375,46.661947296518505],[0.8508066707602846,46.66178655085654],[0.850812179671879,46.66158596045218],[0.8502713509472684,46.6615429228558],[0.8502185846374274,46.66150354516411],[0.85011288599984,46.66076970132436],[0.8505273555686246,46.66078769548774],[0.8507836230100373,46.66066505503134],[0.8511115605585302,46.66055954208098],[0.8513661122881613,46.660513368450175],[0.85186929709627,46.660555911103685],[0.8521952080181606,46.66052415689333],[0.8526106897627529,46.66049086452145],[0.8529875210928872,46.66057045461962],[0.8531353229231778,46.66048508958173],[0.8535676366446776,46.66049070895269],[0.8537653103734425,46.66049327789362],[0.8540210869346969,46.66039762128439],[0.8542569471005617,46.660375487492736],[0.8545998031897767,46.66036914492561],[0.8547462299963766,46.660272065751705],[0.8547327622752058,46.66010991940556],[0.8547375173766284,46.65993630961602],[0.8548144752018331,46.65975104832457],[0.8553406488431382,46.65966969646084],[0.8559929538532467,46.659592674386445],[0.8565524834999624,46.65954864106215],[0.8568397470474105,46.659615358532754],[0.8567391212460643,46.660011779199124],[0.8568699855351045,46.66048319095937],[0.857383531074302,46.660864181820074],[0.8571788316383757,46.661061288451904],[0.8571768145134062,46.661135050376686],[0.8572428614518177,46.66134826794222],[0.8573689228771917,46.66139849239533],[0.8575129783712868,46.661387763883475],[0.8579146404428503,46.66121929813622],[0.8581476998669064,46.66128530932438],[0.8583997863400912,46.66132456364628],[0.8585435062420127,46.661326425508875],[0.8585143305354469,46.661078595114866],[0.8587357285842722,46.66093029276805],[0.8589373041566304,46.660785327365346],[0.8590910378157046,46.660463380165076],[0.8594283737279997,46.660678309802684],[0.8597368877020208,46.66060851475232]],[[0.835176303663794,46.66576082107233],[0.8350631437782505,46.66672035865225],[0.8342385713262462,46.666684309558384],[0.8342854267849091,46.66807067746091],[0.8340775181629975,46.66811563408611],[0.8330534497030917,46.66842339017483],[0.8329181707037931,46.6671060401229],[0.8323680936229658,46.66711228954724],[0.8323717699292269,46.66698006533589],[0.8324619766496639,46.6662226892376],[0.832578635169719,46.665741011395326],[0.833180855229949,46.66573455122359],[0.8332019038532523,46.664977161222865],[0.8335961435125605,46.665018348124256],[0.8342643928595744,46.66510993361162],[0.8342651518328469,46.66572723130349],[0.8347818010252693,46.665686337295874],[0.835176303663794,46.66576082107233]]]}},{"type":"Feature","properties":{"code":"FR5410014","name":"Forêt de Moulière, landes du Pinail, bois du Défens, du Fou et de la Roche de Bran","designation":"ZPS","legalReference":"https://www.legifrance.gouv.fr/affichTexte.do?cidTexte=JORFTEXT000038021087","sourceUpdatedAt":"2019-05-15"},"geometry":{"type":"Polygon","coordinates":[[[0.4992313955580044,46.731179581772125],[0.5025435397554792,46.72760794277596],[0.5044036588666245,46.725551790063356],[0.5049064832680675,46.72505229991205],[0.505232078399332,46.724600361616915],[0.5053187547177653,46.72434797997425],[0.507643647127672,46.720600183708775],[0.507928559442883,46.72024298193846],[0.5091443950045684,46.71935352764574],[0.5096410320269328,46.7190806965187],[0.5104296340231891,46.71877114022027],[0.5132080164279547,46.71537785532459],[0.5144856159095266,46.71380719665385],[0.5145679209143307,46.71310028288446],[0.5150536517450374,46.713148524813356],[0.5151336519751701,46.713041813649866],[0.5173150852986007,46.71236744983723],[0.5172488312279663,46.71148268158376],[0.5168584210916999,46.71034076649138],[0.5174450937184314,46.710242126312615],[0.5183195549281048,46.71026864995668],[0.5198942711265597,46.71028111515064],[0.5205491173692557,46.71046611303085],[0.5208163085336381,46.71064404188548],[0.5210019235645855,46.710874672714134],[0.5218257566889702,46.71093989080553],[0.5218553960049223,46.71094223707581],[0.5218757104992852,46.71127268510318],[0.5218815973790566,46.71131521367138],[0.5224047901000612,46.71140451899977],[0.5226345675766748,46.71148916196498],[0.5228063511718772,46.71159807652857],[0.5231557981268955,46.71159013255478],[0.5234117921763684,46.711513204862335],[0.5239156217680373,46.7115481962319],[0.5243063172555474,46.71151570313338],[0.5247702689934456,46.7115887581527],[0.5254698320343428,46.71159985490159],[0.5270523438019068,46.71138466515667],[0.5270601498604605,46.71107605331704],[0.5271125842791031,46.710757479403455],[0.5271599125411766,46.71050445322068],[0.5271318711804199,46.71046624554912],[0.527010896645132,46.71030141295822],[0.5268056378119667,46.71007048697906],[0.5267658249789355,46.70996033287723],[0.5264119642342964,46.70902034561164],[0.5264416380491259,46.70901530265707],[0.5273515134391108,46.708860652367136],[0.5282115339571255,46.70872758928089],[0.5286586403611708,46.70872117487916],[0.5291306299563898,46.708541460520316],[0.5296614459855672,46.70840227885838],[0.5304019334355583,46.70836179959207],[0.5308852774421718,46.70842163671432],[0.5314713969651077,46.70891415670904],[0.5320246057653916,46.709228868974236],[0.5328891840173202,46.70955119359624],[0.5335209132888995,46.709841943622024],[0.5340374538286625,46.71013086703305],[0.5345120787560025,46.710460528383344],[0.5343471607384681,46.71132633394881],[0.5347548219826305,46.71137326644419],[0.5349204836789676,46.71102671583793],[0.5350770275912455,46.71101658274255],[0.5353151289437162,46.710887152022835],[0.5356016485902105,46.71042371816614],[0.5357779021964538,46.70981006473318],[0.5366885890603712,46.70875623219264],[0.5366138414108609,46.70865965908737],[0.5370258866718673,46.70798492401567],[0.5373132713656964,46.707506199334766],[0.5377115010930678,46.70724610164625],[0.5379136360412581,46.70698201699356],[0.5382940504239488,46.70667933842327],[0.5387036768688637,46.706028856239364],[0.5387570833476429,46.70560314021948],[0.5388855181170049,46.705257797447615],[0.5391637854624804,46.70508759611114],[0.5396090875973966,46.705134201633456],[0.5403529192139382,46.70381044055199],[0.54109062079707,46.70267015941123],[0.5403558706903885,46.70255241701689],[0.5406942944344036,46.702330964208635],[0.5409408964055945,46.70194788221362],[0.5410485048860306,46.70158691063708],[0.541112232522758,46.70142862497697],[0.5413289027860544,46.70136364229374],[0.5415836695886522,46.701313654868585],[0.5415800866113545,46.701421583720446],[0.5419926105203002,46.70128048618491],[0.5420925693245106,46.70120106458299],[0.5421999821041353,46.70089678466393],[0.542579657254939,46.700567086689155],[0.5428444347047527,46.70022297989472],[0.5429836000564419,46.70013247355033],[0.542988463994251,46.699985864397206],[0.543196140367107,46.69960036874803],[0.5438333059289107,46.69972916348845],[0.5438960004015733,46.69959786539401],[0.5437755477490935,46.69912802326139],[0.544189840944896,46.698921248150164],[0.544597047300109,46.698391299583825],[0.5448079698339601,46.6978600691046],[0.5450726909059974,46.697516860786294],[0.545156515922023,46.697343595885265],[0.5450128296022183,46.69696697861294],[0.5452197224637715,46.69660846669687],[0.545545574398604,46.69617262113706],[0.5452592358828938,46.69600795072209],[0.5450758608833686,46.69565680788447],[0.5450449994176993,46.69541604933382],[0.5453423757357262,46.69467109528114],[0.5450795709279876,46.694372704618765],[0.5453349852935968,46.693721583313796],[0.5460005188717147,46.69239566357985],[0.5457600904610223,46.69200223654208],[0.5455284815319852,46.691410063622115],[0.5454757137289887,46.690646121111925],[0.546018249858957,46.69009489111602],[0.5466234442217992,46.69000898827974],[0.5471682804063329,46.69003193239944],[0.5471784897220283,46.689723422925866],[0.5486441303019446,46.68889147829064],[0.54896624624829,46.68912419996324],[0.5496626624997036,46.688640159486056],[0.5494538216006324,46.688517198655475],[0.5500312037301496,46.68809698506238],[0.5503029119388075,46.6880742381346],[0.5509863131027188,46.68738930820377],[0.5515119955044575,46.6873975304247],[0.552231724899968,46.68620560875663],[0.5514067905898785,46.68587054805295],[0.5520085422411711,46.68529321741562],[0.552561114765556,46.68562312144835],[0.5530295192955854,46.685000512224484],[0.5534294740826736,46.684633302217996],[0.5530319589168422,46.68433192225155],[0.5539097594569771,46.68366170810499],[0.5543725266879932,46.68316138730405],[0.5547273007166544,46.6830337409948],[0.555027806460187,46.682743263232624],[0.5553067465422564,46.682547842113394],[0.5554511492590307,46.68229632186978],[0.5559040579555564,46.68210271073886],[0.5569576489267601,46.680820581123136],[0.5579543740426223,46.68003340840949],[0.5583968578890343,46.67959934657923],[0.5592098914315117,46.67911706652839],[0.5595561723625573,46.67861401557815],[0.5597017453503365,46.678322010458636],[0.5599785295737312,46.67820663348946],[0.560524739506567,46.678120648649845],[0.5607869131384257,46.67721582771985],[0.5613638871686109,46.6774389744022],[0.5617075278664037,46.67700336902631],[0.5619401628779834,46.677033985280595],[0.5639996620023118,46.674069320654525],[0.5642608042480668,46.67383220069725],[0.5643297569137175,46.67351110946043],[0.5645406673462624,46.67301943519078],[0.565165387869834,46.67233441064605],[0.5658855495575147,46.67110192238987],[0.5671931077656112,46.66973095724442],[0.5684218820957315,46.668384853738246],[0.5686858394524774,46.66805597784381],[0.5697902174859766,46.666385771030754],[0.569902404450309,46.665892559272066],[0.5697305618214208,46.66523477136031],[0.5692579555137177,46.66480089828755],[0.5681145670452561,46.66412625631698],[0.5667298046302595,46.663103198059105],[0.5655677159994383,46.66241473923047],[0.5649866628604648,46.662324726546586],[0.564310326984414,46.66222243419375],[0.563836691564921,46.66186590810507],[0.5635776071237149,46.661447930457136],[0.5628102855769387,46.661155231160095],[0.562132727971861,46.66107900263144],[0.5615345421453061,46.66096171279888],[0.5605415530804615,46.66046480899056],[0.5592607995472431,46.659787935657604],[0.5581424091715358,46.6589560968172],[0.5569399076485573,46.65891034647887],[0.5550702870001992,46.659027853072196],[0.5540214549900789,46.65903847066911],[0.5542087345179241,46.656860923701124],[0.5542768160075816,46.65656771468429],[0.5525223922505522,46.655001455960445],[0.5521640449020778,46.6546484870917],[0.5519401073942639,46.65440470995747],[0.5512322789911858,46.65407236753154],[0.5502910713960518,46.653735464218066],[0.5485406985475336,46.65318789645749],[0.5475343888086955,46.65310552924486],[0.5468934186299976,46.65310807254558],[0.5462550000738363,46.652990068997305],[0.5451986001757186,46.65265221818557],[0.5451819604242555,46.65197072078915],[0.5454829746069088,46.65112053901851],[0.5458393285262751,46.65029551587362],[0.5465128440329357,46.64931618640127],[0.5476249029235615,46.64800806692993],[0.5466278473602895,46.647605464620774],[0.5458035135938147,46.6472712576181],[0.5449187533929114,46.647029686452186],[0.5440507304804711,46.646843266226284],[0.5433581984727451,46.64664520135833],[0.5425921427701114,46.6463118879879],[0.5421505946777527,46.64613126239077],[0.5420605149115806,46.645955257360725],[0.5421630316363236,46.64575619074661],[0.5421505032726266,46.64554271800742],[0.5419471680639382,46.64527134682397],[0.5415925039379198,46.644811310605824],[0.5414846152217344,46.64454233786339],[0.5414051620545971,46.64404613893422],[0.5413488627927014,46.64340361229992],[0.5411562471647092,46.64274634904422],[0.5409798446955433,46.64220722175983],[0.5405781565622527,46.641452172520474],[0.5401126088401008,46.64081490079518],[0.5400996260235396,46.64062751655097],[0.5407665268725275,46.64046523616904],[0.5414286253483792,46.64040816608087],[0.5417948323394913,46.64046792274373],[0.5418955659056106,46.64036152131333],[0.5418620656069238,46.640201710530505],[0.5416202373388561,46.63986223417461],[0.5413028337500049,46.63950897604953],[0.5411989255637617,46.639120377642456],[0.5411168958882998,46.63865113120412],[0.5411907749412121,46.63818433970108],[0.540583492496789,46.63777161932713],[0.5402854684421734,46.637366464187764],[0.539880699758472,46.636705849731776],[0.5395515162723252,46.63607072838355],[0.5392639734718901,46.635397561946405],[0.5390613685177721,46.635058702368454],[0.5387822787312133,46.63472133379246],[0.5386187448067006,46.634370486799966],[0.5383724880313283,46.63416592504915],[0.5380685037994627,46.633988347516784],[0.537552667351359,46.63369944191993],[0.5373066367679632,46.63353537374384],[0.5371225792001743,46.63322470048605],[0.5369610118538181,46.63281899152064],[0.5368758803438319,46.63244417905576],[0.5370806891020632,46.632138744777826],[0.5372236335656425,46.63194121682571],[0.5373898489628355,46.63162167292465],[0.5375198176263508,46.63059602171927],[0.5374833421953076,46.63051445273094],[0.5371033906365981,46.63029247890702],[0.5365383664586248,46.62976341154581],[0.5361495348694489,46.629168727090196],[0.5355855905117235,46.62862347468923],[0.5348006494758375,46.62828980523006],[0.5340905123713717,46.62804010454461],[0.5328392760553368,46.627725146171],[0.5311808699722954,46.62736413694505],[0.5301780575633132,46.62718806858051],[0.5295651462519869,46.62693807988427],[0.5289172855128863,46.62653814465739],[0.5283483184853834,46.62614215962124],[0.5281756014497486,46.626072829611445],[0.5274767548247871,46.62606174358541],[0.5271684624822559,46.626015455668615],[0.5269430627157797,46.62577160163897],[0.5266717030082934,46.62520664329154],[0.5263872768369661,46.62498614809311],[0.5259318693068933,46.62468734823154],[0.525338857844942,46.624382756495145],[0.5248982650656268,46.624227270243374],[0.5242822803344168,46.62407079326443],[0.5236280422198026,46.62389840639574],[0.5233595014105777,46.62378884570276],[0.5225012294326564,46.62332073550745],[0.5220628826097331,46.62308698178797],[0.5216442788497212,46.62285263899629],[0.521321786362366,46.62260722752905],[0.5210035361053676,46.62223949263842],[0.5208733807359418,46.62210513532066],[0.5207776770957752,46.62204961736178],[0.5202776433981197,46.62187966541907],[0.5199131994299228,46.62176766641486],[0.5194358159774068,46.621545877344616],[0.5180126962898306,46.621723874687824],[0.5176091353852813,46.62215839654306],[0.5167550895139105,46.622720714708905],[0.5155985448234032,46.623064917979576],[0.514276620662725,46.623122089451506],[0.513283841432883,46.62318721179727],[0.5125239430111391,46.623267751057995],[0.512079821365649,46.62320664609428],[0.5115965934871824,46.623119724044216],[0.511191378023312,46.62305923808606],[0.5108040113289805,46.62358848918151],[0.5105856282132255,46.623758679246585],[0.5100970990765719,46.623817446248005],[0.5086395851856661,46.62386248508169],[0.5068325855005062,46.623925293035576],[0.5047501020129389,46.624080837403106],[0.5028054902516081,46.624141375972265],[0.5016497412314502,46.62445845263085],[0.5008460387576253,46.62468579530003],[0.5008159357355839,46.62441803138544],[0.5007662102969309,46.6241625544271],[0.5008002456618986,46.623736538288625],[0.5001204302179588,46.623176635768765],[0.5005644788504754,46.62266183140202],[0.5009762877803838,46.621410369640714],[0.5013142352408485,46.620052425859285],[0.5037136104501126,46.61681260515988],[0.5040410498928999,46.61633731042277],[0.5063648919040996,46.61478177612168],[0.5040349555724289,46.61363474154707],[0.5024642975769521,46.6130065335469],[0.5000131979150892,46.61204464779087],[0.49679624351684043,46.61072207719086],[0.4945564287842056,46.60922802993192],[0.4927660682676318,46.60823616523602],[0.49003573871934697,46.60634441301676],[0.4873771697881574,46.605740660770316],[0.4864163841914542,46.60548478936131],[0.4880911028472294,46.6081334509996],[0.48834537706042747,46.608672129981066],[0.4883325454787467,46.60904809337597],[0.4876726959470842,46.60904819029215],[0.48759835513220084,46.610078303711774],[0.4874355570464778,46.61086490100348],[0.4866629658182812,46.61188278263473],[0.4864320343587442,46.6118115406595],[0.48628956838009596,46.6120369118158],[0.48539595690043374,46.61148604264885],[0.4854401655376533,46.61132747491818],[0.4844808506531152,46.610976220450745],[0.4837944137429312,46.610619493091576],[0.48268335657600536,46.610211757775],[0.48237525480531074,46.61011405757526],[0.48199104928426173,46.61002681310264],[0.4817827205465287,46.60986413694709],[0.4815746918998429,46.60968526357764],[0.48169807487530564,46.609487490582836],[0.48156643789680714,46.60936565275394],[0.4814954547255417,46.609162015228705],[0.48106957560642466,46.609144285414466],[0.4810665789158869,46.60866007585378],[0.48124206616942133,46.60808877264728],[0.481357476653347,46.60807805395248],[0.4814669994067613,46.6071565103638],[0.4814588859677914,46.60682160261934],[0.4813909221102665,46.60657931277482],[0.4813508937433741,46.60604410459178],[0.48140523799108775,46.60558962748718],[0.4813154486058889,46.605374878841936],[0.4810512737545996,46.60514289502583],[0.48083439582919346,46.604658802367986],[0.4805395026319076,46.6047862934014],[0.478558252652288,46.6042320551869],[0.4770124784441401,46.60351119737699],[0.47704048641721514,46.60269541932315],[0.47566654917244494,46.60258030032832],[0.4754650853877267,46.60277769474117],[0.4754586890242886,46.6029638773511],[0.4752153611403766,46.603255082843894],[0.4744967006893826,46.60327034440935],[0.4744660094537431,46.60360461345068],[0.47355413804782553,46.60357711592203],[0.4732574336199424,46.60377205249765],[0.47269040628857606,46.603895971667896],[0.4715630983529171,46.60391712893862],[0.4715660806968493,46.60439954167841],[0.469808593448836,46.6041295868294],[0.4695176972326578,46.604151822787664],[0.467183711474434,46.60371309529658],[0.4668951376729488,46.60366786818802],[0.46286430366515735,46.60402914463569],[0.46227626836627056,46.604208460762464],[0.4605284666761622,46.60477996734039],[0.45977858398732,46.60513029795296],[0.45932024391634535,46.60549622310821],[0.4589541604416509,46.60595816073928],[0.4585929075625683,46.606325682199994],[0.45758326899366997,46.60687150123959],[0.45671059348766363,46.607406075712994],[0.4572915078454678,46.608551371893604],[0.4579862029665205,46.60979393880839],[0.45839125532994146,46.61045756503425],[0.4585809589709072,46.611155440374404],[0.45861527050769263,46.611800359709626],[0.4584117614462661,46.61210298463692],[0.4579756761658272,46.61289853821001],[0.45795092991956304,46.61305832089152],[0.458172701084195,46.61339675271683],[0.4585223107519607,46.61396496907447],[0.4585800451704437,46.6144995829361],[0.45831726131329,46.61539248748954],[0.45789932070905925,46.61622884056502],[0.45800693206118,46.617045956509415],[0.45827312658677416,46.61834804794699],[0.45890277949457303,46.619775820715155],[0.459285373957137,46.620490364621524],[0.45944772823283425,46.62085571165768],[0.45949080189753266,46.62129739307252],[0.459579105094866,46.62155352623786],[0.4599509638603971,46.62201321091746],[0.46007189161414375,46.622443570295495],[0.4602274965760663,46.623007690119124],[0.4602061156022612,46.623624697614325],[0.46019364743011515,46.62398446383112],[0.4603754676086171,46.62430873261907],[0.4609839027838766,46.62528166935428],[0.46112047537876083,46.62579237668844],[0.4602530463779245,46.62620557844707],[0.4596242000176838,46.62582175701199],[0.45907512945078344,46.62542394628313],[0.45875416610207487,46.62519097606137],[0.4585243970008017,46.62508189999975],[0.45459678721667035,46.62410550557299],[0.4536527119470188,46.62391623425186],[0.45269246989261525,46.62360609599613],[0.45192779518976617,46.62325777944257],[0.45150416310061425,46.62317248410339],[0.45005086587346455,46.623094452812566],[0.4483227879999115,46.62307934811692],[0.4477424994764647,46.62302923595686],[0.4467574889876536,46.62285362643123],[0.44562161989480054,46.62260710886684],[0.4447907083028746,46.62248533579235],[0.44243241245528464,46.6221789001634],[0.44117604307907693,46.6220248306502],[0.44065176376711485,46.62204311522178],[0.4393663813804541,46.622113526670084],[0.43868851091918165,46.62207524486029],[0.4380909331573445,46.62196000388671],[0.43705340198911624,46.622784167173805],[0.4357195658845699,46.6236870750871],[0.43594454796396104,46.62393110845991],[0.4349738693887911,46.62446388980813],[0.43597275981345174,46.62534898911559],[0.43551645092995384,46.625636563825516],[0.4351934729442885,46.625965951429414],[0.4359058775481687,46.626138019763204],[0.43701655413321716,46.62655609933658],[0.4384449903682153,46.62735653675948],[0.4398478373403064,46.62832931248292],[0.43952499137429835,46.62870011846064],[0.43869749352276033,46.63014425198268],[0.43844409556458713,46.63071329057496],[0.43842722378487936,46.63119447948626],[0.4387772665881513,46.63120030512177],[0.43877714399023526,46.63176276207085],[0.4393983939375107,46.633419991407486],[0.4381802643669038,46.633800188378125],[0.4381887315478365,46.63410630744223],[0.43848456948026177,46.63511466484384],[0.43873555041352635,46.63572180064278],[0.43939992113689547,46.636709286622185],[0.4397740411745765,46.63714747923795],[0.4363376647404671,46.639293325085646],[0.43571150722154206,46.63888152066658],[0.43519844152892967,46.638527391440135],[0.4349537081353033,46.638334320173634],[0.4343205231597818,46.63812307569668],[0.43366185359034454,46.63803109307703],[0.43265365599450584,46.63801426696871],[0.43193465250236224,46.63746860287985],[0.4317091576106763,46.63723804721041],[0.4294276446992374,46.63694613430748],[0.42778307044474384,46.64007471633705],[0.4276556235322094,46.64042085688776],[0.42718519469537447,46.64437092366746],[0.42721827634992265,46.64454426579242],[0.42736834605064616,46.645257727884825],[0.42762954301630274,46.64773693812167],[0.42907256250815534,46.64702312774467],[0.42982357074682126,46.646663106323224],[0.4336449355325873,46.64460036396984],[0.4347951932837731,46.64395089375664],[0.4348889736335205,46.64511608098311],[0.43550164357783094,46.648134784896556],[0.43555105351743195,46.648391190802954],[0.43580921807973705,46.648809461133304],[0.43610944891131087,46.64912044131172],[0.436554903941466,46.649691221892816],[0.437025737289688,46.65010133593955],[0.4376902983318436,46.65053987394894],[0.43827962307370155,46.650936649114875],[0.4390034490140846,46.65135186748214],[0.4399905289720903,46.651982037097504],[0.4405770650932976,46.652421956943996],[0.44117867452702186,46.65299171384487],[0.44175954949482993,46.65363131493514],[0.4421873432185978,46.654160386939985],[0.4426138561242418,46.65472992467761],[0.4432968467531786,46.65574289071442],[0.44429347956783166,46.65559923563259],[0.444823303248273,46.655435234858274],[0.4452398452221566,46.65521445624008],[0.4485055656885481,46.65289902667782],[0.4490825010551616,46.65254860221677],[0.4495348768435007,46.65236709591978],[0.4502204788595605,46.65220564784681],[0.45088698685855444,46.65202948299263],[0.45165251956072117,46.6518018523582],[0.4545006184474814,46.65089944427448],[0.455823295579661,46.65251233940806],[0.4568154465012799,46.65361220864847],[0.4575470835570326,46.65436040476723],[0.45885672853413784,46.6552504035903],[0.4576649138946606,46.65713233205311],[0.45758148358699324,46.65785270498737],[0.4576427592653645,46.658335178341076],[0.4579892328624968,46.65896813586276],[0.4579724964498115,46.659450221374954],[0.4574177669429859,46.660884572848815],[0.45648448622343407,46.660896198201705],[0.4558033146227547,46.66093896546708],[0.45495871071031563,46.661193218892336],[0.4545806922155001,46.661467765672626],[0.45618753848564514,46.662162906724376],[0.4576929272860682,46.6630183371627],[0.4582578052152489,46.66357390029134],[0.45866483050616563,46.6641430523804],[0.4589004602741425,46.66464188910748],[0.4593705895837784,46.66507709466802],[0.45982213266748484,46.66548679122564],[0.4602364736093694,46.66589497170188],[0.4607360966408685,46.66659973083973],[0.4616713050847427,46.66767071775832],[0.4618434018162923,46.667714039310006],[0.4632455143480749,46.66931643886559],[0.46393501436503737,46.669636433564925],[0.4658735484588451,46.670322477823646],[0.4652003503515795,46.67069840924123],[0.4639564305144108,46.671226954719415],[0.4628522658565448,46.67171729453675],[0.46224489645839706,46.671867503188],[0.461120405552818,46.672316992191945],[0.4603533558101955,46.672585164339694],[0.45929863936058946,46.67276759938703],[0.4578542813553483,46.6729472165934],[0.45709364105746875,46.6730264837584],[0.4560924342671087,46.67330516849681],[0.45677760673357753,46.67371602360025],[0.4569401030576245,46.67408137181829],[0.45697297995392444,46.67481715284502],[0.4572047256381892,46.67594408016817],[0.4575772280689101,46.67699413563007],[0.45790660933916644,46.67812266815698],[0.4584880610488704,46.67932373909639],[0.45863918216432814,46.67941892043164],[0.4590508425986993,46.67990714991025],[0.459715655128154,46.68090800521305],[0.4604420935041681,46.68181807627536],[0.46108059855094075,46.68189336786238],[0.4605812775776024,46.682822881656634],[0.46055595229195795,46.68303664825236],[0.46052292725129584,46.68342307427498],[0.4604159640075008,46.683702095915855],[0.4599606270264409,46.684471244653686],[0.4598864531857294,46.68492448851892],[0.4600013839282864,46.68554282947485],[0.4604935939800535,46.68703579692124],[0.46089235821170654,46.687321329707],[0.461405087183054,46.68766542439601],[0.46218950413233906,46.688026575349625],[0.4630893595969586,46.68844181591696],[0.46338916899710925,46.68874191265709],[0.4636739854477039,46.689508821506244],[0.46404305104384286,46.69006383187499],[0.46449048766020484,46.69064442479264],[0.46469540043721425,46.69087546118526],[0.465868420236096,46.69183061231087],[0.4644961079251103,46.6921707865566],[0.4632230829557457,46.692403683418256],[0.46209314512319777,46.69249312360728],[0.46173023208667,46.692847138367334],[0.4613935445099624,46.6930557915206],[0.46130989593208366,46.69321639895779],[0.4604087779429926,46.69508603989025],[0.4597082975223502,46.69622642722136],[0.45891294566106666,46.697295962247836],[0.4587705698806893,46.69746730839787],[0.4586389543805811,46.69845505647862],[0.46022041876936975,46.69882933166338],[0.4617230417345106,46.699240983513576],[0.4624445765907348,46.699734291247985],[0.46453240500993864,46.701201228483626],[0.46743137415058966,46.703402249959886],[0.46752823589156667,46.703415535314605],[0.47002063394333793,46.703899068815716],[0.47217951797185487,46.704442797323196],[0.47230975898448413,46.7045772148896],[0.47276558906610505,46.70492032764784],[0.4749700938033352,46.704152655920296],[0.47591701111566515,46.70429048099217],[0.47822242907153495,46.70341639853985],[0.4786614598775718,46.703678225230455],[0.4793316560376741,46.70396990172806],[0.47996713585691086,46.704153022384816],[0.48083586394630345,46.70434352899682],[0.4820540012336218,46.70452260477412],[0.4825353398271985,46.70465011558568],[0.484464429239309,46.70512418340092],[0.48521775111165666,46.705282184726904],[0.48589065088437844,46.705496477278366],[0.48652775205870197,46.705625592703065],[0.4873046968531189,46.70565167248408],[0.48778830312796334,46.70571350285428],[0.48838272683271966,46.70595080733316],[0.4875023282003811,46.70614983277367],[0.48716188273640465,46.706411598851496],[0.4867805028504926,46.706779785215595],[0.48623635441831514,46.70730552697559],[0.4856783132841591,46.70772484677234],[0.4850148625555578,46.70835663087936],[0.4843461449538189,46.709149417268975],[0.4839563472687019,46.70971634653805],[0.4834315426627271,46.710298182725666],[0.4831361638241003,46.71096112891508],[0.48257247177639806,46.71152793340341],[0.48120163226683416,46.71237409317602],[0.479753935285782,46.71319379272536],[0.47854615794955874,46.71378879921558],[0.4779008499355856,46.71389978626792],[0.47735094114745485,46.71406362093712],[0.4769769338109856,46.71421771983595],[0.4767950837845667,46.714403740665965],[0.4766041015660323,46.71485509207072],[0.47631057585221576,46.71489081116207],[0.4757789695384507,46.71509633337879],[0.47542400122824735,46.715263334963446],[0.47477001207137753,46.71561444295447],[0.47409460987267976,46.71599039869373],[0.47352560881112393,46.716141306694816],[0.4733957379645023,46.716515352496835],[0.4733786846888254,46.71701003655862],[0.4730861150303881,46.71763251080298],[0.47232995022440205,46.718691083303845],[0.4735889758935518,46.72335253044038],[0.47772780363781253,46.72515951016944],[0.4822705761657107,46.727147476889385],[0.48453300473197225,46.72469679664991],[0.4857119696972471,46.724902189988995],[0.48657061289376113,46.72539755828654],[0.4875839260237654,46.72593591797246],[0.4891154928266766,46.72661583883606],[0.4896520370995083,46.72689179246712],[0.4899513502381524,46.72720529963457],[0.4902339631644026,46.72749064557167],[0.49079087680658884,46.727699423696755],[0.4917211167385544,46.727809846178715],[0.4924793546398795,46.72782208914332],[0.4932773188279492,46.72782056460069],[0.4937075641688238,46.72773391542424],[0.4945635055187281,46.72774772103721],[0.4953016867187063,46.72777221876918],[0.49572519425243244,46.727887036788886],[0.4962161458618734,46.72835030246691],[0.49662501370389966,46.72889144250886],[0.49687996204686596,46.72942919954548],[0.49693081014454493,46.730219240990756],[0.49800059550014186,46.73077281655648],[0.4991464502065675,46.731391493449756],[0.4992313955580044,46.731179581772125]]]}},{"type":"Feature","properties":{"code":"FR5412015","name":"Camp de Montmorillon, Landes de Sainte-Marie","designation":"ZPS","legalReference":"https://www.legifrance.gouv.fr/affichTexte.do?cidTexte=JORFTEXT000038370678","sourceUpdatedAt":"2019-05-15"},"geometry":{"type":"Polygon","coordinates":[[[0.9275899236642565,46.45257082901616],[0.9307024556893065,46.449486928651794],[0.9267178345973667,46.44720146743928],[0.933292071793257,46.44318406611355],[0.9342896713559288,46.44370929013118],[0.9355655080618592,46.44386449670238],[0.9377838721003485,46.444123084172],[0.939053561366817,46.44451304003674],[0.9395716550036253,46.44535805655727],[0.9397478011111731,46.446339248215416],[0.940583974142944,46.44793323963824],[0.9414447891079273,46.44850350345518],[0.9430986909931133,46.44973407770902],[0.9428765768802043,46.45047552168979],[0.9470649951836727,46.452763793572814],[0.9489339045258991,46.45353349375398],[0.9489811852194182,46.45325283076501],[0.9490365070678063,46.45296875773898],[0.9492464412630081,46.45181322302668],[0.9487976510270142,46.45092230247653],[0.9494882384412452,46.45027745248484],[0.9482809493803078,46.449011939320854],[0.9485839306968477,46.44888786299246],[0.9482810058753334,46.44861241393433],[0.9484710221543762,46.44827615283069],[0.9484713600142225,46.448275554488596],[0.9488213475924273,46.44765619070174],[0.947007795975409,46.447127424428906],[0.9472540443117611,46.44677319787421],[0.9472489777622385,46.44655897497042],[0.9473493302941313,46.446310046139615],[0.9474965728977547,46.4462128654897],[0.9476105841933657,46.44617826421114],[0.9478156396258677,46.44620776756237],[0.9480599270497849,46.44634212870482],[0.9482347610279166,46.44639285520959],[0.9484100143358243,46.446366199133784],[0.94856627036222,46.4463186146514],[0.9486199977298988,46.44625358270453],[0.9486321488776931,46.44619074494507],[0.9483647644866621,46.44614518426407],[0.9482535931646665,46.446058344362356],[0.9482253417590477,46.44593652312256],[0.9482284445487307,46.44581507871004],[0.9483023821219365,46.44497463516074],[0.9483310036573447,46.44385469063535],[0.9481444050447104,46.443454683995974],[0.9480875897001714,46.443274024180276],[0.9481419673024275,46.4431325096277],[0.9482893808273183,46.443033531436186],[0.9486740747065436,46.44290955600318],[0.9495163487500566,46.442692180306004],[0.9498991919822726,46.44266085779045],[0.9501257683185494,46.44265732170251],[0.9503829949743342,46.44268745717486],[0.9505786063138986,46.44273433582831],[0.9505788413443291,46.44273439229031],[0.9506085023254344,46.44274150013797],[0.9517252928995036,46.4434533873803],[0.9518282200804203,46.44345464159445],[0.9523729815570169,46.44314813705236],[0.9525593807859746,46.44314320375277],[0.9527331923731517,46.44317231754224],[0.9530096978531893,46.44326836981836],[0.953123128338389,46.44325625198559],[0.9532805170346901,46.44317898168597],[0.9537632294711303,46.44285011598974],[0.9538702608782436,46.44273624365617],[0.953251023204017,46.44257277437719],[0.953249347178662,46.44257233179015],[0.9532088527935108,46.44256164180506],[0.9529382459469582,46.44249020448017],[0.9529161634643655,46.44248437435275],[0.9532810870676063,46.441924617694454],[0.9533912083397684,46.441943440018],[0.9536517127371503,46.44198796431115],[0.9557978568928425,46.44235475178707],[0.9576641747635436,46.44268545511489],[0.9576656232459128,46.442685711613706],[0.9590852987245521,46.44293724915642],[0.9639148242865804,46.4437452508913],[0.9647464880855248,46.44394605559816],[0.9655789207182719,46.444890130055725],[0.9666348939094144,46.44624721413364],[0.9658986653535063,46.44663246255765],[0.9648692295840829,46.447302116748965],[0.9655038357658062,46.44786496983999],[0.9650271000842955,46.44825244641005],[0.9639215567569064,46.44890317361982],[0.9650771746338265,46.449347245115526],[0.9654260739507476,46.44886734607475],[0.9664512974246559,46.449381819338505],[0.9667966210425886,46.44906383919474],[0.9672236596855327,46.44856688206846],[0.9675617632126348,46.44853496115419],[0.9684913745168572,46.448742315111765],[0.9696841964716078,46.44877466792162],[0.9698694085862424,46.44872825113291],[0.9698697782163039,46.44872815862001],[0.9703625618973115,46.448604658904635],[0.9719743427700067,46.44844405129862],[0.9731514447115911,46.44802896261226],[0.9737554204088087,46.44773026410433],[0.9745803025651416,46.44766797745917],[0.9745834506411075,46.44766773964137],[0.9775890582489998,46.44693482964378],[0.9790818422972559,46.446360579843834],[0.9703011210513791,46.444821024057894],[0.9707589646077222,46.44416245435073],[0.9702207728108811,46.443922024700754],[0.97098896626723,46.443267184423526],[0.971555906020638,46.443435967055024],[0.9729472604834258,46.44244125758377],[0.9751837961751055,46.44084118192146],[0.9770917957125325,46.43969424494473],[0.9759191193157324,46.43870389320514],[0.9762607906989371,46.438635995141595],[0.9769733279248891,46.438644523138436],[0.9772734868692774,46.43857612623291],[0.9782222075169408,46.438196047925935],[0.9784746520561828,46.43800560217702],[0.9782931581706353,46.43786215784803],[0.9776563451643143,46.43776185905481],[0.9772124250014069,46.437734053531294],[0.9767058139952147,46.43777748409827],[0.976109477690741,46.43771365555885],[0.9748860537576985,46.43749924144266],[0.9737046252208551,46.43733390280904],[0.9724184937612009,46.43717089925651],[0.9728628093593157,46.436762307191245],[0.9746062250623643,46.43550546025703],[0.9754566468151151,46.43490736604892],[0.9759432908997193,46.434459676294985],[0.9765909889349269,46.43371787056477],[0.9773355327271209,46.43281345499114],[0.9778276788230604,46.43209767517123],[0.9765359932037023,46.43175558158235],[0.9758617772719893,46.43152524829247],[0.97658385515627,46.430248933537655],[0.9769406724099507,46.42964131961047],[0.9775023840530003,46.42900466313837],[0.9769907481730883,46.42847213797448],[0.9765485409203478,46.427973740027205],[0.976278488001737,46.42761597425496],[0.9758123324817057,46.427216594837134],[0.9758111255220134,46.42721556008713],[0.9757533557033116,46.4271660661262],[0.9809104825539905,46.426327304294226],[0.9809122975912,46.42632700942009],[0.9809328633720394,46.42632366382608],[0.9794613959272908,46.423644391870816],[0.9794164020262014,46.423643854027446],[0.9794146755981928,46.42364383337885],[0.9785638236591634,46.42363366525382],[0.9762726467690224,46.42391939221708],[0.9762586743135505,46.423890433814215],[0.9755338950557135,46.42400952253064],[0.9747719487232409,46.421533322879384],[0.9747681489210361,46.42152097364224],[0.9746751571933473,46.42121875104047],[0.9746780413963199,46.42110361066136],[0.9767731260559644,46.421500340555966],[0.9774388723098054,46.421643281706935],[0.9776862489054207,46.42165253651836],[0.9779758277913564,46.421634407699855],[0.9790530083251477,46.421485314021446],[0.9796451928850989,46.42141140433706],[0.9798189190220149,46.42137928451647],[0.979724972681805,46.42102003177182],[0.9797494079472697,46.420885349032474],[0.9797831082845332,46.4207291787843],[0.9796635355491551,46.420614375345124],[0.9784335408742302,46.419428095717564],[0.9780514137305542,46.419032096464434],[0.9776699893944156,46.41861361456412],[0.9770459273221225,46.417991559703],[0.9755289208695451,46.418025580580306],[0.9753975609093248,46.41775839563627],[0.9753971688436668,46.41775758880962],[0.9753087423320262,46.417575273464074],[0.9745774241071752,46.41607953382762],[0.974085419519289,46.415189999621276],[0.9731345121651864,46.41322955009005],[0.972400047740314,46.411666715717644],[0.9713858299710373,46.4097351883648],[0.970044892598666,46.40727151061456],[0.9686176823271123,46.40452423028816],[0.9684428970126754,46.404135195818334],[0.9683682225450329,46.403840948735656],[0.968351718925888,46.40366978138043],[0.9684153543949404,46.40356526665983],[0.9689284294064023,46.40367672870273],[0.9693297799600038,46.40373442193211],[0.9693311191694441,46.403734614204886],[0.9701309113117109,46.403849577120596],[0.9702779950581973,46.403641725976215],[0.9702782451963473,46.40364137192237],[0.9708934556508808,46.402771967464965],[0.9708947391358843,46.40277015453611],[0.9711461508728614,46.40241485356139],[0.9717792915200576,46.40141645204759],[0.9723186515283438,46.400474507903326],[0.9719363117355854,46.400422886095],[0.9717333828005662,46.40039548573021],[0.9711986790050906,46.400323369415645],[0.9706961029528702,46.40018665004751],[0.9706924293795394,46.40018565062873],[0.9704615602425595,46.400122844792094],[0.9697043449522981,46.399894166547554],[0.9687926760609057,46.39965283274398],[0.9683741083720026,46.39945702654465],[0.9680503257823827,46.39923716466019],[0.9676459216555416,46.39889754898157],[0.967474441824652,46.39875027901536],[0.9674713785418168,46.398747648270884],[0.9672421039049302,46.398550742416425],[0.9669831923847546,46.398182288363216],[0.9666454740279671,46.39767970285727],[0.9665455704332259,46.39751419269569],[0.9665415040233937,46.397507455485055],[0.9662591964671212,46.39703975632053],[0.9660533355951008,46.39664674297734],[0.9660397564797523,46.39660688896831],[0.9660397447429577,46.39660685453011],[0.9659477417859865,46.3963368285293],[0.9662740392706368,46.39604831599303],[0.9667617254962125,46.39554849695841],[0.9669835161485141,46.395329813713225],[0.967203046006168,46.39519568762932],[0.9676817248501679,46.3950529865532],[0.969769393892352,46.3944636444151],[0.969769743874618,46.39446354525337],[0.9699134098711252,46.39442298741969],[0.9697888803307851,46.394237687257814],[0.9697885496961902,46.394237195863816],[0.9697376599310635,46.394161471232806],[0.9697372774658808,46.394160903252356],[0.9695659085567263,46.393905903366864],[0.9693966823971543,46.39363841171659],[0.9693594946930243,46.393519184320674],[0.9693841707657261,46.393375510510964],[0.9695007265770857,46.39323474103226],[0.9700918858524931,46.39265696223662],[0.9712119578857106,46.391606831285465],[0.9720035186100524,46.39088208284337],[0.9705710721721975,46.39042213898439],[0.96945732697849,46.39004700024971],[0.9694373850992791,46.390037164797775],[0.9694365772177642,46.39003676579339],[0.9692703119745355,46.38995476544473],[0.9784649031420946,46.38647788330327],[0.9784899476634101,46.38646841151597],[0.978539122923849,46.386450487608364],[0.9780618539367345,46.38540097001706],[0.9779224554101894,46.38540051065093],[0.9779207595762107,46.38540050491267],[0.9718347083234318,46.385380263879235],[0.9714166862797448,46.38505309924361],[0.9708011465698598,46.38488642528255],[0.9701890217489358,46.3846361007622],[0.9700051056805206,46.38426045530363],[0.969621898656743,46.38409566863998],[0.9690759365038721,46.3843014551318],[0.968429724513364,46.38533927639944],[0.9664560287344003,46.38539465766691],[0.9643895478372168,46.384514850545216],[0.959997943999406,46.38226607908796],[0.9599765879733804,46.38004321750159],[0.9591255191432381,46.38000590140075],[0.9591245451993446,46.37697973114308],[0.9623385573300854,46.37688641389758],[0.9624115355310006,46.374023829104836],[0.9624115584585681,46.37402293505297],[0.9626688280607224,46.37399506721272],[0.9668707392270071,46.37353982108553],[0.9668589716578553,46.3735278401129],[0.9668578494703481,46.37352669685409],[0.9650614171127642,46.37169759753455],[0.9631020339063098,46.37113849678501],[0.9618167807164928,46.3714720706545],[0.9601574522591854,46.37137097757548],[0.9585323044477746,46.37137824630356],[0.9574194791900213,46.37178170802752],[0.9574187338305343,46.371781978420685],[0.9573219552708159,46.37181706495156],[0.9554137007098741,46.370829225536326],[0.955391410974924,46.37054346403045],[0.9553913907311888,46.370543205146724],[0.9553260243843684,46.36970515906812],[0.9552075770742385,46.369583179046955],[0.9552073001593716,46.369582893942706],[0.9551040058360777,46.36947651748578],[0.9551028681165703,46.36947534590251],[0.9488808053031957,46.36306669370417],[0.9482645889909149,46.363005161197975],[0.9438985566455462,46.361292351137074],[0.9422647196875621,46.3609501454129],[0.9391264311959029,46.36491583288671],[0.9402615223968874,46.36549490736306],[0.9387163610637571,46.36691293347053],[0.937286675916539,46.36731553831296],[0.9367445349324406,46.368071920516094],[0.9361668554514982,46.36874867543975],[0.936118886800347,46.3687030910651],[0.9360594461193097,46.36864386668992],[0.935948750093592,46.368540817911054],[0.9362745885528254,46.36827488779021],[0.9365095728499336,46.36799883210361],[0.9361468648993085,46.36768211550319],[0.9358425012881758,46.36746239621197],[0.935525704707225,46.36738199463461],[0.9350839969525265,46.36731175398469],[0.9338518644935243,46.36715435065684],[0.9327744399553717,46.366941265406986],[0.9323255792258005,46.36680073630199],[0.9321221589601193,46.36665423964109],[0.9316666860053077,46.366362454726584],[0.9311474252876625,46.36609956601681],[0.9305424933111913,46.36599309039209],[0.9301104496224952,46.36595174122343],[0.9271960385123024,46.365480958980505],[0.9259333951229072,46.365299697657555],[0.9248422192020371,46.36522313515014],[0.9238870498143146,46.36512486231427],[0.9224290625131071,46.36489344036589],[0.921476098603855,46.36466109540769],[0.9208010908402545,46.364501504306624],[0.9201241093187378,46.36435807907897],[0.9193470118196949,46.36417110434223],[0.9184195090060961,46.364159516359265],[0.9168019065545018,46.3641689818116],[0.9164014384557129,46.36411897811577],[0.9158676966460895,46.36402591114225],[0.9155200410585693,46.36392977394841],[0.9139052901541002,46.36497856135091],[0.9131721765982932,46.36544088805129],[0.9130446633048978,46.36559496190534],[0.9129688851733931,46.36575868131829],[0.9129616036376889,46.36637948895729],[0.9129610989617702,46.36678621181564],[0.9128660111962614,46.3668929978369],[0.9126163285048096,46.36698165439121],[0.912235788564022,46.366964277100756],[0.9116806546446072,46.366897920079474],[0.9113014817045616,46.366808571416456],[0.9109859359663756,46.36668222806592],[0.9108114538786928,46.36664404077739],[0.9105534028423102,46.36664980081747],[0.910459310171744,46.36671880358418],[0.910381556807732,46.36689779494356],[0.9099317693626686,46.36758322478825],[0.9091006825301331,46.36900713122986],[0.9082999885554066,46.37046021196968],[0.9079203000432614,46.37118161568289],[0.9076707594857901,46.3716643905688],[0.9073701817916796,46.37211052777481],[0.9070505980151081,46.37247814007563],[0.9066505999435173,46.37279884909946],[0.9064100370076468,46.372939792021455],[0.9063466730494213,46.373030777235655],[0.9063432902549248,46.373159416406104],[0.9064415905322272,46.37333162659968],[0.9068172612668965,46.3739365564516],[0.907143244535683,46.374453578192494],[0.9070970367126923,46.374623967390626],[0.9069902605371496,46.374773794500726],[0.9068249836490331,46.37483470443267],[0.9065354418489211,46.37485985393884],[0.9059883051884943,46.37486735465754],[0.9050408013458207,46.37482840917491],[0.9047817069010743,46.374867436987046],[0.9045839916056225,46.37497022519134],[0.9041538786211749,46.3752437490083],[0.9037949079005191,46.37557485977805],[0.9035291549874193,46.3758864559524],[0.9033752682507581,46.37623994961075],[0.9032463214520052,46.376845722076425],[0.9032043291345624,46.37725012193916],[0.903145751830201,46.377549035931054],[0.9029160128098677,46.37801765640715],[0.9027154487479897,46.378213086224775],[0.9025564785076787,46.37836945329046],[0.9024517699794827,46.37844012021717],[0.9022411677622894,46.37857243586644],[0.9018054518800857,46.379115833277744],[0.9015257614815017,46.37955502792298],[0.9010999562226991,46.380042759235785],[0.9004756129274273,46.380731344582934],[0.9001878445648674,46.381072349731355],[0.8998078180250405,46.381415778522864],[0.8990990240696635,46.38248482564501],[0.8988350650565475,46.38310958095346],[0.8986364933258261,46.38364157486628],[0.8981306700532772,46.38479237584898],[0.8979582768338779,46.38511593382538],[0.8977103987796118,46.385470936824746],[0.8984288287427624,46.386021747056645],[0.8987145950393802,46.38609735694912],[0.8998094146151779,46.387231529910125],[0.9003401189983895,46.387787156517064],[0.9007562194632323,46.388383620124436],[0.9009109828697072,46.38878690837126],[0.9009032864458189,46.38907836386378],[0.9008735638380455,46.38980506803171],[0.9010295428513222,46.390162482510014],[0.9014998627985964,46.3906966359095],[0.9017766654812256,46.39115726096307],[0.9019682447467046,46.39168879235991],[0.9020844586541935,46.39196651482275],[0.9020183403572294,46.3925010908594],[0.9022521629181597,46.393018758803336],[0.902576483381746,46.393650947934596],[0.9030051961216903,46.39417647435669],[0.903322433050298,46.39430825809846],[0.9035485437264552,46.39432011013203],[0.9038296448548605,46.39422917761288],[0.9042264129059112,46.39404251537021],[0.9043847271519044,46.393907736058345],[0.9047073271196993,46.39377682849617],[0.9055174918736757,46.39356657865332],[0.9066349332069953,46.39338719043733],[0.9077322410557828,46.393266028805144],[0.9082182069152487,46.39319295664958],[0.9083623976308944,46.393209165869905],[0.9085055909556681,46.39326856166265],[0.9089332105428558,46.39382284186078],[0.9095647317909328,46.39452186434679],[0.9100793224387584,46.39494946121138],[0.9106161389923992,46.39534313927654],[0.9110620186085999,46.395604295384246],[0.9108157807521895,46.395972840350446],[0.91066051614656,46.39637852159543],[0.9102562643407219,46.39644903235975],[0.90962220593249,46.39664802569071],[0.909143646868131,46.39682918320767],[0.9086394833626135,46.397578712968794],[0.9099640862866871,46.398151469817975],[0.9112093267089371,46.39902376411761],[0.9116975361391507,46.39932864190274],[0.912256609546852,46.399614605979075],[0.9132002025661149,46.40023203768875],[0.913839292324891,46.4006269810157],[0.9143816286907597,46.40074805518264],[0.914555721382455,46.4008204257114],[0.9146557517844093,46.40092965621869],[0.9147115862504562,46.40118680910646],[0.9151057801491699,46.40109906460322],[0.9155289653216077,46.40104676698721],[0.9163230417645393,46.4010567017656],[0.9172621129640657,46.40104775345425],[0.9179529826721015,46.40106987947978],[0.9196782783476041,46.40126239187653],[0.9203954068485078,46.40141531683723],[0.9209277356432278,46.40157672462017],[0.9212229115392511,46.40174507413031],[0.9214960697725836,46.40196444077629],[0.9216582993800715,46.40202315447566],[0.9217835171340276,46.40202471436778],[0.9219692261170345,46.40199103301021],[0.9222830962242733,46.40185096943875],[0.9228326754020484,46.40167964492801],[0.923445977227124,46.401538804869304],[0.9240146314429324,46.40144419680051],[0.9261513602952084,46.40140146960355],[0.9272702265289258,46.40146665483455],[0.9273017115025153,46.40197815736563],[0.9273549258192361,46.40229376149363],[0.9276989596636899,46.40252478958201],[0.9279624177566317,46.402708025870915],[0.9283385607272268,46.402925055017676],[0.9287478731854282,46.4030669046556],[0.9291249927374238,46.403226355191634],[0.9294763792141406,46.403596043657316],[0.9297232616397683,46.4040130326274],[0.9298094259152841,46.404312847929106],[0.9298188837059069,46.40434364667491],[0.929818925465765,46.404343781647604],[0.9299702991218644,46.40483674967881],[0.930388944867566,46.405417831297704],[0.9307112129593433,46.40568727727524],[0.930852291108906,46.40583029989253],[0.9305356926199357,46.4061413238977],[0.9304599945092902,46.40628607357429],[0.9304590370766576,46.406287903695954],[0.9303791422933596,46.40644067696448],[0.9303787141557289,46.406441494307664],[0.930350540488039,46.40649536750556],[0.9302997094496305,46.40647315951046],[0.930298989561711,46.40647284469608],[0.9302487925977702,46.40645091480548],[0.9302058069373269,46.406510241944105],[0.9302052421918591,46.406511021679],[0.9296805471288919,46.40723516733191],[0.9296801417477109,46.40723572746458],[0.9293925741680613,46.40763259901776],[0.9294388316279816,46.40826756044269],[0.9294955860871743,46.40923109864891],[0.9301945299855984,46.40934773470648],[0.9311695853532143,46.409517276689414],[0.9316465240222106,46.40958379214291],[0.9316475694042397,46.40958393809697],[0.9317147683160004,46.40959330969474],[0.9321980433239433,46.40962898624167],[0.9326220573944516,46.409611732579734],[0.9326296348116766,46.41126753317039],[0.9325892376059417,46.412438627014765],[0.9312720254678094,46.413215959945866],[0.9312714140235246,46.41321632088199],[0.9306835073839762,46.41356325363456],[0.9308474390488779,46.41375626490684],[0.9308476921227733,46.413756563146116],[0.931503796980706,46.414529035832395],[0.9316839973726693,46.414765220895426],[0.931699679513637,46.41495888165576],[0.9316205285461004,46.41520715636438],[0.9314484508500125,46.415854024325846],[0.9314479009981339,46.41585609334022],[0.9313461518527876,46.41623858033368],[0.9313834061463246,46.41627122745393],[0.9313843729941473,46.416272074585905],[0.9316304954009483,46.41648775378576],[0.9315821246565154,46.41651685491432],[0.9313374604287256,46.41628964064396],[0.9313368439704558,46.41628906739075],[0.930671470716928,46.41646649107299],[0.9306674302025562,46.41646756810668],[0.9301859212882913,46.41659855636983],[0.9276547913280456,46.41642951037941],[0.9276691751565108,46.41607092381935],[0.9276692062499533,46.41607013891075],[0.9277055506543495,46.415164060078816],[0.9267103694644214,46.41514001830236],[0.9264166374167461,46.41595072731739],[0.925440681814398,46.415862120618506],[0.9251144758220582,46.41622102227185],[0.925114445889073,46.41622105595708],[0.9244726139461465,46.41692719935984],[0.9233954235116391,46.41630219062493],[0.9233951470074597,46.41630202976074],[0.9233473791192044,46.416274314070286],[0.923299380116961,46.41629400635139],[0.9232988641413962,46.416294217653295],[0.922248878186401,46.41672496222226],[0.9212814325621982,46.4170134596299],[0.9209625974512359,46.41672153462304],[0.9205471419696879,46.41689449443775],[0.9205455327183697,46.41689516412152],[0.9197915536564085,46.417209048248516],[0.9196927294248897,46.41752095982499],[0.9202739863349969,46.41815270378312],[0.9221380137960163,46.41819032650386],[0.9235893503566357,46.418106706955584],[0.9238011566226391,46.41832260786216],[0.9232893665266765,46.418505205804955],[0.9230606444302393,46.41893968300937],[0.9244119292605774,46.41985831965772],[0.9244123787310984,46.41985862508524],[0.924431877164402,46.419871880481715],[0.9238274737487864,46.42012801604765],[0.9232768042971139,46.42031913367157],[0.9231579667141462,46.42034025481927],[0.923156490117788,46.42034051710265],[0.922675884184987,46.42042593440959],[0.9222103342006179,46.42044083562206],[0.9209549471979992,46.42074644168277],[0.919147479396714,46.42121611759433],[0.9176944150606385,46.42159660898846],[0.9170913329968851,46.421805036956655],[0.9168807360861736,46.42198686897176],[0.916553010606245,46.422268925184774],[0.9162296537728597,46.42242865580418],[0.9156467236882356,46.422592336137456],[0.9148365848511395,46.422796362824926],[0.9142756958497477,46.42297290831994],[0.9152076805689747,46.423724000745956],[0.9152084944099952,46.42372465605924],[0.9158408779950137,46.4242342817106],[0.9157999781337419,46.42466389619228],[0.915664156285625,46.425075993357446],[0.915663555143642,46.42507781816009],[0.9152830910822431,46.426232154855704],[0.9151477365237561,46.42668038193649],[0.915343525226294,46.42712555904744],[0.9155992998059818,46.42753571170201],[0.9155998435971523,46.427536583671],[0.9158121518458366,46.42761733533172],[0.91662495920577,46.42777686826786],[0.9156765392838654,46.42818523684708],[0.9144802272180182,46.42868209909237],[0.9144799465941619,46.428682215570774],[0.913840412751746,46.428947823183925],[0.9132997229380923,46.42909582636713],[0.9130198306209145,46.429144510075666],[0.9128553514695454,46.429148750091244],[0.9126385558597724,46.429123536479885],[0.9139279855801798,46.431130146313905],[0.9143065512583658,46.43164779221082],[0.9145058832555871,46.431893246937676],[0.9143107337097456,46.43189080461959],[0.9140779291682549,46.4316611303019],[0.9139888728498563,46.431538538325746],[0.9134837303970897,46.43152591133015],[0.9132033301883563,46.4315781877093],[0.9130874969211882,46.43168292129827],[0.9126293011400114,46.43299725141815],[0.9120226269123616,46.43493060884183],[0.9120094921437166,46.435029425883684],[0.9201943416735248,46.43631054808932],[0.9165167824934358,46.44036612806819],[0.9186557364446576,46.441045226016946],[0.9183687044036339,46.441694032531174],[0.9177127663460045,46.442003335881296],[0.9177126469229718,46.44200339225387],[0.9162530547980853,46.44269162746853],[0.9148358293028938,46.44178935812184],[0.9129711220585689,46.44255157867638],[0.9105074977066403,46.44094570557857],[0.9052087007702943,46.44293477707569],[0.9052011059242614,46.44293781569554],[0.9050721444471401,46.44298940736809],[0.9042683766003085,46.44221726175312],[0.9030328186322429,46.44308532784314],[0.9018001635823755,46.44386164003217],[0.900072859352769,46.44290847270572],[0.898503512550155,46.44358780606158],[0.8966118988279729,46.44326690150299],[0.8950035683850998,46.44340218341631],[0.8945251586318465,46.443677765926864],[0.8947091575252396,46.44437658763381],[0.8958493396527666,46.444578214976325],[0.8969322931194267,46.44440477325095],[0.8978786890050098,46.44432496940028],[0.8991716373982437,46.44488304178706],[0.8992621431862918,46.445816423983466],[0.900179760297567,46.4460232928268],[0.9004971213458947,46.44525073888843],[0.9024250090725116,46.445832989265895],[0.9042522020078195,46.4465183168358],[0.9058979283025359,46.44717523654045],[0.9055822762612564,46.4482213825256],[0.9056507534998185,46.44868116835067],[0.9062774734796846,46.44907599064161],[0.9072557122565337,46.44925296715836],[0.9082796931791688,46.449670768634384],[0.909093225545394,46.45004722610307],[0.9095587303791995,46.44953386452605],[0.9118064298443402,46.45057438854916],[0.9122140983103758,46.44944587131858],[0.9122143358636311,46.44944521449429],[0.912279933555938,46.44928288652121],[0.9122860321081407,46.449285894880624],[0.9125047871670391,46.44939381088591],[0.9125123835223667,46.449397558218216],[0.9138027040762026,46.450034082277455],[0.9138027731274351,46.450034116867265],[0.9157085142575468,46.45097417616431],[0.9152714514331085,46.451427632956076],[0.9164087864785854,46.452199514403304],[0.9174223667687242,46.45211859248389],[0.9180756016398541,46.4529186054508],[0.9183286589991545,46.453573249141854],[0.9179707586897371,46.454360648137666],[0.9244561050895779,46.456399456821096],[0.9353572618306583,46.45718584380858],[0.9344767829383442,46.45592691285014],[0.9337249652556422,46.455116777428074],[0.9319213363662032,46.45448711381668],[0.9299304468616497,46.453252205638506],[0.9275899236642565,46.45257082901616]]]}},{"type":"Feature","properties":{"code":"FR5412016","name":"Plateau de Bellefonds","designation":"ZPS","legalReference":"https://www.legifrance.gouv.fr/affichTexte.do?cidTexte=JORFTEXT000038021087","sourceUpdatedAt":"2019-05-15"},"geometry":{"type":"Polygon","coordinates":[[[0.6469712499319413,46.64803627068626],[0.6469575453493347,46.646801423181],[0.6468605514232055,46.645915398864524],[0.6467932530760158,46.644438591471165],[0.6465414315816741,46.642239138834675],[0.6465317827090513,46.64153978301094],[0.6466618464080531,46.64068412089673],[0.646840933189731,46.638254382662375],[0.6470833249542707,46.63615224483699],[0.6471982297200759,46.63509927669243],[0.6471518643940076,46.63462615199203],[0.646611015970592,46.6303751714179],[0.6461715922606651,46.62718755767935],[0.6459964271966564,46.62585762781922],[0.6456398484015415,46.623996771013275],[0.6455444744659741,46.62273911363844],[0.6456475377727118,46.622119721332425],[0.6457934660979718,46.62171693316578],[0.647321841382366,46.619540268471326],[0.647856875496281,46.61865010524451],[0.6449207610879686,46.617515911159835],[0.6399888674531541,46.61564463798556],[0.6383095062655473,46.61503470025702],[0.6373164330724049,46.61474093783157],[0.6340201233199966,46.61355069342311],[0.6301934548485698,46.61210134022478],[0.6283715700124546,46.61469544009922],[0.6283454396405062,46.61520078923965],[0.6282311832014748,46.61554823576904],[0.628099570442743,46.61577483412315],[0.6280153878151523,46.61584376625471],[0.6276589580912504,46.61598960267706],[0.6272933723818973,46.61605341276063],[0.6270078247565334,46.61622910876588],[0.626499674723411,46.616593148024556],[0.6261959595473209,46.61673617158334],[0.6259479548641913,46.61671985390915],[0.6253417361492851,46.61654607111908],[0.6248418016895618,46.61631089674095],[0.6245789587280475,46.61610717069715],[0.6241393006889991,46.616278746150066],[0.6234953138318209,46.616353660809764],[0.6230671684172152,46.61644621262174],[0.6223778028729346,46.616630228660455],[0.6217199060370461,46.616797609547774],[0.6212277062285455,46.61699088626025],[0.6204830759647301,46.617294640713006],[0.6199509142542653,46.61742161177425],[0.6194122526967393,46.61741980007797],[0.6190225369123576,46.61734193649182],[0.6185979009486342,46.61733553806043],[0.618069859173701,46.617386073293986],[0.6176757333826455,46.61739363013125],[0.6170592215702414,46.61720705121445],[0.6167356404546294,46.61698799468188],[0.616552700163712,46.61686375085756],[0.6160332007144542,46.616912605855134],[0.6158877887646617,46.61696800199927],[0.6150400017359136,46.6178820926071],[0.6149087583330812,46.61810778561081],[0.6142456227757114,46.61877538923621],[0.6148346003014646,46.618796889279864],[0.6150910423772732,46.61887274938956],[0.6149296790412494,46.61905569569796],[0.6141359021860446,46.619929200197134],[0.6133727400073357,46.62080856580489],[0.6132087173263426,46.62107875044216],[0.613093635684493,46.62144866773375],[0.6129166989225603,46.62178795308786],[0.6125384900351962,46.622295175982316],[0.6123473524837669,46.62246506596843],[0.6122577287715563,46.62265449175974],[0.6123015580499988,46.622918820045655],[0.6120014430765753,46.623229248663094],[0.6116052594375142,46.62298028129097],[0.6112361656152576,46.6228694077963],[0.6108133786526897,46.62280361847911],[0.6098126820394335,46.622683178295155],[0.6077955162985922,46.622315144023716],[0.6060859935378663,46.62199944606219],[0.6057509877092566,46.62180717831616],[0.6049141915091818,46.62143901588956],[0.6046984241868101,46.621676011335474],[0.6044494356406759,46.621701924235076],[0.6041107542203489,46.62162478359637],[0.6030208436412087,46.62135894646412],[0.6025994234717845,46.621239148440154],[0.6025019389079564,46.62172181597279],[0.602162540867625,46.62231508372113],[0.602080201825793,46.622606296128424],[0.6020959186714551,46.622764016999916],[0.6015718116269411,46.62328428367564],[0.6015350063673025,46.62345470518058],[0.601410128925279,46.62379746300185],[0.6016649943411259,46.624248591877155],[0.6018335173189803,46.62450852661508],[0.602005748214674,46.6245957378551],[0.6018870668063397,46.624745118175156],[0.6018432413852458,46.62481643957704],[0.6012908937775223,46.62462805505252],[0.6007894109051298,46.62444224271057],[0.6000495053708387,46.624322991031086],[0.5993307107313962,46.62410775938966],[0.5988174918950178,46.62396225822005],[0.5986140732155035,46.62419583160218],[0.5986180472028456,46.624389370519644],[0.5986630453751969,46.62457453107227],[0.598452742712498,46.62469281658326],[0.5982847335052396,46.62508441019594],[0.5980832257759991,46.62618551328799],[0.5979725149181483,46.62673276018207],[0.597834244873568,46.627174303276824],[0.5977741318985436,46.628399052428826],[0.5974334119683289,46.62838035637953],[0.5973312233513152,46.629275995690946],[0.5975689992058623,46.62933181495907],[0.5975335119425644,46.6301069864394],[0.5973534449790874,46.63086915588077],[0.5969657898681107,46.63100542526895],[0.5963191666878479,46.631472505379186],[0.5961254457825341,46.6316837255654],[0.5959138125780207,46.63215924055388],[0.5957545269992713,46.63227829378804],[0.595092974127624,46.63320859200023],[0.5949370708009539,46.63320621099849],[0.5941924976429219,46.63445019282165],[0.5935775645630184,46.63555397528028],[0.5932848470209122,46.636278414410434],[0.5929604684390463,46.63700777309852],[0.5923598126741748,46.63798307905692],[0.592212010183828,46.638073510415865],[0.5919018473872181,46.6386896945972],[0.5916747137388725,46.63932784585667],[0.5915605457793697,46.6393351028607],[0.5909715555605419,46.64055894805657],[0.5906989993619388,46.64131249408876],[0.5906729236261864,46.641460579025185],[0.5908486603211939,46.641492964169906],[0.5905723861226602,46.64262890785413],[0.590323120502837,46.642976051815076],[0.5903415347602993,46.6433812857248],[0.5902959367805426,46.64447846818919],[0.58995381262531,46.6451436544038],[0.5898283594301901,46.64546389442983],[0.5896727296049038,46.645832271468215],[0.5893923930531503,46.64616993374424],[0.5892736361427249,46.64659826671969],[0.5892354706246897,46.64778015265443],[0.5892105452801932,46.6482729126162],[0.588745269461732,46.649185479640614],[0.588446643192812,46.64977303840662],[0.5882431858037305,46.650318860114076],[0.588245945594873,46.650512380717835],[0.5879986940976288,46.65112321787687],[0.5879916007267968,46.65134268985189],[0.5871274108310421,46.65306444349992],[0.5869324655628201,46.653673384146856],[0.586932867024344,46.65398835278611],[0.5870764545213115,46.65436131556071],[0.5871666816660212,46.65476405214661],[0.5872252280982542,46.65517620317623],[0.5870037714517443,46.65530779106553],[0.5867659663939695,46.65562540810761],[0.586685109429796,46.65585453994637],[0.5865865557850594,46.65603661207861],[0.5862090907403872,46.65617480364754],[0.5858750876437349,46.65686799827786],[0.5854194032688557,46.657859891202335],[0.5852260604652063,46.658369866442875],[0.5852354012883302,46.65872727101069],[0.5850223163762972,46.65920094590623],[0.5848459740060505,46.65923423523366],[0.58477915434833,46.65968315651981],[0.5847480368797859,46.66031710544683],[0.5846773804945564,46.66093695464239],[0.584739565099861,46.661236669794754],[0.5850296098317253,46.66124832681314],[0.5848372898902452,46.66205347865748],[0.5845376132898615,46.66265360864646],[0.584164861655287,46.66363327727649],[0.5839783699082274,46.66425764147396],[0.5838453257384313,46.66451926416889],[0.5831048135093984,46.66532229850752],[0.5828158198735259,46.66592258916979],[0.5825240470912606,46.666289761727505],[0.5814264649131029,46.667521040965305],[0.5802708862055034,46.66903128573393],[0.5802488343091492,46.67062826890225],[0.5802193754077801,46.672175640786726],[0.5802090687646493,46.672818907632816],[0.5801302565217468,46.6730318702969],[0.581446433330705,46.673278892553725],[0.5822100368508232,46.67337612757517],[0.5835576314696516,46.673396836011655],[0.5836172489864632,46.67377570402792],[0.5835473641440093,46.674040102082465],[0.5832801880712826,46.67460743394749],[0.5831680167582859,46.67520414007097],[0.5831948771762857,46.675625705941165],[0.5835604832999792,46.676495223353335],[0.5839387397524531,46.67730553672243],[0.5842745825571435,46.677811037857566],[0.5861656413731632,46.6773757091265],[0.5878323932055255,46.677115993731896],[0.5890408797463754,46.67694102774766],[0.5895094511934312,46.676856412502275],[0.5899072086682865,46.676733812517455],[0.5902757931543381,46.67655497958522],[0.5907866745851886,46.67613534196304],[0.5913039506880936,46.67584179164666],[0.5917357076668,46.67564141592832],[0.5921880452634991,46.675463851147335],[0.5925324117704158,46.67537462978063],[0.5928229119447123,46.67537456681189],[0.5934313526222077,46.67546035079408],[0.5938226189608555,46.67553831958821],[0.5941301687576473,46.67567080161406],[0.5945476711685505,46.67619281186943],[0.5948381025995502,46.67652390507843],[0.5950534349876426,46.67658478877544],[0.5956629557106988,46.67663728287941],[0.596262876410882,46.676695923405674],[0.5965706101020889,46.67676990667325],[0.597260025731361,46.677273560000145],[0.5974650386057864,46.67732618018707],[0.5977870036359425,46.67734008421386],[0.5990870910793183,46.677202403755054],[0.6022570757596858,46.67687266508245],[0.6056909866239354,46.676482053979406],[0.6086860380801766,46.67617828391782],[0.609717310493387,46.67602291390642],[0.611199056304215,46.675680870743484],[0.613468912126622,46.67505824217761],[0.6152146128134715,46.67460764693668],[0.615810374468475,46.674439357293814],[0.6166599334854417,46.67410120820188],[0.618371412367115,46.673363883052424],[0.6186967899181612,46.67326979567918],[0.6191848073875866,46.67322494879478],[0.6197219308660307,46.67329242186444],[0.620694380418775,46.67366160228714],[0.6232818123957525,46.67412162784303],[0.6256534139353995,46.67453696340798],[0.6260680628390076,46.674534175315515],[0.6263915032885032,46.674447235485395],[0.6266857053028929,46.67433016151731],[0.6279635734948925,46.673570902889786],[0.6283332380842677,46.67334066373313],[0.6289828509560433,46.672794255811986],[0.6302192091890935,46.67172839110885],[0.6310856509652085,46.67118611101632],[0.6324794423356385,46.67039884120435],[0.6327514063277881,46.67032640827921],[0.6333729375273726,46.67032038813297],[0.6372243720801093,46.67039941023868],[0.6388395690349878,46.67048014743395],[0.6386568358070916,46.67000049011625],[0.6376229536564035,46.6676319027264],[0.6375062928818895,46.66737999634604],[0.6375570779586844,46.667053197805046],[0.6378071894140409,46.666385605462104],[0.6379199933582561,46.665757362539445],[0.637848113810571,46.66536574310843],[0.6376525129573106,46.66501367558936],[0.6371429646172156,46.664070210800396],[0.6369104899055378,46.66328204845994],[0.6367739421478763,46.6626608891734],[0.6367523243774428,46.662059442991456],[0.6367924803799843,46.66178377595942],[0.6368863647897375,46.66142072104219],[0.6373938172542193,46.660715573401525],[0.6378488611053044,46.66010143076134],[0.6384855790750632,46.65928301642078],[0.6392636774893982,46.658252522795],[0.6399735016292591,46.65743518719329],[0.6409440043322341,46.65624377003167],[0.6414319886307855,46.655531117513014],[0.6417497868438936,46.65499410575142],[0.6421036717973013,46.654256059699705],[0.6428415521797185,46.652877595298236],[0.6433070626566968,46.652213189897566],[0.6441457944121032,46.65124746250375],[0.645065022441895,46.65034771815832],[0.6464337690535941,46.64899118286093],[0.6467874739018952,46.64859867505533],[0.6468898148414131,46.64834282408378],[0.6469712499319413,46.64803627068626]]]}},{"type":"Feature","properties":{"code":"FR5412017","name":"Bois de l'Hospice, étang de Beaufour et environs","designation":"ZPS","legalReference":"https://www.legifrance.gouv.fr/affichTexte.do?cidTexte=JORFTEXT000038021087","sourceUpdatedAt":"2019-05-15"},"geometry":{"type":"Polygon","coordinates":[[[0.8546936689617107,46.40000096830057],[0.8541585561074218,46.39847502280961],[0.8530198471475658,46.39557699985305],[0.8519524323877163,46.39276808716378],[0.850912831791288,46.39007830335361],[0.8499621397601509,46.38751205554746],[0.8485903503791349,46.384119605643214],[0.8468500189585064,46.38065030957253],[0.8452070325714576,46.377441428772364],[0.8425388850394522,46.37217813783523],[0.8399476310365253,46.367077761769735],[0.8376411593521702,46.36251830560532],[0.8346396929739043,46.35665649634971],[0.8325195759426821,46.35243953471523],[0.8306226360656238,46.34878611052812],[0.8278283366868265,46.34323909852399],[0.8276223824555989,46.342888113532275],[0.8248315888852203,46.33996867981277],[0.8217188390344243,46.33671012070388],[0.8179935945520175,46.33284935671873],[0.8177316392968166,46.33263258174436],[0.8173442830069048,46.33215675848929],[0.8172328212315305,46.332105776064644],[0.8167988617657586,46.33213595722049],[0.815932137905951,46.332209824526736],[0.8152927515985658,46.33223724566002],[0.8146845319431387,46.33221378639515],[0.8142015045909459,46.3321776084906],[0.8134398807184725,46.332167382484194],[0.8130910142604426,46.33214199920082],[0.8129682681212143,46.33210435508779],[0.8128367443268255,46.332018000043576],[0.8127608862824999,46.331753321762626],[0.8126417314548212,46.33160144239245],[0.8125209431982794,46.33149363104386],[0.8122548185314145,46.33143156205487],[0.8119483905070264,46.33137074996735],[0.811735391767135,46.33127610013886],[0.8114527013123737,46.33106352771065],[0.8088799134633873,46.33315620045164],[0.8062044465831325,46.335359005655356],[0.8026713434534855,46.338288056287965],[0.7995174526894301,46.34090628420387],[0.7956566709599224,46.3440844499592],[0.7912556090731423,46.34781305392564],[0.7868348164586763,46.351482727135924],[0.7825941460899598,46.354927038162266],[0.7803480286081101,46.35676620027683],[0.7764653289228907,46.359909237615625],[0.7727616899170219,46.36291154623207],[0.7712226173334638,46.36416545326391],[0.7711741866325217,46.36440774883475],[0.7712274629613505,46.364674846668215],[0.7728018042709262,46.3676337539605],[0.7744562677364677,46.370646834772685],[0.7762838812344997,46.37412480115832],[0.7777918242244305,46.37690634318414],[0.7799829150193311,46.38102365203199],[0.7807748022450981,46.38251750186833],[0.7809485020675511,46.382950022587295],[0.7806913470701403,46.38402994763735],[0.7800064917901469,46.38671838357677],[0.7790841982415199,46.39045641583136],[0.778269532056678,46.393670393581246],[0.777710493000378,46.395917806060005],[0.7775809470505216,46.39610859808848],[0.7771392510830546,46.39681613394474],[0.7770055463214025,46.39715625093889],[0.7767547883910724,46.39831634303221],[0.7757593050158104,46.4021109437517],[0.7755440388863004,46.40279908877099],[0.7840010733977326,46.404550101632765],[0.7933610328075417,46.40648912423205],[0.7989907688363216,46.40764263616239],[0.8090585787777342,46.40973391043566],[0.8174672905737022,46.411488054367204],[0.8250876788732678,46.41307990521436],[0.8290130188631788,46.41391675725783],[0.8294551394644523,46.412109396926674],[0.8312365378437876,46.41221401023035],[0.8328232765148573,46.412291722817606],[0.8344942411498011,46.41230663651991],[0.8351399844216665,46.412450154106395],[0.8362522996764453,46.41249365068438],[0.8362395732872234,46.41143704075027],[0.8363060562055494,46.411295743167095],[0.8367046142218674,46.411071541312765],[0.8371867672831929,46.410778256334794],[0.8375444592075592,46.41049772217871],[0.8381666973822058,46.410049704116425],[0.838523784190127,46.4097907531669],[0.8389302342743086,46.40964763651967],[0.8397075679334279,46.4095139085539],[0.8402346560485485,46.40947766176077],[0.8404837178289092,46.4094233480997],[0.8459594367105644,46.40786120902199],[0.8488516085603851,46.40697947416914],[0.8492818072399729,46.40672235082437],[0.8494813658298486,46.40656029098969],[0.8496857423703489,46.40628401407558],[0.8499700395309252,46.405696523699014],[0.8501060754410067,46.405241179043884],[0.8501457861729519,46.404892553945125],[0.8502284095797626,46.404530088473955],[0.8503379083308149,46.40428856307199],[0.8507782568698009,46.40367341931262],[0.8514521617335241,46.402784180393546],[0.8520769988321726,46.40217144339391],[0.852668150916263,46.40164375398368],[0.8533965511804986,46.401062064617925],[0.8542921138217459,46.400360170974416],[0.8546936689617107,46.40000096830057]]]}},{"type":"Feature","properties":{"code":"FR5412018","name":"Plaines du Mirebalais et du Neuvillois","designation":"ZPS","legalReference":"https://www.legifrance.gouv.fr/affichTexte.do?cidTexte=JORFTEXT000038021087","sourceUpdatedAt":"2019-05-15"},"geometry":{"type":"MultiPolygon","coordinates":[[[[0.21269051798116984,46.809635037844075],[0.21237128464002783,46.80931681250612],[0.21213778018557064,46.809141477550924],[0.2119201844325515,46.808871937050476],[0.21160354520124786,46.80848806402898],[0.21133164868686918,46.808256209999925],[0.21090231937277476,46.80806103617448],[0.21029700428394116,46.80787158700722],[0.20984751812768887,46.807685930378874],[0.20941042749732836,46.80742850652829],[0.20906856369622473,46.80714314793033],[0.20876762730577397,46.80686035505216],[0.20863390949092112,46.80655187155362],[0.20857743641351342,46.80588663110349],[0.20855544748419463,46.80564322266137],[0.20846762686333353,46.8055137898109],[0.20830475165716725,46.80541625771023],[0.2079330305489951,46.805359844713905],[0.20754463504172968,46.80519781385042],[0.20724355009442583,46.80490601584877],[0.20607720121313486,46.803178812923505],[0.20485480627663288,46.801515348348296],[0.2036384995768408,46.80151336920909],[0.20334030127937983,46.80145110622419],[0.20244831197866425,46.801149167892945],[0.20186454787964994,46.800917777970724],[0.2012830798118686,46.80065492356508],[0.19958215984027097,46.79977536025844],[0.1980768293543392,46.798955239338696],[0.1969190148995576,46.79828289325934],[0.196414751075027,46.797895467544095],[0.1958351529269022,46.79732932486445],[0.1954007869093269,46.7967362038403],[0.1950814372867865,46.796157832873675],[0.19473839301411527,46.79563841522966],[0.19437029935802755,46.79523192128964],[0.19397202851802237,46.79478346749894],[0.1935012855570014,46.79408795725026],[0.19323293351310802,46.79377063033869],[0.19271541612902,46.793461236420804],[0.1915729728477774,46.79292411766591],[0.19126003117443235,46.792720253452785],[0.19093574401357497,46.79249186967649],[0.1905990783669847,46.79208055965716],[0.18938714572197768,46.7927643075786],[0.18887265808037754,46.79290314078333],[0.18820628969914668,46.79297612801482],[0.18760426297843208,46.79323661449233],[0.1869367191790988,46.79356606774208],[0.18642443964413186,46.793649139476244],[0.1863560871140311,46.793256354383324],[0.18624072177458448,46.79279069048584],[0.18588477407919599,46.79231150333774],[0.18551802551556093,46.79186360488119],[0.18492460234537592,46.791908246371875],[0.18458295988121987,46.791889214118285],[0.18417586374024236,46.79167455938125],[0.18362920029263252,46.79130606818527],[0.18298738108845455,46.79098078733531],[0.18119877012686605,46.79024149887653],[0.18016925179509158,46.789742392126755],[0.17945320350023694,46.78973788699229],[0.17762291494594365,46.78898785279724],[0.17679463046561741,46.789957713955815],[0.17652132175506455,46.790300847536685],[0.17504484599905754,46.78982565271358],[0.17412070048203046,46.789549885979575],[0.17366734020759947,46.78947111050685],[0.1733128815295521,46.789477906784704],[0.17284254174552496,46.78955451266052],[0.1722546172862817,46.789736886775096],[0.17170826931804933,46.78988224582145],[0.16729671683024108,46.78981394723314],[0.16746089639851294,46.789621761214484],[0.16945747812567158,46.787490615047034],[0.17112506192263138,46.78577980817904],[0.17318842090505315,46.78355086705838],[0.17451777311790162,46.78353370589471],[0.17454324461610257,46.78210949301837],[0.1744958937411409,46.78175759888731],[0.17443939506816894,46.78132993045643],[0.17423487071838942,46.780996660859806],[0.17379277439057456,46.780383500043314],[0.1730636092514519,46.77962720474426],[0.1727853314375285,46.77933663986488],[0.17240956475125369,46.77860233367176],[0.17221985856174046,46.77813523776187],[0.17211627283318592,46.77760498198299],[0.17211393483059245,46.77714053596684],[0.17217718060938852,46.776869934357606],[0.17256355132291748,46.77603574761587],[0.17297363734306576,46.77565200627175],[0.17361798987593782,46.775149397211365],[0.17452968239545072,46.77468964144628],[0.1753812672907819,46.774412340175246],[0.17643187119305823,46.77411089506767],[0.1781113382926219,46.77366291786753],[0.1804076897651618,46.773400249096376],[0.1831266348018559,46.77319589430661],[0.1876147788898655,46.7728789460463],[0.19054026682746333,46.77264409685086],[0.19190889292454702,46.76985729264053],[0.19320085914333446,46.767133838669984],[0.19418758468957525,46.76504275189058],[0.19551736700861266,46.76211927927991],[0.19699473816329904,46.75892136481186],[0.19810441693359815,46.75658144539626],[0.19875876007745627,46.75525899073941],[0.19654140025476433,46.75384770380666],[0.1929955132554653,46.75189125696854],[0.19176664822324585,46.75122470493615],[0.1916104231491889,46.7512217727347],[0.1915038164863094,46.751298069975896],[0.19074906246539916,46.75198409803008],[0.1905499292588694,46.7520523601654],[0.1903205625495556,46.752048053080614],[0.19007442171062394,46.751971428429094],[0.18911596004337994,46.75159522517453],[0.18838247569786493,46.751248438549595],[0.1877010034563814,46.75088462740931],[0.1865386887821925,46.750077967781394],[0.18442878102849783,46.748848449343946],[0.18178781403896802,46.74739828316489],[0.18103423840812055,46.74703576762892],[0.17997085424279655,46.74661520802116],[0.1788745351369879,46.74627230779775],[0.17811470538176405,46.746067160115366],[0.17740324161777654,46.74592321587554],[0.17703394127263045,46.74581723841428],[0.17680186366781608,46.745655352939025],[0.17658076449228682,46.74548737148861],[0.17722886628454976,46.74510721942084],[0.176903665924931,46.74491027601606],[0.17628957913298818,46.74470516703849],[0.17438650841077613,46.74348386654325],[0.17202028769807448,46.74192705879523],[0.16941176612503733,46.73972389446931],[0.1672231870591166,46.73789765189028],[0.16676167006367004,46.73748208180151],[0.16611040456808598,46.73666420535648],[0.16556436986922107,46.736032826773624],[0.16511401292166294,46.73562376314997],[0.16466796300051648,46.73534528307896],[0.16266566123077927,46.734558395778095],[0.16146903197411813,46.734114413677915],[0.16071459604106403,46.73377154454409],[0.16006691064522457,46.7333587004388],[0.15719791273058767,46.732462495246175],[0.15382644187590858,46.73139281316512],[0.14912247626005495,46.729968120440454],[0.1443000866747414,46.72861295300681],[0.14291397780220086,46.728258740623545],[0.14256422591196602,46.72815932006998],[0.14117569298464344,46.72760433105748],[0.13894942238095453,46.72673980965679],[0.13879959872804537,46.72658122467452],[0.1357126159279362,46.724395945075166],[0.13544235879424357,46.72418373136775],[0.13531485927731296,46.724001271427824],[0.13505027193233007,46.72386836923144],[0.13249342766517072,46.72273363630107],[0.1316737514684859,46.722204803339594],[0.13092086412876358,46.721841956123],[0.12936372341453134,46.7211251615111],[0.12850678089984197,46.72073778690003],[0.12878366180971795,46.72030932875993],[0.12923947400264704,46.719832128155694],[0.12960544853392525,46.71950349366955],[0.12983778546462668,46.71917227100944],[0.13026032953236633,46.718217412053015],[0.13051193806389608,46.71789466829871],[0.13094427950912377,46.717481806479796],[0.13112255383708665,46.71715043900886],[0.1312239345206493,46.716731185113964],[0.13129839510045976,46.715897404968345],[0.131362589245759,46.71560703541321],[0.13162748742192396,46.71521794191835],[0.13266913595261348,46.71383401688454],[0.13310463721552557,46.71332940711157],[0.1324083224505396,46.71312876111355],[0.13169142651919966,46.71288091881307],[0.1309426250576084,46.71190163670326],[0.13010441658187166,46.7105876115116],[0.12997836220009926,46.71037097053589],[0.1299981808558593,46.71013554393521],[0.13028479378595986,46.7092140609921],[0.13075124152611264,46.708986365491064],[0.13125126162928827,46.70867651494832],[0.13175444919680643,46.70827942319242],[0.1323690822769077,46.70773507468595],[0.13335918245338815,46.70682535632494],[0.13482175950630904,46.705518836360206],[0.13569222281425045,46.70479489760104],[0.13576939623079115,46.70466678209496],[0.13574205506336143,46.70459605716243],[0.13468922067339395,46.703434526925804],[0.1342191847687803,46.702798146254736],[0.1337267981466638,46.70188862957308],[0.13328500323021128,46.70129508720819],[0.13284698812611961,46.700563915572666],[0.13253033603859293,46.70020949181511],[0.1320431082210925,46.69943776726759],[0.13156218707520684,46.69825845364207],[0.13130552394241313,46.697674781891905],[0.1310605339069583,46.69732804049716],[0.1307619027444078,46.697013568071775],[0.1303693921930975,46.696492970470516],[0.1302567123812135,46.69619918415964],[0.1302639858886248,46.69577091351914],[0.13029371334883247,46.695042470028376],[0.1301322931009015,46.69466134553564],[0.1297441217431684,46.694256027831905],[0.12911147346274587,46.69349227705094],[0.12822463201260734,46.69212779477285],[0.12793360506664944,46.69161545253897],[0.12764889218555817,46.6912112321126],[0.1272409784215515,46.69081002513682],[0.12682473003827682,46.690324955973146],[0.12649075820419214,46.68962547266298],[0.1260724309982645,46.6884203442994],[0.12600084522245222,46.687903240516576],[0.12594639382303013,46.68747557434177],[0.12572417077354395,46.68682325283686],[0.1253289102001418,46.685822871427604],[0.12519273177857895,46.68508491014795],[0.1250591409449573,46.683816889025394],[0.12513854704898483,46.68311280957367],[0.12538151400223202,46.68226879369916],[0.125533344711251,46.68159401741],[0.12563822227214896,46.68104703171414],[0.12563609246047142,46.680590678389024],[0.12548127214528612,46.679828957870846],[0.12540380620505395,46.679193837710244],[0.12520390648364252,46.67847624437194],[0.12508077686367472,46.67819035047459],[0.12480686617848619,46.6765361958338],[0.12476916452236733,46.67617905641078],[0.12445045444633518,46.675617558770654],[0.12380013936901817,46.67378420124665],[0.12332691340892239,46.6729379955278],[0.12285282819680773,46.67210977440503],[0.12251368938148852,46.671511877736215],[0.12245497345311085,46.67118942830286],[0.1223348406432172,46.67057238308589],[0.12205802254661259,46.66997568818109],[0.12167439839909534,46.66924822416535],[0.12124835719883813,46.66849653189434],[0.12108523617263256,46.66820175385711],[0.12098361994691514,46.66785777006572],[0.12072952124676421,46.66701041193804],[0.12053334058547992,46.66671228874417],[0.12021143248435355,46.666492731464125],[0.11949010729134314,46.66614930565605],[0.11845970581160631,46.66548125790754],[0.11774525051532052,46.66493275131169],[0.11723279631339084,46.66431706194102],[0.11703109615133832,46.663905423824325],[0.11707797204352453,46.663272718559575],[0.117156903104657,46.66262352959056],[0.11697629105625837,46.66242470932658],[0.11658801405684999,46.66195994331466],[0.11624728661128005,46.661543799012414],[0.11592457863682613,46.660787791511396],[0.1156910233130612,46.66031522886174],[0.11528863196626456,46.65989878293082],[0.11484110053718427,46.65941665269216],[0.11460807061363476,46.65904309869833],[0.11421123349091966,46.658342344911254],[0.11389950558682242,46.65787365377826],[0.11362293944779574,46.65753885709726],[0.11317427160128024,46.65712329616752],[0.11246118821772651,46.656573876061955],[0.11172191057321941,46.6561247482649],[0.11142586126065052,46.65578416024594],[0.11122273059355522,46.65540938821787],[0.11108253519731527,46.65506464009308],[0.11100828953174002,46.65483277928332],[0.10175558546864288,46.656328661086896],[0.09398256208248233,46.657589199220666],[0.08977980682448426,46.65824185478303],[0.08065041518196685,46.65969800079261],[0.07793008649299332,46.660101405301546],[0.07680924659068315,46.66014851658751],[0.07584017888709581,46.66025802999219],[0.07540570547316104,46.66022241831855],[0.07432842524375372,46.65997785527101],[0.07337490266905801,46.659715931981324],[0.07249535520903215,46.659435671254016],[0.0719888994041811,46.659402223133014],[0.06918702556733981,46.65949778612493],[0.06216211314007056,46.65968649456923],[0.05371781006752946,46.6599255891828],[0.04492734676396254,46.660205711690594],[0.03785213574629403,46.66036941618442],[0.03430345102627524,46.66048238482062],[0.03416807199857609,46.66074517180846],[0.03412216437483506,46.66133558310757],[0.033998556761148185,46.66181012014884],[0.03386305507933702,46.66206660255803],[0.033646126448195854,46.6622764386049],[0.03320965194297823,46.6625304455239],[0.03287146449986507,46.66270182957688],[0.03252661793421597,46.66302969096209],[0.0322101571829713,46.6633878247173],[0.03182802793724035,46.66360241837562],[0.031300680194405135,46.66381318642115],[0.030656964534338627,46.66408549894841],[0.030251368432403596,46.66436262054366],[0.02982091889886684,46.6647229412719],[0.028706344966820316,46.66581468083176],[0.028150447566684403,46.66645148081062],[0.027799676799884997,46.66691691405189],[0.02745450926048201,46.667449969198614],[0.02718497427293722,46.667696533095594],[0.02677251246074707,46.66792219864699],[0.025825542655625873,46.66848176834672],[0.02477687537368616,46.669015866010675],[0.0240060331734232,46.66934497477826],[0.023377156111434438,46.66950953824064],[0.022823498302157824,46.6696423284916],[0.022371334373151083,46.66977447218951],[0.021875863299430812,46.66997143339361],[0.0215030286494748,46.670214089618575],[0.021175868980031952,46.670571978667255],[0.020763793729984506,46.670998349571846],[0.020335076372716882,46.671324468888336],[0.019942606730169638,46.67153071814789],[0.01948966013349912,46.67171413981874],[0.018869713332753127,46.67187976319444],[0.018607824923427062,46.6719464524319],[0.016626562311571034,46.67273425358266],[0.016168008313102812,46.67301114795449],[0.015519997990020355,46.67338230292575],[0.014906418037488222,46.67368214051446],[0.013385274473217806,46.674315439640495],[0.012753571434638023,46.6745527991961],[0.011934538277673398,46.67478543694033],[0.011282105996131605,46.67500886407574],[0.010879566288229899,46.675207678532736],[0.010652291769316325,46.67543886243638],[0.010536955906458947,46.67571552883755],[0.010481289763447168,46.676033918480684],[0.010379900216766772,46.67623256564873],[0.009055687303729493,46.67639818811944],[0.0056850172706237635,46.67691444504028],[0.004829179061484873,46.67705897816309],[0.0039071527798575645,46.677319163059856],[0.003243491182888992,46.67755581186557],[0.002841599810287297,46.67773841321528],[0.0024174512636350957,46.67794575680264],[0.001757111266695022,46.678353485208255],[0.0023264573988201038,46.67884216497396],[0.002419635001192272,46.67907988561555],[0.0025699047372951386,46.67968870632046],[0.002612087658585545,46.67993258342099],[0.0029620850585909894,46.680468079491625],[0.0036173399895097717,46.68114572040675],[0.003791504577601855,46.68141929875203],[0.004181896807551337,46.681749502550694],[0.004293730845569915,46.68203710858023],[0.004278023693729199,46.68240131456609],[0.004646775911466519,46.682984888554735],[0.00517623825613862,46.68367525147041],[0.0054966107953050075,46.683922116544835],[0.006012412871885446,46.68423507045203],[0.006351060173097899,46.68454079989059],[0.006789494048840913,46.68497097993449],[0.007561652208355074,46.68555737578213],[0.008084111750732436,46.68595326133755],[0.008267284673549766,46.68629182242258],[0.008298309230581575,46.686853193065794],[0.008380957398332162,46.68723021010703],[0.008714838549480203,46.687908463358156],[0.008410115831703823,46.68798685528728],[0.007646635145445468,46.68838531545303],[0.007129658909655996,46.68883919789393],[0.006616131916093214,46.68944976671412],[0.007168726453295125,46.689839071069585],[0.008181172400498553,46.69040875817234],[0.008962868034866634,46.69081532469964],[0.00980023851278105,46.69134183022527],[0.011734987648862464,46.69267013242843],[0.012511544085376393,46.69318547640475],[0.012967726140011135,46.693908509374914],[0.013596620561914614,46.69472235831629],[0.013795062863454713,46.69491721110201],[0.013681065004204653,46.69516511078089],[0.013467133232629451,46.696024817307524],[0.013255163569164157,46.69639132671315],[0.012813936131890483,46.69675317602462],[0.010932231336482896,46.69805595871398],[0.009488860698888758,46.69906882479724],[0.008097329543004394,46.69984601364547],[0.007011617520730746,46.70024059902955],[0.006576570462632283,46.70045133867275],[0.005950763409662959,46.70078059320982],[0.005316855462648001,46.70106107663552],[0.004739958735375186,46.701193306808804],[0.004048446528002677,46.70137720121308],[0.0035252415132608116,46.70148082042479],[0.003516287112055675,46.701582346196474],[0.003677164167847337,46.70216527240467],[0.003705459681692951,46.702722092796336],[0.003545475246301328,46.7040311181615],[0.003578730115340405,46.70444583080902],[0.0036749108687405105,46.704994134670564],[0.003961888061600849,46.70542932516901],[0.003999826431547082,46.70577212532912],[0.0039887626447069734,46.70613462703554],[-0.00006302608122964808,46.70796444319079],[0.0007799699201304943,46.708609935612095],[0.0021770085379908075,46.70990038985012],[0.0025146412471527607,46.710235813868266],[0.0028214918626363523,46.710593108778625],[0.003392070342400054,46.711061098200624],[0.001769396336291975,46.712599452053254],[0.00017125332397907434,46.71405548436427],[-0.0003996453025040533,46.71452984052723],[-0.001489015496420082,46.7155210218151],[-0.002461835597896095,46.71617076003942],[0.00041609470987599186,46.71632865452521],[0.0011103292453705457,46.71681628605584],[0.004972599170421613,46.71817687872802],[0.006769298553148378,46.719806650155306],[0.008619489980683733,46.72095684127212],[0.008961925585864582,46.720943117713624],[0.009690229987178197,46.72137198543629],[0.009815993372244253,46.721587859088636],[0.014543484311195053,46.72456693765098],[0.01719055137581987,46.725784487995575],[0.02002222353925771,46.726997614163025],[0.021575492384591954,46.727565529456484],[0.024492705745016823,46.72847245540957],[0.025458091883392108,46.728241770589484],[0.026297032809903694,46.72899947949205],[0.028244205111054882,46.728564509376646],[0.0320965796387169,46.72730749955074],[0.035417517581596496,46.7283149876981],[0.03643283712307013,46.72859194415485],[0.036931374342084336,46.728795490937244],[0.038240885757641174,46.73195401921355],[0.037714326358996506,46.73309099144264],[0.036487982275634406,46.73413736749696],[0.035995364660769316,46.734955502480915],[0.0348715811431859,46.73648095442058],[0.0336436036753735,46.737986304157864],[0.03318780881509185,46.73896447219236],[0.030620642571810703,46.738342066920865],[0.030248417318022896,46.73902039544682],[0.027737568834557042,46.7387626808875],[0.026838412037503822,46.73867430445842],[0.02611262670276427,46.739622693771565],[0.02407979558569746,46.741271877191586],[0.021119855226869443,46.743523281976636],[0.01906177010666343,46.745058466018946],[0.01530171260247577,46.7477588285773],[0.012428978183376339,46.74984708320425],[0.009742479245611854,46.751747353835796],[0.008296137768459078,46.75274666636998],[0.006782584362172191,46.753435868938816],[0.005728567861338613,46.754284740388286],[0.004892761330129528,46.755122751077884],[0.004330621062446662,46.755876335231505],[0.003843773787914245,46.75679345855162],[0.003176200482765628,46.757343270595726],[0.002540260151950432,46.757930625203066],[0.0017838958466019324,46.75838591396664],[0.001616356357398418,46.75861380819931],[0.0013995756344521158,46.75932312739632],[0.0012333174046931562,46.75983636506498],[0.0007112418416254601,46.76039093618863],[-0.0014418818222786942,46.76190852532877],[-0.0029268450377977484,46.76116440337965],[-0.004128334314174562,46.760147945493436],[-0.006566561692029929,46.75796485841249],[-0.008442028380742006,46.75644310475667],[-0.009704044208921528,46.755609856064176],[-0.01044799922605853,46.75505184168132],[-0.011492154828002464,46.754709083893566],[-0.012383806402615674,46.7544342451836],[-0.015284575048697902,46.75665177295437],[-0.016418001436826427,46.7576995302438],[-0.017122145148544404,46.75811886734921],[-0.018081096130629075,46.75842854199616],[-0.017729054310763222,46.762501389633556],[-0.01929476167497094,46.76364822423222],[-0.01993821071611823,46.7648473500357],[-0.020702716994629496,46.76592337333828],[-0.023142379144445707,46.76923930090625],[-0.022158101132217726,46.76976094380615],[-0.01750265218430875,46.77231944848136],[-0.020964280465835466,46.77548566944922],[-0.02218913027766442,46.776652998669505],[-0.0198347928800698,46.77746478642796],[-0.01786178700679894,46.77817776619683],[-0.01715749148310628,46.77824176827426],[-0.017323657387731898,46.77870818172522],[-0.017427355794016594,46.779163275786765],[-0.017435617392540202,46.7797643476346],[-0.01729112191865195,46.78075019148999],[-0.017857436995884126,46.78158909296994],[-0.018758940028727016,46.78294762943362],[-0.01929983090268509,46.78367723779304],[-0.019470607684071956,46.78404454825777],[-0.02141253048825402,46.783140472088164],[-0.022598276727659915,46.78436531132014],[-0.023754258189353242,46.78560335181498],[-0.024433419360813752,46.78616087742417],[-0.024990585680757262,46.78678392001153],[-0.026694006106796453,46.788934099304534],[-0.02577873534948655,46.78915101489692],[-0.024783229143393173,46.789429889503815],[-0.02435636368145466,46.78962320871462],[-0.023233504006339372,46.789866894885755],[-0.01868223467674006,46.791031762948954],[-0.018430415292016222,46.79168768762837],[-0.018046411671083114,46.79170189416069],[-0.017518059093632257,46.792702835194135],[-0.017785547830033565,46.79309065347521],[-0.017858416726581245,46.79383260809669],[-0.017197305172965284,46.79440154682458],[-0.014891317174231304,46.79627608457527],[-0.011233835339680549,46.79842583320969],[-0.00991201651185012,46.79910278955608],[-0.008764172059732808,46.799718557275675],[-0.008139155557043216,46.79991858247519],[-0.007796253560375394,46.80086796876325],[-0.007141452924912863,46.802051458494745],[-0.007959205934417268,46.80293206273115],[-0.0070410248344877175,46.803085880040484],[-0.0059491630230882,46.803324252125215],[-0.004581533481457032,46.803892278929986],[-0.0035380413701148203,46.80428534691697],[-0.002620724927829983,46.80466862597812],[-0.0018394643086040005,46.80511842088425],[-0.0018171765041878403,46.80533309040546],[-0.0010280259543654136,46.80582804278604],[-0.00009576435863966372,46.80612429868067],[0.0004467471703420521,46.80625238467281],[0.0028673300481418095,46.807443047138975],[0.004745879164692181,46.808459703333355],[0.005273984208805329,46.80850646798864],[0.005627692875897107,46.808726989211145],[0.006122700125713876,46.809057488397606],[0.006106578448139039,46.809193967585124],[0.006161921440571633,46.809609121023165],[0.006448158758170622,46.810912825791895],[0.006848096477388587,46.81153570669437],[0.00729036613521644,46.8125932663445],[0.007559268162049452,46.81384081291834],[0.007928113388161306,46.81455936309079],[0.007182380566917665,46.81475119246923],[0.0064447231878067114,46.81499269336994],[0.005122303296176331,46.814801045565204],[0.0043242018466909905,46.81473618109812],[0.003411556285118031,46.81493089300048],[0.0015441901742344805,46.815356332651184],[0.0014302694454360167,46.81593454231979],[0.0009843442286006192,46.81617475614495],[-0.00012079354347368238,46.81671742987032],[-0.0006380531825637942,46.81714789283875],[-0.0011152250361986908,46.81758817890569],[-0.0012520631852335367,46.81793820399146],[-0.001454314554804422,46.81847230181043],[-0.002102361214845486,46.81880108337692],[-0.003194098180809528,46.819383607879864],[-0.003902570838196904,46.81943932917366],[-0.004946649383959965,46.820025508531536],[-0.005526368052444162,46.82077869633503],[-0.006134214109408721,46.82128559120333],[-0.006585719427394096,46.82196308980001],[-0.006534545890071257,46.82223685451908],[-0.0066748452779151245,46.822354590970846],[-0.007998259771235345,46.821691147721936],[-0.008840781118727175,46.82099614631225],[-0.009972266184038386,46.819523867793656],[-0.010284361124971607,46.819133141472385],[-0.01169466523095871,46.81761012390285],[-0.011919437907570626,46.81728599082992],[-0.012297752628868619,46.816893002456816],[-0.013369761250258056,46.81646417287355],[-0.014171289648583298,46.816044483478855],[-0.014750001417677898,46.815909289282466],[-0.01677495920593126,46.81494510811008],[-0.017633459682434075,46.81462143183127],[-0.020254557921772273,46.81300587814825],[-0.02148299110747125,46.81423616226984],[-0.022085988651399255,46.81400952202059],[-0.02307333171598637,46.813982866909534],[-0.024384094293321286,46.81424655882876],[-0.025284361703291725,46.81559067407254],[-0.025273226178515986,46.81582131852975],[-0.02619042835576436,46.81727849414268],[-0.02709143102240018,46.81864328342258],[-0.02730546176583906,46.81900338838156],[-0.02786983398150514,46.819333755538786],[-0.028139460478394055,46.81907166368171],[-0.02830068599487481,46.81895402547765],[-0.029515889208838,46.82011159723219],[-0.03001131990185238,46.82003834707114],[-0.030161137897993576,46.82060499143102],[-0.03109593743091155,46.82057935618738],[-0.03133232714863726,46.82076708232091],[-0.032443011312609224,46.82046507693615],[-0.033113436067891175,46.82037289540748],[-0.033162733522629675,46.82005955081673],[-0.0338481987626913,46.82003815744911],[-0.033865390454613044,46.820429331584954],[-0.03442341494092214,46.82037546823091],[-0.03518370976111027,46.82017430449221],[-0.035865344990336716,46.81985415615473],[-0.036843852649068504,46.82058092270166],[-0.03811302449027689,46.81989755189359],[-0.0395042302407966,46.818839002622504],[-0.04019775594339219,46.81927193735539],[-0.04062245174831373,46.820012873670755],[-0.04131847321490182,46.82070406592572],[-0.04151227724056535,46.82083504901423],[-0.04273158208434828,46.82140915539576],[-0.044831258251991926,46.82278489443869],[-0.04547258963105411,46.82247902953296],[-0.046130491443268376,46.822094505594485],[-0.04884645627979801,46.81978236500206],[-0.04966381895179001,46.82087241532272],[-0.04791991861587325,46.82190153140811],[-0.04914473141303657,46.82346643482091],[-0.048239716286925735,46.82369230504428],[-0.046648595430331945,46.82416648133005],[-0.044235470049375204,46.8246037267618],[-0.0449084152218653,46.82596052962649],[-0.04572687115659429,46.826834562100835],[-0.04601261775727824,46.826707107589534],[-0.04655879268265278,46.82730058317384],[-0.04624182286691197,46.82859427861792],[-0.04574728039129039,46.8302948956966],[-0.04573482960647579,46.83072538713304],[-0.0457664881931557,46.832427651300314],[-0.04403208465616907,46.83249073448921],[-0.040870830594350656,46.83270043430934],[-0.03884584433876486,46.83278567149188],[-0.0382734978550665,46.83251132342268],[-0.03705394041333356,46.83245741408156],[-0.03646634665147093,46.832357985293775],[-0.03472078723825396,46.83232844951716],[-0.03322714506172058,46.833835477779154],[-0.03261796115910697,46.834399822178355],[-0.032425972411323604,46.83482412869178],[-0.032051358492530053,46.83545922190915],[-0.03143506342676658,46.83610740868095],[-0.03107464832754133,46.83645688656301],[-0.03080822901881136,46.83699073256429],[-0.030650318419273445,46.83770774578094],[-0.029969583673444544,46.8392195191177],[-0.02881644345434753,46.839723075631845],[-0.026887137709157533,46.840554966154016],[-0.025920304485360413,46.84101595139173],[-0.025422801260797646,46.841291728756815],[-0.02439470068562872,46.84228319770123],[-0.023943712734224094,46.84266331557824],[-0.02362872305611167,46.84284801934217],[-0.02292301923868443,46.84310287801548],[-0.022508766420105138,46.84315371909898],[-0.018885486325489677,46.84281698378637],[-0.016964669125529026,46.84191412438054],[-0.016432189782794378,46.842318388429526],[-0.0160387120139864,46.84277020116593],[-0.015798742645542017,46.84323776089853],[-0.015560828169853907,46.84356936791001],[-0.015634893348382514,46.844094373978095],[-0.015286373039799413,46.84509609566699],[-0.015024407506325613,46.84550200128557],[-0.01455930748553384,46.84590037474357],[-0.014075780176080499,46.846252321861385],[-0.013170200130686479,46.84672093159339],[-0.012588113824688765,46.846948886847606],[-0.011894033632917056,46.84751215714528],[-0.012004496768077801,46.848352337691644],[-0.008421523657976163,46.84826105518754],[-0.007718496017013202,46.847612110698904],[-0.007409959200102464,46.84721700539378],[-0.0073454058824647716,46.846948312652565],[-0.007074085896382752,46.84693226163594],[-0.003758470454129525,46.84575080093506],[-0.0038234523061936045,46.84558566305565],[-0.0022311270051367784,46.84509076782257],[-0.0013986440532018534,46.846511847556975],[-0.0010706058552501685,46.8464069357921],[-0.00046743167158698023,46.84614653156442],[0.0010565578238892627,46.846498943371195],[0.002321603560095019,46.84605491357451],[0.003425450790792371,46.845555383684555],[0.0044411919378257924,46.84514225376966],[0.005732274468863039,46.84466181831691],[0.005428793819192157,46.84419931657413],[0.00706715583584964,46.84360442592247],[0.006807989017612899,46.84310592874891],[0.006946370127559505,46.8430331395493],[0.006471808607463461,46.84222244328408],[0.008020711706984726,46.84175352686342],[0.008163476120555525,46.8415791242241],[0.008213059455508872,46.84115980576799],[0.01051165254323729,46.840897816197035],[0.012036981583460213,46.84072448066451],[0.012799996187785441,46.839445709265696],[0.013498141510935951,46.83820431111212],[0.01377529115853438,46.837555599447676],[0.014102422351220016,46.83600515655015],[0.014336038150413434,46.83539516850792],[0.014957833959556304,46.834737246099046],[0.015493476977503941,46.83555634483461],[0.016049889748824486,46.83544522272796],[0.016712570075815614,46.83526604114244],[0.0179103686322968,46.836910390853575],[0.01829612497177579,46.83688849604162],[0.019538604454455346,46.83822141530643],[0.021427767513074916,46.840214525394686],[0.02174409644685738,46.8400931145117],[0.02250319315811382,46.84148552586855],[0.022940425058721587,46.84218739381884],[0.024278085343377487,46.84376248884313],[0.025243444453507624,46.84476482679466],[0.025419009060215624,46.84508788564858],[0.026433126322502925,46.84612269594071],[0.02700471858140512,46.8468839554166],[0.02890517074823235,46.84911387162861],[0.031293752182409644,46.85170728413074],[0.03378513123981456,46.854261313232165],[0.029585694018896994,46.85368627142034],[0.025194335828975237,46.85303340122453],[0.02275302934290999,46.85439716536688],[0.020132847245876488,46.85583556349416],[0.019322979685521657,46.85607568887445],[0.014318998699435332,46.85727939012708],[0.009723512326219996,46.85842817585625],[0.010021730749153189,46.858769052326906],[0.009479951522412855,46.85926476840573],[0.008948776978847668,46.86001000792048],[0.008160210386616963,46.86043770237722],[0.00724691646386859,46.860839450853184],[0.006229941952144217,46.86103207736781],[0.005114588247102849,46.86134509374026],[0.0037147346068642974,46.86169460933878],[0.0024429138694647273,46.862247428261995],[0.001488376336230754,46.862654588051875],[0.000932235875934162,46.86299427144252],[0.0005582062038149304,46.863271054926365],[-0.0002098597704423967,46.86347139904035],[-0.0008421059581703203,46.86366551132372],[-0.0014419320328875895,46.864043889746156],[-0.0017243571261631766,46.86435313907119],[-0.0021401030404336924,46.8650583888974],[-0.0027925836112920044,46.864995566834395],[-0.0030665868581938724,46.86544899091296],[-0.003436391503200219,46.865823961004565],[-0.003689055904319705,46.865967301591176],[-0.0040678053831388426,46.86606757163019],[-0.004342622418530754,46.86665418863261],[-0.004330950371836032,46.867180053663326],[-0.0045061775777790235,46.867784903995435],[-0.004836840994160512,46.868297469651395],[-0.004672314631048852,46.86905057134014],[-0.004656153317348302,46.8696422309831],[-0.004674399373898024,46.87006218453734],[-0.0047340018148124665,46.87022567304881],[-0.0047720039656856,46.87078922182963],[-0.005580377272729477,46.87095091316478],[-0.00593362344399295,46.87094369008911],[-0.0063840329357778775,46.87075626586454],[-0.0069375251160795764,46.87034712554075],[-0.007250120264728053,46.870340729797135],[-0.007743163946823505,46.870436850381104],[-0.008467265956261016,46.8708000467646],[-0.009275959114768261,46.87121281623304],[-0.01056558108666269,46.87144291323878],[-0.011218301184685362,46.87185076283737],[-0.011867089153040756,46.87194547438396],[-0.012680871071414211,46.87201338891587],[-0.013470318097622473,46.872218614905094],[-0.014484558503307989,46.872546121190815],[-0.015181859387967648,46.872810827831806],[-0.016476558842287662,46.8733629710323],[-0.017118975523071796,46.873542388750806],[-0.01856445199208671,46.873789896669805],[-0.020381435019723323,46.87417375635506],[-0.02130278967379672,46.87431140938389],[-0.02207184843193881,46.87428297431779],[-0.022848222107397367,46.87418778891891],[-0.023453393399479102,46.87423832573753],[-0.023780256164363484,46.87432339649725],[-0.025143870894878344,46.875067540861345],[-0.026720047035183356,46.875899090422486],[-0.027170992448291995,46.87523995039088],[-0.02739660482631439,46.874686261324484],[-0.027948605145715184,46.8740034336079],[-0.029137055190471498,46.87261621608233],[-0.030587409602487247,46.87153679657946],[-0.032448947084621836,46.872691792877134],[-0.033892743764260325,46.87358898307423],[-0.034540719536385295,46.8743316232516],[-0.0349610250749157,46.874657740739416],[-0.03581874456848541,46.87525381971778],[-0.033583855509326556,46.87672036226182],[-0.03137081803852157,46.87728635120594],[-0.030548916199934127,46.87798017715165],[-0.03046309190965671,46.87794774609286],[-0.02933310385836002,46.87899714640731],[-0.02798689140651955,46.87984668126749],[-0.025583599894953374,46.87923291837032],[-0.02534307874999615,46.87920187376878],[-0.02478971840149261,46.87892706105835],[-0.023451036144701867,46.87830480544438],[-0.022938429925008462,46.878381968948624],[-0.022741517202773967,46.87842022094679],[-0.019021085063611845,46.87948862360061],[-0.016318470778391755,46.880244395484894],[-0.013591383990929634,46.880964595086866],[-0.011069078572479749,46.88157792931411],[-0.008052007978870557,46.88230393469496],[-0.006672519485296517,46.88268137022223],[-0.005904684199187249,46.88297608639253],[-0.004944674875963451,46.8833800237085],[-0.0041811092571111454,46.88377364330806],[-0.003554314641550644,46.88420046236105],[-0.0028059027798888058,46.884695468878164],[-0.0024560732754583085,46.88526423662592],[-0.0020195809065292883,46.886709611613355],[-0.0018718692637235757,46.88715364571937],[-0.0014105018278484942,46.88737637295278],[0.0005981553010270157,46.88843437974161],[0.0039529085381687255,46.89026950009979],[0.007003391364401368,46.89193542168543],[0.009800418900770899,46.89345480456149],[0.012651122943683158,46.89495720610972],[0.0161085599861551,46.89682913419619],[0.019033872029575155,46.89838777648732],[0.02284949085819744,46.90044494127702],[0.026029106770877535,46.902148947872035],[0.02953959450868767,46.904039527053826],[0.031729337671034225,46.90519062150843],[0.03412817000852679,46.90451520468651],[0.03565327433110551,46.90413811468078],[0.03601342069365471,46.904016641635124],[0.03627693199952338,46.90394992645935],[0.03657375602246822,46.90379207583959],[0.03690416772538969,46.90363489773323],[0.0373479395623499,46.903458395845966],[0.03774571544983814,46.90340877454654],[0.03886317295105897,46.90331147186324],[0.040556610140697655,46.9031518998834],[0.042055440813141665,46.90314591724767],[0.043525720226272574,46.903110534891375],[0.043995486344907,46.90306322880206],[0.04434313894177938,46.902984682723364],[0.04463113354812052,46.902832937446846],[0.04479462131373013,46.90263550081054],[0.04491228305651791,46.90233904330216],[0.04513957728275498,46.902129379968144],[0.04537119836889543,46.90205570388953],[0.04575854810330559,46.902006749203935],[0.04626919093416042,46.90199535047382],[0.046679633293458374,46.90189735006487],[0.047332979177997316,46.90171059293555],[0.0477738925712015,46.901640194495684],[0.04836797340655068,46.90160255872778],[0.04869514310423831,46.901523583877676],[0.048959944798901596,46.90141366348289],[0.052159361676074045,46.90007883485372],[0.05350403900157723,46.8995566123628],[0.0543687654304401,46.89931013122151],[0.05500984717484803,46.89917259082692],[0.05549211628377211,46.89908318318882],[0.05596087130420728,46.89909881452289],[0.05762364253939919,46.89912558609375],[0.05888362547923992,46.899098431906815],[0.0597905851763974,46.899075954371604],[0.06011562073061485,46.89899690506587],[0.06178539702690598,46.898428845062305],[0.06276628749496208,46.89811350608376],[0.06423790854542359,46.8975351770451],[0.06484577870404352,46.89746172914143],[0.0664691394275041,46.89745969210846],[0.06754236810487585,46.897444942839456],[0.06836544639049343,46.89740543561503],[0.06889016573208596,46.89730781397499],[0.06933374953371196,46.897172589063686],[0.07025408837332722,46.89682178218432],[0.07341000000193458,46.895790630122775],[0.07471696994235273,46.89540512463684],[0.07513863294467373,46.895253241234556],[0.07588278611531196,46.89511941897508],[0.07634046650507538,46.89488814295705],[0.07765233336962488,46.894384800437564],[0.07821837364438694,46.89427444974747],[0.07879336549879502,46.89422908263168],[0.07929881375371894,46.89408243481809],[0.07989183868026772,46.893863711733374],[0.08041676320080166,46.8937534438275],[0.08087120381686605,46.893570686351545],[0.08137999161223769,46.89334399525011],[0.08182240475824595,46.89323209708839],[0.08249298616816783,46.893139089457236],[0.08309008969589597,46.89302932681158],[0.08434436721448885,46.89267598241251],[0.08478406402053736,46.892597319095934],[0.08604989219365607,46.892466482657966],[0.08781450917723337,46.89206461368679],[0.0907459191485945,46.89142459393522],[0.09245987187774626,46.89101446284877],[0.09443422718311438,46.89056710492693],[0.09716725696867935,46.88990773460538],[0.09755991768308526,46.8897309094028],[0.09784427503323963,46.889658160186166],[0.09809350832040992,46.88966302896265],[0.09830866120509833,46.88973923449214],[0.09841773617053444,46.88986916647562],[0.09870033050452028,46.89034449121299],[0.09880200285238454,46.89039687558661],[0.09893724300052502,46.89039951674026],[0.09997987107367888,46.89009946941437],[0.10177985311411065,46.88959998237531],[0.10254820888397564,46.889391765456196],[0.10301539954406996,46.88918667193013],[0.10347296729613727,46.88892558930422],[0.10370065349560546,46.88873742215034],[0.1040412579810821,46.88827965982074],[0.10434452972616191,46.88800026705124],[0.10468671165393993,46.88777023090289],[0.10610198557178997,46.887050781269714],[0.10634768754084982,46.88688996159467],[0.10652655697289765,46.88660274239571],[0.10677267154234324,46.88617823124565],[0.10707093011044316,46.88601933103344],[0.10760738714720668,46.88585247066724],[0.1083927390840131,46.88573904307665],[0.10936308067274489,46.88569491292246],[0.10996658161138266,46.88568414317903],[0.11046781538865307,46.88563538161944],[0.11064881217429114,46.88555340042273],[0.110998599694784,46.88538919486203],[0.11188612957618531,46.88509322553252],[0.1129600538738423,46.884727071470046],[0.11360433236964958,46.88453257736674],[0.11417430832268897,46.88430963033154],[0.11468470746122642,46.88404773032013],[0.11509168747896416,46.88376941911504],[0.11620178871993869,46.88464234441141],[0.11882431049112965,46.88487044309369],[0.12059681143733962,46.88503974055127],[0.12121402845757846,46.884982376838714],[0.1231017485440182,46.884874859620915],[0.1245197622114881,46.884809549872685],[0.12528221475669798,46.88473156696304],[0.12620363419346448,46.884599046873525],[0.12716923347446468,46.88441966988742],[0.1293309897616204,46.88396003847391],[0.13012836773278058,46.883810699555085],[0.130692971135419,46.88375857532509],[0.13165106263306972,46.88372031688759],[0.13195501359466197,46.883641566714466],[0.13362648559894608,46.88300051732863],[0.13446880327844804,46.882746712761644],[0.1350482975355035,46.88258684953302],[0.13582465450665349,46.882430766425806],[0.13711269755237504,46.88222870362784],[0.13821501793036767,46.8820131621615],[0.1388456374034907,46.881847959814415],[0.1394910324917713,46.88159394037901],[0.14068694991897193,46.88110387101674],[0.14175393034997344,46.88071752158634],[0.14281745121851824,46.880409394629325],[0.1434343596846613,46.88032850442443],[0.14413136295473866,46.88031484934956],[0.1451190230434136,46.88035444722989],[0.14647835849791166,46.88043713777597],[0.14828688365968856,46.88049330088184],[0.14974305422164838,46.880735305825965],[0.15094368609783215,46.88091571634726],[0.1512306211055176,46.88099319159764],[0.15159570218813762,46.88126385066658],[0.15174028326811617,46.88099661108161],[0.15179914685622975,46.88058733348585],[0.15164845799190788,46.87970066864622],[0.15156578391160858,46.87915009331235],[0.15158602292775,46.878650982962895],[0.15163173593115112,46.878303560343056],[0.15174760084295305,46.878003372014334],[0.15308651005472615,46.87888029103846],[0.15442057616271113,46.87983900921358],[0.1547668527211842,46.88001659741863],[0.15514260132721747,46.88001745687541],[0.1554269231966881,46.87990317316225],[0.15571456374329964,46.87974934580788],[0.155983832179085,46.87978327364094],[0.15655953349126692,46.87920203345549],[0.15684085663554767,46.87892839227504],[0.15719404186834157,46.87867231452599],[0.15761418691449605,46.878324808781755],[0.15799376192932352,46.87794503043391],[0.1583665013453333,46.877724419837406],[0.15860301563240525,46.87756512231794],[0.15886502364119529,46.87726230157689],[0.15920507899106748,46.87680437446403],[0.15954298605862374,46.87644179742585],[0.1602322655056119,46.87587710237],[0.16054396606003435,46.8756040229507],[0.16081756183707938,46.875267228733776],[0.161141750385108,46.874987186043576],[0.16154675927073767,46.87449627952462],[0.16251645984889623,46.873413998463555],[0.1634849472720329,46.872370389501945],[0.16402476299169355,46.87188113496266],[0.16509168391328533,46.87222986255683],[0.16566048922409077,46.872333346333825],[0.16632349394805843,46.8724179056423],[0.16688116628525915,46.8724914732021],[0.16740373141050333,46.87269396536329],[0.16799823165996122,46.872941919524145],[0.16795842001299474,46.87236247203636],[0.16787994208701681,46.87199739273315],[0.16780131405175266,46.87137490715753],[0.1677253134005576,46.870909077219544],[0.16764856875132786,46.87050082501454],[0.1677084258330932,46.870053765336216],[0.1677820379598682,46.86897787261943],[0.16781363271221372,46.868192777357486],[0.1678391892344734,46.86781526305968],[0.16797073503741988,46.86765395444108],[0.168070148436137,46.86727063999566],[0.16398315658819085,46.86541660128131],[0.164603134752183,46.86498736545566],[0.16516916488359443,46.86463990354924],[0.16547601469760645,46.86452422395101],[0.16631693302362957,46.864290859989374],[0.1669070703343267,46.86411664544459],[0.16725642022941412,46.86395226399884],[0.1675341428615932,46.86377752700383],[0.16773624996134806,46.86364635720436],[0.16866214816665484,46.86287189114925],[0.16964360394276407,46.86197787556594],[0.17003313301044715,46.86160004886351],[0.1706878105520351,46.86086994430923],[0.17081962021638133,46.86070143879891],[0.17109629112035465,46.8605491728426],[0.1715892103277361,46.860180495114],[0.17171224661030338,46.85995602461291],[0.17189512170601134,46.85955808179393],[0.17206765399511958,46.859375049688765],[0.1731331743033325,46.8587534877134],[0.17428660937468696,46.858026483437335],[0.17428949484037673,46.85795453650664],[0.17420757637253292,46.85790349387583],[0.17377722004543497,46.857766664250775],[0.17335931938573956,46.857531974505335],[0.17299619342404104,46.85725331810857],[0.17276672432170231,46.857014981183774],[0.1725490351985591,46.856708470511045],[0.17237554008053899,46.856392898872464],[0.17227193549030165,46.856127241204945],[0.17219597162252084,46.85569920864897],[0.17208543720605513,46.85481872925669],[0.17199361455524564,46.85426619620658],[0.1718741698052862,46.853872445162146],[0.17168388022925543,46.853403547826645],[0.17113086718927908,46.851902705128296],[0.1706046529529909,46.850479761096395],[0.17030960717544194,46.84929519013771],[0.17010659589075802,46.84814475402031],[0.16997485017202382,46.8472710680511],[0.16987747091859354,46.84684802640575],[0.1697098060740361,46.8463885567209],[0.1692117130828422,46.84557363432927],[0.16881315083989784,46.84491629249158],[0.16850088590489348,46.84441268221013],[0.1683980729646739,46.844095738853554],[0.1683890834019275,46.84383006762585],[0.16883704025523175,46.84274955856371],[0.16940531159045238,46.841543525370845],[0.1696684570637198,46.841206508508215],[0.17021110904346057,46.840647080476124],[0.17055545933092478,46.84033859996703],[0.17073072527297087,46.84012862043553],[0.1707158736159586,46.83996633903625],[0.17094995545114244,46.83983306672331],[0.17162030824015237,46.83971524988468],[0.1729860108310794,46.83938557146758],[0.17420446734584263,46.839051295822244],[0.1754255939508291,46.838689159679234],[0.17683764411981168,46.83821631337783],[0.17820392477947938,46.83787038777044],[0.1802381608535211,46.83742543448448],[0.18172770104240762,46.83712498875605],[0.18235740343694898,46.836965842767825],[0.18394377763610648,46.836824688469164],[0.18496530746065246,46.836758392007795],[0.18554582933414254,46.836826002872414],[0.18653301395466118,46.83708484724272],[0.1870093829289285,46.83712349226674],[0.18775902949293152,46.837051168985205],[0.1882415090571766,46.836975625443785],[0.1885815254568538,46.837309605745446],[0.18940966169361756,46.837897533935994],[0.18968519263007422,46.838039499464315],[0.18973788405089823,46.83826098791128],[0.18971998212032284,46.8387106441049],[0.18986214144621572,46.839103008224974],[0.1903682319274982,46.83945629375662],[0.191438515202412,46.8402458439339],[0.19207633459965529,46.84067448765464],[0.19300271393348634,46.84168362489909],[0.19357857319843602,46.84239459546597],[0.19374728580403175,46.84257505360187],[0.1938369166682317,46.842702729948535],[0.19398226618237896,46.84270545038665],[0.19430447283546945,46.84242618506186],[0.19516180768889294,46.841800530982425],[0.19574177032077994,46.841355085061466],[0.19620947873211012,46.84107763921907],[0.19680138034279035,46.84081690455982],[0.19722534864683985,46.84062683503537],[0.1978934603276536,46.84003812791374],[0.19906888517251325,46.8392338957261],[0.19949351436165447,46.83901322371212],[0.19998465775183052,46.83872269893278],[0.20019360316830348,46.838414303665346],[0.20058332130004936,46.83829018230754],[0.20218890433352948,46.83766315573408],[0.20278140443106227,46.83738891184012],[0.20309721277800483,46.83730930520589],[0.20355952724155243,46.837163124632504],[0.20383728008424448,46.83698110713293],[0.20418121617039514,46.83671751779689],[0.20448538674250402,46.836394692213695],[0.20474491034845557,46.83614303502096],[0.20540948338207712,46.83564062334487],[0.20611552433195618,46.83511377894948],[0.2067824144168652,46.83450880634503],[0.20753685150120577,46.833855062204904],[0.2085030505058299,46.83305854774696],[0.20828444523991882,46.83227419732732],[0.2081868264904292,46.83132199695063],[0.20822984450494886,46.82997282107075],[0.2083164736062914,46.82910684653963],[0.20843360489439386,46.82796604109394],[0.2083201828980382,46.824516989687076],[0.2088407475210001,46.824499670740124],[0.20917612361703372,46.82445371058431],[0.20913086988535928,46.823732877746686],[0.20894590637432736,46.82289425210309],[0.20885925933018334,46.8222023480469],[0.20870338596618943,46.82165675773152],[0.20876533691126076,46.8211566174494],[0.20896631448735992,46.82051866762505],[0.20909531495429076,46.819907276442585],[0.20902952702561606,46.81891606730633],[0.2090010017445818,46.818080344667756],[0.20910989578604777,46.81557861073051],[0.20921573057656465,46.81343680669445],[0.2109324416549588,46.81152834844788],[0.21269051798116984,46.809635037844075]]],[[[0.3673841051063294,46.693513083658154],[0.3667013122753428,46.692046084799415],[0.3658383334342019,46.6906830646894],[0.36472770035690394,46.689007976750446],[0.3636729359787704,46.68752732588476],[0.36270464551353304,46.685940167655644],[0.36134702805084923,46.68363530303897],[0.36089369945097427,46.68272120649114],[0.36029104197842965,46.68133114042751],[0.35943185191662086,46.67901508136305],[0.3590998742338121,46.677887985723274],[0.3585403579193774,46.675624803267226],[0.35799562216668723,46.672980290059684],[0.35717581361002704,46.66902246610665],[0.356692528970307,46.66667418942838],[0.35594074390662483,46.66372008204686],[0.35547246934897253,46.661214571037995],[0.35529124241474963,46.6599487809551],[0.35515740888369207,46.65848492891554],[0.3551382345870262,46.65733444699694],[0.3551528142051249,46.65578677029309],[0.35520394153810086,46.654111939632536],[0.3554141594212831,46.650904532303315],[0.35543568796438946,46.64945597472564],[0.3554314275331822,46.64875843015392],[0.35494940372028394,46.648349574279706],[0.35367945964973857,46.646793073341215],[0.35220427731406073,46.647454092776556],[0.3495227466105301,46.64570108152131],[0.3496528648678926,46.645260568785645],[0.34957276771074147,46.645196179243825],[0.3493231194443619,46.64494163946286],[0.3489998379890475,46.644450028189965],[0.3488052888220166,46.64407585098165],[0.34855542960721875,46.64354232059323],[0.34849390252277573,46.642979671736505],[0.3486034021191363,46.642524396767165],[0.34872464942192133,46.642069332199256],[0.34872278730787476,46.641842510720565],[0.347720327158066,46.64203022212314],[0.34666517964285076,46.642261112148944],[0.3460679751800473,46.64245767756197],[0.3454168430507005,46.64269560686137],[0.34423953457502693,46.642875738238324],[0.34333413731644324,46.64298861144471],[0.34250553875618395,46.643002928438115],[0.341615810238024,46.64293157412232],[0.34110266711134507,46.64280740015807],[0.33965919614366596,46.64239515215624],[0.33919334812372315,46.64235999328811],[0.3388220006208236,46.64233099100383],[0.3385346022895928,46.64224046245471],[0.33842284932755995,46.6421953069104],[0.33688457852150844,46.64232673740895],[0.33643680224211253,46.64241068758311],[0.3355413855934738,46.643059153526345],[0.334577186373509,46.64366950992685],[0.334161272671827,46.643983497592146],[0.3333147706821341,46.64444561489363],[0.3323202664268693,46.6447368347245],[0.3313477617929236,46.64496272947708],[0.3305687955670217,46.64501203339052],[0.32969243237529927,46.64490391829014],[0.3288183131105329,46.644731938702485],[0.3279980247437468,46.644489809585856],[0.3273948280868289,46.64427848773182],[0.32661006062775333,46.644213366554325],[0.32497395071790497,46.64419352224087],[0.3230809586604932,46.644124121309225],[0.3227911174026396,46.64439799749833],[0.32238641542225727,46.644966830464654],[0.3222850272604075,46.645201732211646],[0.3219641506443055,46.64517536563046],[0.32166556558303994,46.64511159297753],[0.32147323698772307,46.64500200149459],[0.3213263370932366,46.644813110905226],[0.32123331699502217,46.64453517608736],[0.32117720369955716,46.64435419211575],[0.3210277608120139,46.6442228524422],[0.32077251693892767,46.64412564821862],[0.31960029908815824,46.64387812859686],[0.3189013784234475,46.64370827307793],[0.31808660295734176,46.64363535834591],[0.3174329191474669,46.64309730895314],[0.31710169361870494,46.642791750833226],[0.31634187976907446,46.642328312130026],[0.3160807373180389,46.64213739117275],[0.3158940733739867,46.64184159509516],[0.315512039332624,46.640972652437284],[0.3153428679035515,46.64052687000456],[0.3152284602781167,46.63998305616174],[0.31519883702933105,46.639376853095214],[0.31513054435473764,46.63899765285314],[0.31492716396776316,46.63859355837937],[0.3145313575018743,46.63812935950489],[0.3140176560553492,46.637735958144845],[0.31356177878182356,46.63743538307881],[0.31327759291291524,46.63730254552589],[0.3130423359591673,46.637751955047534],[0.31256679823392514,46.63829520403076],[0.3122953532116543,46.638632376617366],[0.3122183703307403,46.63872370385822],[0.3111908379623005,46.638500264503826],[0.30678973413122124,46.63765704548397],[0.3064644019993598,46.63830823516391],[0.3066416030096318,46.63993134144421],[0.30460328577608264,46.64014523880002],[0.3024992685721331,46.64076471446532],[0.3022802876877124,46.64080941219229],[0.2986241307426753,46.64272678645445],[0.29854847364074527,46.64278213340197],[0.29760323750975437,46.64204525511367],[0.2959016771073283,46.64070985568613],[0.29471274193950675,46.64229953368205],[0.2923886623031044,46.64540512412972],[0.28846178185209065,46.65061485499928],[0.28637530826795693,46.65343930461133],[0.28533946850426184,46.654809353492006],[0.2827186224054733,46.658366616181674],[0.27818451795402294,46.66451996044095],[0.2772025982144153,46.66580181332975],[0.2747469068095601,46.66660614477027],[0.27148203879983895,46.6676945777153],[0.2687108727316383,46.66859386814494],[0.2642708387534809,46.67008379002015],[0.26339702297161505,46.67040991098709],[0.26232059769521,46.67093934092807],[0.26094104589308703,46.67175574141585],[0.2607821605497275,46.67183834728247],[0.2602405318628581,46.67138750191414],[0.2599016012504825,46.67101053755687],[0.2595567017621222,46.67055427084749],[0.2588254211141623,46.66935027706346],[0.2583448330198816,46.66864223408868],[0.2576830164130913,46.667778796046626],[0.25724793848085514,46.66806425944412],[0.25622087082666706,46.66887353023986],[0.2556873686746593,46.66926339519269],[0.25527943761869004,46.66962764913534],[0.25506689508004127,46.66977946860504],[0.2546668028445685,46.6699431670016],[0.2543560778779667,46.669959094349416],[0.25398440464722133,46.66988031679834],[0.2535539223225196,46.669780661348355],[0.2532516538730769,46.66981114332168],[0.2529569140739095,46.66992095646317],[0.25213318528603434,46.67034690381865],[0.2514798037530656,46.670626564091975],[0.25066391753103057,46.67106884907356],[0.2501889693091364,46.67127436315764],[0.2498000909706229,46.67141124814319],[0.24931934142187512,46.67152305517825],[0.24889597708949898,46.67173670743368],[0.2484070958232536,46.67206255917812],[0.24790761054091148,46.67239541354006],[0.24734782884309683,46.672650658797004],[0.24669562142543638,46.67289521674062],[0.24619064271107138,46.67313615958511],[0.24601951288052132,46.673260823142044],[0.24612176133875813,46.67355519663395],[0.24640921457427598,46.673908754840376],[0.24662294151340458,46.67423486803127],[0.24663394349224965,46.674491563547384],[0.24662647269942659,46.67468492442262],[0.24648117293200272,46.674997257708],[0.24690069700652084,46.67538113704857],[0.24716923696695792,46.67568665064489],[0.24740015058737397,46.675876273658616],[0.24781843085206237,46.676025230377356],[0.2481634112612828,46.67624754098399],[0.24840229917424964,46.676494911360095],[0.24862925971403824,46.6770615530239],[0.2487685060708146,46.67748529590677],[0.24898920468740457,46.67767563159084],[0.2493844591983614,46.67791685525334],[0.24966044230016501,46.67825039676288],[0.2499650452321963,46.67871316261896],[0.2502366964438966,46.67892512700363],[0.2507062738888281,46.67910470256883],[0.2513600649058389,46.679359648637565],[0.2518521997612632,46.67950363582139],[0.25199343704263205,46.67960521894648],[0.2535596206411941,46.680911790770864],[0.2540298117012324,46.68112017044196],[0.25523495458245016,46.68157594646611],[0.255722574028113,46.681827830778936],[0.25645169612215524,46.68231181721797],[0.25720891544053187,46.68283410464159],[0.25758485657159613,46.683038951763315],[0.25902769429702516,46.683508014925316],[0.2627503219236859,46.684860884950005],[0.26376623021946705,46.683529366985724],[0.26472946714356943,46.6822058834227],[0.26561104168340194,46.682149888659126],[0.26733666867336847,46.682002986397116],[0.26823217823875317,46.681934625400146],[0.2685550334698077,46.68188377633211],[0.2693137626642375,46.682923494868525],[0.26991861761101704,46.683370941493024],[0.27065438677012676,46.6839107514428],[0.2713549412811095,46.684595714615774],[0.27180928912100805,46.68517361714737],[0.2722103923634463,46.685824361080655],[0.27246629611045675,46.6864211718553],[0.27256461405910426,46.686863943883054],[0.2726127962724034,46.687208607097034],[0.2726859456771443,46.6877319175971],[0.2726867020398143,46.6879794239508],[0.2726124390288555,46.688599064755735],[0.2725338745616465,46.688728143919214],[0.2723546938249684,46.68883109839402],[0.27193650424554994,46.688908132911465],[0.27164472859394523,46.6889388556006],[0.2719309663088416,46.689608215191306],[0.2723243441406311,46.69040731549696],[0.27281353793115054,46.691458335342816],[0.272980478256165,46.69171064554835],[0.2738066165299107,46.691548278558656],[0.27430127256630166,46.691620218118494],[0.27544117175088983,46.691910797274055],[0.2770420252170904,46.692609276660434],[0.27816235749242774,46.693136169227486],[0.2787520313556547,46.693475290509326],[0.27944324935765125,46.694095235534164],[0.28000975460905714,46.694483427375836],[0.280910791255527,46.695027943118625],[0.2821168755134411,46.695514043883044],[0.28275209637329285,46.69570906696369],[0.28330576857251205,46.695854021211],[0.283922449956263,46.69599650757481],[0.28472516487719535,46.696172934172296],[0.28625090671936726,46.69695092203506],[0.28720612980716403,46.697459462798996],[0.2881874183711935,46.69781905791657],[0.2895611236086122,46.698279288194456],[0.2901248966102536,46.698148098487216],[0.29090388332239125,46.69811975796527],[0.29160475442906975,46.69825111182629],[0.2918908555148411,46.69837143423956],[0.2922834598693859,46.69865025454342],[0.2925424704764546,46.698933880555295],[0.29284363881433284,46.6992164672655],[0.293127300645802,46.69940153727983],[0.29487634004130586,46.70031659994663],[0.2953957035870544,46.70058238325371],[0.29657899786431546,46.701353212779715],[0.2970396607312092,46.70153873476546],[0.2985724970533099,46.702151093778674],[0.29904044133021984,46.70237273715474],[0.29941485284726915,46.702622413439926],[0.29977630518257553,46.70293485281791],[0.30009973673660917,46.70318361786681],[0.30057915447525246,46.70339286094362],[0.3015498110882148,46.703758450800855],[0.3021423980275188,46.70399220358477],[0.30262942278870175,46.70427087712477],[0.3033577345124593,46.70475363503428],[0.30361290336492125,46.70485987025793],[0.30413197434261197,46.70485381624119],[0.3062127041879681,46.70496912903974],[0.3065159223165981,46.70515451315841],[0.30885018624191174,46.706543249373844],[0.310177452814031,46.7073659823984],[0.31091458344851397,46.70789204555461],[0.31190915901266036,46.708517167139306],[0.31242509242001293,46.70886829725585],[0.3127302801905653,46.70900240535014],[0.3129161614170576,46.70904169926348],[0.31304225296847255,46.70899353656722],[0.31333944586790724,46.70878550560689],[0.31354784869306873,46.70878919839339],[0.31380426777484527,46.708863037156924],[0.31404815850705764,46.70899875276379],[0.3144657354169192,46.70921674195921],[0.31496075000450896,46.7092849082911],[0.31534569965429204,46.70925572202379],[0.3159191437273301,46.709150672456836],[0.31643228164173076,46.7090175583511],[0.3167910949243586,46.70888260827006],[0.31708678497605625,46.708714141384476],[0.3174926140320158,46.7084027301057],[0.317812370769314,46.70819239108125],[0.31841460834647206,46.70787634747795],[0.3197976867017642,46.70725010883761],[0.32070925255879906,46.706960209864114],[0.3215475048653941,46.70675901261898],[0.3222860729896088,46.70668744600659],[0.323286285143607,46.70654939158675],[0.32397710266504187,46.70639687699065],[0.32479595918044885,46.70614671700201],[0.3250467089703779,46.70608813930705],[0.3255819263036396,46.70617586112515],[0.329371814335694,46.70664752538163],[0.3295993067943057,46.706651524489885],[0.3315869647657507,46.70620316423338],[0.33519677791766234,46.70534582519358],[0.3353861887800255,46.70528614390602],[0.33620981622126955,46.70543556981235],[0.3387722342855195,46.70573692339459],[0.3397292321218557,46.705881458111264],[0.3402641160267212,46.70601050338225],[0.3426809295878903,46.70656840677266],[0.3435343289613667,46.707039591535136],[0.3436388356465795,46.7070117120344],[0.34540872616282053,46.706001335228784],[0.3458122767356616,46.70575367842959],[0.3459305964005511,46.705627946626464],[0.34587431391543805,46.70549017224986],[0.34545973316033796,46.70490426737449],[0.34540568814257017,46.704663035745874],[0.3455673282071694,46.70450116246227],[0.348360581805024,46.70358417423095],[0.3518754248383105,46.70248257258505],[0.3525492982853733,46.703358246191605],[0.35341660028073063,46.7045567608329],[0.3538764316572217,46.70505972747057],[0.3548649410315548,46.70581934948643],[0.355810947367559,46.70658993254094],[0.35658652244419475,46.70722435330133],[0.35687537051455276,46.70756414738725],[0.3575257966723977,46.70731892962353],[0.3583618924939122,46.70688344081279],[0.3590082111897241,46.70650315141581],[0.3602263995051954,46.70578178077908],[0.36088772146644155,46.70528024787987],[0.36270723082855844,46.703763787182794],[0.36314831044278384,46.70330613433986],[0.36372126141203737,46.702389075568064],[0.36405006248339405,46.70191777911108],[0.36449222828350586,46.70118205373151],[0.3648956068125041,46.70035475791846],[0.36527008691565793,46.69945497439005],[0.3652241889088754,46.698740521395756],[0.36524396123991815,46.69819819273885],[0.3652512400888023,46.697998526892334],[0.3653641885247135,46.69687373908939],[0.36544850756993064,46.69629023056099],[0.365522405598782,46.695942325329305],[0.36577006702233866,46.695147442218286],[0.36617819556813713,46.69448222340105],[0.3665775352350526,46.69405444243554],[0.3673841051063294,46.693513083658154]]]]}},{"type":"Feature","properties":{"code":"FR5412019","name":"Région de Pressac, étang de Combourg","designation":"ZPS","legalReference":"https://www.legifrance.gouv.fr/affichTexte.do?cidTexte=JORFTEXT000038021087","sourceUpdatedAt":"2019-05-15"},"geometry":{"type":"Polygon","coordinates":[[[0.568519656301484,46.11584049677881],[0.5684878086601655,46.11494906578962],[0.5681873338279881,46.11470138494438],[0.5674040551531581,46.1138908835906],[0.5671118941423584,46.11370631764494],[0.5668364960270755,46.11365970989934],[0.5662838365203782,46.11360785403652],[0.5657139851006926,46.11348372999081],[0.5643100817241559,46.1131071430149],[0.5639768823013808,46.11295972742733],[0.5632129915836834,46.11247527233224],[0.5611619208032538,46.11117415574001],[0.5604682650842936,46.110755582545636],[0.5589389191476535,46.11013756970277],[0.5564790423095558,46.10910261162693],[0.554172134843322,46.108152801296505],[0.5537688110656233,46.107939450759936],[0.5525696462138441,46.107290568019124],[0.5518933387593352,46.1069901041339],[0.5510207758427637,46.10669733835628],[0.5496333292625291,46.10614623187964],[0.5484725200238969,46.105565406708195],[0.5466762402059688,46.104652320418964],[0.5461408391923518,46.10438105410897],[0.5458271323754781,46.10428158589672],[0.5454590988851823,46.104248756116796],[0.5445551631218936,46.10428391130954],[0.5439090035677658,46.10427365806863],[0.5433669359616496,46.104221856997846],[0.5425301318571911,46.104107777680014],[0.5413831628274732,46.1040463571787],[0.5403357961120844,46.104080100944444],[0.5394521560967493,46.10412363942543],[0.5382420452883035,46.1040980839657],[0.5363558371440896,46.10406803725168],[0.5347020382929364,46.103828378443716],[0.5328988908050177,46.1034846218736],[0.532642978103936,46.103473336110014],[0.531170740796207,46.10366399961919],[0.5283888145367378,46.104003770238116],[0.52799942071131,46.10399123975706],[0.5269935960971873,46.103711446049786],[0.5243233899766462,46.102912687884384],[0.5239089341870566,46.10271974787051],[0.5234735900053139,46.10252107275082],[0.519842734508182,46.1043823060111],[0.517715739487815,46.105437003604614],[0.5174655061160038,46.105569764651996],[0.5173388844767424,46.105630718612105],[0.5171946925113645,46.10568689327528],[0.5170221292289643,46.1056121223568],[0.5157743090325781,46.10493505130828],[0.5149798996495358,46.104438976915176],[0.5141631156866443,46.10372564685087],[0.513282388100927,46.10276199054723],[0.5129089109392244,46.10227268962074],[0.5125145605947427,46.10146717416081],[0.511928816566503,46.1005937671013],[0.5109021210377895,46.09937844895933],[0.5098675281271484,46.09844737753512],[0.5093365570409855,46.09805451374991],[0.5081992006584001,46.09740884590605],[0.5078992294357673,46.09720330197797],[0.5074515551753673,46.09676137596517],[0.5067403353089508,46.09719802551652],[0.5074891218528628,46.09781131933081],[0.5074291957582825,46.09804433783261],[0.507247727917175,46.098248386963775],[0.5069439019778436,46.09845945242544],[0.5064504601085962,46.098770035744344],[0.5050810619617206,46.098942222791685],[0.5047898189671739,46.09848033002085],[0.5011217763310047,46.09926852445305],[0.5001557586071744,46.10022476689986],[0.4997360333294643,46.10053832011627],[0.4993593317196013,46.10071848251988],[0.49896953514207193,46.10076883852226],[0.49837575978210996,46.100702477022836],[0.4973337149380911,46.10061351427368],[0.4966059611194194,46.10061516011678],[0.49571016975965465,46.100708558537356],[0.4947555240497308,46.10076318579123],[0.49405618565694365,46.100796775673345],[0.49354084278506566,46.10086396394544],[0.49312585264447173,46.10100118096084],[0.4929061633469662,46.101139790815346],[0.49262749262204025,46.10117843829935],[0.49097652167872513,46.101173066785094],[0.49023995580478064,46.10112502881474],[0.4901449016533258,46.10117387659896],[0.4900644238999514,46.101763826793835],[0.4899652939117119,46.10227787425697],[0.4895393806154582,46.10366043129],[0.4888975554755665,46.10594120556866],[0.48856995772674894,46.107112081718476],[0.48838230566358326,46.10784426813474],[0.4883661841663129,46.10832098310998],[0.4884115902123644,46.10939266233605],[0.48839946372458976,46.11004942664563],[0.48847287537557993,46.110606797902726],[0.48856138205291166,46.11131470763226],[0.4886228292604408,46.11222196592501],[0.4885842616305411,46.11336246924522],[0.4884724117313456,46.11394560982335],[0.4882216944822213,46.114697463025976],[0.48786733199372334,46.1154908176949],[0.4873778620411202,46.11658254933573],[0.4871620573638438,46.11691379994575],[0.4867239765482258,46.11741959963775],[0.48633615484851556,46.11796941381007],[0.48625452340869907,46.118239866158966],[0.48615433504767425,46.118787191289975],[0.48604591130039804,46.119577376458125],[0.4858940561026434,46.120117558654236],[0.48522628850739546,46.12223319915426],[0.4848609886477769,46.12334675290885],[0.48478495569885965,46.12375318561519],[0.4847726096944106,46.124117463285586],[0.48483427695495945,46.12444425906577],[0.4849533747049938,46.124867384063265],[0.4849524647967424,46.125195851145605],[0.48480589267224455,46.12589271376112],[0.48452620492587656,46.12718676248681],[0.4842721882862358,46.12829583714857],[0.48048772712480065,46.129154388599375],[0.47577319679925545,46.13020448700187],[0.4735409899054436,46.13068698269548],[0.47335374184117357,46.1307423936802],[0.47327731050203115,46.13089592170819],[0.47465303044500873,46.132653710386606],[0.47604987295644796,46.134447826441],[0.47685319954852934,46.13555179285602],[0.4771389792078895,46.13591828046138],[0.47739792239787765,46.13615292736961],[0.4777512488914686,46.136315333117],[0.4784397851944157,46.136612838381666],[0.4786997576627861,46.136771906541284],[0.47901031755812995,46.136977700441385],[0.47984336386438314,46.13781934676849],[0.48023442196837207,46.13809845787167],[0.48067802804444826,46.1383550286367],[0.4812329297571631,46.1386206297629],[0.4816794552300397,46.13879175153651],[0.4822378545294398,46.13894310597171],[0.48256833354050505,46.13921851208205],[0.4831890209882056,46.1399801533657],[0.48352619506814,46.14062734629887],[0.4836918894040798,46.14115833647157],[0.48402089743029825,46.141775696565745],[0.48406133109225064,46.142076046506496],[0.48396305675199514,46.142267022617105],[0.48378922029875415,46.14253685981724],[0.48369084796502093,46.142726938016025],[0.4838297109568861,46.143179187986604],[0.4846108205715379,46.14464091485202],[0.4851230107584371,46.14559605576972],[0.485458894578569,46.145966038483756],[0.4864520207824229,46.1466527620775],[0.4874156087241907,46.1473254934632],[0.48764438926801545,46.14753622016149],[0.48779105248012467,46.14775910984789],[0.48786448356759937,46.14800329945202],[0.4879593909998843,46.14822533594628],[0.48805675073177324,46.14837092484278],[0.4882492027142504,46.14847306509369],[0.4892745501845001,46.14881830772013],[0.49027818960381964,46.14918568464751],[0.49046130089969897,46.14921567619184],[0.49068983013367296,46.149169908895686],[0.491239582783796,46.148971894953455],[0.49394722999908325,46.1481233189438],[0.4969560567618442,46.147152685120176],[0.49720428414223744,46.14709822706583],[0.49742027153137597,46.147074741380706],[0.4976724591801799,46.147206636961386],[0.49802364331437327,46.14748233333734],[0.4985257900542095,46.14812046612928],[0.4989141563363487,46.14874594263246],[0.499297007728439,46.149274136253034],[0.49984191115857923,46.14988146022492],[0.5000349310855111,46.15022927373182],[0.5000881025852779,46.15050012100946],[0.5000876110160514,46.15081509887048],[0.4999814347920293,46.15120395092837],[0.49985721703388114,46.15154391367825],[0.49953475658391105,46.15231082368671],[0.49940960485825975,46.15262827265397],[0.4994123741371173,46.15285780529041],[0.4995276957585752,46.153086465210016],[0.49990253989007677,46.15354973185811],[0.5006073469037876,46.15429013880478],[0.5009375428837748,46.15452948484883],[0.5019222042175862,46.15516643547131],[0.5023314432960031,46.15552405446465],[0.5027664931760444,46.156008083973326],[0.5031438945757014,46.1563849798791],[0.5036322289535609,46.156821273263965],[0.5037964892687925,46.15715151941058],[0.5045158880331546,46.15834750755965],[0.5052939177775189,46.15965783462375],[0.5056039666392872,46.16019832509518],[0.505800292947122,46.1604534906136],[0.507222249944061,46.16061779906942],[0.5079591506319923,46.16068011491064],[0.50879484806412,46.160886213177264],[0.5093048983440452,46.160993455962426],[0.509730201763426,46.1611875148785],[0.5100699352556204,46.161148006130716],[0.5104129992654615,46.16100505658422],[0.5106756534064842,46.160823008414326],[0.5109621940498258,46.16055765298576],[0.5113135367993685,46.16017094999814],[0.5115872638129347,46.15995938191726],[0.5121364049637219,46.159826951645684],[0.5126719924863238,46.159786093747115],[0.5140335486178981,46.15989354734468],[0.5145672749893456,46.15990844535077],[0.5151137478483769,46.159809259849524],[0.5154544512985717,46.15973645443799],[0.5157004761872679,46.159749414731344],[0.5159385165700928,46.159989933836016],[0.5162521461409014,46.159528811709855],[0.5167413608433182,46.159010218086344],[0.517555220848185,46.158316863857635],[0.5177906049097104,46.158334145022316],[0.5179718522057315,46.1584720514098],[0.518101166774897,46.15890160742213],[0.5182325958344671,46.159283498821246],[0.5183851314338558,46.15959913086972],[0.5185483396733699,46.15964495257727],[0.5191337457375933,46.15962466678203],[0.5194608517920534,46.15969562034933],[0.520508229350074,46.15969804544624],[0.5231009698665163,46.15951107736102],[0.5238461716089238,46.15935834007063],[0.524448513941369,46.159147507379934],[0.5253835398889659,46.1588277096269],[0.5257114392610526,46.15882396373757],[0.5259133434064589,46.15895678873948],[0.5261904957380531,46.158925229052045],[0.5263785169755711,46.1588436443784],[0.5265245548014401,46.15878658834696],[0.5273707393813382,46.158638141667446],[0.5286059720692057,46.15825832870305],[0.5289378293935166,46.15813494627709],[0.5294324589193519,46.158070856202826],[0.5300950646611179,46.15792395637537],[0.5304968656294227,46.15787458068746],[0.531435294588342,46.15776717470919],[0.5319200967741828,46.157377135887394],[0.53250624988883,46.15701571916183],[0.5333938258338331,46.15660870520366],[0.5342589669407074,46.156465011994314],[0.5346092188610577,46.15641929688361],[0.5349717413811911,46.156311684953614],[0.5354757649604386,46.15628371714543],[0.5364749650649372,46.156221338670555],[0.5376574227190463,46.15613486581888],[0.53865220547895,46.15620648499196],[0.5395099081465545,46.15633531505244],[0.541273959931503,46.15670531751528],[0.5421932004889221,46.156861196577886],[0.5425063254851067,46.156987661633664],[0.5428909565512666,46.157164752127905],[0.543125360126258,46.15721166835145],[0.5435059122118568,46.15718170591905],[0.544126220939409,46.15709884635124],[0.5447815439210221,46.157109233389356],[0.5456724712711485,46.15722504403625],[0.5476095609398465,46.15729170909827],[0.5484198986863397,46.15733782508752],[0.5489200588484893,46.15742402657071],[0.5499251901897585,46.157762094947],[0.5509671927270667,46.158248323301244],[0.5517028454457921,46.15617028729104],[0.5526181425216484,46.153546126109816],[0.5540535289808106,46.14951636650223],[0.5550515129223335,46.14662081255005],[0.5558157870354336,46.14457650791455],[0.5558919566543006,46.1441502415682],[0.5560150604448386,46.14351142792965],[0.5564828082201623,46.141128574726835],[0.5566513181348143,46.14037528130867],[0.5571169007503732,46.13805719078971],[0.5576317151001862,46.13550228207019],[0.5585224785178423,46.13114262949543],[0.5590047157812873,46.1286259056867],[0.5596441688914662,46.125333215319436],[0.5600961703721989,46.12374744168762],[0.5605305579848023,46.12269865064256],[0.5609354616812343,46.12192747324261],[0.5615593869890528,46.121022947463885],[0.5626145444369148,46.119849813417176],[0.563577060047188,46.118937989478916],[0.5644076520010153,46.11833007159787],[0.566784757431583,46.116855450519104],[0.568519656301484,46.11584049677881]]]}},{"type":"Feature","properties":{"code":"FR5412022","name":"Plaine de La Mothe-Saint-Héray-Lezay","designation":"ZPS","legalReference":"https://www.legifrance.gouv.fr/affichTexte.do?cidTexte=JORFTEXT000038370678","sourceUpdatedAt":"2019-05-15"},"geometry":{"type":"Polygon","coordinates":[[[-0.008621294956630403,46.40339859525629],[-0.009454030537763097,46.40158120246429],[-0.01140934866375501,46.40167580046899],[-0.011529165102076284,46.40107025682119],[-0.011543730311648,46.40106095575892],[-0.011535477903098602,46.401038624005004],[-0.011569371186206647,46.40086240217808],[-0.011892399001498489,46.40081071615036],[-0.01195390236339474,46.40071943462557],[-0.012225783199076834,46.3990414240603],[-0.01246850308950644,46.39862776010396],[-0.012294191153581146,46.39862236604569],[-0.012312872286029909,46.39850676554247],[-0.011920200670564245,46.39842487801686],[-0.011914372486135994,46.398289984730276],[-0.012068947028931066,46.39734168064322],[-0.011676662478983368,46.39730478958984],[-0.011755750853668092,46.396133024023094],[-0.011556899135603916,46.396047127529236],[-0.011487239981041961,46.395958558121094],[-0.011659289208948362,46.395414936388995],[-0.011649576742944518,46.3951901138387],[-0.01029297816442601,46.39539818292019],[-0.010178916823909383,46.3957605790013],[-0.009153445362716018,46.39614181340358],[-0.008175504217851631,46.39607200433521],[-0.005493892819451603,46.39572230532261],[-0.005486143854251399,46.395542446490936],[-0.006335908867983496,46.39412976240645],[-0.0076323815164633,46.39252782385731],[-0.008443820330809673,46.39174598548516],[-0.008999973822913027,46.3910594194541],[-0.00835654161946638,46.38972256330409],[-0.008002548745985097,46.389054797886104],[-0.006731993861339715,46.389756107606395],[-0.004682008009015002,46.39047348044436],[-0.0035637015407790746,46.39077556542524],[-0.0035243156030031575,46.390794376191074],[-0.002367770420804338,46.39110624369294],[0.00020297657847242434,46.39183425293692],[0.00025945145224943577,46.392015434011306],[0.00022466712554904255,46.3928248062427],[0.00048732778207883384,46.39278520703416],[0.001689124852511357,46.39204484695333],[0.0031400305289121977,46.39157962339148],[0.003995256849721493,46.391372176457686],[0.0049281802890909585,46.390851287423814],[0.005662282711574962,46.390416312235075],[0.005923361718298484,46.39037666749768],[0.006862283247590079,46.391251031058395],[0.00724062659255431,46.391528822254514],[0.007503637121700931,46.39144420943403],[0.008033144949379607,46.391230049452844],[0.008164284438947926,46.39123273956192],[0.008724868622668518,46.39178428915974],[0.00898559197367441,46.39178963488297],[0.00958007694001443,46.39157680037818],[0.009771571965425163,46.39167073418592],[0.010030729958526736,46.391676045507495],[0.01154885586422603,46.39116709477007],[0.011873388895618371,46.39117374081812],[0.012312117211801412,46.39154275957127],[0.012497849626131468,46.39177158344576],[0.01288775781625503,46.39177956570496],[0.014067877532031732,46.39157869308201],[0.015432169099967152,46.39160659544868],[0.015725134539809917,46.39084750586197],[0.016333769014601228,46.39027489113941],[0.019897081902187485,46.38755738340455],[0.018625847196519534,46.386856367940254],[0.018697353277079762,46.38672281503721],[0.0199737209177955,46.38575877027735],[0.020114425371031454,46.38553662016723],[0.019293457894250868,46.38493480264383],[0.019366494802464933,46.38475627637779],[0.02251609913653594,46.382570305856596],[0.023124213239389093,46.38204264530248],[0.023389066206800355,46.38191303003039],[0.023566445752597427,46.3807915337245],[0.023535161707323567,46.38002582485773],[0.023349423342668294,46.37979701228721],[0.023484709130440172,46.379664756617],[0.02421277370850921,46.37936456220987],[0.022840991544563316,46.37819349478148],[0.024354620680661052,46.37756727222471],[0.024733349386782195,46.37784501884213],[0.024930164660572712,46.37780402342151],[0.026934616472287162,46.37653969888015],[0.027394332788261984,46.37641404082321],[0.029394468578373304,46.375239601483734],[0.031118667286785088,46.374464560878195],[0.03302247882699716,46.37405317842746],[0.033340114268452015,46.37394081307921],[0.030226485899873128,46.3712196207509],[0.027679633054601725,46.369100329585606],[0.025522041607908844,46.36728323301542],[0.023851613418524976,46.365821657784295],[0.022178137940973813,46.36443380282847],[0.013746522543858268,46.357238079964844],[0.014002378139417718,46.357183011069964],[0.013851418464848445,46.35705570680537],[0.013853339380268384,46.35701074201635],[0.014961705075714008,46.356968624406],[0.01533025022340301,46.35688345429872],[0.01506532196509665,46.35604544620115],[0.01477398661674989,46.355229404097486],[0.014787421142919194,46.35491464211833],[0.014012683540751861,46.35327861815461],[0.014342750571604123,46.35315036180473],[0.015000595001590233,46.352983808499836],[0.016319298568120037,46.352515733490236],[0.01697560370804072,46.35239414210934],[0.017048957741342304,46.35217061975371],[0.018502138340367017,46.35166026594779],[0.01883410044530472,46.35148703074013],[0.019624056450303917,46.351233141616035],[0.019946079256603425,46.35132972718675],[0.02206153890748346,46.35047281714067],[0.023240728196410508,46.35027184843533],[0.025396590436577007,46.350000762821374],[0.027556640401958838,46.349639707487206],[0.02847717551159339,46.349388416196554],[0.029655145394426825,46.349187356873905],[0.0329123252868999,46.34745337381653],[0.03656121335867259,46.34572725129369],[0.03762820758607588,46.345073814395455],[0.03741171672385751,46.34497761867279],[0.038186544446199296,46.344788100688945],[0.041670627311318965,46.34311248358857],[0.042079937194144997,46.34262121817034],[0.04170036390738129,46.34151993440482],[0.04150666034078137,46.340750941627576],[0.04138942305179615,46.33996549613115],[0.04142014649800382,46.3392370480121],[0.04144062864402089,46.33875141830326],[0.041086841680575234,46.33820420962998],[0.04089483100335595,46.33799330256149],[0.04023192579889615,46.33764864853924],[0.040217356237700654,46.337387329301684],[0.04185086175327064,46.33615127551886],[0.04279975924877491,46.335682621731756],[0.0428143526327305,46.33533638753374],[0.04297979135345337,46.334975198930266],[0.04423806158823363,46.334305774814425],[0.045007604337487864,46.333919892368385],[0.04473882910953374,46.33372363969395],[0.04593144169857808,46.332809851773526],[0.04684408720159942,46.33199300240021],[0.04822096461426906,46.33150054717089],[0.04869070418310599,46.33105818671706],[0.04933760271705957,46.33058339356125],[0.04990976498112086,46.33010888312175],[0.0503165822023195,46.32999467388895],[0.05111349164157005,46.33072450329219],[0.052260134569518994,46.33032907091194],[0.05253742967479549,46.33028245266383],[0.05274182217373209,46.330808616019965],[0.05327068083511014,46.33076795958722],[0.05449439190940534,46.33030385395702],[0.05502020530682049,46.33033243324651],[0.05565202699770062,46.33020653320205],[0.05692358073927689,46.32981536604402],[0.05724596318683875,46.32929980122464],[0.057389171572155444,46.32886793823939],[0.058044823604657556,46.328811809198235],[0.05958242271567929,46.32743587199626],[0.05991544309262,46.32726794334049],[0.059908587365723694,46.327217402322056],[0.060420108538060804,46.326978351278576],[0.06100728669843825,46.327219651712426],[0.06148139202726191,46.326977148303634],[0.06228630371514298,46.32756754363713],[0.06431774068704389,46.3289646882951],[0.06553394514138285,46.328437301120736],[0.06809929549142163,46.32821233307389],[0.07128770760518253,46.32811675525439],[0.07259266142617271,46.32784309519277],[0.0734619190183635,46.327698432222576],[0.0751339235906831,46.32816832925811],[0.07666298406344932,46.32891166887531],[0.07854827819706409,46.329870002382876],[0.08024790367282875,46.33128094540295],[0.08086096928330197,46.331684670215424],[0.08218479448829875,46.33178120344545],[0.0857442596367728,46.33157468983777],[0.08709738697521935,46.33171674519089],[0.08984169286354367,46.33278283103249],[0.09299831915167707,46.33346637088982],[0.0933273565132152,46.333541288245385],[0.09345937023057217,46.33434855594837],[0.09438666946492169,46.33521835986987],[0.09574238971917824,46.33613982410469],[0.09682041821941438,46.33652834413665],[0.09918740866388466,46.33788466267196],[0.0996392951565797,46.33819329574926],[0.10032418305194003,46.33848312322804],[0.10086064338276109,46.3383559881414],[0.10182005099931771,46.338419906560766],[0.10327410901088645,46.337782498074944],[0.10542121773506623,46.33720371720492],[0.10751522276797149,46.337108086272664],[0.10909433505796692,46.33665757795144],[0.11113840481896498,46.33694972605231],[0.1136876592531283,46.3362859740088],[0.11626877123101644,46.335648890236854],[0.11869391292756681,46.33397183062505],[0.12078821318228056,46.33307041094356],[0.1226826245962831,46.332165045902954],[0.12350026100606964,46.33165177316268],[0.12472357832449803,46.32928598596869],[0.126099628872033,46.32809324578721],[0.1289124927338646,46.32580339808025],[0.1309258831120011,46.32441779615064],[0.13194887067549285,46.32375004877956],[0.1340285589864009,46.32319103117487],[0.1361763201048314,46.322566690099414],[0.13873008811514656,46.32176657766265],[0.14031593626857877,46.32113126609061],[0.14148150786397604,46.32016378618307],[0.14157973169847865,46.31858159311251],[0.14182991480637047,46.31812740739544],[0.1439994335762655,46.31614607583541],[0.1448864901950725,46.31551699097811],[0.14688108123553656,46.31544122378701],[0.1481501973268995,46.31519122053812],[0.14936831897627928,46.31461619241943],[0.15054309903142787,46.314272532174144],[0.1530239706013521,46.31360660677156],[0.15235003051770377,46.31304189427669],[0.1517086385829828,46.312478702265594],[0.1512938500210994,46.312101689599906],[0.1493777782175114,46.31107647849502],[0.14819757366910477,46.31070988008882],[0.14571496690508506,46.3106169219754],[0.14463600533017995,46.31020453765167],[0.14354133560728755,46.309379617596576],[0.14244702907304824,46.30857539537836],[0.14167206234570154,46.30805636567454],[0.14036588076963388,46.30752523256599],[0.13926834742638544,46.30681271961709],[0.1381373822375269,46.306034740680886],[0.1371014067318462,46.30541701072203],[0.134691501621816,46.30433515462612],[0.13395272003742978,46.30372405928575],[0.13212647512503953,46.302974808288745],[0.13253513816719725,46.301881090461094],[0.13366080326655438,46.30111992808028],[0.13523424988619165,46.30073647350992],[0.1361142981874122,46.3003188404375],[0.13688635229329685,46.300102513447605],[0.13800607752242192,46.300261048452164],[0.13950577982729212,46.300084918495294],[0.14205667054513915,46.300134342335944],[0.14351997907525085,46.30004566532399],[0.14481310803290676,46.29922282843628],[0.14676797247975282,46.29760452116042],[0.14731172404776938,46.29729280479757],[0.14837701931501562,46.29717657276858],[0.15122440700354686,46.297299021061185],[0.15393463450487263,46.297490761964056],[0.15540512070911522,46.29722025660841],[0.15703965158238692,46.296974491488704],[0.15796296007556182,46.29628120329833],[0.1590342067412325,46.295196534663596],[0.16019426751873647,46.29439347299278],[0.16089508790727855,46.2934168752538],[0.1613918499897527,46.29260106507383],[0.16190452203727146,46.292241888454576],[0.16254051781496953,46.292071381067835],[0.15899844107136613,46.291106018531444],[0.15653438467830735,46.290529410108164],[0.15453432965186562,46.2899868816214],[0.1532308830163901,46.289408242638686],[0.1518844980453101,46.289107774662035],[0.15089546867347362,46.2889518930464],[0.1495742567776357,46.288856193564094],[0.1480029354762945,46.28834162562016],[0.1451734882426136,46.28697825997891],[0.14260528332098468,46.285710782181056],[0.14111387387293908,46.28487634349419],[0.1383631213081054,46.2823883519696],[0.1371540889485441,46.28112280692067],[0.13564950304113327,46.27982900975617],[0.13365867321284974,46.27822871221018],[0.13193116770283148,46.27750476302744],[0.13074174110337936,46.27658514837444],[0.1301335536471932,46.2760674690991],[0.12756979035471508,46.27551167389282],[0.12626059416728783,46.27511890836139],[0.12611443695995972,46.27461022022295],[0.12669718872917096,46.27333450819508],[0.12637724328078276,46.27305284319853],[0.12601240359685176,46.27221766882046],[0.12632766276250598,46.271005140045936],[0.12733036029425104,46.27077268308493],[0.1278489008386361,46.27027875997234],[0.12878814763699364,46.26753749287356],[0.12826791300409124,46.26727353313155],[0.12788225085874924,46.26453163143941],[0.12829498253987978,46.26334529457434],[0.1290618086228728,46.263245937110774],[0.12958971707637074,46.263277829712244],[0.13079597031954288,46.26378376094317],[0.131397854775807,46.26117630745144],[0.13367845587841354,46.255588126899454],[0.1343923055565546,46.25434013124799],[0.13491508609614403,46.253684256650125],[0.13540738038155473,46.25298008171728],[0.13531391495627698,46.25120784681051],[0.1360188703909135,46.248509677399525],[0.13701434648299157,46.246827913491906],[0.1376168365274579,46.24504580247193],[0.13803478062943367,46.24452558377819],[0.1395706594391295,46.24012082021762],[0.14089697477662827,46.236791140160626],[0.14150493026628652,46.23567606092425],[0.14222831273265427,46.233322944127835],[0.1429078854440503,46.232095837622154],[0.14391808315954577,46.22921903325354],[0.141478293026364,46.228917923892794],[0.1400560746577596,46.228890332353814],[0.1390830216049001,46.228365609945506],[0.13779613938087265,46.226641309548015],[0.13757097136377677,46.22481881943299],[0.13586411951655356,46.22524647249971],[0.13454432904292957,46.225957049252706],[0.1333282902541733,46.226554420709924],[0.13077984161545086,46.22733103418351],[0.12991920353268951,46.227338558083694],[0.12878111358588037,46.22517871961576],[0.12821000350739617,46.223718481935585],[0.12715521854390485,46.222799632563095],[0.12676100032840115,46.221897272488114],[0.12624188255461388,46.22080706100524],[0.12499529282594146,46.22135874948118],[0.12432030085312548,46.22166687819901],[0.12336252687175382,46.22077238908307],[0.12172273527888484,46.21959362375703],[0.12093631869187216,46.2185431626024],[0.12023391020481004,46.21790835972341],[0.1193368091094983,46.21637327869858],[0.11845706566351964,46.215209358613656],[0.11798608552774137,46.21294456078762],[0.11764264344093878,46.21160573537726],[0.11580811965248577,46.211962170565464],[0.11363992090613045,46.212355224253365],[0.11292059854501076,46.21130601458769],[0.1126899340807063,46.21047342121863],[0.1126066668437256,46.21008295592823],[0.1120373934966646,46.2094282138585],[0.11123709196495035,46.20796337292344],[0.11014314115531988,46.20394285477673],[0.1114937511607179,46.20327907401238],[0.11205713729310299,46.20246479696357],[0.11219050442023204,46.198351415478655],[0.11196589974189439,46.1973812266196],[0.11257481759029069,46.19624651937506],[0.1132303742878282,46.196418717853824],[0.11330208044988506,46.1954543552226],[0.11280967010888539,46.195375371002086],[0.112190026859557,46.19352435180994],[0.10927752029942399,46.188663381272036],[0.10775847669002846,46.18615196807358],[0.11307786830805674,46.18634848408189],[0.11420788685195774,46.186233886399734],[0.11343533026250913,46.18081560463829],[0.11609082757563582,46.180615761034886],[0.11636133341629204,46.17885244724324],[0.11685783168529022,46.1780341361017],[0.11686572028714355,46.17619635686634],[0.11650308525211446,46.174533119990116],[0.11654039685185572,46.173615787412245],[0.11695943932791665,46.17228922140877],[0.11857607719987909,46.17239025198431],[0.11947974339822208,46.172109154355],[0.12065913483037394,46.17158143525756],[0.12170329379206739,46.171119461769706],[0.12309544132939369,46.171053120782496],[0.12446297338467742,46.16997640706399],[0.1260828701336345,46.16920523923662],[0.12609962332608826,46.16879153556258],[0.12507816519828177,46.16787329648862],[0.12550213427686988,46.16639018707293],[0.12616753310375173,46.16465437943912],[0.12668414282164292,46.16333239376358],[0.12666847311953552,46.16206839690674],[0.12665724643985785,46.16073609221793],[0.1262557781229334,46.16001449386526],[0.12527778606236573,46.15884598192264],[0.12384956477339402,46.15900164933588],[0.1213183013805679,46.158630747267104],[0.11987834708973917,46.15823619183277],[0.11871902684434472,46.15828005185329],[0.11855272047867932,46.158276788032424],[0.1178459394735561,46.15778228324829],[0.11464092964573112,46.156891267171204],[0.11346692318709803,46.1565009592561],[0.11241372822741298,46.156340727107086],[0.11109162284015349,46.15633720473535],[0.1104031504977046,46.1561868384787],[0.10943650880438544,46.15554674593305],[0.10837184448561898,46.15570938045774],[0.10724240682607172,46.155824815159946],[0.10620719469409527,46.15605911466171],[0.10502838816605152,46.15658668528323],[0.10445242717996947,46.15611448154898],[0.10270959079786976,46.15587483227001],[0.09938622710923282,46.15546257885221],[0.09701258295205434,46.15605912508552],[0.09491693729748615,46.15718947973422],[0.09348173195133834,46.15831130505179],[0.0916127677961375,46.15951630106359],[0.09075578283378165,46.16025714359816],[0.08913451160324677,46.1594445574998],[0.08762352474266856,46.15840192555054],[0.08706620730386162,46.15827563136711],[0.08566399687719882,46.15859244545998],[0.08366240269775566,46.15901431054637],[0.08120558873254961,46.15921734454417],[0.07898781109526104,46.15926488424288],[0.07877304278423414,46.160477498307294],[0.07876455783468904,46.1614656139052],[0.07734617999676584,46.160564204338435],[0.07618606815666269,46.15982995605128],[0.07543867014453735,46.15949277839752],[0.0734556657828126,46.16025686674061],[0.07133826576694963,46.161065033239346],[0.0680921027590639,46.163574174838956],[0.0669350026086338,46.1651368952067],[0.06563472509486802,46.16699465386105],[0.06493475323560288,46.16790137026586],[0.06311624247605921,46.16947326697093],[0.062008688305739815,46.16984073070741],[0.06049209822010807,46.170500572807306],[0.05874120375904768,46.172052159063156],[0.05759709878122071,46.17329282748584],[0.05641869985679441,46.1745561872882],[0.05535728123100919,46.175452864561706],[0.053462978765378616,46.17640472824136],[0.052279055664642686,46.17702527989681],[0.053091516304837466,46.17740802369706],[0.055587109479972,46.178652800518556],[0.05491033440606537,46.179006384729966],[0.05430172576683823,46.17931633169037],[0.05428059017898873,46.17982175440452],[0.05467646828210611,46.1806578200694],[0.054703240557134755,46.1815764448107],[0.054367207325842014,46.18251295409511],[0.05396390853808705,46.1834247006717],[0.05394178914632532,46.18395350866624],[0.054409972296696266,46.18543189492362],[0.05420006098588647,46.186509561429745],[0.05356329403697148,46.18746249555904],[0.0528094142936351,46.18887211415164],[0.052741210767572995,46.190501693751536],[0.05248182242478726,46.19116251729451],[0.05109822397648244,46.192606212375736],[0.0505785101114217,46.193169060306076],[0.050393161419359615,46.193627057798714],[0.050359510752168275,46.19443015971658],[0.049742580369439515,46.19494603571694],[0.04867467517832338,46.195153965113875],[0.048035413720010314,46.19619863683097],[0.04690116614102921,46.19718648306474],[0.04718689309107828,46.197491094726544],[0.047203795636686696,46.19786046957269],[0.04698777272625035,46.198270139963526],[0.04513095058441957,46.199128130618384],[0.04435195912607727,46.199571396383256],[0.043902050378573136,46.20002132113867],[0.04347778038280341,46.20068148709279],[0.04231621548501017,46.20309178028708],[0.041260724874248346,46.204589720252265],[0.03919742926781799,46.206430825967146],[0.03829712739572574,46.20735583655125],[0.03797137905381738,46.20803778588215],[0.03683047651608415,46.20916401702741],[0.03516308231925209,46.210233628766076],[0.03443843812042704,46.21093175680956],[0.03360297266386354,46.211121777988716],[0.03232561084638444,46.21158002109593],[0.031581083115304144,46.2119311941687],[0.030928856603473883,46.21249396895016],[0.030039812258982043,46.21318692147852],[0.029296161127078557,46.21351649904562],[0.030175761839639537,46.214638843410455],[0.03111554657639995,46.215920819508284],[0.03150409228416949,46.21611235814127],[0.031824606591970866,46.21717739134946],[0.031523139425116115,46.218020940414206],[0.031128946034364918,46.218726683633605],[0.031093097279276106,46.219574739459915],[0.030372913069907168,46.2209390071471],[0.029210762151134176,46.22259399025005],[0.028805124056437464,46.22435620037993],[0.02741817886059572,46.22738462940145],[0.026950769599630775,46.22824818212608],[0.026457345335124848,46.22895098977296],[0.026310743580119585,46.229291834028956],[0.025671217919647285,46.230313887093146],[0.025488860011087088,46.230724204370496],[0.025730932270247565,46.231258400014134],[0.025535386114580578,46.23194298350421],[0.025040346113566127,46.232691654148965],[0.02441936818032324,46.233274835401744],[0.02246673750430825,46.23716654962208],[0.021385809124978013,46.238431579659704],[0.022485951603415,46.2390517374897],[0.02427130637404692,46.23989200180925],[0.026584306123462076,46.241595396702905],[0.030053498636560767,46.24338980261297],[0.032306915438824246,46.24492983731687],[0.031379868804065895,46.246472627510734],[0.030652699112206166,46.24802128268697],[0.02740718387268061,46.2495420027787],[0.025667454366634163,46.24994305187258],[0.022764399832519724,46.251193406275085],[0.02122534917406009,46.251553491031835],[0.018611243793764224,46.25150000860092],[0.016501983877493086,46.251986067157766],[0.014424666275103826,46.253320635972095],[0.014497670442405726,46.253349132107424],[0.012004254265706503,46.2541206635257],[0.007935468396141726,46.25550963499898],[0.005977037201578052,46.25638924719952],[0.0035362502818633698,46.258429021376486],[0.0010767031180199905,46.26017222796647],[-0.003087452864559123,46.261440938068894],[-0.005544295318608882,46.262310064608],[-0.006190329878147407,46.263469541683946],[-0.008647009027588307,46.26509739586026],[-0.011857374154265007,46.265788772563084],[-0.013434336822164895,46.266215116449494],[-0.014220968438813672,46.26677486658894],[-0.01953585032895177,46.26783727671664],[-0.027611745032088127,46.26909388878659],[-0.03158672678161736,46.26981555535064],[-0.03835389424781576,46.2752572946061],[-0.047795045442745314,46.28269197707551],[-0.04890994830215047,46.28393317786222],[-0.05201029388661303,46.288854520345694],[-0.05603618511127531,46.29522795154678],[-0.05863336284448214,46.299241637344736],[-0.06270085345702137,46.30800649502754],[-0.06328830108649618,46.30854493549645],[-0.06518908961187748,46.31027341465632],[-0.06633079220406968,46.31360667730127],[-0.06629337099792634,46.314251055673886],[-0.06536997862151116,46.31889004919537],[-0.06500936456699706,46.31972399969065],[-0.06511464318390055,46.32062009189365],[-0.06612334629005377,46.32243676653597],[-0.06654626704215781,46.32297868000364],[-0.06662393935105086,46.323990574439755],[-0.06653214421224452,46.32417434373618],[-0.06593580088325855,46.32345068083231],[-0.0648440995917547,46.32276270833232],[-0.06363241905868032,46.322352706551996],[-0.06298547064209506,46.32199735356424],[-0.061208815775257205,46.321575875189794],[-0.05908305598128869,46.32228690231143],[-0.05695682687142966,46.32295288669808],[-0.05715184164097476,46.325889454800745],[-0.05608809123466706,46.3273610990878],[-0.05645296528227694,46.32811219878453],[-0.0564785958191121,46.329445634123786],[-0.05760859850633426,46.33174228388702],[-0.05846525769913208,46.332366880910875],[-0.0594686504565557,46.33253111405457],[-0.06010139462851127,46.33408124712636],[-0.06010528404006037,46.33495427941074],[-0.05913740976335907,46.33481271254139],[-0.05639906106958914,46.334433965516965],[-0.056119186340307825,46.336370622937906],[-0.05643942833871131,46.336847231106816],[-0.05702439599563568,46.338097749320696],[-0.057303882174401626,46.33990739168842],[-0.05871159808637216,46.34171931722042],[-0.05990650946438599,46.34247447668416],[-0.06177955071862082,46.34206584159242],[-0.06521305697228535,46.34691234720728],[-0.0642967841502834,46.347208979137456],[-0.0640422136628166,46.34744299500304],[-0.06436710750177434,46.3480572065404],[-0.06415837734203464,46.34859089332773],[-0.06449693897265155,46.34947934590059],[-0.06848167990926265,46.34953265578784],[-0.07131706089522045,46.3490827514897],[-0.07226183964882585,46.34869634281635],[-0.07441302266063164,46.347797329155824],[-0.07557823986445412,46.34710646217468],[-0.0759810214974481,46.346856666162985],[-0.07678696687316679,46.347159964999214],[-0.0773137529416849,46.347323380261244],[-0.07799742286342852,46.34779129535821],[-0.07911271778919184,46.34822841649502],[-0.08004243946783723,46.34749571698825],[-0.08068162787377926,46.3476639229025],[-0.08102052197411111,46.347082415952116],[-0.08168101959901518,46.34699902757888],[-0.08174452928662118,46.347688073528765],[-0.08175676117137515,46.34796324964753],[-0.08259355785281984,46.348129031209986],[-0.0830742061678978,46.34848783529835],[-0.08264766026698593,46.349345751178866],[-0.08273877951869443,46.350655293675224],[-0.08143150413878479,46.35187853486669],[-0.08006208884372447,46.35390779307447],[-0.07849444423530282,46.35522835533063],[-0.07778195225950549,46.35639207649832],[-0.07624885936831914,46.35775867615855],[-0.07731910643345043,46.357917734428135],[-0.07854373794230268,46.357846666285724],[-0.07913124029017103,46.3576271290134],[-0.08019182409795751,46.35755953607309],[-0.08094214683697415,46.35802601803654],[-0.08147277734554191,46.35803631594198],[-0.08550418109441141,46.35834278079327],[-0.08600150021040923,46.358308756477555],[-0.08765425325657605,46.357423737320644],[-0.08899890415684102,46.357047548663125],[-0.08999556747801248,46.3570514368225],[-0.09108333582811304,46.35689134807897],[-0.09184974565727164,46.35694155812114],[-0.09265854741203561,46.357201481631584],[-0.09309442968118815,46.35732896677042],[-0.09355465902562894,46.35722729761805],[-0.09507750812313066,46.35636834906252],[-0.09547969313313798,46.3564749472697],[-0.09448954098245849,46.35734679040083],[-0.09319417706276552,46.35806313692048],[-0.09059391334957397,46.36080837813993],[-0.08792949267370873,46.36359903383635],[-0.09216837159425305,46.36631408937437],[-0.09114203191017141,46.36711736312189],[-0.08865745213820656,46.36799860817783],[-0.08684885187306798,46.36913990272146],[-0.08464765557292252,46.371164466082874],[-0.082689631724281,46.37269862978697],[-0.08212246770552428,46.37337861534151],[-0.08176694960454883,46.37432952436929],[-0.08036663100962059,46.37571403772487],[-0.08423930331209567,46.37691868186444],[-0.08331477527485152,46.37854692393409],[-0.08253053302135059,46.380312586115465],[-0.08125714799846771,46.3807960820069],[-0.08073076868603471,46.38092431084012],[-0.08091304765180203,46.3812651737443],[-0.08620465666583547,46.38524342264599],[-0.08140834790090735,46.38794255385103],[-0.08203252479381984,46.388505335279675],[-0.07949008268319567,46.38961711993988],[-0.07739188119028675,46.390236033668614],[-0.07585287243581355,46.390749413111465],[-0.07402529331504785,46.390743228538085],[-0.07341461600642107,46.39045735317635],[-0.07050615556313258,46.39077109401341],[-0.06875936074302866,46.39108535858984],[-0.06734663851541926,46.39145912729316],[-0.06487995077107821,46.391259298093146],[-0.06335872998799402,46.39140667849943],[-0.06206686031351547,46.391480792343636],[-0.06072954524555344,46.3913002110487],[-0.05974570896215771,46.39157481594052],[-0.056653957195240384,46.39152481811077],[-0.05425873309555198,46.39146097172581],[-0.05281903272079928,46.39119568547427],[-0.05000629471272089,46.39067733743865],[-0.04857731599425633,46.390683060456475],[-0.047541339500659974,46.39070482124065],[-0.04529246563605357,46.39075202722513],[-0.04223315778630232,46.389919665960576],[-0.0389234844087804,46.38870181067661],[-0.037572055052083504,46.388435748353615],[-0.03765866327433971,46.388575249251204],[-0.03561722136722479,46.39247759795657],[-0.03716998616805757,46.39294919954255],[-0.0367559435913769,46.393811160427845],[-0.03676025880189485,46.39448795429447],[-0.03692876353107703,46.39490298151511],[-0.037423637536119124,46.39527517914603],[-0.038363368771854436,46.39553276326314],[-0.03892488213198801,46.39572983628193],[-0.0393928653339288,46.39610259449204],[-0.040795740269833555,46.39886986971447],[-0.040778228867653143,46.3990466573833],[-0.040497444781202076,46.39950438837077],[-0.04004628799602527,46.400103410042966],[-0.03975243630676546,46.400301283569355],[-0.029045498599329193,46.4008038862756],[-0.023191439226776463,46.4010760147231],[-0.023276249307322354,46.40079972006556],[-0.02326844112475251,46.40061986347248],[-0.02248576714578656,46.40054611691146],[-0.018059518855668255,46.40050297670941],[-0.0178121796779001,46.40137400196507],[-0.017513979762672646,46.401407184271456],[-0.015644336069191803,46.4017411636278],[-0.008527331453648488,46.40387758667262],[-0.008621294956630403,46.40339859525629]],[[0.008538027729008489,46.365135863391934],[0.008565873937176475,46.3647313943613],[0.007925180938472557,46.36487306675674],[0.007872502608105531,46.36474597148566],[0.007919349867888524,46.364656923695165],[0.0077538504769711185,46.364489708956945],[0.00794166009418111,46.36448816359953],[0.00796379632560748,46.3643202964435],[0.00811931314176563,46.36422898218255],[0.008318449199021385,46.36410255150681],[0.008511901603138717,46.36428204218222],[0.009009966843888067,46.36421603470053],[0.0090529886976501,46.36421033294071],[0.00974163492999736,46.363850016066024],[0.009924447435631771,46.36413549446291],[0.01049836588562479,46.36402575015764],[0.010415146007095349,46.363776519414344],[0.010859322417140323,46.36373611708063],[0.011146453892968153,46.36371050037323],[0.011166017624163875,46.36359658986656],[0.011576116638421412,46.36362029681029],[0.011661696240632465,46.364650855481756],[0.012485268167549527,46.36462272279465],[0.01250331195100644,46.36503713264374],[0.011384780561885683,46.36520684026366],[0.011255634863557719,46.36471184151929],[0.010979554117238886,46.36475569133498],[0.010179391793913702,46.36507231860586],[0.010067643144105916,46.3645479737088],[0.009990214823648643,46.36444917692208],[0.009615186483446739,46.364781723383885],[0.009421079417487096,46.365112578915735],[0.009384864575077928,46.36523293063057],[0.009304523283057477,46.36549992646021],[0.008519160314749594,46.36547031350773],[0.008538027729008489,46.365135863391934]]]}}]}