{"type":"FeatureCollection","features":[{"type":"Feature","properties":{"id_map":86000002,"id_zone":"RNAT000002","id_gaspar":"86DDT20130001","nom":"ZONE BLEUE - B2 : Zone constructible sous condition - Prescriptions strictes","codezone":"B2","typereg":"02","soumisalea":"oui","nomfic":"86DDT20130001_reglement.pdf","urlfic":null,"srce_geom":"Plan cadastral informatisé assemblé au 1 :5000","srce_annee":"2013","precison":"NE"},"geometry":{"type":"MultiPolygon","coordinates":[[[[0.335803,46.5743862],[0.3358797,46.5744197],[0.3359595,46.5744563],[0.3361021,46.5745128],[0.3366827,46.5747021],[0.3371561,46.5748716],[0.3373274,46.5749195],[0.3373684,46.5748674],[0.3374034,46.5748242],[0.3374368,46.5747749],[0.3374252,46.5747716],[0.3369231,46.5746117],[0.3365266,46.5744725],[0.3361939,46.5743361],[0.3358865,46.574194],[0.3358436,46.5742533],[0.3358234,46.574305],[0.3358101,46.5743609],[0.335803,46.5743862]]],[[[0.272903,46.6224045],[0.2730949,46.6224264],[0.2734044,46.6224645],[0.2734932,46.6224696],[0.2734988,46.6224524],[0.273513,46.6224364],[0.2735224,46.6224192],[0.2735235,46.6224139],[0.2734601,46.6223953],[0.2731394,46.6223355],[0.2729615,46.6223313],[0.272903,46.6224045]]],[[[0.3419409,46.5922748],[0.3419449,46.5923126],[0.3419455,46.5923895],[0.3419585,46.5924275],[0.3420014,46.5924654],[0.3420831,46.5924631],[0.3421818,46.5924398],[0.3421771,46.5923835],[0.3421376,46.5923489],[0.3420272,46.5923944],[0.3419409,46.5922748]]],[[[0.3200002,46.5657964],[0.3201148,46.5657848],[0.3200913,46.5657526],[0.3199805,46.5655261],[0.3198998,46.5655427],[0.3198903,46.5655609],[0.3200002,46.5657964]]],[[[0.34605,46.6421899],[0.346161,46.6423857],[0.3461938,46.6423804],[0.3462119,46.6424043],[0.3469073,46.6422353],[0.3468846,46.6421848],[0.3470458,46.6421302],[0.3471711,46.6420882],[0.3473523,46.6420586],[0.3475132,46.6420173],[0.3478371,46.6419737],[0.3480552,46.6418867],[0.3481571,46.6418339],[0.3482443,46.6417849],[0.3483744,46.6417644],[0.3485152,46.6417329],[0.3485706,46.6417004],[0.3485745,46.6416187],[0.3485748,46.641582],[0.3484911,46.6415921],[0.347931,46.6416988],[0.3469705,46.6419435],[0.3463577,46.6420937],[0.3461363,46.6421602],[0.34605,46.6421899]]],[[[0.3561996,46.633844],[0.3563072,46.6338568],[0.3564269,46.6338412],[0.3563207,46.6337651],[0.3561996,46.633844]]],[[[0.355244,46.6338148],[0.355259,46.6338122],[0.3554522,46.6338023],[0.3554485,46.6337572],[0.3552478,46.633768],[0.355244,46.6338148]]],[[[0.3308349,46.5459505],[0.331055,46.546153],[0.331133,46.5461281],[0.3309058,46.5459266],[0.3308349,46.5459505]]],[[[0.3343415,46.5501661],[0.3342694,46.5500071],[0.3341595,46.5500433],[0.334226,46.5501972],[0.3343415,46.5501661]]],[[[0.3318957,46.5470722],[0.3320619,46.5472539],[0.3320902,46.5472443],[0.3323956,46.5475744],[0.3325059,46.547531],[0.3325255,46.5475212],[0.3324112,46.5474408],[0.3322176,46.5472728],[0.3320842,46.5469743],[0.3320366,46.5470109],[0.3318957,46.5470722]]],[[[0.2981768,46.5300882],[0.2982028,46.5301564],[0.2984738,46.5301883],[0.2990847,46.5300239],[0.2991449,46.5300958],[0.3000768,46.5297917],[0.3000037,46.5296878],[0.29976,46.5297607],[0.2992453,46.5298957],[0.2987042,46.5299965],[0.2983025,46.5300565],[0.2981768,46.5300882]]],[[[0.3522776,46.5879766],[0.3524081,46.5881068],[0.3524594,46.5880851],[0.3524312,46.5880518],[0.352492,46.5880266],[0.3524609,46.58799],[0.3525006,46.5879717],[0.352495,46.5879652],[0.3525071,46.5879584],[0.3525089,46.5879535],[0.3525545,46.5879259],[0.3525744,46.5879129],[0.3526283,46.5878764],[0.3526623,46.5878455],[0.3526965,46.5878125],[0.3528016,46.5876912],[0.3526854,46.5877347],[0.3522776,46.5879766]]],[[[0.3221892,46.5683861],[0.3220106,46.5684963],[0.3221257,46.568593],[0.3225155,46.5687728],[0.3237772,46.5695506],[0.3241546,46.569862],[0.3242951,46.5699604],[0.3243074,46.5699494],[0.3243483,46.56993],[0.3243804,46.5699154],[0.3241687,46.5697582],[0.324126,46.5697254],[0.3242629,46.5696509],[0.3241515,46.5695656],[0.3240877,46.569563],[0.3240825,46.5695496],[0.3240236,46.5695432],[0.3239813,46.5695595],[0.3239783,46.5695564],[0.3239741,46.5695552],[0.323965,46.569557],[0.3239589,46.5695611],[0.3238956,46.569494],[0.3238089,46.5694471],[0.3237326,46.5694054],[0.3229936,46.5689721],[0.3229828,46.5689759],[0.3228627,46.5688842],[0.3228948,46.5688685],[0.3229062,46.568876],[0.3229151,46.5688783],[0.3229284,46.5688797],[0.3229403,46.5688768],[0.3229512,46.5688698],[0.3229587,46.5688599],[0.3229581,46.5688496],[0.3229526,46.5688413],[0.3229409,46.5688328],[0.3227651,46.5687327],[0.3227407,46.5687189],[0.3227245,46.5687143],[0.3226874,46.5687114],[0.3226134,46.5687097],[0.322611,46.5687024],[0.322433,46.5687046],[0.3224236,46.5686807],[0.3224159,46.5686622],[0.322383,46.5685735],[0.3223527,46.5684962],[0.3223202,46.5684636],[0.3222759,46.5684637],[0.3222419,46.5684311],[0.3221892,46.5683861]]],[[[0.3421884,46.5155028],[0.3424088,46.5157767],[0.3424327,46.5158949],[0.3424461,46.5158941],[0.3424708,46.515814],[0.3424469,46.5157245],[0.3423487,46.5155863],[0.3422533,46.5155043],[0.3421884,46.5155028]]],[[[0.2880554,46.5347074],[0.2880724,46.5347202],[0.2882796,46.5346647],[0.2886807,46.5345547],[0.2886485,46.534516],[0.2885126,46.5345711],[0.2880554,46.5347074]]],[[[0.3235964,46.5764874],[0.3236783,46.5764791],[0.3239704,46.5765339],[0.3241666,46.5762257],[0.324064,46.5761999],[0.3240057,46.5761831],[0.3239307,46.576169],[0.3237919,46.576123],[0.3236939,46.5760981],[0.3236153,46.5761025],[0.3236018,46.5761941],[0.3236009,46.5762687],[0.3235975,46.5764005],[0.3235964,46.5764874]]],[[[0.3550749,46.5838124],[0.3551281,46.5837583],[0.3550306,46.5837163],[0.3549576,46.5836288],[0.3549308,46.5836077],[0.3549064,46.5835294],[0.3549037,46.5835212],[0.3548973,46.5834996],[0.3548645,46.5835039],[0.3548553,46.5834843],[0.3548489,46.5834616],[0.3548454,46.5834371],[0.3548907,46.5834258],[0.3548915,46.5834095],[0.3548822,46.5833817],[0.3548903,46.5833114],[0.3549056,46.5832718],[0.354882,46.5832661],[0.3548542,46.5832564],[0.3548395,46.5832283],[0.3548373,46.5831772],[0.3548347,46.5831096],[0.3549496,46.5831011],[0.3549356,46.583018],[0.3548998,46.5830192],[0.3548346,46.5830228],[0.3547855,46.5830257],[0.3547723,46.5829651],[0.354759,46.5829005],[0.3547421,46.5828204],[0.3547276,46.5827556],[0.3548003,46.5827522],[0.3547781,46.5826923],[0.3548821,46.5826834],[0.3548613,46.5825134],[0.354666,46.5825232],[0.3546582,46.5825065],[0.3546341,46.5825102],[0.3546304,46.5824343],[0.3546079,46.582437],[0.3545998,46.5823622],[0.3546582,46.5823543],[0.3546228,46.582284],[0.3547141,46.5822677],[0.3546523,46.5821354],[0.3545657,46.5821518],[0.354552,46.5820942],[0.3545395,46.5820459],[0.3545391,46.5819968],[0.3545392,46.5819953],[0.3544036,46.5819774],[0.3544144,46.5820296],[0.3544485,46.5821511],[0.3544842,46.5823042],[0.3545429,46.5825551],[0.3546503,46.5829429],[0.3547142,46.5831529],[0.3547484,46.5834808],[0.3548094,46.5836059],[0.3549383,46.5837531],[0.3550749,46.5838124]]],[[[0.3542774,46.5782607],[0.354355,46.5785834],[0.3544416,46.5787531],[0.3544739,46.5788551],[0.3544805,46.5789287],[0.3544674,46.5790767],[0.3544788,46.5791158],[0.3545214,46.5792477],[0.354467,46.5794804],[0.3544812,46.579583],[0.3544917,46.5797704],[0.3545772,46.5798673],[0.354552,46.5799332],[0.3545535,46.5801112],[0.3545685,46.5802311],[0.3546501,46.5803506],[0.3545791,46.5804725],[0.3545581,46.5805662],[0.3546269,46.5805862],[0.3545238,46.5807228],[0.354574,46.5814007],[0.3547094,46.5813885],[0.35471,46.5813772],[0.3546716,46.5813753],[0.354663,46.581367],[0.3546401,46.581347],[0.3546482,46.5813082],[0.3546518,46.5812911],[0.3546619,46.5812371],[0.3546719,46.5811852],[0.3546836,46.5811283],[0.3546467,46.5811223],[0.354635,46.58112],[0.35464,46.5811058],[0.3546681,46.5809878],[0.3546845,46.5809258],[0.3546711,46.5807415],[0.3547214,46.5805607],[0.3547267,46.5804852],[0.3547272,46.5804751],[0.3547271,46.5804444],[0.3547769,46.5803637],[0.3547297,46.5803013],[0.3547205,46.5802734],[0.3546918,46.5801951],[0.3546826,46.5801745],[0.3546706,46.5801465],[0.3548807,46.5801218],[0.3548553,46.579975],[0.3547813,46.5799089],[0.3546545,46.5797762],[0.3546477,46.5797637],[0.3546135,46.5797007],[0.3546059,46.5794613],[0.3546046,46.5794561],[0.3546306,46.5793801],[0.354639,46.5793617],[0.3546426,46.5793435],[0.3546422,46.5792301],[0.3547843,46.5792343],[0.3548384,46.5792274],[0.3548813,46.5792223],[0.3549171,46.5792201],[0.3549573,46.5792147],[0.3549648,46.579214],[0.3548702,46.5787171],[0.3546878,46.5782047],[0.3543832,46.5782457],[0.3542774,46.5782607]]],[[[0.3205948,46.5598844],[0.3205738,46.5599209],[0.3205726,46.5599224],[0.3205722,46.5599229],[0.3203873,46.5602476],[0.3200634,46.5605621],[0.319692,46.5611269],[0.3193521,46.5619183],[0.3192082,46.5622543],[0.3187274,46.563018],[0.3186699,46.5635797],[0.3188654,46.5641538],[0.3189147,46.563789],[0.318934,46.5633346],[0.318975,46.5631933],[0.3191118,46.5626435],[0.3196156,46.5620045],[0.3197155,46.5616692],[0.3206046,46.5603478],[0.3206443,46.5602966],[0.3208874,46.5599343],[0.3212845,46.5593017],[0.3213974,46.5591428],[0.3213484,46.5591191],[0.3216364,46.5589827],[0.3216412,46.5589808],[0.3216882,46.5589583],[0.3217221,46.5589306],[0.321762,46.5588988],[0.321819,46.5588552],[0.3218838,46.5588045],[0.3219932,46.5587243],[0.3221173,46.5586393],[0.322106,46.5586288],[0.3224503,46.5584968],[0.3225349,46.558465],[0.3226177,46.5584383],[0.3227019,46.5584159],[0.3227934,46.5581797],[0.322795,46.5581798],[0.3227693,46.5581608],[0.322357,46.5584333],[0.3214304,46.5590137],[0.3209179,46.5594035],[0.3206939,46.55971],[0.3205948,46.5598844]]],[[[0.3191977,46.5650856],[0.3191906,46.5652307],[0.3192109,46.5653896],[0.3192128,46.565408],[0.3192657,46.5656311],[0.3197807,46.5664569],[0.3198524,46.5665679],[0.3200094,46.5668108],[0.3199707,46.5666974],[0.3202132,46.5666122],[0.3201147,46.5664779],[0.3199338,46.5665402],[0.3198804,46.5663027],[0.3197378,46.5658241],[0.3195994,46.5656256],[0.3195006,46.5654914],[0.3194618,46.5654364],[0.3193141,46.5651895],[0.3191977,46.5650856]]],[[[0.3258186,46.5578403],[0.325677,46.5578178],[0.325546,46.5577729],[0.3254263,46.5577691],[0.3254774,46.5578132],[0.3255533,46.5578395],[0.3255723,46.5578133],[0.3258186,46.5578403]]],[[[0.3264866,46.5578244],[0.3264414,46.5578276],[0.3264028,46.5578318],[0.3264856,46.5578295],[0.3264866,46.5578244]]],[[[0.3233849,46.5578737],[0.3235435,46.5579059],[0.3240139,46.5580141],[0.3240835,46.5580412],[0.3241613,46.5580595],[0.3243559,46.5580783],[0.3245272,46.5580608],[0.3246795,46.5579754],[0.3247353,46.5579257],[0.3245276,46.5579894],[0.3244699,46.557991],[0.3243111,46.5580251],[0.3241028,46.5580141],[0.3237618,46.5579213],[0.3234621,46.5578734],[0.3233849,46.5578737]]],[[[0.3273365,46.557648],[0.3273633,46.5576773],[0.327377,46.557693],[0.3273856,46.5577024],[0.3273998,46.557717],[0.3274249,46.5577473],[0.3274217,46.5577481],[0.3274298,46.5577678],[0.3278685,46.5576739],[0.3278123,46.5576459],[0.3275756,46.5576077],[0.3273665,46.5576355],[0.3273365,46.557648]]],[[[0.3409514,46.5568736],[0.3409393,46.556633],[0.3408693,46.5557001],[0.3408695,46.5556951],[0.3408586,46.5557418],[0.3408228,46.5558656],[0.3407561,46.5561074],[0.3407576,46.5561974],[0.3407785,46.5563145],[0.3409294,46.5568035],[0.3409514,46.5568736]]],[[[0.3408824,46.5572195],[0.3409823,46.5572116],[0.3409676,46.5570235],[0.3408927,46.5570409],[0.3408824,46.5572195]]],[[[0.3455773,46.5915046],[0.3456714,46.5914884],[0.3456463,46.5913999],[0.3455567,46.5914121],[0.3455773,46.5915046]]],[[[0.3449407,46.5915747],[0.3449794,46.5915694],[0.3450048,46.5915711],[0.3449737,46.591509],[0.3449467,46.5915155],[0.3449413,46.5915634],[0.3449407,46.5915747]]],[[[0.3451508,46.5915836],[0.3451641,46.5915849],[0.3453108,46.5915587],[0.345295,46.5915451],[0.3452139,46.5915677],[0.3451508,46.5915836]]],[[[0.3447646,46.5916002],[0.3446663,46.5916061],[0.3446659,46.5916143],[0.3447646,46.5916002]]],[[[0.3424075,46.5923709],[0.3424961,46.5923542],[0.3425867,46.5923225],[0.3426684,46.5922866],[0.3426881,46.5922768],[0.3427385,46.5922493],[0.3427793,46.5922002],[0.3428043,46.5921129],[0.3428418,46.5920759],[0.3428496,46.592068],[0.3429202,46.5920195],[0.3429698,46.5919756],[0.3430174,46.5919399],[0.3430806,46.5918903],[0.3431165,46.5918227],[0.343254,46.5917993],[0.3434569,46.5917795],[0.3435874,46.5917487],[0.3434184,46.5917489],[0.3432304,46.5917691],[0.343164,46.5917972],[0.3430902,46.5917904],[0.3430881,46.5917372],[0.3430948,46.5916963],[0.343104,46.5916845],[0.3431235,46.5916787],[0.3431363,46.5917209],[0.3432762,46.5916832],[0.3432964,46.5916633],[0.3433879,46.5916429],[0.3433986,46.5916657],[0.3434929,46.5916444],[0.3435716,46.5916145],[0.3436124,46.591599],[0.3436648,46.5915922],[0.3436745,46.5915708],[0.3436765,46.5915618],[0.3437081,46.5915502],[0.3437456,46.591545],[0.3437783,46.5915415],[0.3438034,46.5915483],[0.3438039,46.5915637],[0.3438155,46.5915986],[0.3438194,46.5916151],[0.3439,46.5916027],[0.3439789,46.5915912],[0.3439838,46.5916117],[0.3440406,46.5916049],[0.3441048,46.5915675],[0.3441366,46.5915499],[0.3442036,46.591574],[0.3442421,46.591581],[0.3442231,46.5916327],[0.3443096,46.5916362],[0.3442989,46.5916304],[0.3442919,46.5915892],[0.3443156,46.5915929],[0.3443746,46.5915973],[0.3443637,46.591548],[0.3444839,46.5915436],[0.3445077,46.5914808],[0.3445649,46.5914657],[0.3446084,46.5914595],[0.3446159,46.5914823],[0.34459,46.5915297],[0.3446729,46.5915358],[0.3447098,46.5914773],[0.3448037,46.5914652],[0.344801,46.591456],[0.3448565,46.5914449],[0.3448623,46.5914533],[0.3448829,46.5914487],[0.3449134,46.5914666],[0.3448971,46.5914969],[0.3449281,46.5915039],[0.3449445,46.5914644],[0.3449576,46.5914452],[0.3450005,46.5914422],[0.3450085,46.5914301],[0.3450821,46.5914083],[0.3450893,46.59139],[0.3451373,46.5913779],[0.3452005,46.5913528],[0.3452375,46.5913567],[0.3452338,46.5913699],[0.3453401,46.5913846],[0.3453396,46.5914501],[0.3454089,46.5914597],[0.3454494,46.5913943],[0.3455144,46.5913641],[0.3455111,46.5913425],[0.345523,46.5913407],[0.3455312,46.5913246],[0.3455674,46.5913132],[0.3456035,46.5913058],[0.3456718,46.5913044],[0.3457584,46.5912891],[0.3458235,46.5912649],[0.3458927,46.591243],[0.3459356,46.591241],[0.3459319,46.5912275],[0.3459707,46.5912204],[0.3461215,46.591231],[0.3461819,46.5912396],[0.346179,46.5912098],[0.3461815,46.5911905],[0.3462265,46.5911761],[0.3462361,46.5911876],[0.3462528,46.5911839],[0.3462458,46.5911736],[0.3462951,46.5911675],[0.3464163,46.5911438],[0.3465063,46.5911223],[0.3465666,46.5911085],[0.3465976,46.591107],[0.3466689,46.5911006],[0.3466678,46.5910985],[0.3467266,46.5910753],[0.3467015,46.5910441],[0.3467536,46.591036],[0.3468471,46.5910075],[0.3469372,46.5909545],[0.3473214,46.5908581],[0.3473913,46.590919],[0.3474651,46.5908942],[0.3474188,46.5908062],[0.34744,46.5907729],[0.3474515,46.5907467],[0.3474797,46.5907462],[0.3475979,46.5906947],[0.3477037,46.5906788],[0.347829,46.5906101],[0.3479406,46.5905974],[0.3478891,46.5905268],[0.3479365,46.5904961],[0.3480844,46.5904791],[0.3481946,46.5904367],[0.3481935,46.5904274],[0.3482443,46.5904226],[0.3482899,46.5903959],[0.348263,46.5903698],[0.3482718,46.5903424],[0.3484317,46.5902858],[0.348447,46.590279],[0.348505,46.5902792],[0.3485505,46.5902866],[0.3487097,46.5902452],[0.3488333,46.5902042],[0.3488118,46.5901852],[0.3489136,46.5901324],[0.3489997,46.5901364],[0.3490266,46.5900664],[0.3491046,46.5899619],[0.3491246,46.5899778],[0.3492663,46.5898942],[0.3493093,46.5898635],[0.3492968,46.5898478],[0.3493577,46.5898115],[0.3494414,46.5898972],[0.3494688,46.5898825],[0.3496281,46.5897748],[0.3497318,46.5897148],[0.3498767,46.5896047],[0.3499977,46.5895185],[0.3501298,46.5894317],[0.3500766,46.5893958],[0.3501292,46.5893457],[0.3501725,46.58931],[0.3501999,46.5892401],[0.3501355,46.5891936],[0.3500967,46.5892254],[0.3499544,46.5893459],[0.3497337,46.5895534],[0.3494541,46.5897565],[0.3493677,46.589736],[0.3492576,46.5897744],[0.3490226,46.589906],[0.3488912,46.5900439],[0.3486708,46.5900705],[0.3483389,46.5902111],[0.3479999,46.5903852],[0.3478906,46.5904962],[0.3477513,46.5905225],[0.3476472,46.5905926],[0.3475908,46.5905996],[0.347415,46.5906753],[0.3473264,46.5907866],[0.3469824,46.5908471],[0.3468955,46.5909003],[0.3468192,46.5909128],[0.3467735,46.5909343],[0.3467351,46.5909651],[0.3466749,46.590978],[0.3466295,46.5910004],[0.3465109,46.5910275],[0.3464536,46.5910546],[0.3463637,46.591072],[0.3462261,46.5910964],[0.3460869,46.5911207],[0.3460176,46.5911426],[0.3458579,46.5911624],[0.3458386,46.5911642],[0.345785,46.591169],[0.3457153,46.5912001],[0.3456601,46.5912049],[0.3455988,46.5912158],[0.3455259,46.5912233],[0.3454779,46.5912355],[0.3454393,46.5912642],[0.3454229,46.5912935],[0.3453893,46.5913162],[0.3453091,46.5912878],[0.3452299,46.5912727],[0.3451531,46.5912637],[0.3451065,46.5912789],[0.3450642,46.5912943],[0.3449419,46.59131],[0.3448669,46.5913267],[0.3448072,46.5913294],[0.3447531,46.5913465],[0.3446955,46.5913769],[0.3446409,46.591396],[0.34457,46.5913933],[0.3445621,46.5913706],[0.3444955,46.5913701],[0.344428,46.5914433],[0.3443087,46.5914619],[0.3441533,46.5914562],[0.3440454,46.5914507],[0.3439924,46.5914679],[0.3437878,46.5914661],[0.3435247,46.5914825],[0.3433814,46.5915355],[0.3433656,46.5915546],[0.3432202,46.5915848],[0.343052,46.5916259],[0.3429792,46.591662],[0.342917,46.5916922],[0.3428624,46.5917176],[0.3427973,46.5917437],[0.3427604,46.5917684],[0.3427355,46.5917955],[0.3426564,46.5918335],[0.3426177,46.5918643],[0.3426116,46.5918682],[0.3425617,46.5918956],[0.3425025,46.5919189],[0.3424784,46.5919306],[0.3424525,46.5919392],[0.3424524,46.5919402],[0.3425213,46.5920481],[0.3425879,46.5920568],[0.3426426,46.5920529],[0.3427367,46.5920122],[0.3427186,46.5921089],[0.3426992,46.5921463],[0.342658,46.5921944],[0.3425642,46.5922607],[0.3424403,46.5922854],[0.3423963,46.5923038],[0.3424075,46.5923709]]],[[[0.350652,46.5888745],[0.3506834,46.5888987],[0.3508859,46.5887908],[0.3509541,46.5888558],[0.351057,46.5887784],[0.351092,46.5887599],[0.3511237,46.588777],[0.3512335,46.5887202],[0.3511935,46.5886886],[0.3513324,46.5886377],[0.3515809,46.5885576],[0.351729,46.5884956],[0.3517583,46.5884737],[0.3517828,46.5884608],[0.3516229,46.5883644],[0.3516073,46.5883792],[0.3515786,46.5884523],[0.3514031,46.5885217],[0.3513046,46.5885644],[0.3512005,46.5886019],[0.3509939,46.5887065],[0.3509132,46.5887455],[0.3507281,46.5888342],[0.350652,46.5888745]]],[[[0.3532229,46.5873556],[0.3532504,46.5873695],[0.3532508,46.5873693],[0.3533357,46.5872917],[0.3533734,46.5873079],[0.3534451,46.5872676],[0.3534817,46.5872481],[0.3535603,46.5871876],[0.3535136,46.587166],[0.3535672,46.5871356],[0.3535716,46.5871337],[0.3536044,46.5871037],[0.3536183,46.5870918],[0.3536368,46.5870747],[0.3537064,46.5870141],[0.353716,46.587001],[0.3537484,46.5869486],[0.3537497,46.5869456],[0.3537565,46.5869263],[0.3538092,46.5868825],[0.3538467,46.5868782],[0.3538655,46.5867889],[0.3538593,46.5867723],[0.3538749,46.5867492],[0.3539129,46.5867019],[0.3539382,46.5866739],[0.3539573,46.5866436],[0.3540102,46.5865958],[0.3541289,46.5864677],[0.3541828,46.5863995],[0.3543008,46.5863511],[0.3543396,46.586221],[0.3543901,46.5862151],[0.3544027,46.5862073],[0.3543984,46.5861734],[0.3543701,46.5861421],[0.3543696,46.5861216],[0.3544385,46.5860742],[0.3544649,46.5860809],[0.3544765,46.5860598],[0.3545072,46.586041],[0.3544857,46.5860231],[0.3545301,46.5859638],[0.3544649,46.5859357],[0.3545773,46.5858167],[0.3546232,46.5857504],[0.3546598,46.585699],[0.3546498,46.5856957],[0.3547144,46.5856174],[0.3547715,46.5855717],[0.3548477,46.5854959],[0.3549009,46.5854082],[0.3550304,46.5854623],[0.3550958,46.585521],[0.355055,46.5855937],[0.3551263,46.5856505],[0.3551559,46.5856227],[0.3551775,46.5855741],[0.3551931,46.5855274],[0.3552242,46.5855005],[0.3552292,46.5854626],[0.355212,46.5854123],[0.3552815,46.5853864],[0.3553826,46.5853538],[0.3554359,46.5853234],[0.3555997,46.5852751],[0.35551,46.5850808],[0.3554526,46.5849231],[0.3554407,46.584797],[0.3552195,46.5848942],[0.3550553,46.5849834],[0.3549356,46.5850655],[0.3548867,46.5852167],[0.3548296,46.585287],[0.3547682,46.5853642],[0.3546241,46.5855224],[0.3545551,46.5855718],[0.3544372,46.5857389],[0.3543603,46.5859487],[0.3541912,46.5862514],[0.3538317,46.5866387],[0.3537488,46.5867871],[0.3536984,46.5868472],[0.3536872,46.5868602],[0.3535944,46.5869705],[0.3532229,46.5873556]]],[[[0.3299191,46.5634871],[0.3301068,46.5635273],[0.3302596,46.5635533],[0.3304229,46.5636104],[0.3306248,46.5636651],[0.3307924,46.5637231],[0.3309488,46.5637626],[0.331125,46.5637974],[0.331284,46.5638226],[0.3313978,46.5638272],[0.3315308,46.5638323],[0.3316799,46.563844],[0.3318144,46.5638502],[0.3318266,46.5638494],[0.331977,46.5638345],[0.3320545,46.5638211],[0.3320577,46.5638201],[0.3320695,46.5638183],[0.3324329,46.5637522],[0.3326405,46.5637212],[0.3327943,46.5636952],[0.3329865,46.5636424],[0.3331758,46.5635936],[0.3334296,46.5634923],[0.3336542,46.5633871],[0.3337665,46.5633344],[0.3336765,46.563269],[0.3334309,46.5630411],[0.3331177,46.5631793],[0.3327917,46.5632985],[0.3318825,46.5634613],[0.3317024,46.5634744],[0.3316446,46.5634783],[0.3314599,46.5634954],[0.3308384,46.5635045],[0.330327,46.5634168],[0.3300159,46.5633523],[0.3299191,46.5634871]]],[[[0.3765874,46.6381285],[0.376669,46.6382193],[0.3767501,46.638352],[0.3768913,46.6382888],[0.376669,46.6380808],[0.3765874,46.6381285]]],[[[0.2884471,46.5350224],[0.2884541,46.5350298],[0.288488,46.5350653],[0.2885305,46.5350459],[0.2886645,46.5349746],[0.2884471,46.5350224]]]]}},{"type":"Feature","properties":{"id_map":86000006,"id_zone":"RNAT000006","id_gaspar":"86DDT20130001","nom":"ZONE ROUGE - R : Zone inconstructible","codezone":"R","typereg":"03","soumisalea":"oui","nomfic":"86DDT20130001_reglement.pdf","urlfic":null,"srce_geom":"Plan cadastral informatisé assemblé au 1 :5000","srce_annee":"2013","precison":"NE"},"geometry":{"type":"MultiPolygon","coordinates":[[[[0.3284838,46.5002207],[0.3290789,46.500251],[0.3294071,46.5001104],[0.3294907,46.4998815],[0.329529,46.4990993],[0.3297294,46.4971912],[0.3301742,46.4951818],[0.3308482,46.4941099],[0.332067,46.4933388],[0.3346224,46.4922393],[0.3348754,46.4922115],[0.3347234,46.4920219],[0.3349418,46.4919809],[0.3350701,46.4919512],[0.3353939,46.4918687],[0.3355306,46.4920663],[0.3351445,46.4921819],[0.3352028,46.4921751],[0.3355948,46.4924491],[0.3357777,46.4926158],[0.3359993,46.4929246],[0.3364401,46.4935391],[0.3371352,46.4942197],[0.33783,46.4946898],[0.339316,46.4954849],[0.3399635,46.4961062],[0.3403946,46.4966733],[0.3413198,46.4972509],[0.3411761,46.4968274],[0.3408005,46.4964549],[0.3406474,46.4958952],[0.3403795,46.4956507],[0.3398705,46.4953097],[0.3391589,46.4947258],[0.3379881,46.4941537],[0.3371498,46.4934645],[0.3364097,46.4928002],[0.3358076,46.4921544],[0.3356764,46.4920216],[0.3353745,46.4917212],[0.3346291,46.4914697],[0.3339578,46.491545],[0.3326957,46.4919602],[0.3316712,46.4924148],[0.3301189,46.493137],[0.3295511,46.4935438],[0.3294182,46.4938127],[0.3291156,46.4948851],[0.3287876,46.4971692],[0.3286373,46.4983598],[0.3284943,46.4994953],[0.3284838,46.5002207]]],[[[0.3443284,46.5172872],[0.3444142,46.5173506],[0.3445656,46.5174001],[0.3446702,46.5173841],[0.3448247,46.5172507],[0.3450232,46.5170652],[0.3452177,46.5168734],[0.3455211,46.5166658],[0.3457146,46.5164954],[0.3459606,46.5162762],[0.3462717,46.5159974],[0.3462794,46.5159925],[0.3461774,46.5159328],[0.3462926,46.5158732],[0.3461568,46.5157759],[0.3462497,46.5157177],[0.3464393,46.5155943],[0.3465579,46.515684],[0.3465751,46.5157017],[0.3465979,46.5157156],[0.3466393,46.5156938],[0.3466733,46.5156305],[0.3467531,46.5154789],[0.346737,46.515447],[0.346466,46.5155377],[0.3464345,46.5155482],[0.3464146,46.5155549],[0.3461561,46.5156952],[0.3460579,46.5157981],[0.3460518,46.5158031],[0.3459666,46.5158788],[0.3458517,46.5160203],[0.3457819,46.5160871],[0.3457332,46.5161382],[0.3455658,46.5162069],[0.3454688,46.5162537],[0.3452477,46.5164111],[0.3452147,46.5164532],[0.3450986,46.5165221],[0.3449295,46.5166183],[0.3448036,46.5167115],[0.3446569,46.5168368],[0.3445025,46.5169672],[0.3443836,46.5171913],[0.3443284,46.5172872]]],[[[0.3056548,46.5551309],[0.3057036,46.5551576],[0.3058277,46.5551993],[0.3059598,46.5552219],[0.306096,46.5552251],[0.3062316,46.5552089],[0.3063579,46.555173],[0.3064718,46.5551204],[0.3065653,46.5550532],[0.3066374,46.5549731],[0.3066848,46.5548853],[0.3067043,46.5547917],[0.3066941,46.5546984],[0.3066555,46.5546075],[0.3065914,46.5545252],[0.3065048,46.5544528],[0.306427,46.5544111],[0.3064255,46.5544099],[0.3064431,46.5542908],[0.3063221,46.5543697],[0.3062738,46.5543542],[0.3061402,46.5543318],[0.306004,46.5543286],[0.30587,46.5543447],[0.3057421,46.5543795],[0.305631,46.5544318],[0.3056302,46.5544322],[0.3055203,46.5543405],[0.305381,46.5544313],[0.3053056,46.554404],[0.3051217,46.5543425],[0.3049152,46.5542323],[0.3048804,46.5542152],[0.3047709,46.5541564],[0.3047377,46.5541381],[0.3046018,46.5540664],[0.3044574,46.5539905],[0.3043131,46.5539145],[0.3042727,46.5538921],[0.3043276,46.5538586],[0.3040605,46.5536591],[0.3033503,46.5536629],[0.3031734,46.553534],[0.3028414,46.553291],[0.3027988,46.5533125],[0.3025309,46.55343],[0.3025362,46.5534096],[0.302526,46.5533153],[0.3024889,46.5532255],[0.3024249,46.5531421],[0.3023367,46.5530705],[0.3022283,46.5530129],[0.3021062,46.5529711],[0.3020794,46.5529664],[0.3019721,46.5529484],[0.3018359,46.5529452],[0.3017019,46.5529615],[0.3015756,46.5529975],[0.3014621,46.5530499],[0.3013667,46.5531171],[0.3012945,46.5531973],[0.3012475,46.5532851],[0.3012295,46.5533788],[0.3012382,46.553472],[0.3012764,46.5535628],[0.301289,46.5535785],[0.3013405,46.553645],[0.301429,46.5537177],[0.301537,46.5537754],[0.3016596,46.5538162],[0.3017917,46.5538387],[0.3019279,46.553842],[0.3020638,46.5538257],[0.3021898,46.5537908],[0.3023036,46.5537383],[0.3023987,46.55367],[0.3024708,46.553591],[0.3024873,46.5535576],[0.3027529,46.5536457],[0.303195,46.5538411],[0.3030426,46.5540144],[0.3030267,46.5540355],[0.303003,46.5540698],[0.3030613,46.5540557],[0.3033392,46.5540694],[0.3034262,46.5541716],[0.3035789,46.5542856],[0.3038858,46.5544329],[0.3039077,46.5544427],[0.3040605,46.5544974],[0.3041926,46.55452],[0.3044284,46.5545448],[0.304579,46.5545904],[0.3046473,46.5546195],[0.3046998,46.554722],[0.3047194,46.5547449],[0.30474,46.5547801],[0.3047622,46.554933],[0.3048322,46.5551024],[0.3048991,46.5551918],[0.3049602,46.5551523],[0.3051146,46.5550558],[0.3051844,46.5551116],[0.3054152,46.5553],[0.3056548,46.5551309]]],[[[0.3428388,46.5239074],[0.3428488,46.5237349],[0.3428776,46.5236905],[0.3430424,46.5234768],[0.3431734,46.5232374],[0.3431547,46.5230428],[0.3429945,46.5229634],[0.3426974,46.5230086],[0.3425416,46.5231042],[0.3424822,46.5231978],[0.342432,46.5233767],[0.3423421,46.5235258],[0.342262,46.5236191],[0.342115,46.5236861],[0.3420213,46.5237842],[0.3419564,46.5238389],[0.3418569,46.5239029],[0.341787,46.5239391],[0.3415423,46.5240429],[0.341389,46.5240864],[0.3411908,46.5242003],[0.3410322,46.524353],[0.3409402,46.5244173],[0.3407841,46.5245272],[0.3404402,46.5246797],[0.3402099,46.5248501],[0.3402363,46.5248548],[0.3403864,46.5249319],[0.3402148,46.5250782],[0.3400472,46.5250304],[0.3400181,46.5250174],[0.340147,46.5248957],[0.3399606,46.5250712],[0.339843,46.5252351],[0.3398111,46.52531],[0.3397445,46.5254312],[0.3397278,46.5254687],[0.3398203,46.5255463],[0.3400725,46.5256269],[0.3403983,46.52566],[0.3404434,46.5254341],[0.3404715,46.5252824],[0.3404896,46.5251838],[0.3405576,46.5250668],[0.3408949,46.5249285],[0.3411533,46.5248158],[0.3413227,46.5247156],[0.3416756,46.5245294],[0.3417662,46.5244867],[0.3418087,46.5244662],[0.3421155,46.5243741],[0.3421543,46.5243647],[0.3424629,46.5242912],[0.3426295,46.5242481],[0.3427231,46.5241511],[0.3428388,46.5239074]]],[[[0.3342752,46.5290003],[0.334319,46.5293212],[0.3343273,46.5293593],[0.3344785,46.5299342],[0.3346105,46.5304719],[0.3346364,46.5309743],[0.3346556,46.5310689],[0.3347993,46.5314637],[0.334906,46.5318844],[0.334916,46.5319184],[0.3350927,46.5323978],[0.3351277,46.5324681],[0.3352336,46.5326331],[0.3352314,46.5325258],[0.3352697,46.5324142],[0.335413,46.5323276],[0.3356202,46.5322701],[0.3357912,46.5321054],[0.3358677,46.531871],[0.3362113,46.532661],[0.3364376,46.5330312],[0.3367554,46.5334362],[0.3367525,46.533398],[0.3367512,46.5333778],[0.3367362,46.5331638],[0.3364217,46.5328121],[0.3362132,46.5325026],[0.3360947,46.5323179],[0.3359182,46.5318385],[0.335808,46.5314015],[0.3356578,46.5309901],[0.3356302,46.5304577],[0.3354832,46.5298585],[0.3353385,46.5293102],[0.3353123,46.5291174],[0.3352947,46.5289892],[0.3349098,46.5289567],[0.3342752,46.5290003]]],[[[0.3136648,46.5517822],[0.313419,46.5514838],[0.3134048,46.5514613],[0.3133062,46.5512833],[0.3132534,46.5511779],[0.3131831,46.5510312],[0.3131406,46.5509392],[0.3130693,46.5507407],[0.3130451,46.5506195],[0.3130467,46.550477],[0.3111243,46.5503886],[0.3108872,46.5503816],[0.311099,46.5505679],[0.3112348,46.5506427],[0.3112577,46.5506553],[0.3114619,46.5507564],[0.3117177,46.5508206],[0.3119932,46.5508271],[0.3123626,46.5508757],[0.3126828,46.5509925],[0.3127872,46.5512506],[0.3128683,46.5513761],[0.3128824,46.5513928],[0.3129554,46.5514773],[0.3129658,46.5515051],[0.3130451,46.5515816],[0.3130894,46.5516133],[0.3131815,46.5516667],[0.3132044,46.5516805],[0.3134079,46.5517639],[0.3136546,46.5517815],[0.3136648,46.5517822]]],[[[0.3702462,46.62941],[0.3702701,46.629524],[0.3702776,46.6295221],[0.3702973,46.6295124],[0.3703243,46.6294823],[0.3703415,46.6294592],[0.3704236,46.6294243],[0.3705158,46.6293845],[0.3705819,46.6293706],[0.3705957,46.6293301],[0.3706688,46.6292613],[0.3706682,46.6291696],[0.3706647,46.628973],[0.3705894,46.628965],[0.3703942,46.6290178],[0.3702148,46.629256],[0.3702462,46.62941]]],[[[0.3409823,46.5572116],[0.3408824,46.5572195],[0.3408927,46.5570409],[0.3409676,46.5570235],[0.3409692,46.5570232],[0.3409977,46.5570166],[0.3409589,46.5568982],[0.3409514,46.5568736],[0.3409294,46.5568035],[0.3407785,46.5563145],[0.3407576,46.5561974],[0.3407561,46.5561074],[0.3408228,46.5558656],[0.3408586,46.5557418],[0.3408695,46.5556951],[0.3409629,46.5553629],[0.3410162,46.555178],[0.3410575,46.5550074],[0.3411109,46.5547561],[0.341166,46.5547501],[0.3412779,46.5547384],[0.3418427,46.5547005],[0.3418632,46.5546183],[0.3418719,46.5545612],[0.3419051,46.5540652],[0.3419065,46.5540601],[0.3419027,46.554018],[0.3419021,46.5540058],[0.3410686,46.5536245],[0.3404939,46.5531338],[0.3400761,46.5528327],[0.3397263,46.5527428],[0.339716,46.5527681],[0.3397988,46.553319],[0.3398577,46.5536618],[0.3397518,46.5542809],[0.3396884,46.5547281],[0.3395659,46.5552303],[0.3395118,46.5556175],[0.3394227,46.5560458],[0.3394175,46.5565762],[0.3393448,46.5571184],[0.3390688,46.5577958],[0.3388773,46.5584425],[0.338798,46.5586379],[0.3385115,46.5590391],[0.3382293,46.5593536],[0.3378911,46.5595717],[0.337374,46.560089],[0.3372086,46.5602908],[0.3371311,46.560386],[0.3370486,46.5605017],[0.3366791,46.5610216],[0.3366093,46.5611508],[0.3364052,46.5613505],[0.3361551,46.5615297],[0.335875,46.5617113],[0.3356014,46.5618817],[0.3354349,46.5620404],[0.3352287,46.5621624],[0.3350058,46.5622103],[0.3348585,46.5622487],[0.3347657,46.5622712],[0.3346416,46.5623246],[0.3345111,46.5623573],[0.3340396,46.5625119],[0.3338951,46.5625565],[0.3337565,46.5626022],[0.3336195,46.5626482],[0.3335419,46.5626566],[0.333214,46.5627502],[0.3331378,46.5627688],[0.3328914,46.5628316],[0.3324547,46.5629482],[0.3321555,46.5630312],[0.3318401,46.563118],[0.331464,46.5631725],[0.331287,46.5631868],[0.3310709,46.5632063],[0.330507,46.5631032],[0.3298889,46.5629528],[0.3292408,46.5625052],[0.3292139,46.5624851],[0.3288581,46.5622141],[0.3287599,46.5623386],[0.3288551,46.5622111],[0.3288059,46.5621597],[0.3287903,46.5621431],[0.3287658,46.5620995],[0.3287205,46.5620239],[0.3286184,46.5619009],[0.3286078,46.5617892],[0.3285254,46.5617116],[0.3284167,46.5616029],[0.3283521,46.561497],[0.3282887,46.5614005],[0.3281992,46.561237],[0.3281724,46.561175],[0.3281046,46.561111],[0.3280409,46.5609562],[0.3278807,46.5607469],[0.3278304,46.5606875],[0.3276949,46.5605484],[0.3274508,46.5603014],[0.3274451,46.5602972],[0.3272899,46.5601944],[0.3271638,46.5601363],[0.3270037,46.5599904],[0.3267743,46.5599217],[0.3267166,46.5600992],[0.3267144,46.5602311],[0.3267139,46.5603701],[0.3268747,46.5608063],[0.3269569,46.5609676],[0.3270787,46.5612649],[0.3271507,46.5614586],[0.3271505,46.5614608],[0.3271915,46.5615691],[0.3272073,46.5616053],[0.3272656,46.5617201],[0.3272819,46.561747],[0.3273367,46.5618361],[0.327342,46.5618465],[0.3274624,46.5620293],[0.3274774,46.5620502],[0.3275959,46.5622073],[0.3275999,46.5622124],[0.3276266,46.5622437],[0.3277759,46.5624045],[0.3283016,46.5621357],[0.328341,46.5621785],[0.3284386,46.562274],[0.3286069,46.5624383],[0.3286478,46.5624842],[0.3288179,46.5626753],[0.3288387,46.5626983],[0.3289026,46.5627529],[0.3289504,46.5628082],[0.328963,46.5628228],[0.3290292,46.5628652],[0.3290757,46.5629144],[0.3292314,46.5630632],[0.3292469,46.5630748],[0.329287,46.5631043],[0.3293973,46.5631897],[0.3294615,46.5632383],[0.3295457,46.5633036],[0.3297046,46.563388],[0.3298144,46.5634407],[0.3299071,46.5634847],[0.3299191,46.5634871],[0.3300159,46.5633523],[0.330327,46.5634168],[0.3308384,46.5635045],[0.3314599,46.5634954],[0.3316446,46.5634783],[0.3317024,46.5634744],[0.3318825,46.5634613],[0.3327917,46.5632985],[0.3331177,46.5631793],[0.3334309,46.5630411],[0.3336765,46.563269],[0.3337665,46.5633344],[0.3337878,46.5633248],[0.3339174,46.563247],[0.3340671,46.5631585],[0.3343076,46.5630558],[0.334446,46.5629906],[0.3344917,46.5629619],[0.3345308,46.562924],[0.3346013,46.5628755],[0.3346025,46.5628751],[0.3346041,46.5628746],[0.3346073,46.5628727],[0.3346812,46.5628437],[0.3347399,46.5628216],[0.3347972,46.5628034],[0.3348711,46.5627836],[0.3349144,46.5627724],[0.3349472,46.5627661],[0.3350725,46.5627525],[0.3352052,46.5627392],[0.33525,46.5627282],[0.3352534,46.5627231],[0.3352709,46.5627255],[0.335328,46.5627432],[0.335383,46.562676],[0.335429,46.5625861],[0.3354277,46.5625473],[0.3354733,46.5625299],[0.3354463,46.5625047],[0.335517,46.5624532],[0.3357252,46.5624356],[0.3359638,46.5623798],[0.3361129,46.562327],[0.3362757,46.5623001],[0.3364258,46.5623231],[0.3364489,46.5623073],[0.3364493,46.5623073],[0.3367765,46.5623395],[0.3370041,46.5622608],[0.3370284,46.5622441],[0.3371218,46.5622739],[0.3371234,46.5622421],[0.3371314,46.5621984],[0.3371247,46.5621268],[0.337173,46.5620768],[0.3372127,46.5619938],[0.3372572,46.5619018],[0.337349,46.56181],[0.3374705,46.5617228],[0.3375689,46.5616168],[0.3376024,46.5615081],[0.3381821,46.5617465],[0.3388774,46.561134],[0.3389069,46.5611082],[0.3395462,46.5604852],[0.3395669,46.5604631],[0.3396667,46.5602406],[0.3396631,46.5601862],[0.3397651,46.5601355],[0.3398984,46.5600457],[0.3400333,46.559924],[0.3400691,46.5598881],[0.3400878,46.5598671],[0.3402585,46.5596533],[0.3406298,46.5593921],[0.3407166,46.5593153],[0.3408077,46.5591519],[0.3408725,46.5588835],[0.3408811,46.5588284],[0.3408895,46.5586886],[0.3411596,46.5584925],[0.3412419,46.5584198],[0.3413107,46.5583181],[0.3415559,46.5577831],[0.3416273,46.5576284],[0.3416583,46.5575075],[0.3416339,46.5571573],[0.3409823,46.5572116]]],[[[0.3102131,46.5539245],[0.3102582,46.5539165],[0.3105303,46.5538319],[0.3109112,46.553713],[0.3111186,46.5536851],[0.3113614,46.5537511],[0.3115222,46.554033],[0.3117254,46.5539969],[0.3118813,46.5539669],[0.3120979,46.5538972],[0.3123896,46.5538131],[0.3124652,46.5537812],[0.3126732,46.5536798],[0.3128206,46.5536689],[0.312907,46.5537455],[0.3132385,46.5537523],[0.3135941,46.5537872],[0.3138609,46.5537863],[0.3139259,46.5536367],[0.3140061,46.5534565],[0.3141376,46.5531571],[0.3141628,46.5531004],[0.3141352,46.5529678],[0.3140656,46.5528221],[0.3138687,46.5526672],[0.3136681,46.5525889],[0.3134987,46.5525369],[0.3132666,46.5525223],[0.3130122,46.5525735],[0.3126675,46.5526841],[0.3123615,46.5527872],[0.3121275,46.5528756],[0.3117494,46.5528515],[0.311487,46.5528821],[0.3112465,46.5529214],[0.3110487,46.552967],[0.3108645,46.5530077],[0.3108093,46.5530144],[0.3106348,46.5530421],[0.3104148,46.5530849],[0.3103103,46.5530999],[0.3101451,46.5531757],[0.3099602,46.5532859],[0.3098618,46.5535085],[0.3098705,46.5536026],[0.309938,46.5537351],[0.3100614,46.5538473],[0.3101698,46.5539051],[0.3101709,46.5539061],[0.3102131,46.5539245]]],[[[0.3719431,46.632031],[0.3721649,46.6319225],[0.3723959,46.631842],[0.3726683,46.6317276],[0.3728764,46.6316905],[0.3730696,46.631744],[0.3732846,46.6319975],[0.3733236,46.632262],[0.3734786,46.6326845],[0.3734957,46.632728],[0.3735195,46.6327868],[0.3736991,46.6332437],[0.3737019,46.6332509],[0.3738072,46.633468],[0.3740938,46.6333672],[0.3745597,46.6332502],[0.3751217,46.634181],[0.3753551,46.6344501],[0.3750596,46.6345741],[0.3745449,46.6347259],[0.3747086,46.6349923],[0.3748656,46.6351452],[0.3745583,46.6353088],[0.3749215,46.6356862],[0.3747081,46.6356771],[0.3746852,46.6357524],[0.3748217,46.6359987],[0.3751034,46.6363731],[0.3755604,46.6371155],[0.3757479,46.6373192],[0.3760203,46.6375135],[0.3759991,46.6376183],[0.3763899,46.6379451],[0.3764779,46.6379011],[0.376669,46.6380808],[0.3768913,46.6382888],[0.3767501,46.638352],[0.3767886,46.6384153],[0.3769469,46.638607],[0.3772571,46.6387653],[0.377422,46.6389113],[0.377469,46.6389532],[0.378275,46.6398722],[0.3784802,46.6401743],[0.378805,46.6406735],[0.3789329,46.6408859],[0.3790828,46.6412185],[0.3790629,46.6413223],[0.3792006,46.6416076],[0.3798443,46.6426066],[0.3800558,46.6429253],[0.3803294,46.6434121],[0.3805195,46.6437097],[0.3807362,46.6439282],[0.381005,46.6442063],[0.3812023,46.6443631],[0.3815025,46.6449077],[0.3815301,46.6449472],[0.3815371,46.6449566],[0.3816185,46.6449032],[0.3816561,46.6450104],[0.3817091,46.6451742],[0.3816942,46.6451819],[0.3817303,46.6452318],[0.3818697,46.6454814],[0.3819027,46.6455056],[0.3819827,46.6454737],[0.3820589,46.6455542],[0.3820088,46.6455837],[0.3822294,46.6457462],[0.3823938,46.6459431],[0.3827443,46.6462435],[0.3828438,46.6463368],[0.3829972,46.6462645],[0.3830476,46.646326],[0.382902,46.6463923],[0.3829545,46.6464415],[0.3831164,46.6465607],[0.3832413,46.6466473],[0.3832918,46.646674],[0.3834298,46.6467436],[0.3835957,46.646779],[0.3839341,46.6466866],[0.3841955,46.64662],[0.384278,46.6464809],[0.3842585,46.6463301],[0.3842212,46.6461514],[0.3843072,46.645718],[0.384372,46.6453004],[0.3844258,46.6451043],[0.3842337,46.6450836],[0.3842532,46.6449899],[0.3844495,46.6450128],[0.3844747,46.6449214],[0.3845793,46.6446304],[0.3846479,46.6440044],[0.3847299,46.6433837],[0.3846169,46.6431072],[0.3843948,46.642543],[0.3842925,46.6423864],[0.384272,46.642347],[0.3841834,46.6421823],[0.384132,46.6420851],[0.3840041,46.64184],[0.3839747,46.6418056],[0.3838631,46.6415893],[0.3838569,46.6416282],[0.3836362,46.6414922],[0.3836117,46.6414467],[0.3835845,46.6414339],[0.3835328,46.6413018],[0.3835855,46.6412815],[0.3835701,46.6411452],[0.3835201,46.6409784],[0.3833964,46.6407753],[0.3833481,46.6406699],[0.3832356,46.6403833],[0.3832172,46.6403327],[0.3831973,46.6402812],[0.3831855,46.6402502],[0.3831203,46.6400953],[0.3831186,46.6400984],[0.3831087,46.6401247],[0.3830751,46.6402036],[0.3831545,46.6405275],[0.3832758,46.640844],[0.383458,46.6414697],[0.3836393,46.6418031],[0.3839208,46.6425844],[0.3840048,46.6430565],[0.3840442,46.6433456],[0.3841241,46.6438799],[0.3841792,46.6441532],[0.3842484,46.6443224],[0.3842044,46.6447394],[0.3841047,46.6449263],[0.3839968,46.6451068],[0.3838514,46.6454438],[0.3838065,46.6457567],[0.3837452,46.6459219],[0.3836378,46.6461228],[0.3835748,46.6461684],[0.3834217,46.6461701],[0.3829719,46.6458285],[0.3826248,46.6455456],[0.3823343,46.645262],[0.3818799,46.6446189],[0.3817042,46.6443226],[0.3812755,46.6435512],[0.3812483,46.6433758],[0.3810817,46.6432248],[0.3808055,46.6428003],[0.3804082,46.6420543],[0.3798334,46.6410742],[0.3796311,46.6405247],[0.3793349,46.6400846],[0.3788493,46.6394458],[0.3781612,46.6386031],[0.3781386,46.6385759],[0.377951,46.6383734],[0.3779675,46.6381857],[0.3778742,46.6380946],[0.377491,46.6380081],[0.3772276,46.6378079],[0.3769785,46.6376192],[0.3766775,46.6373926],[0.3766734,46.63733],[0.3768392,46.6372133],[0.3766388,46.6371198],[0.3763564,46.6368261],[0.3760204,46.6364054],[0.3760427,46.6359745],[0.3760061,46.6358715],[0.3759832,46.6356962],[0.3758803,46.6354955],[0.3757922,46.635287],[0.3757503,46.6350836],[0.3755978,46.6347071],[0.3754741,46.6345059],[0.375287,46.6343166],[0.375163,46.6341226],[0.374998,46.633671],[0.3805656,46.6323776],[0.3804746,46.6321405],[0.3804033,46.6319589],[0.3803898,46.6319301],[0.3803451,46.6318391],[0.3802547,46.631656],[0.3801486,46.6314563],[0.3798412,46.6308728],[0.3796821,46.6305676],[0.3792415,46.6297061],[0.3790322,46.629278],[0.3789636,46.6291293],[0.3787572,46.6286758],[0.3786629,46.6284743],[0.3786384,46.6283961],[0.3785359,46.6281229],[0.3785344,46.6281197],[0.3771391,46.6283198],[0.3765097,46.6283873],[0.3765347,46.6284542],[0.3766136,46.6286656],[0.3765942,46.6286683],[0.3764099,46.6286988],[0.376319,46.6287131],[0.3763461,46.6287944],[0.3749924,46.6290487],[0.3750466,46.6292501],[0.3749071,46.6292807],[0.3747631,46.6293133],[0.3747378,46.6293167],[0.374467,46.6293585],[0.3744486,46.6292763],[0.3744204,46.6291541],[0.3743261,46.6291734],[0.3732321,46.6293967],[0.3726752,46.6294975],[0.3728879,46.6298867],[0.3729426,46.6299891],[0.3726056,46.6300774],[0.372598,46.6300793],[0.3725921,46.6300812],[0.372481,46.6301053],[0.3723517,46.6298672],[0.3718318,46.63003],[0.3716498,46.6300862],[0.371788,46.6303275],[0.3718756,46.630537],[0.3718562,46.6305407],[0.3712466,46.6306596],[0.3710098,46.6307052],[0.3707039,46.6307759],[0.3705868,46.6308029],[0.3705376,46.6312372],[0.3712391,46.6321947],[0.3712571,46.6322197],[0.3719431,46.632031]]],[[[0.3516229,46.5883644],[0.3517828,46.5884608],[0.3517583,46.5884737],[0.351729,46.5884956],[0.3515809,46.5885576],[0.3513324,46.5886377],[0.3511935,46.5886886],[0.3512335,46.5887202],[0.3511237,46.588777],[0.351092,46.5887599],[0.351057,46.5887784],[0.3509541,46.5888558],[0.3508859,46.5887908],[0.3506834,46.5888987],[0.350652,46.5888745],[0.3504286,46.5889868],[0.3503406,46.5890308],[0.3501355,46.5891936],[0.3501999,46.5892401],[0.3501725,46.58931],[0.3501292,46.5893457],[0.3500766,46.5893958],[0.3501298,46.5894317],[0.3499977,46.5895185],[0.3498767,46.5896047],[0.3497318,46.5897148],[0.3496281,46.5897748],[0.3494688,46.5898825],[0.3494414,46.5898972],[0.3493577,46.5898115],[0.3492968,46.5898478],[0.3493093,46.5898635],[0.3492663,46.5898942],[0.3491246,46.5899778],[0.3491046,46.5899619],[0.3490266,46.5900664],[0.3489997,46.5901364],[0.3489136,46.5901324],[0.3488118,46.5901852],[0.3488333,46.5902042],[0.3487097,46.5902452],[0.3485505,46.5902866],[0.348505,46.5902792],[0.348447,46.590279],[0.3484317,46.5902858],[0.3482718,46.5903424],[0.348263,46.5903698],[0.3482899,46.5903959],[0.3482443,46.5904226],[0.3481935,46.5904274],[0.3481946,46.5904367],[0.3480844,46.5904791],[0.3479365,46.5904961],[0.3478891,46.5905268],[0.3479406,46.5905974],[0.347829,46.5906101],[0.3477037,46.5906788],[0.3475979,46.5906947],[0.3474797,46.5907462],[0.3474515,46.5907467],[0.34744,46.5907729],[0.3474188,46.5908062],[0.3474651,46.5908942],[0.3473913,46.590919],[0.3473214,46.5908581],[0.3469372,46.5909545],[0.3468471,46.5910075],[0.3467536,46.591036],[0.3467015,46.5910441],[0.3467266,46.5910753],[0.3466678,46.5910985],[0.3466689,46.5911006],[0.3465976,46.591107],[0.3465666,46.5911085],[0.3465063,46.5911223],[0.3464163,46.5911438],[0.3462951,46.5911675],[0.3462458,46.5911736],[0.3462528,46.5911839],[0.3462361,46.5911876],[0.3462265,46.5911761],[0.3461815,46.5911905],[0.346179,46.5912098],[0.3461819,46.5912396],[0.3461215,46.591231],[0.3459707,46.5912204],[0.3459319,46.5912275],[0.3459356,46.591241],[0.3458927,46.591243],[0.3458235,46.5912649],[0.3457584,46.5912891],[0.3456718,46.5913044],[0.3456035,46.5913058],[0.3455674,46.5913132],[0.3455312,46.5913246],[0.345523,46.5913407],[0.3455111,46.5913425],[0.3455144,46.5913641],[0.3454494,46.5913943],[0.3454089,46.5914597],[0.3453396,46.5914501],[0.3453401,46.5913846],[0.3452338,46.5913699],[0.3452375,46.5913567],[0.3452005,46.5913528],[0.3451373,46.5913779],[0.3450893,46.59139],[0.3450821,46.5914083],[0.3450085,46.5914301],[0.3450005,46.5914422],[0.3449576,46.5914452],[0.3449445,46.5914644],[0.3449281,46.5915039],[0.3448971,46.5914969],[0.3449134,46.5914666],[0.3448829,46.5914487],[0.3448623,46.5914533],[0.3448565,46.5914449],[0.344801,46.591456],[0.3448037,46.5914652],[0.3447098,46.5914773],[0.3446729,46.5915358],[0.34459,46.5915297],[0.3446159,46.5914823],[0.3446084,46.5914595],[0.3445649,46.5914657],[0.3445077,46.5914808],[0.3444839,46.5915436],[0.3443637,46.591548],[0.3443746,46.5915973],[0.3443156,46.5915929],[0.3442919,46.5915892],[0.3442989,46.5916304],[0.3443096,46.5916362],[0.3443351,46.5916517],[0.3443631,46.5916819],[0.3445815,46.5916726],[0.3445816,46.591639],[0.3446661,46.5916429],[0.3446659,46.5916143],[0.3446663,46.5916061],[0.3447646,46.5916002],[0.34494,46.591589],[0.3449407,46.5915747],[0.3449413,46.5915634],[0.3449467,46.5915155],[0.3449737,46.591509],[0.3450048,46.5915711],[0.3450183,46.5916],[0.3451162,46.5915931],[0.3451508,46.5915836],[0.3452139,46.5915677],[0.345295,46.5915451],[0.3453108,46.5915587],[0.3454919,46.5915199],[0.3455773,46.5915046],[0.3455567,46.5914121],[0.3456463,46.5913999],[0.3456714,46.5914884],[0.345705,46.5914913],[0.3459141,46.5915041],[0.3462378,46.5915802],[0.3464685,46.5915691],[0.3465773,46.5915247],[0.3465029,46.5914096],[0.3469391,46.5912531],[0.3472228,46.5911839],[0.3474026,46.5912352],[0.3474968,46.5913048],[0.3476668,46.5912764],[0.3481256,46.5910482],[0.3485704,46.5907787],[0.3493595,46.5904274],[0.3498785,46.5901401],[0.3498317,46.5901015],[0.3499686,46.5900278],[0.3499584,46.5900192],[0.3501468,46.5899106],[0.3500553,46.5898338],[0.3501591,46.589772],[0.3503039,46.5898891],[0.3505685,46.589713],[0.3507339,46.5896295],[0.3508747,46.589536],[0.3510039,46.5894688],[0.351498,46.5892553],[0.3521958,46.5888602],[0.3525622,46.5886383],[0.3525816,46.5886512],[0.3526135,46.5886314],[0.3526151,46.5886306],[0.3526159,46.5886301],[0.3526304,46.5886237],[0.3528607,46.5885227],[0.3529817,46.5884693],[0.3530611,46.5884251],[0.3531026,46.5883934],[0.3531118,46.5883896],[0.3531351,46.5883696],[0.3531535,46.5883536],[0.3531812,46.5883339],[0.3532781,46.5882584],[0.3533844,46.588178],[0.3535216,46.5880729],[0.3536295,46.5879895],[0.3536556,46.5879707],[0.3536798,46.5879548],[0.3536952,46.587946],[0.353712,46.5879382],[0.3537347,46.5879316],[0.3537626,46.5879292],[0.3540146,46.5879064],[0.3544704,46.5878629],[0.3545255,46.5878896],[0.354537,46.5879523],[0.3546218,46.5878848],[0.3546632,46.5878315],[0.3548649,46.5875213],[0.3550708,46.5872203],[0.3550976,46.5870963],[0.355116,46.5870242],[0.3551617,46.5868188],[0.3551278,46.5868138],[0.355081,46.5868015],[0.3549904,46.5868025],[0.354709,46.5867684],[0.3546912,46.5867639],[0.3546296,46.5867491],[0.3545952,46.5867863],[0.3544849,46.5867417],[0.3546328,46.5865938],[0.3545489,46.5865531],[0.3545931,46.5865],[0.3546505,46.5864154],[0.354652,46.5864164],[0.3548453,46.5865201],[0.3549623,46.5864359],[0.3549949,46.586402],[0.3550164,46.5863553],[0.355039,46.5862935],[0.3549821,46.5862717],[0.3550234,46.5862113],[0.3550656,46.5861429],[0.3549953,46.5860891],[0.3549027,46.5860164],[0.3548348,46.5859781],[0.3548609,46.5859265],[0.3548915,46.5858771],[0.3550252,46.5857473],[0.3552216,46.5857958],[0.3550954,46.5860444],[0.3551261,46.5861483],[0.3552505,46.5862094],[0.3553097,46.5862426],[0.3555114,46.585688],[0.3552737,46.5856682],[0.355152,46.5856716],[0.3551263,46.5856505],[0.355055,46.5855937],[0.3550958,46.585521],[0.3550304,46.5854623],[0.3549009,46.5854082],[0.3548477,46.5854959],[0.3547715,46.5855717],[0.3547144,46.5856174],[0.3546498,46.5856957],[0.3546598,46.585699],[0.3546232,46.5857504],[0.3545773,46.5858167],[0.3544649,46.5859357],[0.3545301,46.5859638],[0.3544857,46.5860231],[0.3545072,46.586041],[0.3544765,46.5860598],[0.3544649,46.5860809],[0.3544385,46.5860742],[0.3543696,46.5861216],[0.3543701,46.5861421],[0.3543984,46.5861734],[0.3544027,46.5862073],[0.3543901,46.5862151],[0.3543396,46.586221],[0.3543008,46.5863511],[0.3541828,46.5863995],[0.3541289,46.5864677],[0.3540102,46.5865958],[0.3539573,46.5866436],[0.3539382,46.5866739],[0.3539129,46.5867019],[0.3538749,46.5867492],[0.3538593,46.5867723],[0.3538655,46.5867889],[0.3538467,46.5868782],[0.3538092,46.5868825],[0.3537565,46.5869263],[0.3537497,46.5869456],[0.3537484,46.5869486],[0.353716,46.587001],[0.3537064,46.5870141],[0.3536368,46.5870747],[0.3536183,46.5870918],[0.3536044,46.5871037],[0.3535716,46.5871337],[0.3535672,46.5871356],[0.3535136,46.587166],[0.3535603,46.5871876],[0.3534817,46.5872481],[0.3534451,46.5872676],[0.3533734,46.5873079],[0.3533357,46.5872917],[0.3532508,46.5873693],[0.3532504,46.5873695],[0.3532229,46.5873556],[0.3532183,46.5873605],[0.3531022,46.5874581],[0.3530317,46.5875383],[0.3528946,46.5876403],[0.3528563,46.5876702],[0.3528016,46.5876912],[0.3526965,46.5878125],[0.3526623,46.5878455],[0.3526283,46.5878764],[0.3525744,46.5879129],[0.3525545,46.5879259],[0.3525089,46.5879535],[0.3525071,46.5879584],[0.352495,46.5879652],[0.3525006,46.5879717],[0.3524609,46.58799],[0.352492,46.5880266],[0.3524312,46.5880518],[0.3524594,46.5880851],[0.3524081,46.5881068],[0.3522776,46.5879766],[0.3522732,46.5879797],[0.352078,46.5881243],[0.3516821,46.5883083],[0.3516229,46.5883644]],[[0.3540465,46.5871539],[0.3542327,46.5872276],[0.3542056,46.5872689],[0.3541561,46.5873433],[0.3540994,46.5874382],[0.3540624,46.5874966],[0.3539912,46.58759],[0.3539833,46.587599],[0.3539089,46.587671],[0.3538919,46.5876818],[0.3538111,46.5877301],[0.3538063,46.5877328],[0.3537372,46.5877834],[0.3536957,46.5878143],[0.3536326,46.5878619],[0.3535065,46.5879571],[0.3533648,46.5880642],[0.3532972,46.5881158],[0.3532154,46.5881772],[0.3530796,46.5882865],[0.3529934,46.588349],[0.3529762,46.5883394],[0.3529011,46.5882956],[0.3529079,46.5882539],[0.352971,46.5882063],[0.3531651,46.5880524],[0.3532668,46.5879751],[0.3533836,46.5878878],[0.3536246,46.5876326],[0.3536732,46.5875745],[0.3537473,46.5874873],[0.3538872,46.5873505],[0.353935,46.5872871],[0.3540465,46.5871539]]],[[[0.4041218,46.6780671],[0.4045143,46.6779626],[0.4044139,46.6777909],[0.404016,46.677903],[0.4040174,46.6779053],[0.4041218,46.6780671]]],[[[0.3150542,46.5721371],[0.3149719,46.5719143],[0.3148334,46.5716546],[0.3146107,46.5716637],[0.3145632,46.5716655],[0.3146843,46.571881],[0.3145729,46.5718579],[0.3145524,46.5718534],[0.3144703,46.5718331],[0.3143267,46.5717959],[0.3142027,46.5717593],[0.3140021,46.5717106],[0.3139222,46.571677],[0.3138044,46.5716273],[0.3137309,46.5715908],[0.313679,46.5715558],[0.3136111,46.5715091],[0.313533,46.5714553],[0.3134744,46.5714121],[0.313429,46.5713802],[0.3133896,46.5713516],[0.3133196,46.5713021],[0.3131791,46.5712026],[0.3130662,46.5711223],[0.3129617,46.5710493],[0.3129356,46.5710365],[0.3128701,46.5710064],[0.3128947,46.5709926],[0.3128132,46.5709283],[0.3127491,46.5708768],[0.3126652,46.5708063],[0.3126527,46.5707906],[0.3125819,46.5707226],[0.3124813,46.5705699],[0.3123304,46.5705621],[0.312112,46.5704538],[0.3120267,46.570411],[0.3119485,46.5703437],[0.3118032,46.5702216],[0.3116655,46.5700979],[0.3116288,46.5700644],[0.3115102,46.5699419],[0.3113598,46.5697738],[0.31135,46.5697644],[0.3111901,46.5696144],[0.3114264,46.5695126],[0.3113024,46.5693799],[0.3111856,46.5692534],[0.3110671,46.569129],[0.3105252,46.5694751],[0.3103256,46.5693519],[0.3105838,46.5690993],[0.3102471,46.5689575],[0.3100132,46.5687741],[0.3103066,46.568594],[0.3102168,46.5685233],[0.3100011,46.5683517],[0.309753,46.5681537],[0.3094823,46.5679377],[0.3094294,46.5678977],[0.3092967,46.5677913],[0.3092881,46.5677839],[0.3092813,46.5677786],[0.3092313,46.5677365],[0.3090544,46.5675954],[0.3089832,46.5675375],[0.3088977,46.567467],[0.3087922,46.5673827],[0.308704,46.5673111],[0.3086478,46.567275],[0.3085083,46.5671879],[0.3083677,46.5670989],[0.3082486,46.5670193],[0.3081362,46.566985],[0.3080782,46.5668977],[0.3079964,46.5667844],[0.3079084,46.5666699],[0.3078184,46.5665492],[0.3077349,46.5664389],[0.307646,46.5663192],[0.3075112,46.5661351],[0.3074158,46.5659969],[0.3073239,46.5658741],[0.3072255,46.5657409],[0.3070765,46.5655433],[0.307013,46.5654488],[0.3069478,46.5653561],[0.3067622,46.5650932],[0.3065515,46.5651301],[0.30594,46.5652354],[0.3058227,46.5654514],[0.3058799,46.5658565],[0.3060213,46.5661113],[0.3064081,46.5663483],[0.3068576,46.5666093],[0.3068931,46.5667329],[0.3070376,46.5668998],[0.3073769,46.5671083],[0.3077922,46.5674031],[0.3079827,46.5675702],[0.3080225,46.5676048],[0.3083856,46.5679334],[0.3087391,46.5683056],[0.3090022,46.5685961],[0.3091045,46.5687159],[0.3094738,46.569157],[0.3096112,46.5693186],[0.3099172,46.5696366],[0.310037,46.569758],[0.3101161,46.5698396],[0.3101924,46.5699139],[0.3102409,46.5699785],[0.3102688,46.570017],[0.310318,46.5700693],[0.3103855,46.5701455],[0.3104939,46.5702605],[0.3105819,46.5703423],[0.3106984,46.5704441],[0.3107852,46.5705189],[0.3109606,46.5706579],[0.3110674,46.5707176],[0.3111305,46.5707568],[0.3112333,46.570834],[0.3113477,46.5708908],[0.3114843,46.5709747],[0.3115791,46.5710384],[0.3116472,46.5711043],[0.3118304,46.5712038],[0.3120457,46.5713121],[0.3121442,46.5713655],[0.3122985,46.5714468],[0.3124928,46.5715678],[0.3125417,46.5715925],[0.3125822,46.571614],[0.3126697,46.5716752],[0.3127678,46.5717286],[0.3129325,46.5717909],[0.3130365,46.5718433],[0.3131666,46.5719077],[0.3133041,46.5719804],[0.3134821,46.57209],[0.3136645,46.5721514],[0.3139064,46.5722369],[0.3142206,46.5722953],[0.314762,46.5723479],[0.3149632,46.5723282],[0.3150542,46.5721371]]],[[[0.3436465,46.5163922],[0.3438867,46.5162037],[0.3442156,46.5158648],[0.34455,46.5155678],[0.3449615,46.5152626],[0.3452124,46.5150374],[0.3452122,46.5149536],[0.3450511,46.515006],[0.3446189,46.515183],[0.344339,46.5153667],[0.3439101,46.5157237],[0.343613,46.5158916],[0.3434327,46.5159743],[0.3433465,46.5159519],[0.3432176,46.5158334],[0.3431156,46.515741],[0.3428799,46.5155332],[0.3428792,46.5153953],[0.342735,46.5152855],[0.342553,46.515132],[0.3424383,46.5149944],[0.3424411,46.5148156],[0.3423891,46.5146385],[0.3423632,46.5145601],[0.3423531,46.5145263],[0.3420543,46.5140625],[0.3420365,46.5140333],[0.3419652,46.513913],[0.3418348,46.513585],[0.3417683,46.5133351],[0.3417243,46.5132094],[0.3416577,46.5129063],[0.3415433,46.5125457],[0.3415501,46.5123752],[0.3414071,46.5120652],[0.3413065,46.5120005],[0.3411256,46.5119994],[0.3410071,46.5120376],[0.3408603,46.5121905],[0.3407926,46.5123658],[0.3407945,46.5125999],[0.3408065,46.5128119],[0.3409831,46.5132524],[0.3410911,46.5135012],[0.3411294,46.5135666],[0.3410948,46.513579],[0.3409801,46.5136173],[0.3408982,46.5137238],[0.3408774,46.5138693],[0.3409519,46.5140205],[0.341079,46.5142636],[0.3412054,46.5144658],[0.3413196,46.5146117],[0.3414031,46.5147536],[0.3415025,46.5149308],[0.341585,46.5149981],[0.3415679,46.5150447],[0.3415612,46.5151805],[0.3414657,46.5153481],[0.3414211,46.5155401],[0.3414107,46.5156585],[0.3414098,46.5157965],[0.3415115,46.5159266],[0.3415689,46.5160589],[0.3416563,46.51621],[0.3417792,46.5163622],[0.3418381,46.5165506],[0.3420107,46.5167141],[0.3420925,46.5168028],[0.3423037,46.5168395],[0.3426612,46.5168304],[0.3428909,46.5168255],[0.3430316,46.5168227],[0.3431879,46.5167485],[0.3434895,46.5165123],[0.3435558,46.5164617],[0.3436465,46.5163922]],[[0.3421884,46.5155028],[0.3422533,46.5155043],[0.3423487,46.5155863],[0.3424469,46.5157245],[0.3424708,46.515814],[0.3424461,46.5158941],[0.3424327,46.5158949],[0.342287,46.5159048],[0.3421015,46.5159751],[0.3420766,46.516092],[0.3422396,46.516331],[0.3424776,46.516678],[0.3421819,46.5166629],[0.3421041,46.5166529],[0.3418822,46.5161049],[0.3419304,46.5158709],[0.3419051,46.5156362],[0.3418998,46.5155921],[0.3420316,46.5155308],[0.3421411,46.5155017],[0.3421884,46.5155028]]],[[[0.3557663,46.6106257],[0.35579,46.6106233],[0.3557948,46.6106214],[0.3557951,46.6106233],[0.355849,46.6105714],[0.3559342,46.6104968],[0.3560027,46.6104012],[0.3561051,46.6103034],[0.3561327,46.6101957],[0.3560822,46.6101067],[0.3560074,46.6100548],[0.3559654,46.6101938],[0.3559526,46.6102053],[0.3558299,46.6103267],[0.3557962,46.610374],[0.3556891,46.610439],[0.3557426,46.6105006],[0.3557525,46.6105376],[0.3557663,46.6106257]]],[[[0.3343642,46.5866063],[0.3343702,46.5866605],[0.3344197,46.5867138],[0.3345999,46.5867242],[0.3348288,46.5868061],[0.3357962,46.5872406],[0.3359434,46.5872931],[0.3362508,46.5875569],[0.3369799,46.5881116],[0.3372573,46.5882917],[0.3374055,46.5883872],[0.3374895,46.5885139],[0.3377727,46.5888465],[0.3380869,46.5891553],[0.3382356,46.5892979],[0.3383482,46.5895437],[0.3384106,46.5899367],[0.3383938,46.5901275],[0.3383464,46.5903677],[0.3382213,46.5906806],[0.3380642,46.590862],[0.33783,46.5911621],[0.3378271,46.5912521],[0.337826,46.5912756],[0.3378558,46.5912763],[0.337906,46.5912754],[0.3379319,46.5912658],[0.3380828,46.591212],[0.3382344,46.591054],[0.3384061,46.5909026],[0.3385508,46.590765],[0.3387379,46.5904903],[0.3387626,46.590315],[0.3388188,46.5901119],[0.3388487,46.589861],[0.3387462,46.5895919],[0.338629,46.5893827],[0.3384258,46.5891357],[0.3383633,46.5890524],[0.3382395,46.5889136],[0.3380637,46.588749],[0.3378986,46.5885806],[0.3377463,46.5883931],[0.3375187,46.5881333],[0.3373898,46.5880351],[0.3372593,46.5879463],[0.3371019,46.5877975],[0.3369802,46.5877118],[0.3367341,46.5875579],[0.3365118,46.5874066],[0.3362743,46.5872936],[0.336105,46.5871793],[0.3359325,46.587068],[0.3357107,46.5869616],[0.3355287,46.5868919],[0.3352383,46.5867053],[0.3350834,46.5866352],[0.3348524,46.5865001],[0.3346796,46.5864591],[0.3344571,46.5865185],[0.3343642,46.5866063]]],[[[0.3071963,46.5672265],[0.3068895,46.567018],[0.3065764,46.5668113],[0.3062392,46.5666173],[0.3059397,46.5664693],[0.3058495,46.5664078],[0.3057309,46.5663477],[0.3056563,46.5663602],[0.3056226,46.5664147],[0.3055317,46.566572],[0.305562,46.566674],[0.3056879,46.5667668],[0.3059209,46.5669114],[0.3065819,46.5672162],[0.3068495,46.5673432],[0.307051,46.5674378],[0.3072424,46.5675211],[0.3073698,46.5675844],[0.307537,46.5676507],[0.3076524,46.5676238],[0.3074389,46.567447],[0.3073119,46.5673439],[0.3071963,46.5672265]]],[[[0.3277469,46.5753127],[0.3278792,46.5753649],[0.327904,46.5752837],[0.327813,46.5742061],[0.3277183,46.5741396],[0.3276213,46.574216],[0.3277469,46.5753127]]],[[[0.3373274,46.5749195],[0.3374546,46.5749553],[0.337812,46.5750781],[0.3380009,46.5751488],[0.3381641,46.57521],[0.3383613,46.5752983],[0.3385254,46.5753727],[0.3386178,46.5753911],[0.3387271,46.5753672],[0.3386749,46.5753138],[0.3383697,46.5751258],[0.3380374,46.5749801],[0.3378022,46.5748775],[0.3374368,46.5747749],[0.3374034,46.5748242],[0.3373684,46.5748674],[0.3373274,46.5749195]]],[[[0.3781207,46.5324753],[0.378149,46.532529],[0.3782167,46.5325716],[0.3782283,46.5325748],[0.3784301,46.5325642],[0.3784363,46.5325644],[0.3784653,46.5325414],[0.3784684,46.5325077],[0.3783895,46.5324875],[0.3782961,46.5324599],[0.3782496,46.5324415],[0.3781979,46.5324403],[0.3781207,46.5324753]]],[[[0.3544036,46.5819774],[0.3545392,46.5819953],[0.3545391,46.5819968],[0.3545395,46.5820459],[0.354552,46.5820942],[0.3545657,46.5821518],[0.3546523,46.5821354],[0.3547141,46.5822677],[0.3546228,46.582284],[0.3546582,46.5823543],[0.3545998,46.5823622],[0.3546079,46.582437],[0.3546304,46.5824343],[0.3546341,46.5825102],[0.3546582,46.5825065],[0.354666,46.5825232],[0.3548613,46.5825134],[0.3549128,46.5825103],[0.3549665,46.5820762],[0.3550097,46.5820098],[0.3552166,46.5819941],[0.3552465,46.5819917],[0.3552922,46.5819958],[0.3552918,46.5820674],[0.3556529,46.5820502],[0.3556609,46.5819418],[0.3556193,46.5813389],[0.3555755,46.5808043],[0.3555392,46.5804222],[0.3554992,46.579905],[0.355438,46.57918],[0.3553194,46.5791781],[0.3552063,46.5791898],[0.3551137,46.5792],[0.3549648,46.579214],[0.3549573,46.5792147],[0.3549171,46.5792201],[0.3548813,46.5792223],[0.3548384,46.5792274],[0.3547843,46.5792343],[0.3546422,46.5792301],[0.3546426,46.5793435],[0.354639,46.5793617],[0.3546306,46.5793801],[0.3546046,46.5794561],[0.3546059,46.5794613],[0.3546135,46.5797007],[0.3546477,46.5797637],[0.3546545,46.5797762],[0.3547813,46.5799089],[0.3548553,46.579975],[0.3548807,46.5801218],[0.3546706,46.5801465],[0.3546826,46.5801745],[0.3546918,46.5801951],[0.3547205,46.5802734],[0.3547297,46.5803013],[0.3547769,46.5803637],[0.3547271,46.5804444],[0.3547272,46.5804751],[0.3547267,46.5804852],[0.3547214,46.5805607],[0.3546711,46.5807415],[0.3546845,46.5809258],[0.3546681,46.5809878],[0.35464,46.5811058],[0.354635,46.58112],[0.3546467,46.5811223],[0.3546836,46.5811283],[0.3546719,46.5811852],[0.3546619,46.5812371],[0.3546518,46.5812911],[0.3546482,46.5813082],[0.3546401,46.581347],[0.354663,46.581367],[0.3546716,46.5813753],[0.35471,46.5813772],[0.3547094,46.5813885],[0.354574,46.5814007],[0.3545733,46.5814712],[0.3544659,46.5814544],[0.3543951,46.5814834],[0.3543262,46.5815544],[0.3542927,46.581663],[0.3543689,46.5817731],[0.3543719,46.5818315],[0.3544036,46.5819774]],[[0.3549803,46.5813068],[0.354982,46.5813039],[0.3549905,46.5812753],[0.3550885,46.5812745],[0.3553421,46.5812743],[0.3554071,46.5812767],[0.3554188,46.5812781],[0.3554648,46.5812823],[0.3554851,46.5814698],[0.3554596,46.581512],[0.3553604,46.5816008],[0.3551006,46.5815416],[0.3551006,46.5814219],[0.3549732,46.5814202],[0.3549803,46.5813068]]],[[[0.3445422,46.605484],[0.3444495,46.6054961],[0.3442048,46.6055272],[0.343783,46.6055728],[0.3437903,46.6056076],[0.3439891,46.6058167],[0.3441505,46.6059083],[0.3442549,46.6060202],[0.3444182,46.6061364],[0.3445583,46.6060078],[0.3446724,46.6058867],[0.3448126,46.6057457],[0.3448031,46.6056362],[0.3447339,46.6054792],[0.3447184,46.6054594],[0.3445422,46.605484]]],[[[0.3200094,46.5668108],[0.3200146,46.5668252],[0.3200932,46.5670029],[0.3201659,46.5670946],[0.3203192,46.5672924],[0.3203666,46.5673251],[0.3204248,46.5674073],[0.3205348,46.5674906],[0.3205437,46.5674836],[0.3206355,46.5675543],[0.3207296,46.5676239],[0.3208566,46.5676647],[0.3208706,46.5676825],[0.3208881,46.567686],[0.3210487,46.567799],[0.3212024,46.5679008],[0.3213239,46.5679875],[0.3218996,46.5684027],[0.3220106,46.5684963],[0.3221892,46.5683861],[0.3222419,46.5684311],[0.3222759,46.5684637],[0.3223202,46.5684636],[0.3223527,46.5684962],[0.322383,46.5685735],[0.3224159,46.5686622],[0.3224236,46.5686807],[0.322433,46.5687046],[0.322611,46.5687024],[0.3226134,46.5687097],[0.3226874,46.5687114],[0.3227245,46.5687143],[0.3227407,46.5687189],[0.3227651,46.5687327],[0.3229409,46.5688328],[0.3229526,46.5688413],[0.3229581,46.5688496],[0.3229587,46.5688599],[0.3229512,46.5688698],[0.3229403,46.5688768],[0.3229284,46.5688797],[0.3229151,46.5688783],[0.3229062,46.568876],[0.3228948,46.5688685],[0.3228627,46.5688842],[0.3229828,46.5689759],[0.3229936,46.5689721],[0.3237326,46.5694054],[0.3238089,46.5694471],[0.3238956,46.569494],[0.3239589,46.5695611],[0.323965,46.569557],[0.3239741,46.5695552],[0.3239783,46.5695564],[0.3239813,46.5695595],[0.3240236,46.5695432],[0.3240825,46.5695496],[0.3240877,46.569563],[0.3241515,46.5695656],[0.3242629,46.5696509],[0.324126,46.5697254],[0.3241687,46.5697582],[0.3243804,46.5699154],[0.3243483,46.56993],[0.3243074,46.5699494],[0.3242951,46.5699604],[0.324249,46.5699982],[0.3244212,46.5701055],[0.3244671,46.570082],[0.3247894,46.5699198],[0.3248412,46.569917],[0.3248952,46.5699918],[0.3251884,46.5698227],[0.3250023,46.5696866],[0.3245718,46.5693709],[0.3234371,46.5686319],[0.322668,46.5681723],[0.3226018,46.5681318],[0.3223442,46.5679757],[0.3215223,46.5674197],[0.3207605,46.5666075],[0.3206465,46.5664864],[0.3201148,46.5657848],[0.3200002,46.5657964],[0.3198903,46.5655609],[0.3198998,46.5655427],[0.3199805,46.5655261],[0.3196479,46.5648478],[0.3194031,46.564106],[0.3194011,46.5640825],[0.3193644,46.5636267],[0.319439,46.563193],[0.319581,46.5627772],[0.3196171,46.5627044],[0.3197884,46.5623608],[0.3199898,46.5620589],[0.320129,46.5618496],[0.3205626,46.5612013],[0.3209578,46.5606076],[0.3215432,46.5597943],[0.3222159,46.5591027],[0.3228052,46.5587852],[0.3233351,46.558583],[0.3233399,46.558581],[0.3233535,46.5585763],[0.3235166,46.5585104],[0.3237371,46.5584553],[0.3241707,46.558443],[0.3244775,46.5583797],[0.3247225,46.5584007],[0.3250708,46.5583944],[0.3254878,46.5583838],[0.3261782,46.558447],[0.3266345,46.5584525],[0.3273165,46.5583509],[0.3276727,46.5582243],[0.3277933,46.5581525],[0.3278989,46.5580538],[0.3280067,46.5579398],[0.3280306,46.5578453],[0.3280293,46.5577522],[0.328033,46.55774],[0.3279856,46.5577082],[0.3279398,46.5576756],[0.3279213,46.5576617],[0.3278685,46.5576739],[0.3274298,46.5577678],[0.3274217,46.5577481],[0.3274249,46.5577473],[0.3273998,46.557717],[0.3273856,46.5577024],[0.327377,46.557693],[0.3273633,46.5576773],[0.3273365,46.557648],[0.3273179,46.5576283],[0.3273123,46.557622],[0.3272569,46.5575777],[0.3272528,46.5575746],[0.3271801,46.5575392],[0.3271542,46.5575241],[0.3271327,46.5575135],[0.3270995,46.5574965],[0.3270683,46.5575253],[0.3269098,46.5576719],[0.3268775,46.5577007],[0.3268442,46.5576836],[0.3265424,46.5576937],[0.3265395,46.5577286],[0.3264864,46.5578132],[0.3264866,46.5578244],[0.3264856,46.5578295],[0.3264028,46.5578318],[0.3263133,46.557843],[0.3262182,46.5578499],[0.3259843,46.5578413],[0.325898,46.5578496],[0.3258186,46.5578403],[0.3255723,46.5578133],[0.3255533,46.5578395],[0.3254774,46.5578132],[0.3254263,46.5577691],[0.3253793,46.5577291],[0.3252278,46.5575273],[0.325175,46.5575178],[0.3248254,46.557846],[0.3247353,46.5579257],[0.3246795,46.5579754],[0.3245272,46.5580608],[0.3243559,46.5580783],[0.3241613,46.5580595],[0.3240835,46.5580412],[0.3240139,46.5580141],[0.3235435,46.5579059],[0.3233849,46.5578737],[0.3232234,46.5578413],[0.3229503,46.5578266],[0.3227459,46.557824],[0.3225454,46.5578295],[0.3223088,46.5578526],[0.3223373,46.5578706],[0.3225218,46.5579751],[0.3226019,46.5580352],[0.3227005,46.5581101],[0.3227436,46.5581418],[0.3227693,46.5581608],[0.322795,46.5581798],[0.3227934,46.5581797],[0.3227019,46.5584159],[0.3226177,46.5584383],[0.3225349,46.558465],[0.3224503,46.5584968],[0.322106,46.5586288],[0.3221173,46.5586393],[0.3219932,46.5587243],[0.3218838,46.5588045],[0.321819,46.5588552],[0.321762,46.5588988],[0.3217221,46.5589306],[0.3216882,46.5589583],[0.3216412,46.5589808],[0.3216364,46.5589827],[0.3213484,46.5591191],[0.3213974,46.5591428],[0.3212845,46.5593017],[0.3208874,46.5599343],[0.3206443,46.5602966],[0.3206046,46.5603478],[0.3197155,46.5616692],[0.3196156,46.5620045],[0.3191118,46.5626435],[0.318975,46.5631933],[0.318934,46.5633346],[0.3189147,46.563789],[0.3188654,46.5641538],[0.3189401,46.5642925],[0.3189967,46.564441],[0.3192039,46.5648077],[0.3192076,46.5649162],[0.3192072,46.5649254],[0.3192032,46.565006],[0.3191977,46.5650856],[0.3193141,46.5651895],[0.3194618,46.5654364],[0.3195006,46.5654914],[0.3195994,46.5656256],[0.3197378,46.5658241],[0.3198804,46.5663027],[0.3199338,46.5665402],[0.3201147,46.5664779],[0.3202132,46.5666122],[0.3199707,46.5666974],[0.3200094,46.5668108]]],[[[0.3782686,46.5845156],[0.37812,46.5844028],[0.377842,46.584421],[0.3768908,46.5845863],[0.3762592,46.584678],[0.3759846,46.5847229],[0.3758645,46.5847509],[0.3758495,46.5849713],[0.3758865,46.5851234],[0.3760249,46.5852686],[0.3763562,46.5854061],[0.3769358,46.5855645],[0.3773453,46.5854626],[0.3776527,46.585266],[0.3779233,46.5849462],[0.3782294,46.5846864],[0.3782686,46.5845156]]],[[[0.3397815,46.6010464],[0.339788,46.601066],[0.3399517,46.6011496],[0.3399766,46.6011532],[0.3400213,46.6011451],[0.3401505,46.6010856],[0.340251,46.601036],[0.3403046,46.6009983],[0.34034,46.6009726],[0.3401195,46.6007814],[0.3400714,46.6008181],[0.3398463,46.6009641],[0.3398047,46.6009959],[0.3397898,46.6010282],[0.3397815,46.6010464]]],[[[0.300135,46.6251174],[0.3002028,46.6251589],[0.300271,46.6251911],[0.3003683,46.625263],[0.3006942,46.6255723],[0.30084,46.6257412],[0.3011539,46.6261125],[0.3012655,46.6262594],[0.301407,46.6264283],[0.3018067,46.626777],[0.3020249,46.6269487],[0.3021605,46.6268805],[0.3021965,46.6267801],[0.3020134,46.6265876],[0.3018126,46.6263898],[0.3017068,46.6262764],[0.3016596,46.6263026],[0.3014875,46.6261202],[0.3015689,46.626084],[0.3014596,46.6259052],[0.3012506,46.6256886],[0.301043,46.6254536],[0.3007121,46.6251493],[0.3005994,46.6250333],[0.3004195,46.6247684],[0.300277,46.6246506],[0.3001222,46.6246642],[0.3000894,46.6249068],[0.300135,46.6251174]]],[[[0.2816814,46.6377637],[0.2816995,46.6376702],[0.2816908,46.6375769],[0.2816522,46.6374861],[0.2815884,46.6374037],[0.2814998,46.637331],[0.2813928,46.6372735],[0.2812689,46.6372327],[0.2811362,46.6372101],[0.2809998,46.6372068],[0.280864,46.6372231],[0.2807375,46.6372579],[0.2806238,46.6373103],[0.2805298,46.6373786],[0.2804077,46.6375036],[0.2803784,46.6376193],[0.2803961,46.6377363],[0.2804377,46.6378232],[0.2805033,46.6379065],[0.2805904,46.6379781],[0.2806986,46.6380358],[0.2808213,46.6380776],[0.2809551,46.6381002],[0.2810915,46.6381035],[0.2812112,46.6380888],[0.2813539,46.6380513],[0.2814664,46.6379989],[0.281562,46.6379317],[0.2816339,46.6378516],[0.2816814,46.6377637]]],[[[0.2906074,46.6351374],[0.2907019,46.6351693],[0.2910249,46.6352719],[0.2914169,46.6353886],[0.2920957,46.6353187],[0.2924013,46.6352575],[0.2924837,46.6352103],[0.2926051,46.634924],[0.2926523,46.6347165],[0.2926931,46.6344967],[0.2928151,46.6340702],[0.2925957,46.6337972],[0.2920711,46.633608],[0.2915104,46.6335436],[0.2911076,46.6336435],[0.2907759,46.6338657],[0.2906158,46.6340151],[0.2904599,46.6341362],[0.2902922,46.6343131],[0.2902881,46.6345134],[0.2903233,46.6347586],[0.2904362,46.6349341],[0.2906074,46.6351374]]],[[[0.3260868,46.6315578],[0.3248381,46.630941],[0.3235892,46.6301675],[0.3233744,46.630133],[0.3232809,46.6302534],[0.3232956,46.6303223],[0.3239128,46.6307129],[0.3243238,46.6309555],[0.3251138,46.6313337],[0.3255912,46.6316148],[0.3258847,46.6317106],[0.3259998,46.6316682],[0.3260868,46.6315578]]],[[[0.321983,46.6290117],[0.3218671,46.6290704],[0.3217782,46.6291623],[0.3221311,46.6294385],[0.322597,46.6298019],[0.3228241,46.6299463],[0.3229809,46.6299336],[0.3230885,46.6298268],[0.322209,46.6291785],[0.321983,46.6290117]]],[[[0.308353,46.6471947],[0.3089247,46.6471581],[0.3094075,46.6471489],[0.3102295,46.6471539],[0.3103975,46.6471231],[0.3104745,46.6470023],[0.3105263,46.6469227],[0.3105401,46.6467298],[0.3104345,46.6465577],[0.3100789,46.6464788],[0.3094647,46.6464142],[0.3090443,46.6463604],[0.3086202,46.6462943],[0.308295,46.6464717],[0.3083151,46.6468504],[0.308353,46.6471947]]],[[[0.3573989,46.5474954],[0.3580396,46.5475735],[0.3584158,46.5477008],[0.3587263,46.547799],[0.3590906,46.5478983],[0.3592919,46.548084],[0.3595552,46.5480911],[0.3597316,46.5479673],[0.3597859,46.5477938],[0.3597095,46.5475681],[0.3594776,46.5473982],[0.3589904,46.5472417],[0.3579015,46.546908],[0.357542,46.5472032],[0.3573989,46.5474954]]],[[[0.3539757,46.5475072],[0.3541195,46.5475382],[0.3545898,46.5475265],[0.354915,46.5474206],[0.3562302,46.5463603],[0.3565357,46.5460484],[0.3570294,46.5456101],[0.35699,46.5453883],[0.3570078,46.5450208],[0.3569635,46.5447723],[0.356635,46.5448251],[0.3563656,46.5450325],[0.3559362,46.545364],[0.3539928,46.5471539],[0.3538624,46.5473962],[0.3539757,46.5475072]]],[[[0.376845,46.5321108],[0.3768498,46.5321344],[0.3768409,46.5321649],[0.376886,46.5322119],[0.3769768,46.5322037],[0.37701,46.5320358],[0.376995,46.5319158],[0.3770571,46.5318304],[0.3771232,46.5318084],[0.3771116,46.5317714],[0.3770142,46.5317364],[0.3769031,46.5317666],[0.3768744,46.5318334],[0.3768517,46.5319403],[0.376845,46.5321108]]],[[[0.3497614,46.5550396],[0.3498412,46.5552265],[0.3499169,46.5553458],[0.350002,46.5554255],[0.3501586,46.5555241],[0.3502864,46.5555783],[0.3503433,46.5555682],[0.350214,46.5553914],[0.3500084,46.5551403],[0.3499508,46.5549877],[0.3499472,46.5548764],[0.349951,46.5547976],[0.3498894,46.5547523],[0.3498413,46.5547337],[0.3497488,46.5547818],[0.3497605,46.554872],[0.3497567,46.5549505],[0.3497614,46.5550396]]],[[[0.3595264,46.550003],[0.3592278,46.5501411],[0.3590364,46.5504772],[0.359244,46.5507857],[0.3599974,46.5512282],[0.3603634,46.5515352],[0.3610289,46.5520146],[0.3623749,46.5525834],[0.3634283,46.5526495],[0.3639092,46.552542],[0.3643996,46.5523581],[0.3648605,46.5522317],[0.3649252,46.5519725],[0.3649291,46.5517058],[0.3649537,46.5511964],[0.364877,46.550482],[0.3639968,46.5503667],[0.3635385,46.5504298],[0.3636389,46.5507193],[0.3636592,46.5510611],[0.3635188,46.5515425],[0.3634994,46.5517966],[0.3634326,46.5519146],[0.3629268,46.5520512],[0.3624352,46.5520746],[0.361897,46.5518373],[0.3610611,46.5515032],[0.3603667,46.5509413],[0.3599453,46.5504041],[0.3595264,46.550003]]],[[[0.3426895,46.5399592],[0.3424568,46.5400867],[0.3420304,46.5403252],[0.3413926,46.5407366],[0.3408708,46.5410189],[0.3403839,46.5411231],[0.3397953,46.5411687],[0.3392745,46.5411811],[0.3387206,46.5411826],[0.3383511,46.5412251],[0.3374537,46.5411531],[0.3372042,46.5410808],[0.3370088,46.5410475],[0.3368127,46.5410205],[0.3364867,46.5409659],[0.3355842,46.5407252],[0.3351664,46.5405785],[0.3349742,46.5404798],[0.3347042,46.5403387],[0.3344035,46.5402469],[0.3338709,46.540165],[0.3332739,46.5401112],[0.3332985,46.5402722],[0.3334017,46.5403411],[0.3335589,46.5403703],[0.3337662,46.540368],[0.3342147,46.5404407],[0.334422,46.5405335],[0.3345455,46.540611],[0.3345497,46.5406131],[0.3346614,46.5406934],[0.3347736,46.5407615],[0.3350441,46.5409241],[0.3353366,46.5410639],[0.3360702,46.5412731],[0.336212,46.5413132],[0.3366336,46.5414467],[0.337035,46.5415369],[0.3373236,46.5416018],[0.3377852,46.541679],[0.3380943,46.5417506],[0.3383492,46.5418087],[0.3387287,46.5419534],[0.3389047,46.5419913],[0.3390829,46.5420078],[0.3392551,46.5420035],[0.3395602,46.5419484],[0.3397359,46.5419605],[0.3400578,46.542009],[0.3403188,46.5420957],[0.3409793,46.5423104],[0.3414365,46.5421727],[0.3416728,46.5421303],[0.3418415,46.5421004],[0.3419796,46.5420322],[0.3421838,46.5420051],[0.3422095,46.5420017],[0.342436,46.5419661],[0.3428359,46.5418783],[0.3428478,46.5418754],[0.343175,46.5418493],[0.3435576,46.5416905],[0.3435712,46.5416847],[0.3436168,46.5416663],[0.343603,46.5414023],[0.3435952,46.5413776],[0.34359,46.5413632],[0.3435901,46.5413612],[0.3434867,46.5410479],[0.3435004,46.5409532],[0.3435117,46.5408727],[0.3436511,46.5406889],[0.3440041,46.5402217],[0.344115,46.5400761],[0.3443962,46.5397791],[0.3444542,46.5396188],[0.3444706,46.5394996],[0.3443865,46.5392483],[0.3441593,46.5391367],[0.3439436,46.5391572],[0.3436201,46.5393163],[0.3432431,46.5396336],[0.3430296,46.53982],[0.3430067,46.5398398],[0.3428366,46.539889],[0.342784,46.5399072],[0.3426895,46.5399592]]],[[[0.3107351,46.5307266],[0.3107275,46.5301255],[0.3105426,46.529612],[0.3104064,46.5293155],[0.3100076,46.5291354],[0.3091769,46.5290187],[0.3084497,46.5289545],[0.3077209,46.5289537],[0.306476,46.5288509],[0.3058633,46.5288701],[0.3054033,46.5289452],[0.3043454,46.5290756],[0.3036812,46.5290599],[0.3027384,46.5292534],[0.3022084,46.5292481],[0.3018858,46.5292445],[0.3013805,46.5292786],[0.3010677,46.5293479],[0.3009104,46.5293759],[0.300818,46.5293931],[0.3004705,46.5294973],[0.300163,46.5296403],[0.3000037,46.5296878],[0.3000768,46.5297917],[0.2991449,46.5300958],[0.2990847,46.5300239],[0.2984738,46.5301883],[0.2982028,46.5301564],[0.2981768,46.5300882],[0.2977561,46.5301447],[0.2975083,46.5301511],[0.2973359,46.530138],[0.2971519,46.5300804],[0.2970512,46.5300269],[0.2970281,46.530011],[0.2969421,46.5299528],[0.2967431,46.5299367],[0.2962255,46.5300053],[0.2956706,46.5300596],[0.2953095,46.5302024],[0.2950918,46.5303199],[0.2948445,46.530497],[0.2942013,46.5310666],[0.293579,46.5316428],[0.2929311,46.5318339],[0.2921731,46.5319161],[0.2916207,46.5318806],[0.2910544,46.5319193],[0.2905719,46.5320049],[0.2899078,46.5324911],[0.2895468,46.5329845],[0.2890994,46.5334667],[0.2888798,46.5337416],[0.2886646,46.5338939],[0.2877408,46.5344496],[0.2877535,46.534461],[0.287782,46.5344884],[0.28806,46.5343794],[0.288137,46.5343507],[0.2884165,46.5342355],[0.2887315,46.5340999],[0.289269,46.5339235],[0.289423,46.534103],[0.289413,46.5341314],[0.2892629,46.5342281],[0.2892308,46.5342436],[0.2890463,46.534322],[0.2886219,46.5344838],[0.2886485,46.534516],[0.2886807,46.5345547],[0.2882796,46.5346647],[0.2880724,46.5347202],[0.2880784,46.5347244],[0.2882417,46.5348591],[0.2884429,46.5350182],[0.2884471,46.5350224],[0.2886645,46.5349746],[0.2889876,46.5349033],[0.2891332,46.5349835],[0.2887502,46.5353291],[0.2887548,46.5353323],[0.2888484,46.5354102],[0.2888697,46.5354302],[0.288891,46.5354204],[0.2889319,46.5354009],[0.2890933,46.5353137],[0.2893409,46.5352807],[0.2895237,46.535236],[0.2896267,46.5351895],[0.290521,46.5346912],[0.2913017,46.5343337],[0.2913202,46.5343249],[0.2917165,46.5341287],[0.2920298,46.5340196],[0.2923599,46.5339334],[0.2924382,46.5339097],[0.2925505,46.5338582],[0.2929194,46.5336451],[0.2929838,46.5336026],[0.2931808,46.5334529],[0.293598,46.533286],[0.2936983,46.5332372],[0.2939728,46.5330741],[0.2944236,46.5328291],[0.2947934,46.532661],[0.2949867,46.5325235],[0.2950133,46.5324914],[0.2952516,46.532173],[0.2952723,46.5321428],[0.2954784,46.5318093],[0.2958767,46.5313914],[0.2958846,46.5313823],[0.2958974,46.5313684],[0.2960532,46.531181],[0.2961418,46.5311555],[0.2964924,46.5311065],[0.2967388,46.5311297],[0.2967844,46.5311328],[0.2971924,46.5311516],[0.2972131,46.5311521],[0.2972338,46.5311526],[0.2976677,46.5311537],[0.2977864,46.5311462],[0.298247,46.5310886],[0.2982963,46.5310816],[0.2986402,46.5310192],[0.2986446,46.5310173],[0.2989541,46.5309592],[0.2989826,46.5309537],[0.2994047,46.5308604],[0.2994694,46.5308435],[0.3002996,46.5305902],[0.3003386,46.5305778],[0.3008407,46.5303954],[0.3016791,46.5302169],[0.3020129,46.5301512],[0.3024544,46.5301483],[0.302481,46.5301479],[0.3024869,46.530148],[0.3029313,46.5301412],[0.3038154,46.5301784],[0.3038818,46.5301809],[0.3038982,46.5301813],[0.3039248,46.5301819],[0.3045442,46.5301792],[0.3046853,46.5301682],[0.3057573,46.5299993],[0.306887,46.5299798],[0.3073356,46.5300385],[0.3077788,46.530096],[0.3078127,46.5300997],[0.3089761,46.5302068],[0.3091121,46.5302663],[0.309195,46.5304768],[0.3091013,46.5307241],[0.3088573,46.5310178],[0.3087714,46.5312254],[0.3088491,46.5314521],[0.3090792,46.5316221],[0.3093338,46.5316864],[0.309462,46.5316985],[0.3096617,46.5317399],[0.3099177,46.5317113],[0.3105898,46.5315339],[0.3106639,46.5315102],[0.3108682,46.5313922],[0.3111236,46.5311693],[0.3111656,46.5311283],[0.3112979,46.5309945],[0.3115286,46.5309702],[0.3116306,46.5310064],[0.3118607,46.5311764],[0.3119276,46.5312015],[0.3124888,46.5313854],[0.3132096,46.5316354],[0.3139392,46.531953],[0.3139419,46.5319542],[0.3140935,46.5320016],[0.3147399,46.5321406],[0.3154158,46.5322862],[0.3155879,46.5323066],[0.3155926,46.5323067],[0.31709,46.5323357],[0.3172041,46.5323312],[0.3186318,46.5321848],[0.3187601,46.532196],[0.3187906,46.5325729],[0.3188675,46.5327598],[0.3188967,46.5327951],[0.3192531,46.5331695],[0.3193998,46.5334029],[0.3194237,46.5334351],[0.319487,46.533502],[0.3197708,46.533751],[0.3199377,46.533854],[0.3199565,46.5338617],[0.3216186,46.5345252],[0.3216667,46.5345426],[0.322317,46.5347551],[0.3224693,46.5351135],[0.322525,46.5355195],[0.3225263,46.5355237],[0.3225993,46.5359988],[0.3226089,46.5360429],[0.3228139,46.5367254],[0.3228474,46.5368008],[0.3234522,46.5378434],[0.3237296,46.5383763],[0.3237682,46.5384355],[0.3239984,46.5386055],[0.3242147,46.5386985],[0.3242524,46.5387137],[0.3245259,46.5388141],[0.3249949,46.5391624],[0.3254209,46.5396517],[0.3256945,46.5401509],[0.3258663,46.5405128],[0.3259743,46.5406665],[0.3258407,46.5410028],[0.3257688,46.5411667],[0.3257396,46.5412825],[0.3257773,46.541449],[0.3258381,46.541567],[0.3258782,46.5416272],[0.3259176,46.541671],[0.3259992,46.5417547],[0.3260396,46.5418098],[0.3260746,46.5418803],[0.3261171,46.5419467],[0.326123,46.5419549],[0.3262512,46.5421122],[0.3261772,46.5423835],[0.3261664,46.5424507],[0.3261688,46.5424989],[0.3262548,46.5433074],[0.3262644,46.5433587],[0.3264378,46.5439853],[0.3264918,46.5440969],[0.3266317,46.5442966],[0.3266507,46.5443],[0.3266535,46.5442991],[0.32654,46.5443516],[0.3264462,46.5444199],[0.3263741,46.5444991],[0.3263267,46.5445879],[0.3263077,46.5446805],[0.3263175,46.5447748],[0.3263562,46.5448646],[0.3264203,46.5449479],[0.3265073,46.5450194],[0.3266153,46.5450772],[0.3267378,46.5451189],[0.3267494,46.5451211],[0.3268715,46.5451413],[0.3270076,46.5451445],[0.327142,46.5451283],[0.3272695,46.5450924],[0.3273818,46.5450398],[0.3274767,46.5449726],[0.3275488,46.5448925],[0.3275962,46.5448047],[0.3276142,46.544711],[0.3276054,46.5446177],[0.3275668,46.5445269],[0.3275406,46.5444925],[0.3279356,46.54465],[0.3287441,46.545178],[0.3291562,46.5456568],[0.3296264,46.5460389],[0.3298663,46.5462192],[0.3302827,46.5464917],[0.3303611,46.546795],[0.3306861,46.5471737],[0.3309411,46.5474782],[0.3314204,46.5478563],[0.3319202,46.548235],[0.3324319,46.5486804],[0.3326779,46.5490091],[0.3328122,46.5495959],[0.333213,46.5500346],[0.3334879,46.5504447],[0.3335927,46.5506333],[0.333759,46.5507169],[0.333833,46.550783],[0.3339574,46.5509301],[0.3341585,46.5512393],[0.3344225,46.5516892],[0.3344377,46.551715],[0.3344416,46.5517223],[0.3345045,46.5518302],[0.3346334,46.5521029],[0.3348818,46.5523593],[0.3350931,46.5526453],[0.3351,46.5526547],[0.3351835,46.552767],[0.335218,46.5528148],[0.3352216,46.5528364],[0.3352934,46.5532755],[0.3354922,46.5536318],[0.335793,46.5536009],[0.3362313,46.5534844],[0.3359356,46.552441],[0.335682,46.5521152],[0.3349873,46.5510828],[0.3345073,46.550533],[0.3343603,46.5502075],[0.3342267,46.549911],[0.3333339,46.5486288],[0.332884,46.5478568],[0.3328065,46.5477752],[0.3326475,46.5476069],[0.3325255,46.5475212],[0.3325059,46.547531],[0.3323956,46.5475744],[0.3320902,46.5472443],[0.3320619,46.5472539],[0.3318957,46.5470722],[0.3320366,46.5470109],[0.3320842,46.5469743],[0.3320803,46.5469661],[0.3311401,46.5461345],[0.331133,46.5461281],[0.331055,46.546153],[0.3308349,46.5459505],[0.3309058,46.5459266],[0.3308578,46.5458846],[0.329764,46.5448951],[0.3285728,46.5441661],[0.3284591,46.5440958],[0.327765,46.543448],[0.3274678,46.5430158],[0.3273098,46.5426113],[0.3270895,46.5423343],[0.3270866,46.5423302],[0.3271134,46.54239],[0.3270587,46.5422681],[0.3270341,46.542194],[0.327015,46.542128],[0.3270039,46.5420839],[0.3269978,46.5420562],[0.3269871,46.5419383],[0.3270418,46.5419428],[0.3270465,46.5419429],[0.3270323,46.5417452],[0.3270126,46.5412765],[0.3271263,46.5407946],[0.3272249,46.540207],[0.3271169,46.539813],[0.3269197,46.5393617],[0.3260143,46.5385513],[0.3253137,46.537799],[0.3249477,46.5372517],[0.3247648,46.5369653],[0.3245675,46.5365794],[0.3244131,46.5361353],[0.3245558,46.5358543],[0.3245646,46.5357616],[0.3245248,46.535639],[0.3240627,46.5349136],[0.3234487,46.5342654],[0.3227301,46.5337282],[0.3222927,46.5336158],[0.32177,46.5334931],[0.3214758,46.5332399],[0.3207591,46.5328164],[0.3204107,46.5324003],[0.3202661,46.5320912],[0.3201929,46.5318268],[0.3190279,46.5312985],[0.3183179,46.5312514],[0.3182372,46.5313312],[0.318014,46.5313771],[0.3170549,46.5313627],[0.3160517,46.5312544],[0.3150399,46.5310435],[0.314554,46.5309555],[0.3141333,46.5307503],[0.3129881,46.5303615],[0.3125797,46.5303213],[0.312034,46.5304904],[0.3118787,46.5302721],[0.311437,46.5302157],[0.3111534,46.5302325],[0.3107315,46.5303791],[0.3107351,46.5307266]],[[0.3343415,46.5501661],[0.334226,46.5501972],[0.3341595,46.5500433],[0.3342694,46.5500071],[0.3343415,46.5501661]]],[[[0.3798578,46.5319825],[0.3800184,46.5319412],[0.3800543,46.5318706],[0.3799618,46.5318224],[0.3798877,46.5318575],[0.3797649,46.5319436],[0.37973,46.5320256],[0.3798368,46.5320188],[0.3798578,46.5319825]]],[[[0.3331897,46.694708],[0.3331797,46.6946148],[0.3331132,46.6944813],[0.3329895,46.6943692],[0.3328812,46.6943114],[0.3327583,46.6942697],[0.3325561,46.6942435],[0.332353,46.6942603],[0.3322251,46.6942962],[0.3321126,46.6943488],[0.3319781,46.6944549],[0.331945,46.6944961],[0.3318975,46.694585],[0.3318796,46.6946775],[0.3318883,46.6947718],[0.331956,46.6949042],[0.3320481,46.6949975],[0.3321869,46.6950742],[0.3323568,46.6951272],[0.332512,46.6951421],[0.3326712,46.6951315],[0.3328429,46.6950895],[0.3329967,46.6950143],[0.3330912,46.6949305],[0.3331651,46.6948169],[0.3331897,46.694708]]],[[[0.3809281,46.5311679],[0.3809009,46.5311805],[0.3808976,46.5311824],[0.3808872,46.5311884],[0.3808839,46.5311903],[0.3808746,46.5311983],[0.3808733,46.5311993],[0.3808639,46.5312082],[0.3808606,46.5312123],[0.3808576,46.5312173],[0.3808513,46.5312263],[0.3808462,46.5312334],[0.3808461,46.5312355],[0.3808414,46.5312436],[0.3808379,46.5312527],[0.3808347,46.5312618],[0.380833,46.5312649],[0.3808296,46.5312709],[0.3808232,46.5312799],[0.3808186,46.5312859],[0.3808169,46.5312889],[0.3808079,46.531297],[0.3808046,46.531301],[0.3807985,46.5313059],[0.3807922,46.531314],[0.3807906,46.531315],[0.3807812,46.5313239],[0.3807782,46.5313279],[0.3807721,46.531333],[0.3807644,46.5313388],[0.3807611,46.5313418],[0.3807519,46.5313468],[0.3807458,46.5313507],[0.3807382,46.5313546],[0.3807293,46.5313595],[0.3807245,46.5313614],[0.3807168,46.5313675],[0.3807108,46.5313714],[0.3807062,46.5313764],[0.3806983,46.5313854],[0.380692,46.5313945],[0.3806873,46.5314035],[0.3806837,46.5314127],[0.3806836,46.5314147],[0.3806833,46.5314209],[0.3806813,46.53143],[0.3806809,46.5314393],[0.3806777,46.5314484],[0.3806725,46.5314574],[0.3806696,46.5314613],[0.3806647,46.5314665],[0.3806557,46.5314744],[0.3806447,46.5314834],[0.3806418,46.5314863],[0.3806356,46.5314924],[0.380629,46.5315003],[0.3806277,46.5315014],[0.3806199,46.5315104],[0.3806149,46.5315154],[0.380612,46.5315194],[0.3806041,46.5315284],[0.3806009,46.5315303],[0.3805947,46.5315363],[0.3805885,46.5315444],[0.3805869,46.5315454],[0.380579,46.5315545],[0.3805744,46.5315604],[0.3805711,46.5315634],[0.3805648,46.5315725],[0.3805602,46.5315796],[0.3805601,46.5315815],[0.3805554,46.5315896],[0.3805518,46.5315987],[0.3805498,46.5316079],[0.3805478,46.5316171],[0.3805462,46.5316252],[0.3805462,46.5316263],[0.3805426,46.5316354],[0.3805379,46.5316434],[0.3805343,46.5316525],[0.3805312,46.5316596],[0.3805311,46.5316616],[0.3805276,46.5316707],[0.3805244,46.53168],[0.380524,46.5316881],[0.3805236,46.5316973],[0.3805231,46.5317065],[0.3805254,46.5317157],[0.3805281,46.531725],[0.3805291,46.531728],[0.3805304,46.5317332],[0.3805359,46.5317425],[0.3805414,46.5317488],[0.3805444,46.5317519],[0.3805545,46.5317613],[0.3805675,46.5317698],[0.3805788,46.5317773],[0.3805862,46.5317795],[0.3805919,46.5317816],[0.3806051,46.531786],[0.3806183,46.5317883],[0.3806256,46.5317895],[0.3806315,46.5317897],[0.3806448,46.531791],[0.3806564,46.5317923],[0.3806697,46.5317926],[0.3806831,46.5317918],[0.3806964,46.5317912],[0.3806981,46.5317901],[0.3807098,46.5317895],[0.3807221,46.5317867],[0.3807355,46.5317849],[0.3807443,46.5317821],[0.380749,46.5317812],[0.3807625,46.5317783],[0.380776,46.5317746],[0.380776,46.5317736],[0.3807879,46.5317698],[0.3808015,46.531765],[0.380815,46.5317601],[0.3808227,46.5317563],[0.3808286,46.5317544],[0.3808407,46.5317475],[0.3808547,46.5317406],[0.3808575,46.5317396],[0.3808684,46.5317328],[0.3808713,46.5317307],[0.3808822,46.5317239],[0.3808835,46.5317218],[0.3808944,46.531715],[0.3809156,46.5317042],[0.3809216,46.5317023],[0.3809337,46.5316954],[0.3809352,46.5316955],[0.3809474,46.5316865],[0.3809584,46.5316776],[0.3809613,46.5316756],[0.3809674,46.5316696],[0.3809753,46.5316605],[0.3809816,46.5316516],[0.3809883,46.5316424],[0.3809884,46.5316414],[0.3809946,46.5316335],[0.3810009,46.5316243],[0.3810026,46.5316224],[0.3810088,46.5316154],[0.3810166,46.5316084],[0.3810166,46.5316073],[0.3810257,46.5315983],[0.381029,46.5315954],[0.3810351,46.5315894],[0.3810429,46.5315814],[0.381043,46.5315803],[0.3810509,46.5315713],[0.3810572,46.5315623],[0.3810619,46.5315542],[0.381067,46.5315451],[0.38107,46.5315391],[0.3810733,46.5315361],[0.3810781,46.5315269],[0.3810828,46.5315179],[0.3810845,46.5315148],[0.3810879,46.5315088],[0.3810911,46.5315006],[0.3810946,46.5314915],[0.3810967,46.5314824],[0.3810983,46.5314732],[0.3811003,46.5314641],[0.3811022,46.531456],[0.3811042,46.5314469],[0.3811062,46.5314377],[0.3811079,46.5314285],[0.3811099,46.5314193],[0.3811119,46.5314102],[0.3811123,46.531402],[0.3811143,46.531393],[0.3811147,46.5313837],[0.3811152,46.5313746],[0.3811152,46.5313735],[0.3811172,46.5313653],[0.3811176,46.5313572],[0.381118,46.531348],[0.3811196,46.5313388],[0.3811201,46.5313297],[0.3811205,46.5313205],[0.3811209,46.5313123],[0.3811213,46.5313031],[0.3811218,46.5312939],[0.381121,46.5312846],[0.3811199,46.5312755],[0.3811201,46.5312715],[0.3811187,46.5312672],[0.3811161,46.531258],[0.3811153,46.5312487],[0.3811111,46.5312395],[0.3811088,46.5312302],[0.3811072,46.5312302],[0.3811033,46.531222],[0.3810975,46.5312125],[0.3810949,46.5312085],[0.3810921,46.5312033],[0.3810839,46.5311938],[0.3810824,46.5311929],[0.3810753,46.5311856],[0.3810712,46.5311814],[0.381064,46.531176],[0.3810583,46.5311718],[0.381048,46.5311666],[0.3810453,46.5311654],[0.3810319,46.5311599],[0.3810234,46.5311567],[0.3810188,46.5311555],[0.3810056,46.5311533],[0.3809938,46.531153],[0.3809805,46.5311527],[0.3809671,46.5311544],[0.3809627,46.5311563],[0.3809536,46.5311581],[0.3809401,46.5311619],[0.3809357,46.5311649],[0.3809281,46.5311679]]],[[[0.3852189,46.5314745],[0.3852602,46.5314141],[0.3852635,46.5313201],[0.385265,46.5312895],[0.3852264,46.5312295],[0.3851445,46.5311734],[0.3851784,46.53112],[0.3852316,46.531022],[0.3852571,46.5309234],[0.3852726,46.5307888],[0.3852459,46.5307003],[0.385208,46.5306259],[0.3850802,46.5306024],[0.3849505,46.530621],[0.3848067,46.530679],[0.38479,46.5307267],[0.3848139,46.5308079],[0.3848867,46.5308414],[0.3849479,46.530854],[0.3850192,46.5308863],[0.3850312,46.5309469],[0.3850205,46.5309824],[0.3849795,46.5310357],[0.3849318,46.5311336],[0.3849551,46.5312027],[0.3850051,46.5312704],[0.385016,46.5313207],[0.3849631,46.5313451],[0.3849012,46.5313947],[0.3848968,46.5314304],[0.3849328,46.5314793],[0.3850341,46.5315317],[0.3851193,46.5315428],[0.3851781,46.5315247],[0.3852189,46.5314745]]],[[[0.2745699,46.6420518],[0.2742111,46.6421619],[0.2736843,46.6421584],[0.2733766,46.6422596],[0.2732806,46.6423033],[0.2731263,46.6425174],[0.2728489,46.6427735],[0.2724823,46.6430101],[0.2721812,46.6433075],[0.2720248,46.6434613],[0.2716901,46.6438345],[0.2716725,46.6438566],[0.2716904,46.6438602],[0.2716254,46.6439669],[0.2715057,46.6441625],[0.271581,46.644203],[0.2716044,46.6442128],[0.2716096,46.6442263],[0.2716137,46.6442314],[0.2717994,46.6444015],[0.2717994,46.6444024],[0.2720693,46.6446471],[0.2720692,46.644648],[0.2724099,46.6449609],[0.2725769,46.6450037],[0.2726652,46.6449025],[0.2727282,46.6448274],[0.2727344,46.6448213],[0.272744,46.6448094],[0.2727565,46.6447954],[0.2728188,46.6447355],[0.2731453,46.6444694],[0.2732797,46.6443641],[0.2736679,46.6440819],[0.2737772,46.6440069],[0.273846,46.6439655],[0.273852,46.6439627],[0.2739543,46.6439109],[0.2740744,46.6438556],[0.2744836,46.6436864],[0.2745044,46.6437104],[0.2746378,46.6438363],[0.2751247,46.6433305],[0.2754815,46.6431714],[0.2759522,46.6430507],[0.2766595,46.6427047],[0.2773477,46.6423315],[0.2779951,46.642028],[0.278104,46.6418986],[0.2781539,46.6417956],[0.2781699,46.6416805],[0.2781776,46.6415263],[0.2781357,46.6414138],[0.2781046,46.6413221],[0.2780521,46.6412197],[0.2779843,46.6411465],[0.2778811,46.6410765],[0.2777491,46.6410151],[0.2775976,46.6409533],[0.277437,46.6409004],[0.277308,46.6408749],[0.277139,46.6408638],[0.2768259,46.640894],[0.2765884,46.6409589],[0.276308,46.6411046],[0.2758984,46.6413679],[0.2751964,46.6416956],[0.2746783,46.6420186],[0.2745699,46.6420518]]],[[[0.3279423,46.6471818],[0.3282441,46.6470222],[0.3286923,46.6464808],[0.3290494,46.6465207],[0.3294146,46.6465567],[0.3298967,46.6464965],[0.330381,46.6464014],[0.3306992,46.6461154],[0.330944,46.645789],[0.3311057,46.6453021],[0.3310505,46.6451547],[0.3310268,46.6450937],[0.3306152,46.644805],[0.3296641,46.6448566],[0.3292352,46.6447995],[0.3290025,46.6446713],[0.3276482,46.6442637],[0.3272223,46.6441689],[0.3264293,46.6440871],[0.3242658,46.6440458],[0.3230164,46.6440667],[0.3228858,46.644128],[0.3228553,46.6441416],[0.3225334,46.6444714],[0.3223319,46.6447693],[0.3223556,46.6450683],[0.322237,46.6450615],[0.3222237,46.6450612],[0.3217281,46.6449412],[0.3216035,46.6448494],[0.3213303,46.6445465],[0.3211498,46.6441477],[0.3209007,46.643964],[0.3205753,46.6438767],[0.3196372,46.6436973],[0.3189605,46.6434537],[0.3191357,46.6435201],[0.317972,46.6440324],[0.3172035,46.6443191],[0.3162929,46.6445525],[0.3148519,46.6446536],[0.3137563,46.6446364],[0.3134113,46.6446438],[0.3133297,46.6447558],[0.3128889,46.6447653],[0.3128326,46.6447591],[0.3128288,46.6447027],[0.3127464,46.6445578],[0.3114682,46.6444389],[0.3125663,46.6463358],[0.3154256,46.6481293],[0.3157015,46.6481357],[0.3166503,46.6483716],[0.3172955,46.6488343],[0.3181936,46.6484415],[0.318991,46.6481341],[0.3190378,46.6481801],[0.3195023,46.6480008],[0.3208995,46.6493787],[0.3219151,46.64892],[0.3222441,46.6488388],[0.322524,46.6487891],[0.3227813,46.6488401],[0.3230452,46.64879],[0.3245954,46.6483202],[0.3258651,46.6481934],[0.3279423,46.6471818]],[[0.3247677,46.6470601],[0.3251969,46.6474543],[0.3235552,46.6483792],[0.323495,46.6483424],[0.323226,46.6481778],[0.3233171,46.6479298],[0.3233132,46.64789],[0.3247677,46.6470601]]],[[[0.3482372,46.6035292],[0.3484438,46.6036117],[0.3486455,46.6037053],[0.3488436,46.603809],[0.3489659,46.6038579],[0.3489948,46.6038688],[0.3490412,46.6038903],[0.3491046,46.6039336],[0.349132,46.6039753],[0.3491419,46.6040205],[0.3493427,46.6039156],[0.3493244,46.6038959],[0.3492278,46.6038036],[0.3491374,46.603686],[0.3489857,46.6035956],[0.3488901,46.6035229],[0.3488648,46.6034292],[0.3487296,46.6033148],[0.3486646,46.6032499],[0.3482372,46.6035292]]],[[[0.3734356,46.6130491],[0.3743197,46.6132024],[0.3744236,46.613081],[0.3744824,46.612878],[0.3745756,46.612695],[0.3747419,46.612475],[0.3747813,46.6124299],[0.3746281,46.6123456],[0.3744679,46.6122192],[0.3741914,46.6120248],[0.3739848,46.6119414],[0.3738075,46.612104],[0.3736043,46.6125031],[0.3734871,46.6127529],[0.3734356,46.6130491]]],[[[0.4444937,46.6580906],[0.4444833,46.6579963],[0.4444153,46.6578629],[0.4442915,46.6577508],[0.4441843,46.6576932],[0.4440598,46.6576526],[0.4438593,46.6576257],[0.4437909,46.6576271],[0.4436567,46.6576436],[0.4435287,46.6576786],[0.4434163,46.6577313],[0.4432821,46.6578377],[0.4432018,46.6579678],[0.4431841,46.6580614],[0.443193,46.6581546],[0.4432319,46.6582455],[0.4432609,46.658288],[0.4433848,46.6584001],[0.443492,46.6584577],[0.4436165,46.6584982],[0.443817,46.6585253],[0.4440196,46.6585072],[0.4441476,46.6584723],[0.44426,46.6584196],[0.4443942,46.6583133],[0.4444745,46.6581832],[0.4444937,46.6580906]]],[[[0.4536622,46.6617311],[0.4536521,46.6616368],[0.4536131,46.661547],[0.4535703,46.6615062],[0.4535473,46.6614618],[0.4534557,46.6613881],[0.4533396,46.6613364],[0.4532214,46.6612869],[0.4530843,46.6612634],[0.4530146,46.661269],[0.4529483,46.6612604],[0.4528109,46.6612768],[0.4526839,46.6613219],[0.45256,46.6613702],[0.4524646,46.6614377],[0.4524374,46.6614811],[0.4523925,46.6615178],[0.4523439,46.6616077],[0.4523379,46.6617037],[0.4523349,46.6617997],[0.452375,46.6618916],[0.4524163,46.6619303],[0.4524424,46.6619779],[0.4525324,46.6620505],[0.4526475,46.6621],[0.4527637,46.6621497],[0.4529023,46.6621731],[0.4530415,46.6621762],[0.4531805,46.6621589],[0.4533031,46.6621145],[0.4534238,46.6620693],[0.4535221,46.661999],[0.4535493,46.6619555],[0.4535958,46.6619166],[0.4536431,46.6618288],[0.4536622,46.6617311]]],[[[0.4556885,46.6633604],[0.455678,46.6632661],[0.455639,46.6631763],[0.45561,46.6631338],[0.4555746,46.6630932],[0.4555011,46.6630444],[0.4553788,46.662964],[0.4552544,46.6629225],[0.4550538,46.6628966],[0.455002,46.6628965],[0.4547787,46.6629039],[0.4547507,46.6629052],[0.454557,46.6629172],[0.4544346,46.6629329],[0.4543065,46.6629689],[0.4541941,46.6630217],[0.4540991,46.6630891],[0.45406,46.663128],[0.454038,46.6631541],[0.4539941,46.6632114],[0.4539355,46.6633143],[0.4539166,46.6634079],[0.4539205,46.6634755],[0.4539486,46.6636377],[0.4540228,46.6637968],[0.4541467,46.6639088],[0.4542539,46.6639664],[0.4543784,46.664008],[0.4545789,46.664034],[0.4548161,46.6640086],[0.4549558,46.6639748],[0.4550023,46.6639637],[0.4550943,46.6639359],[0.455141,46.6639197],[0.4552122,46.6638895],[0.4553734,46.6638104],[0.4555486,46.6636813],[0.4556239,46.6635665],[0.4556642,46.6634682],[0.4556885,46.6633604]]],[[[0.4631847,46.6759539],[0.4631742,46.6758597],[0.4631356,46.6757699],[0.4631002,46.6757292],[0.4630711,46.6756866],[0.4629807,46.6756142],[0.4628674,46.6755595],[0.4627478,46.6755139],[0.4626138,46.6754915],[0.4625423,46.6754919],[0.4624773,46.6754884],[0.4623371,46.6755048],[0.4622131,46.675545],[0.4620966,46.6755935],[0.4619983,46.6756629],[0.4619654,46.6757041],[0.4619263,46.6757432],[0.461879,46.6758311],[0.4618601,46.6759246],[0.46187,46.676023],[0.461909,46.6761128],[0.4619444,46.6761534],[0.4619749,46.676198],[0.462065,46.6762706],[0.4621722,46.6763281],[0.4622967,46.6763697],[0.4624292,46.6763921],[0.4625003,46.6763906],[0.4625716,46.6763953],[0.4627058,46.6763787],[0.462831,46.6763376],[0.4629508,46.676287],[0.4630462,46.6762197],[0.4630792,46.6761785],[0.4631183,46.6761396],[0.4631652,46.6760517],[0.4631847,46.6759539]]],[[[0.4680004,46.6593932],[0.4679835,46.6592772],[0.46797,46.6591533],[0.467931,46.6590634],[0.4677777,46.6589088],[0.4676375,46.6588331],[0.4674777,46.6587836],[0.4672821,46.6587435],[0.4671262,46.6587461],[0.4669288,46.6587775],[0.4667668,46.658819],[0.4666281,46.6588874],[0.4666405,46.6588837],[0.4665322,46.6589742],[0.4664571,46.6590543],[0.4664102,46.6591423],[0.4663731,46.6593306],[0.4663809,46.6594851],[0.4664386,46.6595855],[0.4664987,46.6596931],[0.4666601,46.6598009],[0.4668998,46.6598798],[0.467072,46.6599092],[0.4671791,46.6599096],[0.4673504,46.659898],[0.4675494,46.6598656],[0.4677372,46.6597766],[0.4678326,46.6597093],[0.4679143,46.6596416],[0.4679727,46.6595079],[0.4680004,46.6593932]]],[[[0.4702728,46.6573948],[0.4702623,46.6573005],[0.4701942,46.6571682],[0.4700703,46.6570561],[0.4699631,46.6569985],[0.4699442,46.656991],[0.4698128,46.656939],[0.4697076,46.6569051],[0.4695071,46.6568792],[0.4694533,46.6568789],[0.4692705,46.6568851],[0.4690852,46.6569107],[0.4689383,46.6569463],[0.4688464,46.6569739],[0.468734,46.6570266],[0.4686374,46.657095],[0.4685522,46.6571708],[0.4685147,46.6572089],[0.4684345,46.6573378],[0.4684152,46.6574316],[0.4684258,46.6575258],[0.4684782,46.6576384],[0.4685032,46.6576747],[0.4685188,46.6576945],[0.4685881,46.6577665],[0.4686538,46.6578221],[0.4688156,46.6579199],[0.4688376,46.6579284],[0.4689483,46.6579718],[0.4692219,46.6580298],[0.4693178,46.6580351],[0.4693476,46.6580357],[0.4694159,46.6580352],[0.4695422,46.6580289],[0.4696769,46.6580124],[0.4698045,46.6579764],[0.4698561,46.657956],[0.4699592,46.6579092],[0.470154,46.6577704],[0.4702342,46.6576414],[0.470251,46.6575753],[0.470262,46.6574918],[0.4702624,46.6574835],[0.4702703,46.6574142],[0.4702728,46.6573948]]],[[[0.4788557,46.6594248],[0.4788619,46.659291],[0.4788513,46.6591967],[0.4787833,46.6590644],[0.4786837,46.6589693],[0.4784969,46.6588322],[0.4783653,46.6587579],[0.4782413,46.6587161],[0.4780403,46.6586903],[0.4778378,46.6587072],[0.4777097,46.6587434],[0.4777053,46.6587453],[0.477595,46.6587868],[0.4774871,46.6588377],[0.477353,46.658944],[0.477278,46.659062],[0.4772545,46.6591208],[0.4772304,46.6592255],[0.4772235,46.6593736],[0.4772337,46.6594678],[0.4773021,46.6596002],[0.4774261,46.6597123],[0.4775329,46.6597697],[0.4776163,46.6598003],[0.4778284,46.6598642],[0.4780023,46.6598977],[0.4780705,46.6599012],[0.478273,46.6598843],[0.4784007,46.6598482],[0.4784083,46.6598454],[0.4785174,46.6598037],[0.4786222,46.6597538],[0.4787562,46.6596475],[0.4788364,46.6595185],[0.4788557,46.6594248]]],[[[0.4753141,46.6646826],[0.47562,46.664774],[0.4757228,46.6648611],[0.47583,46.6649188],[0.4759545,46.6649603],[0.4760869,46.6649827],[0.4761551,46.6649862],[0.4762592,46.6649834],[0.4763128,46.6649784],[0.476514,46.664993],[0.4765629,46.6649952],[0.4767659,46.6649782],[0.4768936,46.6649422],[0.4770059,46.6648893],[0.47714,46.664783],[0.4772203,46.6646519],[0.4772461,46.6645789],[0.4772653,46.6644873],[0.4772547,46.6643929],[0.4771867,46.6642607],[0.4771655,46.6642356],[0.4770837,46.6641449],[0.4769806,46.6640579],[0.4768733,46.6640003],[0.4767492,46.6639588],[0.476618,46.6639353],[0.4764939,46.6638938],[0.4762934,46.6638679],[0.4760904,46.6638849],[0.4759627,46.6639209],[0.4756809,46.6638514],[0.4753559,46.6637839],[0.4751529,46.6638009],[0.4750252,46.6638369],[0.4749129,46.6638897],[0.4747788,46.6639961],[0.4746986,46.6641251],[0.4746793,46.6642187],[0.4746899,46.6643121],[0.4747579,46.6644453],[0.4748818,46.6645575],[0.4749891,46.664615],[0.4751132,46.6646566],[0.4753141,46.6646826]]],[[[0.4605724,46.6521268],[0.4605619,46.6520324],[0.4604939,46.6519002],[0.4604586,46.6518595],[0.4603701,46.6517881],[0.4602629,46.6517304],[0.4600929,46.6516797],[0.4600035,46.6516624],[0.4598484,46.6516457],[0.4596185,46.6516692],[0.4594939,46.6516982],[0.4593932,46.6517275],[0.4592809,46.6517804],[0.4591994,46.6518357],[0.4591177,46.6519035],[0.4590647,46.6519545],[0.4589845,46.6520834],[0.4589652,46.6521771],[0.4589757,46.6522713],[0.4590437,46.6524038],[0.4591433,46.6524988],[0.4592408,46.6525706],[0.4593723,46.652645],[0.4594968,46.6526866],[0.4596973,46.6527126],[0.4599332,46.6526881],[0.4600233,46.6526666],[0.460118,46.6526381],[0.4602227,46.6525902],[0.4603158,46.6525382],[0.4604576,46.6524268],[0.4605378,46.6522978],[0.4605502,46.652251],[0.4605659,46.6521737],[0.4605724,46.6521268]]],[[[0.4535872,46.6475224],[0.4535861,46.6474876],[0.453574,46.6473033],[0.4535646,46.6472438],[0.453526,46.6471541],[0.4534966,46.6471115],[0.4534616,46.6470708],[0.4533727,46.6469994],[0.4532875,46.6469515],[0.4530666,46.6468485],[0.4530451,46.6468387],[0.4529207,46.6467972],[0.4527883,46.6467748],[0.4527202,46.6467713],[0.4526519,46.6467718],[0.4525173,46.6467882],[0.4523896,46.6468241],[0.452297,46.646866],[0.4520442,46.6470015],[0.4519295,46.6470798],[0.4518904,46.6471188],[0.4518574,46.6471599],[0.4518101,46.6472478],[0.4517908,46.6473414],[0.451791,46.6473721],[0.4518018,46.6475839],[0.4518122,46.6476476],[0.4518512,46.6477374],[0.4518802,46.6477798],[0.4519155,46.6478205],[0.452004,46.6478919],[0.4521112,46.6479496],[0.4522353,46.6479911],[0.4523282,46.6480085],[0.4525731,46.6480425],[0.452681,46.6480512],[0.4527493,46.6480507],[0.4528835,46.6480342],[0.4530112,46.6479981],[0.4530372,46.6479886],[0.4532672,46.6478945],[0.4533536,46.6478514],[0.453449,46.6477841],[0.4534877,46.647745],[0.453521,46.6477039],[0.4535679,46.6476161],[0.4535872,46.6475224]]],[[[0.498804,46.6579707],[0.4987934,46.6578766],[0.4987543,46.6577867],[0.4987253,46.6577442],[0.4986899,46.6577035],[0.4985983,46.65763],[0.4983822,46.6574893],[0.498278,46.657434],[0.4981535,46.6573923],[0.4980373,46.6573674],[0.4979529,46.6573665],[0.4977302,46.6573617],[0.4976623,46.6573622],[0.4975277,46.6573787],[0.4974,46.6574148],[0.4972877,46.6574675],[0.4972704,46.6574845],[0.4972276,46.6574754],[0.497216,46.6574731],[0.4972,46.6574696],[0.4971868,46.6574674],[0.4971736,46.657465],[0.4971587,46.6574626],[0.4970951,46.6574551],[0.4970803,46.6574538],[0.4970744,46.6574536],[0.4970583,46.6574522],[0.4970419,46.657451],[0.4969828,46.6574476],[0.4969648,46.6574472],[0.4969471,46.6574468],[0.4969295,46.6574464],[0.4968788,46.6574463],[0.4968596,46.657447],[0.4968403,46.6574475],[0.4967911,46.6574506],[0.4967746,46.6574522],[0.4967584,46.6574528],[0.4967509,46.6574537],[0.4967316,46.6574554],[0.4967119,46.657457],[0.4966733,46.6574613],[0.4966523,46.6574639],[0.4966433,46.6574647],[0.4966239,46.6574673],[0.4965911,46.6574727],[0.4965701,46.6574764],[0.4965567,46.6574782],[0.4965373,46.6574817],[0.4965179,46.6574854],[0.4965028,46.6574882],[0.4964921,46.6574911],[0.4964803,46.6574928],[0.4964203,46.6575068],[0.4964021,46.6575116],[0.4963826,46.6575162],[0.496375,46.657519],[0.4963675,46.6575211],[0.4963269,46.6575323],[0.4963122,46.6575372],[0.4962759,46.6575497],[0.4962683,46.6575525],[0.4962456,46.6575603],[0.4962092,46.6575748],[0.4961956,46.6575807],[0.4961655,46.6575942],[0.4961531,46.6576002],[0.4961077,46.6576227],[0.4960968,46.6576285],[0.4960589,46.6576512],[0.4960496,46.6576572],[0.4960082,46.6576859],[0.4960005,46.6576918],[0.4959494,46.6577348],[0.4959433,46.6577407],[0.4959202,46.6577647],[0.4958995,46.6577877],[0.4958949,46.6577938],[0.4958709,46.6578281],[0.495868,46.6578331],[0.4958535,46.6578572],[0.4958501,46.6578634],[0.4958094,46.6580045],[0.4958092,46.6580097],[0.495809,46.6580148],[0.4958182,46.6581029],[0.4958196,46.6581079],[0.4958501,46.6581874],[0.495853,46.6581925],[0.4958915,46.6582517],[0.4959325,46.6582975],[0.4959366,46.6583018],[0.4959956,46.6583511],[0.4960013,46.6583551],[0.496007,46.6583595],[0.4960588,46.6583942],[0.496066,46.6583986],[0.4961459,46.6584381],[0.4961632,46.6584456],[0.4961678,46.6584468],[0.4961894,46.6584554],[0.4962188,46.6584642],[0.4962714,46.6584818],[0.496283,46.6584851],[0.4963215,46.6584941],[0.49637,46.6585054],[0.4963833,46.6585077],[0.4963965,46.6585101],[0.4964363,46.658515],[0.4964523,46.6585173],[0.4964878,46.6585212],[0.496507,46.6585227],[0.4965262,46.6585241],[0.4965426,46.6585255],[0.4966017,46.6585289],[0.4966198,46.6585293],[0.496639,46.6585297],[0.4966939,46.6585297],[0.4967089,46.6585292],[0.4967266,46.6585285],[0.4967458,46.6585279],[0.496795,46.6585248],[0.4968116,46.6585232],[0.4968277,46.6585226],[0.4968679,46.6585183],[0.4969232,46.6585123],[0.4969425,46.6585097],[0.4969757,46.6585043],[0.4969817,46.6585034],[0.4969829,46.6585034],[0.4970295,46.6584963],[0.4970489,46.6584927],[0.4970683,46.6584889],[0.4971163,46.6584778],[0.4971195,46.6584778],[0.4971239,46.6584758],[0.4971282,46.658475],[0.4971298,46.658475],[0.4971643,46.6584665],[0.4971822,46.6584618],[0.4972005,46.6584571],[0.4972199,46.6584523],[0.4972366,46.6584477],[0.4972577,46.658441],[0.4972725,46.6584361],[0.4973088,46.6584236],[0.497318,46.6584198],[0.497324,46.6584178],[0.4973272,46.6584169],[0.4973375,46.6584131],[0.4973739,46.6583985],[0.4973767,46.6583975],[0.497557,46.6584803],[0.4975732,46.6584867],[0.4976973,46.6585282],[0.4978301,46.6585505],[0.4978982,46.658554],[0.498077,46.6585415],[0.4982519,46.6585118],[0.4984037,46.658471],[0.4986501,46.6583119],[0.4987187,46.6582102],[0.4987729,46.6580918],[0.498804,46.6579707]]],[[[0.3256499,46.5313422],[0.3256602,46.5311339],[0.3255746,46.5309459],[0.3255717,46.5309417],[0.3254293,46.5307625],[0.3253013,46.5306574],[0.3250189,46.5304985],[0.3249067,46.5304303],[0.3247487,46.5303541],[0.3247258,46.5303434],[0.3244664,46.5302892],[0.3244394,46.5302885],[0.3242071,46.5302913],[0.3240895,46.5303008],[0.3238579,46.5303446],[0.323684,46.5304487],[0.3235255,46.5305974],[0.323502,46.5306203],[0.3234086,46.5307439],[0.3233643,46.530889],[0.3233632,46.5309104],[0.3233734,46.5311908],[0.3233774,46.5312276],[0.323435,46.5315307],[0.3233941,46.5317014],[0.3233912,46.5317279],[0.3234521,46.5319083],[0.3235831,46.5320789],[0.3236472,46.5321622],[0.3238781,46.5323077],[0.3239892,46.532343],[0.3242192,46.5323964],[0.3243679,46.5324153],[0.3246697,46.5323854],[0.3247844,46.5323156],[0.3248436,46.5322905],[0.3249969,46.5322143],[0.3251351,46.5321122],[0.3251459,46.5321002],[0.3254057,46.5317853],[0.3254187,46.5317693],[0.3255371,46.5316135],[0.3255952,46.5314921],[0.3256499,46.5313422]]],[[[0.3378701,46.5358153],[0.3379104,46.5359922],[0.3380078,46.5360588],[0.3382705,46.5360527],[0.3383656,46.536015],[0.3383492,46.5357407],[0.3383128,46.535427],[0.3382414,46.535133],[0.3380246,46.5351699],[0.3377588,46.5351832],[0.3376611,46.5350653],[0.3375117,46.5348451],[0.3372268,46.534401],[0.3370961,46.5342293],[0.3365036,46.5341971],[0.3361882,46.5341336],[0.3360538,46.5340629],[0.3358944,46.5339918],[0.3358031,46.5338875],[0.335811,46.53391],[0.3359938,46.5342017],[0.3360162,46.5342328],[0.3362693,46.5345658],[0.3365459,46.5349965],[0.3365514,46.5350048],[0.336618,46.53522],[0.3366589,46.5353865],[0.3366163,46.5356482],[0.336536,46.5357435],[0.3363663,46.5358825],[0.3361923,46.5359011],[0.3357117,46.535942],[0.3351014,46.5361833],[0.3337954,46.5366263],[0.3327279,46.5368865],[0.3314883,46.5371888],[0.3306682,46.5372924],[0.3304779,46.5373379],[0.3303399,46.5374053],[0.3299407,46.5376618],[0.3292569,46.5379811],[0.3291488,46.5380451],[0.3288352,46.5382727],[0.3284118,46.538449],[0.3283789,46.5384247],[0.3282519,46.5381151],[0.3281983,46.5380258],[0.3281252,46.5379506],[0.327738,46.5376278],[0.3274978,46.5372703],[0.3274813,46.5372476],[0.3273177,46.5371109],[0.3267669,46.5368005],[0.3263414,46.5365085],[0.3260825,46.535839],[0.3261872,46.5356359],[0.3262217,46.5355325],[0.3262763,46.535178],[0.3262806,46.5351454],[0.3262525,46.5350006],[0.3261914,46.5348571],[0.3262268,46.5347342],[0.3262394,46.5346609],[0.3261616,46.5344342],[0.3261476,46.5344154],[0.3259124,46.5341422],[0.3258698,46.5341003],[0.3254742,46.5337414],[0.3254399,46.533713],[0.3249432,46.5333323],[0.3248227,46.5332589],[0.3237363,46.5327562],[0.3233326,46.532347],[0.3228795,46.5316843],[0.3225646,46.5307692],[0.3225431,46.5307196],[0.3224228,46.5304908],[0.3223841,46.5304326],[0.3222892,46.5303406],[0.3218836,46.5300356],[0.3217484,46.5299577],[0.3217369,46.5299525],[0.3207669,46.5295534],[0.320703,46.5295305],[0.3201032,46.5293437],[0.3197181,46.5291947],[0.3194217,46.5291376],[0.3190918,46.5291902],[0.3188644,46.529329],[0.3185874,46.5296025],[0.3185684,46.5296226],[0.3185009,46.5297938],[0.317934,46.5299081],[0.3175622,46.5299353],[0.3171049,46.5298694],[0.3168748,46.5296994],[0.3168675,46.5296962],[0.3161012,46.5293756],[0.3142837,46.5284784],[0.3133029,46.527942],[0.3118253,46.5271253],[0.3117629,46.5270953],[0.3116025,46.5270456],[0.3104735,46.5268145],[0.3100994,46.5267382],[0.3094484,46.5266054],[0.3093575,46.526592],[0.3079839,46.5264534],[0.3075934,46.5264146],[0.3066058,46.5261684],[0.3065049,46.5261435],[0.3063872,46.5261224],[0.304225,46.5258813],[0.3041438,46.5258762],[0.3041054,46.5258764],[0.3034799,46.5258872],[0.3034081,46.5258651],[0.3028732,46.5254865],[0.3025962,46.525338],[0.302191,46.5251781],[0.3019252,46.5252157],[0.3018774,46.5252014],[0.301714,46.5253292],[0.3016959,46.525425],[0.301589,46.5255523],[0.301496,46.5256594],[0.3018016,46.5260112],[0.302274,46.5263413],[0.3026213,46.5265631],[0.3030608,46.5266962],[0.3035556,46.5268417],[0.3037296,46.5268244],[0.3040605,46.526872],[0.3045437,46.5269827],[0.3051415,46.5271133],[0.3054803,46.5272469],[0.3083522,46.5279873],[0.3089868,46.5281902],[0.3096954,46.52844],[0.3102135,46.5284798],[0.3107001,46.5286425],[0.3114982,46.5288893],[0.3126594,46.5292774],[0.3127808,46.5294591],[0.3161533,46.530393],[0.3163518,46.5303618],[0.3167222,46.5303326],[0.3169427,46.5303644],[0.317977,46.5304429],[0.3183669,46.5304388],[0.3188412,46.5305245],[0.3193845,46.5306497],[0.320205,46.5306821],[0.3205601,46.5308673],[0.3210654,46.531191],[0.3211547,46.5316695],[0.3211549,46.5320558],[0.3219363,46.532525],[0.3223125,46.5327341],[0.3229177,46.5332585],[0.3237847,46.5336436],[0.3242999,46.5340062],[0.3245032,46.5342452],[0.3245172,46.5344714],[0.3248021,46.5347939],[0.32489,46.5351742],[0.3248813,46.5355032],[0.3248818,46.5357321],[0.3254576,46.5367044],[0.326751,46.5383928],[0.3275313,46.5394864],[0.3280369,46.5402067],[0.3283703,46.540565],[0.3285855,46.5408],[0.3287069,46.5406168],[0.3287646,46.5403443],[0.3289402,46.5400847],[0.3292582,46.5397362],[0.3295905,46.5396358],[0.3300274,46.5391859],[0.330305,46.5390197],[0.3306936,46.5388028],[0.3315054,46.5385038],[0.3318336,46.5382395],[0.3322888,46.5380478],[0.3324367,46.5379612],[0.3344929,46.5374756],[0.3359544,46.536976],[0.3370001,46.5364975],[0.3373065,46.5363185],[0.3376053,46.5361436],[0.3377659,46.5359827],[0.3378701,46.5358153]]],[[[0.2983845,46.5385043],[0.2983743,46.53841],[0.2982732,46.538237],[0.2980767,46.5381075],[0.2979542,46.5380657],[0.2977081,46.5380364],[0.297444,46.5380783],[0.2972476,46.538185],[0.2971432,46.538292],[0.297063,46.53847],[0.2971253,46.5386513],[0.2972299,46.5387776],[0.2973855,46.5388702],[0.297508,46.5389119],[0.2976401,46.5389345],[0.2978447,46.538931],[0.2980495,46.5388931],[0.298247,46.5387658],[0.2983457,46.5386537],[0.2983845,46.5385043]]],[[[0.4894754,46.6535587],[0.4902928,46.6532209],[0.4911198,46.6526339],[0.4914074,46.6519992],[0.4913868,46.6513231],[0.4914631,46.6507914],[0.4913849,46.6503],[0.4910231,46.6503248],[0.4909649,46.6503276],[0.4903505,46.650356],[0.4896556,46.6502683],[0.4889353,46.6501788],[0.4886651,46.6501229],[0.4884658,46.6500612],[0.4883679,46.6500315],[0.4882217,46.6499853],[0.4880369,46.6499322],[0.4880008,46.6499151],[0.4879351,46.6498841],[0.4878526,46.6498445],[0.4876943,46.6497378],[0.4874758,46.6496409],[0.4873348,46.6495847],[0.4873026,46.6496023],[0.4870955,46.6495898],[0.486412,46.6496043],[0.4861936,46.6496087],[0.4857552,46.6496166],[0.4855148,46.6496205],[0.4849695,46.649634],[0.4845161,46.6496445],[0.4838259,46.6494198],[0.4836733,46.6493848],[0.4832283,46.649283],[0.4824878,46.6491114],[0.4811994,46.6493396],[0.4804533,46.6503903],[0.4797478,46.6516729],[0.4796541,46.6525777],[0.4805208,46.6533797],[0.4813481,46.6539141],[0.4825399,46.6544022],[0.4832309,46.654542],[0.4851527,46.6543349],[0.4862406,46.6542698],[0.4869924,46.6541974],[0.4878013,46.6540371],[0.4888723,46.6537581],[0.4894754,46.6535587]]],[[[0.3371103,46.5554512],[0.3370816,46.5554046],[0.3369856,46.5552133],[0.3369488,46.5550834],[0.3369106,46.5549273],[0.3368295,46.5547987],[0.3367063,46.5547703],[0.3365701,46.5547671],[0.3364361,46.5547833],[0.3363098,46.5548193],[0.3361963,46.5548718],[0.336101,46.5549392],[0.3360289,46.5550192],[0.3359815,46.555107],[0.3359636,46.5552007],[0.3359723,46.5552939],[0.336011,46.5553848],[0.3360751,46.5554681],[0.3361637,46.5555396],[0.3362717,46.5555973],[0.3363943,46.555639],[0.3365264,46.5556615],[0.3366626,46.5556646],[0.3367982,46.5556484],[0.3369245,46.5556125],[0.3370384,46.55556],[0.3371333,46.5554927],[0.3371103,46.5554512]]],[[[0.348722,46.552462],[0.3487121,46.5523677],[0.348675,46.5522779],[0.3486109,46.5521947],[0.3485223,46.5521221],[0.3484143,46.5520643],[0.3482917,46.5520238],[0.3481592,46.5520012],[0.3480218,46.551998],[0.3478874,46.5520144],[0.3477615,46.5520492],[0.3476477,46.5521019],[0.3475527,46.5521702],[0.3474806,46.5522502],[0.3474332,46.5523381],[0.3474154,46.5524317],[0.3474241,46.5525249],[0.3474628,46.5526158],[0.347527,46.5526979],[0.3476151,46.5527705],[0.3477236,46.5528283],[0.3478458,46.552869],[0.3479694,46.5528892],[0.3480853,46.5528817],[0.3482145,46.5528449],[0.348354,46.5527796],[0.3484989,46.5527236],[0.3486572,46.5526435],[0.348703,46.5525545],[0.348722,46.552462]]],[[[0.3721095,46.527538],[0.3721172,46.5275332],[0.3725071,46.5274939],[0.3732556,46.5275152],[0.3741711,46.5276304],[0.3744584,46.5276013],[0.3748945,46.5276541],[0.3760307,46.5280472],[0.3765754,46.5280812],[0.3769195,46.5281003],[0.3771596,46.527976],[0.3771989,46.5278042],[0.3767927,46.5274718],[0.3764832,46.5271089],[0.3764165,46.526859],[0.3767221,46.52636],[0.3769692,46.5259292],[0.376976,46.5255103],[0.3769685,46.5250245],[0.3769651,46.524543],[0.3770248,46.5242857],[0.3773119,46.5241625],[0.377473,46.5241989],[0.3778496,46.5243476],[0.3772796,46.52385],[0.3761817,46.5236193],[0.3761081,46.5238547],[0.3763209,46.524291],[0.3763638,46.5247571],[0.3762968,46.5252227],[0.3762627,46.5256288],[0.3760523,46.5260298],[0.3758821,46.5264838],[0.3756323,46.5267828],[0.3752403,46.5269874],[0.3748385,46.527059],[0.3746518,46.5270577],[0.3741473,46.5270533],[0.37343,46.5269039],[0.3732144,46.5268592],[0.3722584,46.526602],[0.371394,46.5263777],[0.3708665,46.52629],[0.369517,46.5264205],[0.3688006,46.5267167],[0.3684657,46.5268389],[0.3687675,46.5270605],[0.3690584,46.5271754],[0.3703489,46.5269783],[0.371457,46.5270046],[0.3719973,46.527469],[0.3721095,46.527538]]],[[[0.3778417,46.5261158],[0.37773,46.5266469],[0.3776395,46.5270854],[0.3778417,46.5261158]]],[[[0.3286626,46.571605],[0.3284995,46.5715184],[0.3273772,46.571069],[0.3263827,46.5706736],[0.3260868,46.5704816],[0.3256147,46.5701353],[0.3254023,46.5703277],[0.3252935,46.5704273],[0.3255193,46.5705707],[0.3256934,46.5706709],[0.3256673,46.5706927],[0.3258143,46.57078],[0.3258226,46.5707853],[0.3260092,46.5708816],[0.3259965,46.5708997],[0.3260446,46.5709182],[0.3260938,46.5709387],[0.326113,46.5709464],[0.3260909,46.5709725],[0.3259799,46.5710864],[0.3261198,46.5711664],[0.3265184,46.5712626],[0.3268145,46.5713297],[0.3270185,46.5713662],[0.3271803,46.5714539],[0.3272996,46.5714995],[0.3274064,46.5715266],[0.3274951,46.5715655],[0.327601,46.5716108],[0.3278521,46.5716862],[0.3280833,46.5717509],[0.3282648,46.5717971],[0.3284149,46.5718209],[0.3285431,46.5717177],[0.3286265,46.5716471],[0.3286626,46.571605]]],[[[0.3767092,46.6796172],[0.3766262,46.6796448],[0.3764866,46.6791203],[0.3764239,46.6789717],[0.3763096,46.6786962],[0.3761441,46.678675],[0.3761323,46.6784551],[0.3764085,46.6784276],[0.3763864,46.6782768],[0.3764026,46.6782731],[0.3762968,46.6781316],[0.3760407,46.6778068],[0.3758835,46.6775242],[0.3758162,46.6777148],[0.3757969,46.6779045],[0.3758585,46.6782546],[0.3759334,46.6784831],[0.3759454,46.6785191],[0.3760564,46.6787108],[0.3762247,46.6789733],[0.3761304,46.6790794],[0.3761295,46.679197],[0.3762377,46.6794111],[0.3765409,46.6797441],[0.3765665,46.6797427],[0.3765844,46.6797379],[0.3766662,46.6796785],[0.3767092,46.6796172]]],[[[0.4094187,46.6769394],[0.409301,46.676763],[0.409488,46.6767039],[0.4095573,46.6768066],[0.4096488,46.6769722],[0.4096564,46.6769693],[0.4097109,46.676946],[0.4097535,46.6769592],[0.409779,46.6769843],[0.4097831,46.6769885],[0.4098616,46.6770557],[0.4099436,46.677171],[0.4099451,46.677173],[0.410057,46.6773219],[0.4101322,46.6774247],[0.4100746,46.6774806],[0.41007,46.6774857],[0.4100498,46.6775302],[0.4100657,46.6775755],[0.410094,46.6776006],[0.4101707,46.6776473],[0.4101879,46.677656],[0.4102529,46.6776696],[0.4103141,46.6776609],[0.4104194,46.6776264],[0.4105978,46.6775916],[0.410601,46.6775906],[0.4107617,46.6775565],[0.410784,46.6775499],[0.4108129,46.6775352],[0.4110323,46.6773897],[0.4110339,46.6773898],[0.4114327,46.6771198],[0.4114344,46.6771188],[0.4116049,46.6770001],[0.4116127,46.6769941],[0.4117594,46.6768736],[0.4118307,46.6768773],[0.4120997,46.6769335],[0.4123354,46.6770645],[0.4127045,46.6773284],[0.4129302,46.6775185],[0.4129619,46.6775376],[0.4129719,46.677542],[0.4133678,46.6776807],[0.4134223,46.6776901],[0.4134884,46.6776793],[0.4134972,46.6776765],[0.4136292,46.6776182],[0.4138418,46.6775564],[0.4140183,46.6776841],[0.4140241,46.6776873],[0.4143266,46.6778822],[0.4146617,46.6781433],[0.4146865,46.6781582],[0.4148809,46.6782484],[0.4148855,46.6782496],[0.4149204,46.6782604],[0.4152341,46.6783186],[0.4152399,46.6783198],[0.4158299,46.6784078],[0.416222,46.6784688],[0.4163601,46.6785046],[0.4164976,46.6785455],[0.416649,46.6786389],[0.4166506,46.678639],[0.4169049,46.6787907],[0.4169771,46.6789897],[0.4169895,46.6790104],[0.4170105,46.6790313],[0.4172404,46.6791929],[0.4173114,46.6792682],[0.41749,46.6795082],[0.4174912,46.6795092],[0.4175371,46.679543],[0.4175638,46.6795518],[0.4176414,46.6795698],[0.4176797,46.6795748],[0.4177458,46.6795642],[0.4177948,46.6795324],[0.417811,46.6795063],[0.4178968,46.6792628],[0.4179003,46.6792465],[0.417923,46.6789915],[0.4179231,46.6789895],[0.4179186,46.6789608],[0.4178555,46.6788162],[0.4178445,46.6787996],[0.4177986,46.6787659],[0.4177855,46.6787606],[0.4176509,46.6787176],[0.4174941,46.6786374],[0.4174703,46.6786103],[0.4174518,46.6785936],[0.4169325,46.6782343],[0.4169241,46.678229],[0.4165195,46.6779939],[0.4165033,46.6779865],[0.4164388,46.6779728],[0.4163727,46.6779835],[0.4163502,46.6779943],[0.4161301,46.6781222],[0.4157663,46.6779934],[0.4157621,46.6779923],[0.4151083,46.6777771],[0.4149006,46.6776193],[0.4143225,46.6770674],[0.4143165,46.6770621],[0.4141453,46.6769213],[0.4141132,46.6769032],[0.4140487,46.6768896],[0.413983,46.6769003],[0.4139553,46.6769131],[0.4136112,46.6771291],[0.4134318,46.6772119],[0.4134053,46.6772073],[0.4131643,46.6771221],[0.4128716,46.6769366],[0.412587,46.6767452],[0.412172,46.6764465],[0.4121705,46.6764454],[0.4119691,46.676305],[0.4119445,46.6762921],[0.41188,46.6762784],[0.4118139,46.6762892],[0.4117898,46.676301],[0.411692,46.6763601],[0.4116843,46.6763649],[0.4114242,46.6765491],[0.4110179,46.6768181],[0.4110164,46.676818],[0.410596,46.677102],[0.4104028,46.6772336],[0.4103573,46.6771927],[0.4102064,46.6769552],[0.4101212,46.6767498],[0.4100953,46.6766756],[0.4100829,46.6766539],[0.410037,46.6766202],[0.409978,46.6766065],[0.4098789,46.6766012],[0.409873,46.676601],[0.4098069,46.6766119],[0.4096059,46.6766861],[0.4095999,46.676688],[0.4095596,46.6766605],[0.4095041,46.6766469],[0.4094344,46.6766423],[0.4094254,46.6766421],[0.4093748,46.6766482],[0.4091339,46.6767111],[0.4091191,46.6767159],[0.4091176,46.6767159],[0.4088241,46.6768257],[0.4087669,46.6768398],[0.4087585,46.6768335],[0.4087399,46.6768209],[0.4086296,46.676763],[0.4086196,46.6767589],[0.4085547,46.676745],[0.4085053,46.6767501],[0.4079796,46.6768814],[0.4079628,46.6768871],[0.4079138,46.6769187],[0.407894,46.6769633],[0.4079095,46.6770086],[0.4079554,46.6770423],[0.4080203,46.6770561],[0.408109,46.6770581],[0.4081464,46.6770547],[0.4083278,46.6770232],[0.4084428,46.6770063],[0.408475,46.6770162],[0.4085499,46.6770659],[0.4085515,46.677066],[0.4085847,46.6770873],[0.4086046,46.6770978],[0.4086695,46.6771115],[0.4086828,46.6771118],[0.4087824,46.677107],[0.4088157,46.6771017],[0.4089447,46.6770719],[0.4091022,46.6770376],[0.4091217,46.6770328],[0.4092742,46.6769801],[0.4094187,46.6769394]]],[[[0.3106919,46.624551],[0.3106646,46.6246833],[0.3106749,46.6247776],[0.3106898,46.624833],[0.3109884,46.6248228],[0.3112353,46.6248131],[0.3114937,46.624808],[0.3117754,46.6247829],[0.3120411,46.6247503],[0.3122371,46.624713],[0.3123129,46.6246872],[0.3122767,46.624578],[0.312238,46.6244882],[0.3121739,46.6244049],[0.3120587,46.624307],[0.3119517,46.6242494],[0.3118598,46.6242186],[0.3115697,46.6242946],[0.3112672,46.6243733],[0.3110689,46.6244249],[0.3110571,46.6244267],[0.3107244,46.6244905],[0.3106919,46.624551]]],[[[0.3197379,46.5480872],[0.3198704,46.548078],[0.3200445,46.5480667],[0.3202028,46.5480347],[0.3203647,46.5480008],[0.3204889,46.5479759],[0.3204932,46.547976],[0.3206295,46.5479771],[0.3207563,46.5479884],[0.3206941,46.5478418],[0.3206044,46.547859],[0.3205608,46.5478355],[0.3205146,46.547811],[0.3206093,46.5477274],[0.3207074,46.5477788],[0.3207528,46.5478831],[0.3207992,46.5479915],[0.3209029,46.5479612],[0.3208891,46.5478831],[0.3208677,46.5477783],[0.3208453,46.5476839],[0.3208374,46.5476366],[0.3208119,46.5475818],[0.3207778,46.5475269],[0.3207328,46.5474776],[0.320673,46.5474262],[0.3206126,46.547389],[0.320552,46.5473538],[0.3204899,46.5473188],[0.3204281,46.5472846],[0.320366,46.5472483],[0.320297,46.5472098],[0.3202421,46.54718],[0.320157,46.547133],[0.3200978,46.5471031],[0.3200312,46.5470718],[0.3199816,46.5470513],[0.3199221,46.5470264],[0.3198771,46.547011],[0.3197854,46.5469791],[0.3197183,46.5469583],[0.3196737,46.5470441],[0.3196812,46.547075],[0.3197295,46.5472957],[0.3194899,46.5473473],[0.3195153,46.5475882],[0.3193981,46.5476776],[0.3193236,46.547782],[0.3193387,46.5479194],[0.3193463,46.5479482],[0.3193621,46.5480507],[0.319579,46.5481326],[0.3194603,46.5482842],[0.3196449,46.5483538],[0.3197513,46.5483635],[0.3197327,46.5483201],[0.3198285,46.5483009],[0.3198123,46.5482638],[0.3197379,46.5480872]]],[[[0.3458893,46.6021654],[0.3458801,46.6022009],[0.3459074,46.602221],[0.3459285,46.6022369],[0.3460681,46.6023259],[0.346147,46.6023799],[0.3462492,46.6024486],[0.3464345,46.6025726],[0.3465814,46.6026568],[0.3466183,46.6026955],[0.346708,46.6026812],[0.3467371,46.6025663],[0.3463004,46.6022834],[0.3460872,46.6021843],[0.345981,46.6021337],[0.3458999,46.6021238],[0.3458893,46.6021654]]],[[[0.3366909,46.5964125],[0.3366852,46.5964083],[0.336704,46.5963851],[0.3366971,46.5962847],[0.3365906,46.5960104],[0.3364328,46.5960446],[0.3362574,46.5960875],[0.3359492,46.5961448],[0.3358317,46.5961819],[0.3358014,46.5961913],[0.3357632,46.5962191],[0.3357765,46.5962521],[0.3358274,46.5963014],[0.335873,46.5963076],[0.3360393,46.5963308],[0.3363405,46.5963604],[0.3366909,46.5964125]]],[[[0.3551281,46.5837583],[0.3550749,46.5838124],[0.3551432,46.5838427],[0.3552876,46.5838337],[0.3558891,46.5836268],[0.3559836,46.583635],[0.3562725,46.5836039],[0.3569575,46.5834541],[0.3580575,46.5831136],[0.3591965,46.5822219],[0.3595756,46.5818648],[0.3595427,46.5818405],[0.3592815,46.5817864],[0.3592828,46.5817925],[0.3592883,46.5818888],[0.3592141,46.5818901],[0.3588538,46.5819247],[0.3589452,46.5821159],[0.3588829,46.5822687],[0.3587772,46.5823727],[0.3587755,46.5823737],[0.3587569,46.5823938],[0.3587227,46.5824277],[0.3586933,46.5824536],[0.3585688,46.5825385],[0.3585109,46.5825771],[0.3583078,46.5827881],[0.3582365,46.5828192],[0.3581747,46.5828413],[0.3581159,46.5828645],[0.3580512,46.5828814],[0.3579371,46.5829146],[0.3578715,46.5829489],[0.357841,46.5829633],[0.3577971,46.582988],[0.3577573,46.5830085],[0.3577512,46.5830136],[0.3576186,46.5830882],[0.357617,46.583089],[0.3575177,46.5831237],[0.3573831,46.5831736],[0.3573121,46.5831996],[0.3572849,46.5832102],[0.357273,46.5832143],[0.3571771,46.5832354],[0.3570583,46.5832674],[0.3570245,46.5832604],[0.3570129,46.5832582],[0.356976,46.5832512],[0.3568704,46.5832304],[0.3568266,46.5832202],[0.3568029,46.5832145],[0.3567545,46.5832031],[0.3567076,46.5831917],[0.3566451,46.5832046],[0.356588,46.5832167],[0.3565085,46.5832322],[0.3564486,46.5832462],[0.3563424,46.5832692],[0.3563199,46.5832739],[0.3562597,46.5832622],[0.3562138,46.583254],[0.3561272,46.5832367],[0.3560592,46.5832659],[0.3560092,46.5832861],[0.3559354,46.5833129],[0.3559234,46.5833179],[0.3559022,46.5833265],[0.3558641,46.5833431],[0.3557667,46.5833633],[0.3557596,46.5833642],[0.3557345,46.5833237],[0.3556867,46.5832438],[0.3558565,46.5831936],[0.3557585,46.5830482],[0.3557377,46.5830161],[0.3556895,46.5829433],[0.3556355,46.5828615],[0.3554757,46.5828894],[0.3553323,46.5829127],[0.3553329,46.5829239],[0.3552643,46.5829325],[0.355118,46.5829579],[0.3549847,46.5829824],[0.3549462,46.5826778],[0.3548821,46.5826834],[0.3547781,46.5826923],[0.3548003,46.5827522],[0.3547276,46.5827556],[0.3547421,46.5828204],[0.354759,46.5829005],[0.3547723,46.5829651],[0.3547855,46.5830257],[0.3548346,46.5830228],[0.3548998,46.5830192],[0.3549356,46.583018],[0.3549496,46.5831011],[0.3548347,46.5831096],[0.3548373,46.5831772],[0.3548395,46.5832283],[0.3548542,46.5832564],[0.354882,46.5832661],[0.3549056,46.5832718],[0.3548903,46.5833114],[0.3548822,46.5833817],[0.3548915,46.5834095],[0.3548907,46.5834258],[0.3548454,46.5834371],[0.3548489,46.5834616],[0.3548553,46.5834843],[0.3548645,46.5835039],[0.3548973,46.5834996],[0.3549037,46.5835212],[0.3549064,46.5835294],[0.3549308,46.5836077],[0.3549576,46.5836288],[0.3550306,46.5837163],[0.3551281,46.5837583]]],[[[0.3421818,46.5924398],[0.3421817,46.5924736],[0.3423071,46.5924602],[0.3424191,46.5924464],[0.3424075,46.5923709],[0.3423963,46.5923038],[0.3424403,46.5922854],[0.3425642,46.5922607],[0.342658,46.5921944],[0.3426992,46.5921463],[0.3427186,46.5921089],[0.3427367,46.5920122],[0.3426426,46.5920529],[0.3425879,46.5920568],[0.3425213,46.5920481],[0.3424524,46.5919402],[0.3424525,46.5919392],[0.3424286,46.5919467],[0.3423765,46.5919782],[0.3423133,46.5919962],[0.342274,46.5920137],[0.3420041,46.5921045],[0.341965,46.592118],[0.3419308,46.5921764],[0.341936,46.5922235],[0.3419409,46.5922748],[0.3420272,46.5923944],[0.3421376,46.5923489],[0.3421771,46.5923835],[0.3421818,46.5924398]]],[[[0.3833475,46.5094407],[0.3826027,46.5097559],[0.3817686,46.5101038],[0.3814148,46.5106875],[0.381007,46.5111003],[0.3805672,46.5113162],[0.3801664,46.5111516],[0.3797797,46.5111571],[0.3795413,46.5114338],[0.3795276,46.5115081],[0.3794592,46.5118541],[0.3799112,46.5126403],[0.3803467,46.5137778],[0.3807734,46.515098],[0.3810293,46.5152869],[0.3811951,46.5153244],[0.3813736,46.5153653],[0.3811343,46.5147403],[0.3811012,46.5146547],[0.3810382,46.5141494],[0.3809839,46.5137075],[0.3810001,46.5133695],[0.3805802,46.5127394],[0.3806385,46.5123891],[0.3808648,46.5123657],[0.3810301,46.5123132],[0.381185,46.5120489],[0.3816579,46.5111439],[0.3818986,46.5108755],[0.3819301,46.5108404],[0.3818996,46.5108305],[0.3818128,46.5108131],[0.3817275,46.510804],[0.3816391,46.5107939],[0.3815259,46.510779],[0.3813964,46.5107607],[0.3815251,46.5105828],[0.3816249,46.510446],[0.3816947,46.5103454],[0.3817152,46.5103172],[0.3818339,46.5101605],[0.3818601,46.5101386],[0.3819882,46.5100628],[0.3821073,46.5099869],[0.3821134,46.5099828],[0.3821575,46.5099603],[0.3824169,46.5098344],[0.3828827,46.5096559],[0.382901,46.5096483],[0.382936,46.5096296],[0.3829404,46.5096277],[0.3829584,46.5096199],[0.3830161,46.5095926],[0.3831259,46.5095562],[0.3832755,46.5095218],[0.3832882,46.5095089],[0.3833098,46.5094838],[0.3833475,46.5094407]]],[[[0.3164997,46.5472037],[0.3165044,46.5472038],[0.3165632,46.5472113],[0.3165985,46.5472173],[0.3166334,46.5472252],[0.316638,46.5471958],[0.3166483,46.5471059],[0.3166586,46.5470153],[0.3166882,46.546924],[0.3167182,46.5468317],[0.3167568,46.5467405],[0.3167954,46.5466485],[0.3168105,46.546613],[0.3169041,46.5463984],[0.3169157,46.5463691],[0.3168166,46.5463924],[0.3166196,46.5465196],[0.3164925,46.5466905],[0.3164616,46.5470158],[0.3164671,46.547117],[0.3164997,46.5472037]]],[[[0.3103334,46.5400044],[0.3104248,46.53989],[0.310701,46.5400007],[0.3108268,46.5399996],[0.3108394,46.5398628],[0.3109994,46.5398677],[0.3109911,46.5400025],[0.3110068,46.5400099],[0.3110061,46.5400569],[0.3110268,46.5400574],[0.3110789,46.5400566],[0.3111056,46.5400563],[0.3111068,46.5400563],[0.3111264,46.5400557],[0.3111397,46.540056],[0.3111632,46.5400556],[0.3111648,46.5400556],[0.3111914,46.5400552],[0.3112047,46.5400556],[0.3112165,46.5400558],[0.3112212,46.5400549],[0.3112696,46.5400581],[0.3112786,46.5400583],[0.3112903,46.5400596],[0.3113407,46.5400627],[0.3113423,46.5400628],[0.3113555,46.5400642],[0.3113789,46.5400657],[0.3113805,46.5400657],[0.3113937,46.5400671],[0.3114203,46.5400688],[0.3114781,46.5400723],[0.3114898,46.5400725],[0.3115031,46.5400728],[0.3115164,46.5400732],[0.3115297,46.5400735],[0.311543,46.5400738],[0.3115563,46.5400741],[0.3115681,46.5400744],[0.3115814,46.5400747],[0.3115951,46.540075],[0.3116527,46.5400743],[0.311657,46.5400744],[0.3116868,46.5400729],[0.3116927,46.5400731],[0.3117178,46.5400727],[0.3117312,46.5400719],[0.3117445,46.5400713],[0.3117461,46.5400714],[0.31177,46.5400708],[0.3117833,46.5400702],[0.3117924,46.5400694],[0.3117967,46.5400695],[0.31181,46.5400687],[0.3118116,46.5400687],[0.3118351,46.5400683],[0.3118485,46.5400675],[0.3118618,46.540067],[0.3118752,46.5400662],[0.3118992,46.5400636],[0.3119008,46.5400636],[0.3119704,46.5400572],[0.3119763,46.5400562],[0.312044,46.5400425],[0.3120515,46.5400407],[0.3121055,46.5400276],[0.3121142,46.5400248],[0.3121174,46.5400239],[0.312152,46.5400133],[0.3121596,46.5400105],[0.3121655,46.5400087],[0.3121731,46.5400057],[0.3122275,46.5399824],[0.3122396,46.5399766],[0.3122456,46.5399736],[0.3122597,46.5399667],[0.3122669,46.5399629],[0.3123112,46.5399373],[0.3123189,46.5399325],[0.3123234,46.5399295],[0.3123327,46.5399237],[0.3123371,46.5399206],[0.3123464,46.5399146],[0.3123509,46.5399118],[0.3123834,46.5398879],[0.312385,46.539888],[0.3124155,46.5398652],[0.312417,46.5398652],[0.3124232,46.5398602],[0.3124325,46.5398534],[0.3124509,46.5398384],[0.3124619,46.5398295],[0.3124664,46.5398256],[0.3124725,46.5398206],[0.312488,46.5398077],[0.3124896,46.5398066],[0.3124958,46.5398016],[0.3125003,46.5397977],[0.3125036,46.5397946],[0.3125142,46.5397858],[0.3125281,46.5397729],[0.3125298,46.5397718],[0.3125359,46.5397668],[0.3125408,46.5397628],[0.3125609,46.5397429],[0.3125687,46.539737],[0.3125765,46.53973],[0.3125871,46.53972],[0.3125872,46.5397189],[0.3125888,46.539719],[0.3126166,46.539694],[0.3126262,46.5396831],[0.3126262,46.539682],[0.312634,46.5396752],[0.3126431,46.5396661],[0.312648,46.5396612],[0.3126559,46.5396522],[0.3126668,46.5396381],[0.3126968,46.539601],[0.3127015,46.5395939],[0.3127178,46.5395657],[0.3127225,46.5395565],[0.3127391,46.5395211],[0.3127427,46.539512],[0.312754,46.5394592],[0.3127619,46.5394256],[0.3127623,46.5394164],[0.3127628,46.5394073],[0.3127603,46.5393622],[0.3127591,46.539354],[0.3127594,46.5393478],[0.3127586,46.5393407],[0.3127526,46.539312],[0.3127499,46.5393027],[0.3127368,46.5392666],[0.312733,46.5392574],[0.3127278,46.5392438],[0.3127262,46.5392429],[0.3127248,46.5392397],[0.312721,46.5392304],[0.3127113,46.5392118],[0.312702,46.5391941],[0.3126982,46.5391849],[0.3126928,46.5391735],[0.3126819,46.5391498],[0.3126779,46.5391425],[0.3126711,46.53913],[0.3126576,46.5391013],[0.3126551,46.539097],[0.3126537,46.539094],[0.3126416,46.5390691],[0.3126401,46.5390671],[0.3126241,46.5390339],[0.3126187,46.5390247],[0.3126089,46.5390101],[0.3126073,46.539009],[0.3126074,46.5390069],[0.3126034,46.5390007],[0.3126035,46.5389996],[0.312602,46.5389976],[0.3125926,46.5389821],[0.3125927,46.538981],[0.3125912,46.538979],[0.3125813,46.5389644],[0.3125814,46.5389634],[0.3125803,46.5389613],[0.3125705,46.5389467],[0.3125679,46.5389427],[0.3125556,46.538923],[0.3125526,46.5389208],[0.3125442,46.5389084],[0.3125431,46.5389053],[0.3125402,46.5389012],[0.3125263,46.5388814],[0.3124897,46.5388458],[0.3124812,46.5388344],[0.3124829,46.5388323],[0.3124861,46.5388231],[0.3124897,46.538814],[0.3124987,46.5387816],[0.3125007,46.5387734],[0.3125072,46.5387286],[0.3125076,46.5387194],[0.3125081,46.5387102],[0.3125069,46.5386703],[0.3125062,46.5386612],[0.3124991,46.5386232],[0.3124964,46.5386138],[0.3124941,46.5386047],[0.3124914,46.5385963],[0.3124877,46.5385839],[0.3124849,46.5385767],[0.3124787,46.5385603],[0.3124744,46.5385509],[0.312472,46.5385448],[0.3124712,46.5385294],[0.3124704,46.538514],[0.3124831,46.538494],[0.3124866,46.5384869],[0.3124968,46.5384636],[0.3125,46.5384545],[0.3125108,46.5384169],[0.3125128,46.5384077],[0.3125175,46.538368],[0.312507,46.5382809],[0.3125046,46.5382726],[0.3124544,46.5381784],[0.3124374,46.5381585],[0.3124348,46.5381555],[0.3124292,46.5381492],[0.3123666,46.5380925],[0.3123594,46.5380872],[0.3122819,46.5380404],[0.3122734,46.5380362],[0.3122689,46.538034],[0.3122413,46.538021],[0.3121921,46.5380025],[0.312179,46.5379981],[0.3121202,46.5379835],[0.3121175,46.5379824],[0.3121086,46.5379802],[0.3119881,46.5379609],[0.3119748,46.5379595],[0.3119616,46.5379583],[0.3119378,46.5379567],[0.3119366,46.5379567],[0.3119234,46.5379554],[0.3119101,46.537954],[0.3118745,46.5379522],[0.3118715,46.5379511],[0.3118582,46.5379498],[0.311845,46.5379484],[0.3118184,46.5379467],[0.3118082,46.5379464],[0.3117728,46.5379416],[0.3117612,46.5379403],[0.3117538,46.537939],[0.3117448,46.5379378],[0.311702,46.5379318],[0.3116946,46.5379316],[0.3116935,46.5379305],[0.3116814,46.5379291],[0.3116624,46.5379257],[0.3116608,46.5379257],[0.3116597,46.5379246],[0.3116551,46.5379235],[0.3116418,46.5379212],[0.3116287,46.5379187],[0.3116197,46.5379175],[0.3116154,46.5379164],[0.3116022,46.537914],[0.311589,46.5379117],[0.311542,46.5379055],[0.3115377,46.5379044],[0.3115245,46.537902],[0.3115113,46.5378996],[0.3114626,46.5378935],[0.3114553,46.5378922],[0.3114495,46.537891],[0.3114303,46.5378896],[0.3114171,46.5378882],[0.3114038,46.5378869],[0.3113902,46.5378855],[0.3113758,46.5378843],[0.3113699,46.537883],[0.3113388,46.5378792],[0.3113299,46.5378769],[0.3112816,46.5378707],[0.3112786,46.5378697],[0.3112654,46.5378674],[0.3112564,46.5378661],[0.3112522,46.537865],[0.311239,46.5378625],[0.3112258,46.5378601],[0.3111962,46.5378565],[0.3111877,46.5378543],[0.3111745,46.5378518],[0.3111491,46.5378492],[0.3111492,46.5378482],[0.311136,46.5378459],[0.3111228,46.5378434],[0.3110667,46.537836],[0.3110535,46.5378346],[0.3110402,46.5378334],[0.311027,46.537832],[0.3110184,46.5378308],[0.3110094,46.5378306],[0.3109446,46.537826],[0.310931,46.5378257],[0.3109176,46.5378254],[0.31086,46.537826],[0.3108557,46.5378259],[0.3108259,46.5378273],[0.3108141,46.5378281],[0.310765,46.537832],[0.3107516,46.5378338],[0.3106857,46.5378435],[0.3106722,46.5378462],[0.3106544,46.5378499],[0.3106425,46.5378527],[0.3106139,46.5378601],[0.3106004,46.5378638],[0.3105703,46.5378725],[0.3105643,46.5378744],[0.3105356,46.5378838],[0.3105068,46.5378954],[0.3104932,46.5379012],[0.3104676,46.5379129],[0.3104555,46.5379189],[0.3104096,46.5379453],[0.3103958,46.5379553],[0.3103946,46.5379562],[0.3103853,46.5379611],[0.3103821,46.537963],[0.3103577,46.5379808],[0.3103143,46.5380188],[0.3103065,46.5380257],[0.3102955,46.5380357],[0.3102909,46.5380407],[0.3102908,46.5380417],[0.3102892,46.5380426],[0.3102847,46.5380477],[0.3102801,46.5380527],[0.310253,46.5380857],[0.3102467,46.5380947],[0.3102421,46.5381018],[0.3102404,46.5381039],[0.3102341,46.538113],[0.3102323,46.5381159],[0.3102161,46.5381442],[0.3102115,46.5381503],[0.3102097,46.5381543],[0.310208,46.5381572],[0.3102068,46.5381583],[0.3102049,46.5381634],[0.3101836,46.5382068],[0.31018,46.5382158],[0.3101712,46.5382444],[0.3101693,46.5382515],[0.3101675,46.5382627],[0.3101655,46.5382718],[0.3101604,46.5383115],[0.3101611,46.5383299],[0.3101627,46.5383607],[0.3101777,46.5384132],[0.3101848,46.5384521],[0.3101886,46.5384616],[0.3101925,46.5384708],[0.310206,46.5384996],[0.3102103,46.5385069],[0.3102226,46.5385277],[0.3102281,46.538536],[0.310242,46.5385558],[0.3102445,46.5385589],[0.3102445,46.5385599],[0.3102515,46.5385693],[0.3102555,46.5385745],[0.31026,46.5385796],[0.310264,46.538585],[0.3102922,46.5386163],[0.3102963,46.5386204],[0.3103049,46.5386287],[0.3103121,46.538634],[0.3103218,46.5386434],[0.3103391,46.5386593],[0.3103473,46.5386667],[0.3103729,46.5386876],[0.3103775,46.5386908],[0.3103858,46.5386971],[0.3103903,46.5387004],[0.3103975,46.5387056],[0.3104032,46.5387099],[0.3104047,46.5387108],[0.3103984,46.5387117],[0.3103849,46.5387155],[0.3103566,46.5387251],[0.3103459,46.5387269],[0.3103384,46.5387287],[0.3103325,46.5387296],[0.3103309,46.5387296],[0.3103176,46.5387303],[0.310191,46.5387479],[0.3101787,46.5387505],[0.310164,46.5387552],[0.3101137,46.53875],[0.3100561,46.5387507],[0.3100427,46.5387513],[0.3099727,46.5387579],[0.3099679,46.5387589],[0.3099608,46.5387597],[0.3099592,46.5387608],[0.3099385,46.5387592],[0.309937,46.5387592],[0.3099104,46.5387576],[0.3098526,46.538754],[0.3098393,46.5387537],[0.3097817,46.5387545],[0.3097801,46.5387545],[0.3097566,46.5387549],[0.30973,46.5387554],[0.3097162,46.538756],[0.309715,46.5387559],[0.3096911,46.5387565],[0.3096778,46.538757],[0.3096511,46.5387575],[0.3096378,46.5387582],[0.3096362,46.5387581],[0.3096127,46.5387587],[0.309586,46.5387591],[0.3095727,46.5387597],[0.3095652,46.5387607],[0.3095562,46.5387605],[0.3095471,46.5387612],[0.3095205,46.5387616],[0.3095071,46.5387623],[0.3094996,46.5387632],[0.3094879,46.538764],[0.3094863,46.538764],[0.309482,46.5387639],[0.3094686,46.5387645],[0.3094553,46.5387652],[0.3094419,46.5387659],[0.3094344,46.5387668],[0.3094254,46.5387666],[0.3094164,46.5387673],[0.309403,46.5387681],[0.3093897,46.5387688],[0.3093602,46.5387711],[0.3093512,46.538772],[0.3093378,46.5387727],[0.3093244,46.5387734],[0.309317,46.5387741],[0.3093052,46.538775],[0.3092784,46.5387775],[0.3092576,46.538779],[0.3092485,46.5387797],[0.3092351,46.5387815],[0.3091891,46.5387855],[0.3091844,46.5387864],[0.3091773,46.5387873],[0.3091757,46.5387883],[0.3091639,46.5387891],[0.3091623,46.53879],[0.3091505,46.5387908],[0.3091367,46.5387925],[0.3091129,46.538797],[0.3091114,46.538797],[0.3090904,46.5388006],[0.3090845,46.5388016],[0.3090324,46.5388104],[0.3090276,46.5388114],[0.309019,46.5388121],[0.3090023,46.5388159],[0.3089933,46.5388167],[0.3089921,46.5388167],[0.3089799,46.5388184],[0.3089411,46.5388257],[0.3089277,46.5388283],[0.3089067,46.5388331],[0.3089008,46.538834],[0.308862,46.5388412],[0.3088486,46.5388439],[0.3088347,46.5388468],[0.3088201,46.5388505],[0.3088094,46.5388522],[0.308763,46.5388635],[0.3087495,46.5388672],[0.3087451,46.5388691],[0.308742,46.538869],[0.3087015,46.5388804],[0.3086923,46.5388832],[0.3086669,46.5388908],[0.3086636,46.5388927],[0.3086322,46.5389023],[0.3086214,46.5389071],[0.3086111,46.53891],[0.3086051,46.5389128],[0.3086003,46.5389138],[0.3085931,46.5389166],[0.3085899,46.5389176],[0.3085796,46.5389214],[0.3085644,46.5389283],[0.3085508,46.5389331],[0.3085384,46.5389378],[0.3085248,46.5389436],[0.308516,46.5389477],[0.3085112,46.5389495],[0.3084598,46.5389748],[0.308449,46.5389808],[0.3084187,46.5389984],[0.3084155,46.5390004],[0.3083879,46.5390201],[0.3083785,46.5390271],[0.3083618,46.5390401],[0.3083557,46.539045],[0.3083508,46.539049],[0.3083307,46.5390669],[0.3083074,46.5390878],[0.3082983,46.5390969],[0.3082794,46.5391148],[0.3082748,46.5391198],[0.3082703,46.5391247],[0.3082668,46.5391318],[0.3082635,46.5391348],[0.3082452,46.5391487],[0.3082374,46.5391556],[0.3082329,46.5391596],[0.3082157,46.5391756],[0.3082111,46.5391806],[0.3082066,46.5391845],[0.3081799,46.5392094],[0.3081782,46.5392125],[0.3081691,46.5392215],[0.3081516,46.5392425],[0.308106,46.5392702],[0.307909,46.5393883],[0.3078953,46.539396],[0.3077145,46.5394889],[0.3073304,46.539675],[0.3072086,46.539801],[0.3071648,46.5398796],[0.3071631,46.5398827],[0.3071457,46.5399968],[0.3071464,46.540006],[0.3071475,46.5400152],[0.3071547,46.5400532],[0.3071559,46.5400595],[0.3071574,46.5400605],[0.3071581,46.5400707],[0.3071608,46.54008],[0.3071739,46.5401162],[0.3071777,46.5401254],[0.3071816,46.5401347],[0.307183,46.5401378],[0.3071858,46.540144],[0.3072548,46.5402468],[0.3072602,46.540255],[0.3072741,46.5402748],[0.3072767,46.540278],[0.3072811,46.5402842],[0.3072978,46.540304],[0.3073063,46.5403134],[0.307323,46.5403312],[0.3073316,46.5403396],[0.3073459,46.5403522],[0.3073515,46.5403575],[0.3073571,46.5403627],[0.307394,46.5403933],[0.3073997,46.5403974],[0.3074069,46.5404027],[0.3074125,46.5404068],[0.3074197,46.5404122],[0.3074614,46.5404398],[0.3074687,46.540444],[0.3074816,46.5404515],[0.3074874,46.5404537],[0.3074931,46.5404578],[0.307506,46.5404654],[0.3075365,46.5404815],[0.3075495,46.5404878],[0.3075755,46.5405008],[0.3075828,46.5405039],[0.3075901,46.5405072],[0.3075913,46.5405072],[0.3076146,46.540519],[0.3076246,46.5405234],[0.3076276,46.5405244],[0.3076507,46.5405332],[0.3076569,46.5405354],[0.3076757,46.540543],[0.3076815,46.5405452],[0.3077034,46.5405528],[0.3077165,46.5405572],[0.3077297,46.5405606],[0.3077412,46.5405649],[0.3077864,46.5405783],[0.3077995,46.5405817],[0.3078378,46.5405907],[0.3078406,46.5405907],[0.3078437,46.540592],[0.3078642,46.5405965],[0.3079629,46.540604],[0.3080373,46.5405974],[0.3083277,46.5405696],[0.3083394,46.5405709],[0.3085022,46.5405429],[0.3087481,46.5404803],[0.309165,46.5403511],[0.3091785,46.5403472],[0.3092114,46.5403399],[0.3092206,46.540337],[0.3092221,46.5403371],[0.3092718,46.5403218],[0.3092731,46.5403208],[0.3092942,46.5403143],[0.3093033,46.5403113],[0.3093244,46.5403047],[0.309338,46.5402999],[0.3093455,46.5402969],[0.3093484,46.540295],[0.3093547,46.5402931],[0.3093575,46.5402922],[0.3093727,46.5402864],[0.3093847,46.5402815],[0.3093863,46.5402807],[0.3094179,46.5402671],[0.3094271,46.5402632],[0.3094604,46.5402465],[0.3095112,46.5402426],[0.3095246,46.5402409],[0.3095455,46.5402374],[0.3095514,46.5402364],[0.3095902,46.5402291],[0.3096036,46.5402264],[0.3096218,46.5402228],[0.3096337,46.54022],[0.3096504,46.5402152],[0.3096849,46.5402059],[0.3096909,46.540204],[0.3097196,46.5401944],[0.3097208,46.5401934],[0.3097541,46.5401849],[0.3097689,46.5401792],[0.3097813,46.5401744],[0.3097917,46.5401695],[0.3097949,46.5401686],[0.3098069,46.5401637],[0.3098478,46.5401443],[0.3098522,46.5401433],[0.309863,46.5401384],[0.3098871,46.5401268],[0.3098871,46.5401258],[0.3099007,46.5401209],[0.3099131,46.5401151],[0.3099159,46.5401132],[0.3099266,46.5401104],[0.3099279,46.5401093],[0.30997,46.540096],[0.3099764,46.5400941],[0.3099911,46.5400893],[0.3100062,46.5400856],[0.3100169,46.5400827],[0.3100245,46.54008],[0.3100332,46.5400781],[0.3100424,46.5400753],[0.310059,46.5400716],[0.3100725,46.5400677],[0.3100829,46.5400639],[0.3101082,46.5400584],[0.3101189,46.5400555],[0.3101249,46.5400536],[0.3101384,46.5400499],[0.3101897,46.5400337],[0.3101898,46.5400327],[0.3101957,46.5400318],[0.3102093,46.540027],[0.3102168,46.540024],[0.3102169,46.5400231],[0.3102423,46.5400155],[0.3102424,46.5400146],[0.3102619,46.5400078],[0.3102635,46.5400078],[0.3102663,46.5400068],[0.3102874,46.5400002],[0.310289,46.5399993],[0.3102964,46.5400004],[0.3103334,46.5400044]]],[[[0.3321714,46.5343987],[0.3321584,46.5343033],[0.3320553,46.5340494],[0.3320459,46.5340257],[0.3319364,46.5337829],[0.3318979,46.5337207],[0.3317709,46.5336268],[0.3317135,46.5335845],[0.3314541,46.5335305],[0.3312422,46.5335307],[0.3310435,46.5335341],[0.330839,46.5335661],[0.3306978,46.5336109],[0.3306691,46.5336204],[0.3304718,46.5337477],[0.3304559,46.5337678],[0.3303581,46.5338933],[0.3302679,46.5340404],[0.3302631,46.5342253],[0.3302787,46.5343617],[0.3303314,46.5344938],[0.3304839,46.5347058],[0.3304909,46.5347153],[0.3306593,46.5348439],[0.3309401,46.5349802],[0.3310642,46.535022],[0.3313207,46.5350453],[0.3313961,46.535043],[0.3314782,46.5350368],[0.3316666,46.5349971],[0.3318249,46.5349079],[0.3320037,46.5347679],[0.3320758,46.5346878],[0.3321513,46.5345363],[0.3321685,46.5344252],[0.3321714,46.5343987]]],[[[0.3359932,46.5346709],[0.3359936,46.5346615],[0.335992,46.5346298],[0.3359938,46.5346258],[0.3359845,46.5345754],[0.3360031,46.5344675],[0.3360007,46.5343642],[0.3359994,46.5343602],[0.3359928,46.5343416],[0.3359905,46.5343323],[0.3359878,46.5343231],[0.3359542,46.5342271],[0.3359527,46.5342241],[0.3359489,46.5342149],[0.3358367,46.5340191],[0.3357445,46.5339422],[0.3357254,46.5339316],[0.3356968,46.5339156],[0.3356387,46.5338621],[0.3356357,46.53386],[0.335581,46.533825],[0.3355696,46.5338186],[0.3355191,46.5337939],[0.3354243,46.533762],[0.33542,46.5337609],[0.3352551,46.5337387],[0.3352461,46.5337384],[0.3352449,46.5337384],[0.3351164,46.5337304],[0.3349807,46.5337435],[0.3348249,46.5337807],[0.334772,46.5336538],[0.3347336,46.5335895],[0.3347155,46.5335687],[0.3345329,46.533361],[0.334377,46.53325],[0.3341728,46.5331574],[0.3341624,46.5331531],[0.334097,46.533129],[0.3339261,46.533077],[0.3337973,46.5330514],[0.333627,46.5330168],[0.3334983,46.5330138],[0.3333734,46.5330212],[0.3332334,46.5330414],[0.3329918,46.5331052],[0.3327944,46.5332325],[0.3327417,46.53331],[0.3326775,46.5334446],[0.3326355,46.5335743],[0.3326396,46.5336992],[0.3327518,46.5339512],[0.3328159,46.5340344],[0.332906,46.5341286],[0.333031,46.5342399],[0.3331597,46.5343308],[0.3332943,46.5343972],[0.3333635,46.5344316],[0.3333781,46.5344381],[0.3336171,46.5345479],[0.3336301,46.5345544],[0.3338051,46.5346127],[0.3339553,46.5346326],[0.3340365,46.5346385],[0.3341785,46.5346407],[0.3341962,46.5347669],[0.3342438,46.5348518],[0.3343053,46.5349238],[0.3343123,46.5349332],[0.3343167,46.5349394],[0.3343222,46.5349466],[0.3343233,46.5349477],[0.33435,46.534978],[0.3343571,46.5349853],[0.3343626,46.5349926],[0.3343656,46.5349947],[0.334391,46.5350208],[0.3343966,46.5350261],[0.3344095,46.5350356],[0.3344166,46.535042],[0.3344467,46.5350671],[0.3344508,46.5350704],[0.3344596,46.5350766],[0.3344983,46.535101],[0.3345055,46.5351052],[0.3345067,46.5351063],[0.3345138,46.5351116],[0.3345211,46.5351159],[0.334534,46.5351234],[0.3345397,46.5351266],[0.3345516,46.535133],[0.3346036,46.5351588],[0.3346109,46.5351619],[0.334612,46.535162],[0.3346224,46.5351672],[0.334637,46.5351728],[0.3346485,46.5351782],[0.3346558,46.5351804],[0.3346689,46.5351837],[0.3346951,46.5351936],[0.3347491,46.5352112],[0.3347533,46.5352123],[0.3347711,46.5352178],[0.3347753,46.5352189],[0.3348265,46.5352303],[0.334828,46.5352303],[0.3348516,46.535236],[0.3352383,46.5352654],[0.3353471,46.5352516],[0.3353515,46.5352507],[0.3353606,46.535249],[0.335374,46.5352462],[0.3353918,46.5352426],[0.3354037,46.5352397],[0.3354549,46.5352257],[0.3354581,46.5352246],[0.3354836,46.535216],[0.3354927,46.5352131],[0.3355031,46.5352093],[0.3355107,46.5352063],[0.3355394,46.5351949],[0.3355531,46.5351889],[0.3355788,46.5351753],[0.3357536,46.5350843],[0.3359107,46.5349326],[0.3359299,46.5349003],[0.3359333,46.5348943],[0.335935,46.5348912],[0.3359397,46.5348821],[0.3359548,46.5348467],[0.3359567,46.5348406],[0.3359583,46.5348387],[0.3359654,46.5348133],[0.3359724,46.534792],[0.3359744,46.5347828],[0.3359746,46.5347786],[0.3359764,46.5347737],[0.335978,46.5347644],[0.33598,46.5347552],[0.3359819,46.5347481],[0.3359822,46.5347431],[0.335984,46.534738],[0.3359856,46.5347289],[0.3359907,46.5346892],[0.3359932,46.5346709]]],[[[0.3166568,46.5418846],[0.3166,46.5417095],[0.3164917,46.5415628],[0.3164877,46.5415566],[0.3163268,46.541426],[0.3162048,46.5413434],[0.3161919,46.5413349],[0.3161038,46.5412868],[0.3158155,46.5412156],[0.3156073,46.5412026],[0.3155776,46.5412019],[0.3152974,46.5412353],[0.3151241,46.5412955],[0.3150122,46.5413481],[0.3148583,46.541459],[0.314785,46.5415381],[0.3147817,46.5415421],[0.3147063,46.5416895],[0.3146898,46.5417852],[0.3146867,46.5418159],[0.3146979,46.5419459],[0.3148007,46.542119],[0.3148773,46.5422169],[0.3150899,46.5423547],[0.3151758,46.5423845],[0.3153702,46.5424371],[0.315461,46.5424555],[0.3155995,46.5424742],[0.3156822,46.5424802],[0.3157312,46.5424802],[0.3158479,46.54248],[0.3159251,46.5424798],[0.3160591,46.5424634],[0.316187,46.5424276],[0.3164065,46.5423295],[0.3165636,46.5422106],[0.3166389,46.5420641],[0.3166537,46.5419162],[0.3166568,46.5418846]]],[[[0.3001163,46.5409832],[0.3001604,46.541018],[0.3008508,46.5415281],[0.3009388,46.5416007],[0.3010003,46.5415847],[0.301151,46.5415075],[0.3012484,46.541425],[0.3013103,46.5413364],[0.3013467,46.5412024],[0.3013264,46.5410762],[0.3012706,46.5409758],[0.3011916,46.5408942],[0.3010389,46.5408057],[0.3008932,46.5407583],[0.3007148,46.5407378],[0.3005694,46.5407487],[0.3003851,46.5407903],[0.3002267,46.5408734],[0.3001387,46.5409491],[0.3001163,46.5409832]]],[[[0.3565365,46.4856857],[0.3564634,46.4855152],[0.3563162,46.4853718],[0.3561436,46.4851234],[0.3560482,46.4848309],[0.3560114,46.4844928],[0.355951,46.4839373],[0.3559458,46.4838912],[0.3560498,46.4834255],[0.3560338,46.4829006],[0.3558523,46.4827369],[0.3555064,46.482819],[0.355509,46.4831032],[0.3555653,46.4836207],[0.3555612,46.48364],[0.3555214,46.4838803],[0.3554509,46.484302],[0.3553506,46.4849651],[0.3552499,46.4858163],[0.3550683,46.4860258],[0.354888,46.4863875],[0.3548866,46.4864151],[0.35484,46.4868271],[0.3551654,46.4871055],[0.3555075,46.4870387],[0.3556567,46.4867702],[0.3556786,46.4865929],[0.355801,46.4862963],[0.3560027,46.4860761],[0.3563498,46.4859063],[0.3565365,46.4856857]]],[[[0.355244,46.6338148],[0.3552478,46.633768],[0.3554485,46.6337572],[0.3554522,46.6338023],[0.3555906,46.6337953],[0.3558519,46.6337952],[0.3560685,46.6338277],[0.3561996,46.633844],[0.3563207,46.6337651],[0.3564269,46.6338412],[0.3564778,46.6338341],[0.3566676,46.6337395],[0.3568882,46.6335134],[0.3570578,46.633316],[0.3572698,46.6330807],[0.357314,46.6329949],[0.3572953,46.6329514],[0.3572634,46.6328719],[0.3571076,46.6324125],[0.3570331,46.6322104],[0.3568591,46.6320939],[0.3567807,46.6320842],[0.3567795,46.632084],[0.356752,46.6320933],[0.3567177,46.632105],[0.356312,46.6322343],[0.3562745,46.6322461],[0.3560605,46.6323147],[0.3560474,46.6323093],[0.3560345,46.6323253],[0.3559764,46.6324538],[0.3559357,46.6325888],[0.3559349,46.6326696],[0.3559531,46.6327477],[0.3560493,46.63294],[0.3561992,46.633149],[0.3563303,46.6332287],[0.3565123,46.6333034],[0.356588,46.6333042],[0.3567457,46.6332965],[0.3566701,46.6333817],[0.3564632,46.6335211],[0.3562992,46.633595],[0.356207,46.6336347],[0.3560144,46.6336252],[0.3555507,46.6335838],[0.3550917,46.6336234],[0.3548818,46.6336297],[0.3547885,46.6336613],[0.3547182,46.6337587],[0.3547234,46.6338366],[0.3548101,46.6338856],[0.3551079,46.6338374],[0.355244,46.6338148]]],[[[0.3489423,46.64153],[0.3489473,46.6415465],[0.3489416,46.6416088],[0.3489818,46.6417251],[0.3491218,46.6416875],[0.3491844,46.6416512],[0.3492105,46.6416303],[0.3493782,46.641812],[0.3494165,46.6418478],[0.3494522,46.6418813],[0.3494511,46.6419037],[0.3494745,46.6419062],[0.3496992,46.6418941],[0.3499352,46.6418341],[0.3499954,46.6417895],[0.3500032,46.6417837],[0.350131,46.6416885],[0.3505063,46.6414129],[0.3508164,46.6411779],[0.3508911,46.6410702],[0.3508553,46.6408945],[0.3508374,46.6408665],[0.3507642,46.640872],[0.3506218,46.6409034],[0.3505704,46.6409186],[0.3502989,46.6410135],[0.3501249,46.6411148],[0.3499471,46.6411945],[0.3499373,46.6411861],[0.3498517,46.6411156],[0.3495917,46.6412731],[0.3492951,46.6414166],[0.3489423,46.64153]]],[[[0.3454595,46.6424931],[0.3456267,46.6426871],[0.345695,46.6428942],[0.3462191,46.6427705],[0.3464532,46.6426868],[0.3466116,46.6429706],[0.3466361,46.6430469],[0.3467206,46.6431417],[0.3469138,46.6431944],[0.3471448,46.6432374],[0.3473785,46.6431622],[0.3475556,46.6430946],[0.3476578,46.6430347],[0.3476594,46.6430336],[0.348144,46.6427148],[0.3484746,46.642662],[0.3485893,46.6425881],[0.3487225,46.6425033],[0.3488213,46.6422807],[0.3487626,46.6421086],[0.348715,46.6421096],[0.3486841,46.6421088],[0.3484867,46.6421093],[0.3483368,46.6421088],[0.3482981,46.6418638],[0.3480995,46.6419205],[0.3471174,46.6421839],[0.3469073,46.6422353],[0.3469073,46.6422354],[0.3462119,46.6424043],[0.3461773,46.6424127],[0.346161,46.6423857],[0.34605,46.6421899],[0.3455188,46.6423719],[0.3453022,46.6424292],[0.3454595,46.6424931]]],[[[0.3435874,46.5917487],[0.3436883,46.591747],[0.344278,46.5917218],[0.3442826,46.5916912],[0.3442767,46.591691],[0.3442786,46.5916523],[0.3442284,46.5916451],[0.3442231,46.5916327],[0.3442421,46.591581],[0.3442036,46.591574],[0.3441366,46.5915499],[0.3441048,46.5915675],[0.3440406,46.5916049],[0.3439838,46.5916117],[0.3439789,46.5915912],[0.3439,46.5916027],[0.3438194,46.5916151],[0.3438155,46.5915986],[0.3438039,46.5915637],[0.3438034,46.5915483],[0.3437783,46.5915415],[0.3437456,46.591545],[0.3437081,46.5915502],[0.3436765,46.5915618],[0.3436745,46.5915708],[0.3436648,46.5915922],[0.3436124,46.591599],[0.3435716,46.5916145],[0.3434929,46.5916444],[0.3433986,46.5916657],[0.3433879,46.5916429],[0.3432964,46.5916633],[0.3432762,46.5916832],[0.3431363,46.5917209],[0.3431235,46.5916787],[0.343104,46.5916845],[0.3430948,46.5916963],[0.3430881,46.5917372],[0.3430902,46.5917904],[0.343164,46.5917972],[0.3432304,46.5917691],[0.3434184,46.5917489],[0.3435874,46.5917487]]],[[[0.3132357,46.6341737],[0.3132706,46.6342225],[0.313324,46.634278],[0.3133967,46.6343379],[0.3134474,46.6343688],[0.3135023,46.6343936],[0.313552,46.6344121],[0.3136281,46.6344353],[0.3137457,46.6344544],[0.3138254,46.6344614],[0.3139119,46.6344583],[0.3139746,46.6344506],[0.3140539,46.6344341],[0.314156,46.6344089],[0.3140987,46.6343063],[0.3142328,46.63415],[0.3144295,46.634218],[0.3144409,46.634202],[0.3144704,46.6341454],[0.3144925,46.6340876],[0.3145029,46.6340265],[0.3144998,46.6339702],[0.3144852,46.6339085],[0.3144653,46.63386],[0.3144266,46.6337998],[0.3144141,46.6337832],[0.3143999,46.6337686],[0.3143846,46.6337529],[0.3143546,46.6337244],[0.3143031,46.6336876],[0.3141945,46.6336298],[0.3141349,46.6336059],[0.3140647,46.633588],[0.3139616,46.6335702],[0.3138698,46.6335619],[0.3137822,46.633565],[0.3137123,46.6335746],[0.3136101,46.6335936],[0.3135408,46.6336145],[0.3134666,46.6336474],[0.3134085,46.6336798],[0.3133425,46.6337285],[0.3132928,46.6337732],[0.3132512,46.6338296],[0.3132267,46.6338811],[0.313206,46.6339347],[0.3131943,46.6339958],[0.3131933,46.6340407],[0.3132028,46.6340941],[0.3132141,46.6341354],[0.3132357,46.6341737]]],[[[0.2752703,46.6242875],[0.2752715,46.6242938],[0.2752918,46.624329],[0.2753321,46.6243544],[0.2753821,46.6243668],[0.2775342,46.6244702],[0.2784354,46.6244855],[0.2785254,46.6244968],[0.2785418,46.6244992],[0.2785488,46.6244145],[0.2784299,46.6243913],[0.2783954,46.6244292],[0.2783332,46.6244257],[0.2781215,46.6244156],[0.2778182,46.6244002],[0.2776145,46.6243779],[0.2776259,46.6243558],[0.2773957,46.6243288],[0.2773086,46.6243216],[0.2772153,46.6243215],[0.2771677,46.6243223],[0.2769362,46.6243231],[0.2767063,46.6243236],[0.2766274,46.6243238],[0.2766321,46.6242933],[0.2766322,46.6242923],[0.2766306,46.6242923],[0.2763008,46.6242967],[0.2762714,46.624297],[0.2759419,46.6242647],[0.2757759,46.6242341],[0.2756907,46.6242198],[0.2756492,46.6241554],[0.2756104,46.6241321],[0.2754347,46.6241146],[0.2752962,46.6241235],[0.2752783,46.6242142],[0.2752703,46.6242875]]],[[[0.3387289,46.5995244],[0.3385688,46.5993756],[0.3385089,46.5993251],[0.3383992,46.5992581],[0.3382739,46.5991264],[0.3381596,46.5990339],[0.3380572,46.5989475],[0.3379828,46.5988887],[0.3379643,46.5988748],[0.337883,46.5987484],[0.3377704,46.5985975],[0.3377006,46.5985029],[0.3376415,46.5983788],[0.337571,46.5982177],[0.3374643,46.5980916],[0.3373718,46.5979544],[0.3373495,46.5979203],[0.3369001,46.5980407],[0.336899,46.5980406],[0.3368988,46.5980447],[0.3371775,46.5983179],[0.3374899,46.5986564],[0.337668,46.5989284],[0.3377715,46.5990576],[0.3377773,46.599122],[0.3378235,46.5991804],[0.3379048,46.5993059],[0.3379226,46.599334],[0.3380886,46.5994605],[0.3380927,46.5994637],[0.3381923,46.5995202],[0.3382236,46.5995771],[0.3382828,46.5996101],[0.3383444,46.5996259],[0.3385,46.5996264],[0.3387289,46.5995244]]],[[[0.3600445,46.5821291],[0.3600246,46.5821112],[0.3598549,46.5820061],[0.3597719,46.5819797],[0.3593958,46.5823635],[0.3592488,46.5824603],[0.3589804,46.5826769],[0.3585775,46.5829733],[0.3579983,46.5833004],[0.3575924,46.5835055],[0.3569433,46.5837154],[0.3565678,46.5838111],[0.3566095,46.5838408],[0.356611,46.5838408],[0.3566926,46.5838395],[0.3568202,46.583869],[0.3568802,46.5838848],[0.3569427,46.5838166],[0.3569475,46.5838138],[0.3569473,46.5837851],[0.3569964,46.5837842],[0.3570463,46.583821],[0.3570808,46.5838454],[0.3570822,46.5838731],[0.3572575,46.5838393],[0.3572951,46.5839209],[0.3573431,46.5839099],[0.3574466,46.5838845],[0.3574795,46.5838771],[0.3574728,46.5838627],[0.3574178,46.5837438],[0.3575444,46.5836711],[0.3575896,46.5836518],[0.3576457,46.5836275],[0.3577049,46.5836033],[0.3578174,46.5835466],[0.3578601,46.5835231],[0.3578706,46.5835171],[0.3579858,46.583436],[0.3579788,46.5834287],[0.358077,46.5833583],[0.358177,46.583285],[0.358209,46.5832633],[0.3582627,46.583289],[0.3582872,46.5833009],[0.3584398,46.5832185],[0.3585597,46.5831538],[0.3588994,46.5829388],[0.3589027,46.5829369],[0.3590155,46.5828658],[0.3591267,46.5828357],[0.3591314,46.5828349],[0.359422,46.5827679],[0.3596067,46.5827262],[0.3595971,46.5826738],[0.3595867,46.5826142],[0.3595852,46.5826122],[0.3595449,46.5825294],[0.3595254,46.5825035],[0.3595163,46.5825053],[0.3595869,46.5824568],[0.3598218,46.5822936],[0.3598373,46.5822796],[0.3600445,46.5821291]]],[[[0.3575634,46.5754652],[0.3574934,46.5754697],[0.3574527,46.5753961],[0.357409,46.5754074],[0.3573849,46.575411],[0.3572583,46.5754264],[0.3571958,46.5754628],[0.3571616,46.5754978],[0.3570604,46.575563],[0.3570673,46.5755754],[0.3570403,46.5755829],[0.3569861,46.5756002],[0.356899,46.5756185],[0.3568516,46.5756511],[0.3568009,46.5756847],[0.3567845,46.5756915],[0.3567256,46.5757115],[0.3567073,46.5757254],[0.3566718,46.5757523],[0.3565807,46.5757973],[0.3565204,46.5758193],[0.3564837,46.575841],[0.3564607,46.5758547],[0.3563673,46.5758894],[0.3563226,46.5760111],[0.3564117,46.5760079],[0.3564995,46.5759119],[0.3566963,46.5758295],[0.3566911,46.5758068],[0.3568347,46.575756],[0.3569823,46.5756787],[0.3571021,46.5756488],[0.3572247,46.5756035],[0.35732,46.5755281],[0.3574374,46.5754918],[0.3575634,46.5754652]]],[[[0.3579459,46.5753115],[0.3579365,46.5752878],[0.3578757,46.5752874],[0.3578155,46.5753085],[0.3577662,46.5753165],[0.357799,46.5753755],[0.3576593,46.5754428],[0.3576906,46.5754354],[0.3578791,46.5753713],[0.3579178,46.5753415],[0.3579459,46.5753115]]],[[[0.3434765,46.5226107],[0.3436855,46.5223948],[0.3437887,46.522254],[0.3438135,46.5221064],[0.3438993,46.5219285],[0.3440016,46.5218061],[0.3440869,46.5216303],[0.3440909,46.5215495],[0.3440776,46.5215237],[0.3440761,46.5215237],[0.3430951,46.5216216],[0.3431096,46.5216627],[0.3430819,46.521749],[0.3430744,46.5219022],[0.3431632,46.5220494],[0.3432908,46.5222896],[0.3433794,46.5225369],[0.3434765,46.5226107]]],[[[0.3357154,46.5289306],[0.3358219,46.5293],[0.3359422,46.5297792],[0.3360263,46.5301409],[0.3360916,46.5303511],[0.3361853,46.5306465],[0.3362505,46.5308588],[0.3363524,46.5311135],[0.3364716,46.5313974],[0.3365441,46.5315812],[0.3366687,46.5318202],[0.3367547,46.5320011],[0.3378642,46.5339711],[0.33819,46.5348138],[0.3382414,46.535133],[0.3382935,46.5352129],[0.3384636,46.5354039],[0.3387176,46.5359036],[0.3389738,46.5363287],[0.3390392,46.5364488],[0.3390473,46.5365226],[0.3390701,46.5366908],[0.33918,46.5369345],[0.3392608,46.5369723],[0.3394022,46.5369877],[0.339588,46.536944],[0.3397433,46.5368608],[0.3395835,46.5365227],[0.3395796,46.5362426],[0.3393207,46.5358411],[0.3390322,46.535405],[0.3385615,46.5350026],[0.3382946,46.5345251],[0.3382069,46.5343492],[0.3380824,46.5340518],[0.337825,46.5334366],[0.337584,46.533061],[0.3372442,46.5323212],[0.3367303,46.5314668],[0.3366412,46.5308699],[0.3365925,46.530656],[0.3365976,46.5304231],[0.3364022,46.5293973],[0.336315,46.5289629],[0.3357154,46.5289306]]],[[[0.3272673,46.5745757],[0.3274496,46.5752066],[0.3275852,46.5752537],[0.3275214,46.5748607],[0.3274563,46.5744074],[0.3274177,46.5741386],[0.3272795,46.5741119],[0.3272087,46.5741655],[0.3272167,46.57437],[0.3272469,46.5745037],[0.3272673,46.5745757]]],[[[0.3167,46.5438626],[0.3167719,46.5438745],[0.3169761,46.5439111],[0.3170001,46.5438462],[0.3172045,46.5438795],[0.3176838,46.5439532],[0.3182218,46.5440372],[0.3182631,46.5440434],[0.3180667,46.5442995],[0.3184395,46.5443655],[0.3184,46.54466],[0.3199927,46.54478],[0.3204675,46.5449149],[0.3205128,46.5449579],[0.3205815,46.5449165],[0.3209985,46.5448405],[0.3214138,46.5448072],[0.3219062,46.5448229],[0.3221077,46.5447969],[0.3223666,46.5447099],[0.3225149,46.544649],[0.3227671,46.5445476],[0.3228365,46.544497],[0.3229254,46.5444337],[0.3230102,46.5443355],[0.3230643,46.5442295],[0.3230729,46.5440242],[0.3230128,46.5438603],[0.3228481,46.5437194],[0.3225705,46.5435738],[0.3223822,46.543547],[0.3221726,46.5435002],[0.3218838,46.5434709],[0.3217364,46.543488],[0.3216085,46.5435237],[0.3213099,46.5436619],[0.3211491,46.5437686],[0.3209971,46.5438814],[0.320925,46.5439616],[0.3208692,46.5440676],[0.3208155,46.54414],[0.3207899,46.5441742],[0.3206988,46.54422],[0.3205191,46.544225],[0.3202474,46.5441829],[0.3201034,46.5440988],[0.3200844,46.5440872],[0.3200715,46.5440797],[0.320047,46.5440668],[0.3198999,46.5439847],[0.3198987,46.5439847],[0.3198609,46.5439653],[0.319855,46.5439642],[0.3198451,46.5439599],[0.3198405,46.5439576],[0.3198274,46.5439523],[0.3197855,46.543937],[0.3196457,46.5438805],[0.3195004,46.5438557],[0.3192989,46.543858],[0.3192857,46.5438557],[0.3192841,46.5438556],[0.3192811,46.5438546],[0.3192768,46.5438535],[0.3192594,46.543849],[0.3192462,46.5438456],[0.3192358,46.5438433],[0.3192327,46.5438423],[0.3192196,46.5438389],[0.3192184,46.5438389],[0.3192064,46.5438354],[0.3192037,46.5438345],[0.3191991,46.5438333],[0.3191817,46.5438288],[0.3191685,46.5438254],[0.3191423,46.5438176],[0.3191291,46.5438142],[0.3191248,46.5438131],[0.3191218,46.543812],[0.3191129,46.5438098],[0.3190781,46.5437997],[0.319065,46.5437963],[0.3190603,46.5437952],[0.3190518,46.5437931],[0.3190472,46.5437919],[0.3190445,46.5437909],[0.3190267,46.5437862],[0.3190224,46.5437852],[0.3190135,46.543783],[0.3190004,46.5437795],[0.318974,46.5437738],[0.3189609,46.5437704],[0.3189229,46.5437614],[0.3189182,46.5437613],[0.3189039,46.5437569],[0.3188977,46.5437557],[0.3188845,46.5437534],[0.3188582,46.5437476],[0.3188523,46.5437475],[0.3188349,46.5437429],[0.318826,46.5437407],[0.318807,46.5437372],[0.3188054,46.5437372],[0.3187996,46.5437361],[0.3187806,46.5437315],[0.318769,46.5437291],[0.3187616,46.543728],[0.318729,46.543721],[0.3187247,46.5437209],[0.3187189,46.5437198],[0.3187147,46.5437177],[0.31871,46.5437176],[0.3186941,46.5437141],[0.3186895,46.5437129],[0.3186763,46.5437097],[0.3186547,46.543704],[0.3186457,46.5437027],[0.3186442,46.5437017],[0.3186252,46.5436971],[0.318603,46.5436946],[0.3185842,46.543688],[0.3185741,46.5436846],[0.3185637,46.5436824],[0.318561,46.5436813],[0.3185094,46.54367],[0.3185067,46.5436699],[0.3184963,46.5436665],[0.3184831,46.5436641],[0.3184699,46.5436618],[0.3184609,46.5436616],[0.3184451,46.5436561],[0.3184319,46.5436538],[0.3184187,46.5436514],[0.3183922,46.5436478],[0.3183436,46.5436414],[0.3183319,46.5436402],[0.3183245,46.543639],[0.3183112,46.5436378],[0.318298,46.5436364],[0.3182847,46.543635],[0.3182699,46.5436346],[0.3182625,46.5436324],[0.3182567,46.5436322],[0.3182477,46.5436311],[0.3182345,46.5436288],[0.3182109,46.5436231],[0.3181977,46.5436207],[0.3181845,46.5436184],[0.3181833,46.5436184],[0.3181465,46.5436104],[0.3181333,46.543608],[0.318129,46.5436079],[0.3181201,46.5436055],[0.3181127,46.5436044],[0.3181085,46.5436032],[0.3180953,46.5436009],[0.3180821,46.5435986],[0.318026,46.5435912],[0.3178186,46.5435863],[0.3178113,46.543584],[0.3177839,46.5435763],[0.3177707,46.5435729],[0.3176631,46.543554],[0.3176499,46.5435526],[0.3175925,46.5435493],[0.3175807,46.543549],[0.3174048,46.5435101],[0.3173915,46.5435109],[0.3173348,46.5435156],[0.3173214,46.5435173],[0.3172693,46.5435264],[0.3172558,46.543529],[0.3172272,46.5435376],[0.3170753,46.5435821],[0.3170542,46.5435897],[0.3169096,46.5436703],[0.3168959,46.543678],[0.3168729,46.5436919],[0.3168713,46.5436928],[0.3168591,46.5437007],[0.3168083,46.5437394],[0.3167989,46.5437474],[0.3167631,46.5437822],[0.3167585,46.5437884],[0.3167552,46.5437914],[0.3167506,46.5437962],[0.3167427,46.5438053],[0.316741,46.5438083],[0.3167382,46.5438103],[0.3167302,46.5438213],[0.3167127,46.5438425],[0.3167064,46.5438515],[0.3167,46.5438626]]],[[[0.3163367,46.5726108],[0.3163629,46.5726524],[0.316487,46.5727195],[0.3165298,46.572782],[0.3166395,46.5728775],[0.3167432,46.5729372],[0.3168446,46.5729539],[0.3169958,46.5729799],[0.3171507,46.573003],[0.3173339,46.5730073],[0.3175924,46.5730021],[0.3177247,46.5729898],[0.3178519,46.5729704],[0.3179394,46.5729684],[0.3180004,46.5729626],[0.3181116,46.572957],[0.3181695,46.5729594],[0.3182125,46.5729614],[0.3183365,46.5729674],[0.318434,46.5729768],[0.3185357,46.5729885],[0.3186226,46.5729985],[0.3186934,46.5730095],[0.3187452,46.5730393],[0.3189363,46.5730663],[0.3191294,46.5730933],[0.3192784,46.5731407],[0.3195656,46.5732057],[0.3196836,46.5732453],[0.3197538,46.5732684],[0.3199957,46.5733211],[0.3200919,46.573351],[0.3201506,46.5733687],[0.3202367,46.5733952],[0.3204898,46.5734595],[0.3206362,46.5734965],[0.3207856,46.5735338],[0.3208708,46.5735542],[0.3210997,46.573627],[0.3211921,46.5736527],[0.3213362,46.5737021],[0.3214678,46.5737358],[0.3215894,46.5737673],[0.3216935,46.5737942],[0.3217845,46.5738394],[0.3220772,46.5739137],[0.3222097,46.5739372],[0.3223051,46.5739568],[0.3223642,46.5739919],[0.3224469,46.5740224],[0.322516,46.5740374],[0.322598,46.5740578],[0.3226579,46.5740765],[0.3227161,46.5740952],[0.3228095,46.574126],[0.3229014,46.5741619],[0.323047,46.5741807],[0.3233254,46.5742199],[0.3234719,46.5742529],[0.3235972,46.5742947],[0.3236996,46.5743247],[0.3238515,46.5743436],[0.3239799,46.5743793],[0.3240867,46.5744084],[0.3241819,46.5744331],[0.3242548,46.5744553],[0.3243426,46.5744797],[0.3244038,46.5745036],[0.3245075,46.574506],[0.3245743,46.5745353],[0.3246642,46.5745722],[0.3247081,46.5745876],[0.3248099,46.5746298],[0.3248685,46.5746413],[0.3249196,46.5746537],[0.3250023,46.5746628],[0.3250629,46.574698],[0.325106,46.5747225],[0.3252589,46.5747772],[0.3252995,46.5747965],[0.325373,46.5748074],[0.3263608,46.5748622],[0.3265218,46.5749028],[0.3266626,46.5749009],[0.3268154,46.5749024],[0.3267831,46.574867],[0.3260172,46.5746753],[0.3256256,46.5745885],[0.3253209,46.574513],[0.3251372,46.5744534],[0.3251174,46.5744334],[0.3249319,46.5743158],[0.3246676,46.5742308],[0.3244854,46.5741754],[0.3243287,46.5741012],[0.3241246,46.5740597],[0.3240072,46.5740394],[0.3235845,46.5739233],[0.3233437,46.5738779],[0.3230398,46.5738186],[0.3228701,46.5737696],[0.3225957,46.5736917],[0.3224003,46.5736166],[0.3222242,46.5735543],[0.3220443,46.5734753],[0.3217473,46.5733929],[0.3217717,46.5733514],[0.3216577,46.5733181],[0.3211822,46.5731608],[0.3208729,46.5730575],[0.3201172,46.5728129],[0.3198398,46.5727225],[0.3195219,46.57262],[0.3192693,46.5725375],[0.3190154,46.5724568],[0.318557,46.5723725],[0.3181985,46.5723548],[0.3179514,46.5723592],[0.3176606,46.5723658],[0.3175211,46.5723738],[0.3173966,46.5723709],[0.317334,46.5724409],[0.3172828,46.57254],[0.3169723,46.5725265],[0.3164745,46.5725517],[0.3164108,46.5725787],[0.3163367,46.5726108]]],[[[0.3556944,46.5847314],[0.3559628,46.5850963],[0.3559583,46.585133],[0.3559564,46.5851719],[0.3559574,46.585176],[0.3559647,46.5851782],[0.3559595,46.5851955],[0.3559674,46.5852201],[0.3559767,46.5852377],[0.3560032,46.5852742],[0.3560319,46.5853197],[0.3560379,46.585325],[0.3560716,46.5853575],[0.3561439,46.5854267],[0.3562195,46.5854927],[0.3562533,46.5855232],[0.3563051,46.5855623],[0.3563134,46.5855696],[0.3565749,46.5854724],[0.35681,46.5854185],[0.3568266,46.5854148],[0.3569288,46.5853845],[0.3570064,46.5853453],[0.3571194,46.5853674],[0.3571359,46.5853678],[0.3573761,46.5853692],[0.3573828,46.5853686],[0.3570364,46.5848819],[0.357387,46.5848369],[0.3574445,46.5848412],[0.3576442,46.5847886],[0.3581468,46.5846347],[0.358508,46.5844365],[0.3585617,46.5844025],[0.3586442,46.5843522],[0.3586744,46.5843319],[0.3587006,46.5843102],[0.3587167,46.5842962],[0.3587474,46.5842644],[0.35876,46.5842498],[0.3588057,46.5841963],[0.3588231,46.5841742],[0.3588337,46.5841769],[0.3589965,46.5840479],[0.3589858,46.5840404],[0.3590021,46.584027],[0.3590703,46.5839711],[0.3590927,46.5839644],[0.3590492,46.5839164],[0.3590353,46.5838957],[0.3590153,46.5838472],[0.3590087,46.5838368],[0.3585948,46.5840225],[0.3582731,46.5841398],[0.357823,46.5842868],[0.3575401,46.5843406],[0.3571165,46.5844187],[0.356675,46.5844454],[0.3562137,46.5844817],[0.3561269,46.584495],[0.3557961,46.5845661],[0.3557403,46.5846077],[0.3556824,46.5846473],[0.3556198,46.5846837],[0.355615,46.5846866],[0.3556197,46.5846867],[0.3556944,46.5847314]]],[[[0.2705578,46.6251159],[0.2705967,46.6252252],[0.2706023,46.6252611],[0.2706082,46.6252928],[0.2706228,46.6252676],[0.2706325,46.625222],[0.2706424,46.6251741],[0.2705988,46.625128],[0.2705578,46.6251159]]],[[[0.3399466,46.5128307],[0.3401506,46.5127506],[0.3402574,46.5126784],[0.3402704,46.5125979],[0.3401207,46.512393],[0.339717,46.5121046],[0.3395225,46.5119672],[0.339395,46.511908],[0.339157,46.5118667],[0.3387768,46.5118047],[0.3384555,46.5117697],[0.3382092,46.511723],[0.338949,46.5121265],[0.339278,46.5124838],[0.3397839,46.5127635],[0.3399466,46.5128307]]],[[[0.3430264,46.5199066],[0.3431113,46.5198371],[0.3431904,46.5196682],[0.3431395,46.51962],[0.34296,46.5194788],[0.3428639,46.5193857],[0.3428565,46.5193537],[0.3426093,46.5193471],[0.34263,46.5191961],[0.3428608,46.5192006],[0.3428709,46.5192662],[0.3428824,46.5192481],[0.3428917,46.519233],[0.3429777,46.5190192],[0.3430823,46.5188826],[0.3432467,46.5187854],[0.343322,46.5187349],[0.3434204,46.5186288],[0.3435749,46.5184627],[0.3436002,46.5183691],[0.3435894,46.5183189],[0.3435631,46.5182876],[0.3434286,46.5182191],[0.3432801,46.5182862],[0.3431452,46.5183536],[0.3429993,46.5184872],[0.3427893,46.5187562],[0.3426289,46.5190091],[0.3425495,46.519362],[0.3425194,46.5195535],[0.3425373,46.519611],[0.3427025,46.5197723],[0.3428486,46.5198431],[0.3430264,46.5199066]]],[[[0.4019691,46.6826596],[0.4021155,46.6826118],[0.4023653,46.682544],[0.4027899,46.6824533],[0.4030059,46.6822559],[0.4033301,46.6820291],[0.403411,46.6817325],[0.4034887,46.6815053],[0.4035371,46.6814615],[0.4037726,46.6812511],[0.404733,46.6806451],[0.4040688,46.6804666],[0.4022403,46.6803212],[0.4022964,46.6803805],[0.4022797,46.6805743],[0.4020825,46.6806659],[0.4013679,46.6807949],[0.4014909,46.6809479],[0.4013397,46.681384],[0.4014645,46.6816884],[0.4018392,46.6819014],[0.4019388,46.6823973],[0.4019691,46.6826596]]]]}},{"type":"Feature","properties":{"id_map":86000005,"id_zone":"RNAT000005","id_gaspar":"86DDT20130001","nom":"ZONE BLEUE - B5 : Zone constructible sous condition - Prescriptions simples ; Centre historique de Poitiers","codezone":"B5","typereg":"02","soumisalea":"oui","nomfic":"86DDT20130001_reglement.pdf","urlfic":null,"srce_geom":"Plan cadastral informatisé assemblé au 1 :5000","srce_annee":"2013","precison":"NE"},"geometry":{"type":"Polygon","coordinates":[[[0.3531626,46.5803008],[0.3531623,46.580219],[0.3531624,46.580217],[0.3531554,46.5801422],[0.3531535,46.5801247],[0.3531397,46.5800375],[0.3531245,46.5800208],[0.3531368,46.580009],[0.3531345,46.5797492],[0.3531187,46.5797132],[0.3530852,46.5796683],[0.3529719,46.5795317],[0.3529425,46.5794902],[0.3528724,46.5793527],[0.3528431,46.5792539],[0.3528245,46.5792094],[0.3528006,46.5791772],[0.3527273,46.579103],[0.3527231,46.5790925],[0.352712,46.5790228],[0.3527024,46.5790042],[0.3525518,46.5788996],[0.3525361,46.5789176],[0.3522686,46.579082],[0.3514732,46.5785526],[0.3508463,46.5781844],[0.3504879,46.5780249],[0.3488439,46.5774491],[0.3487088,46.5774224],[0.3482497,46.5773198],[0.3476229,46.5771908],[0.3474689,46.5771913],[0.3473446,46.5771506],[0.3466691,46.5770173],[0.3465534,46.5769942],[0.346372,46.576945],[0.3462517,46.5769127],[0.3461511,46.5768858],[0.3459034,46.5768207],[0.3457397,46.5767771],[0.3454952,46.5767122],[0.3451361,46.5766332],[0.3450039,46.5766027],[0.3447416,46.5765731],[0.3436588,46.5767053],[0.3430713,46.5766243],[0.3428299,46.57659],[0.341914,46.5764042],[0.3415078,46.5762874],[0.3410959,46.5761562],[0.3410682,46.5761473],[0.340814,46.57607],[0.3406885,46.5760322],[0.3401498,46.5758898],[0.3400343,46.5758554],[0.3396893,46.575729],[0.3387271,46.5753672],[0.3386178,46.5753911],[0.3385254,46.5753727],[0.3372752,46.5749767],[0.3356656,46.5744383],[0.334409,46.5740309],[0.3333847,46.5736982],[0.3329513,46.5735604],[0.332417,46.5733945],[0.3317833,46.5731681],[0.3309468,46.5727878],[0.3303986,46.5725369],[0.3300929,46.5725124],[0.3297809,46.5725623],[0.3296024,46.5726921],[0.329562,46.5726372],[0.3295183,46.572625],[0.3295179,46.572625],[0.3294678,46.5727114],[0.3294194,46.5727951],[0.3293776,46.5728656],[0.3292675,46.5730552],[0.3291752,46.5732126],[0.3293711,46.5732694],[0.3293738,46.5732694],[0.3297059,46.573364],[0.3298288,46.5733986],[0.3296744,46.5737017],[0.3295121,46.5738941],[0.3296434,46.5739749],[0.329086,46.5746938],[0.3290746,46.5747753],[0.3291234,46.5748757],[0.3292264,46.5750048],[0.3294486,46.575284],[0.3302955,46.5763341],[0.3305508,46.576658],[0.330674,46.5768071],[0.3307745,46.5769331],[0.3308751,46.577056],[0.3309424,46.5771384],[0.3310209,46.5772322],[0.331054,46.5772749],[0.331093,46.5773279],[0.3311553,46.5774152],[0.3311902,46.577464],[0.3312721,46.5776081],[0.3313442,46.5777355],[0.3314071,46.5778444],[0.3315112,46.5780247],[0.3315549,46.5781002],[0.3315876,46.5781603],[0.3316422,46.5782546],[0.3316898,46.5783386],[0.3317349,46.5784171],[0.331784,46.5785031],[0.3318576,46.5786328],[0.3319125,46.578729],[0.3319955,46.578874],[0.3323311,46.5794739],[0.3324114,46.5796188],[0.3324398,46.5796716],[0.332653,46.5800404],[0.3327066,46.5801286],[0.3328509,46.5803926],[0.3329642,46.5805915],[0.3329956,46.5806464],[0.3330528,46.5807438],[0.3331364,46.5808849],[0.3332927,46.581144],[0.3333272,46.5811991],[0.3333729,46.5812675],[0.3334485,46.5813879],[0.3335006,46.5814699],[0.333553,46.5815508],[0.333608,46.581637],[0.3336495,46.5817024],[0.3336848,46.5817093],[0.3338324,46.5819304],[0.3338996,46.5820138],[0.333968,46.5820982],[0.3340409,46.5821868],[0.3340842,46.5822389],[0.3341323,46.5822901],[0.3341859,46.5823404],[0.3342312,46.5823823],[0.3342796,46.5824264],[0.3343392,46.582482],[0.3344047,46.5825377],[0.3344687,46.5825923],[0.334527,46.5826427],[0.3345825,46.5826931],[0.3346633,46.5827655],[0.3347188,46.5828159],[0.3347479,46.5828554],[0.33495,46.5830268],[0.3353071,46.5833315],[0.3353882,46.5834029],[0.3354934,46.5834963],[0.3355971,46.5835888],[0.3356583,46.5836433],[0.3357278,46.5837052],[0.335809,46.5837756],[0.3358872,46.5838448],[0.335975,46.5839245],[0.3361497,46.584079],[0.3363985,46.5842984],[0.3366544,46.5845252],[0.3368786,46.5847255],[0.3369725,46.5848105],[0.3370307,46.584862],[0.3371001,46.584925],[0.3372124,46.5850257],[0.3372763,46.5850834],[0.337336,46.585137],[0.3374355,46.5852262],[0.3375947,46.58537],[0.3377607,46.585519],[0.3378815,46.585629],[0.3379408,46.5856825],[0.3380703,46.5858],[0.3381797,46.5858956],[0.3384253,46.5861161],[0.3384922,46.5861747],[0.3387785,46.5864452],[0.338918,46.5865588],[0.3389825,46.5866105],[0.3392409,46.5868423],[0.3397894,46.5873314],[0.3399546,46.5874968],[0.3400323,46.5876714],[0.3402174,46.5880058],[0.3402934,46.588208],[0.3403631,46.5884825],[0.3403858,46.5886272],[0.3404051,46.5887778],[0.3404171,46.589319],[0.3404202,46.5894089],[0.3404436,46.5900535],[0.3404992,46.5900691],[0.3405474,46.5900867],[0.3405922,46.5901081],[0.340644,46.59014],[0.3406641,46.5901536],[0.3412703,46.5901279],[0.3416025,46.590157],[0.3417412,46.5901674],[0.3418771,46.5901777],[0.3419865,46.5901864],[0.3420958,46.5901951],[0.3422157,46.590205],[0.3423248,46.5902117],[0.3424341,46.5902203],[0.3425685,46.5902305],[0.3426985,46.5902418],[0.3428774,46.5902541],[0.3430735,46.5902781],[0.343331,46.5902881],[0.343504,46.5902942],[0.3436559,46.5903459],[0.3437119,46.5903553],[0.3439191,46.5903601],[0.3442239,46.5903722],[0.3445762,46.5903262],[0.3445984,46.5903227],[0.3446782,46.590301],[0.3448821,46.5902527],[0.3450456,46.5902114],[0.3451001,46.5901964],[0.345248,46.5901384],[0.3452963,46.59012],[0.3453267,46.5901086],[0.3455535,46.5900156],[0.3455583,46.5900137],[0.3457336,46.5899401],[0.3461604,46.5897661],[0.3464249,46.5895677],[0.3468764,46.5891927],[0.3479263,46.5883319],[0.3483939,46.5879573],[0.3487769,46.5875869],[0.3487757,46.5875481],[0.3497753,46.586413],[0.3500259,46.5861133],[0.3508839,46.5850862],[0.3508618,46.58496],[0.351016,46.5849339],[0.3518833,46.583803],[0.35197,46.5836395],[0.3520697,46.5834434],[0.352093,46.5833346],[0.3521908,46.5830905],[0.3522537,46.5828937],[0.3522826,46.5827584],[0.3523151,46.5826711],[0.3523724,46.5825233],[0.3525237,46.5820964],[0.3524798,46.5820881],[0.3525001,46.5820345],[0.3525176,46.5820124],[0.3525571,46.5819592],[0.3526896,46.5820144],[0.3527005,46.5820003],[0.3529909,46.5816942],[0.3530615,46.5817101],[0.3529843,46.5811625],[0.3529534,46.5810953],[0.3529684,46.581062],[0.3529797,46.5809825],[0.352974,46.5809456],[0.3530068,46.5809494],[0.3530215,46.5809201],[0.3530496,46.5808912],[0.3530854,46.5807917],[0.3531008,46.5806275],[0.3531097,46.5805338],[0.3531304,46.5805352],[0.3531466,46.5804528],[0.3531626,46.5803008]]]}},{"type":"Feature","properties":{"id_map":86000003,"id_zone":"RNAT000003","id_gaspar":"86DDT20130001","nom":"ZONE BLEUE - B3 : Zone constructible sous condition - Prescriptions strictes","codezone":"B3","typereg":"02","soumisalea":"oui","nomfic":"86DDT20130001_reglement.pdf","urlfic":null,"srce_geom":"Plan cadastral informatisé assemblé au 1 :5000","srce_annee":"2013","precison":"NE"},"geometry":{"type":"MultiPolygon","coordinates":[[[[0.3310708,46.5816248],[0.3309837,46.5813151],[0.3309041,46.5810915],[0.3308555,46.5809318],[0.3308297,46.5808586],[0.3308037,46.5807814],[0.3307467,46.5806728],[0.3306663,46.5805298],[0.3304917,46.5803735],[0.3300953,46.5799604],[0.3296605,46.5795148],[0.3292833,46.5791318],[0.3290245,46.5788231],[0.3290101,46.5788127],[0.3288945,46.5789643],[0.3288947,46.5790154],[0.3290492,46.5791898],[0.3292705,46.579338],[0.3295383,46.5795599],[0.3295409,46.579562],[0.3299765,46.5799596],[0.3303046,46.5802873],[0.3305337,46.5805706],[0.3305775,46.5806769],[0.3307144,46.5809399],[0.3307724,46.5812673],[0.3308522,46.5814552],[0.3309006,46.5815555],[0.3310708,46.5816248]]],[[[0.3450911,46.5722039],[0.3450977,46.5722522],[0.3453588,46.5723962],[0.3455114,46.5724345],[0.3456864,46.5724866],[0.3458346,46.5725483],[0.3460714,46.5726192],[0.346191,46.5726578],[0.3462898,46.5726426],[0.3463378,46.5726294],[0.3463467,46.5725918],[0.346322,46.5725279],[0.3459984,46.5724121],[0.3458273,46.5723365],[0.3456013,46.5722853],[0.3453763,46.5722228],[0.3451736,46.5721834],[0.3450911,46.5722039]]],[[[0.3303775,46.5723913],[0.3304507,46.572442],[0.3305356,46.572494],[0.3306566,46.5725673],[0.3312538,46.572841],[0.3313169,46.5728578],[0.3313396,46.5728408],[0.3313164,46.5727392],[0.3312368,46.572677],[0.3311175,46.5725996],[0.3307247,46.5724484],[0.3306061,46.5723587],[0.3305933,46.5723482],[0.3305697,46.5722843],[0.3305208,46.5722197],[0.3304976,46.5722376],[0.3304186,46.5723369],[0.3303775,46.5723913]]],[[[0.3574527,46.5753961],[0.3574934,46.5754697],[0.3575634,46.5754652],[0.3575677,46.5754642],[0.3576593,46.5754428],[0.357799,46.5753755],[0.3577662,46.5753165],[0.3576733,46.5753328],[0.357511,46.5753812],[0.3574527,46.5753961]]],[[[0.3562466,46.5759612],[0.3562564,46.5760023],[0.356259,46.5760127],[0.3563226,46.5760111],[0.3563673,46.5758894],[0.3564607,46.5758547],[0.3564837,46.575841],[0.3565204,46.5758193],[0.3565807,46.5757973],[0.3566718,46.5757523],[0.3567073,46.5757254],[0.3567256,46.5757115],[0.3567845,46.5756915],[0.3568009,46.5756847],[0.3568516,46.5756511],[0.356899,46.5756185],[0.3569861,46.5756002],[0.3570403,46.5755829],[0.3570673,46.5755754],[0.3570604,46.575563],[0.3570511,46.5755689],[0.3569286,46.5755896],[0.3567734,46.5756707],[0.3564171,46.5758404],[0.3563065,46.5758911],[0.3562466,46.5759612]]],[[[0.3144091,46.5744568],[0.3145369,46.5744484],[0.3147694,46.5743976],[0.3149883,46.5743149],[0.3150621,46.5742564],[0.3151994,46.5741185],[0.315213,46.5740891],[0.3145623,46.5739635],[0.3143572,46.5739188],[0.3143173,46.5740927],[0.3142858,46.5741338],[0.3142561,46.5741894],[0.3144091,46.5744568]]],[[[0.3259377,46.5772281],[0.3262913,46.577361],[0.3264548,46.5774159],[0.3265307,46.5774361],[0.32659,46.5773781],[0.3265755,46.577337],[0.3264583,46.5772821],[0.3263729,46.5772402],[0.326111,46.577138],[0.3260094,46.5770917],[0.3259377,46.5772281]]]]}},{"type":"Feature","properties":{"id_map":86000004,"id_zone":"RNAT000004","id_gaspar":"86DDT20130001","nom":"ZONE BLEUE - B4 : Zone constructible sous condition - Prescriptions simples","codezone":"B4","typereg":"02","soumisalea":"oui","nomfic":"86DDT20130001_reglement.pdf","urlfic":null,"srce_geom":"Plan cadastral informatisé assemblé au 1 :5000","srce_annee":"2013","precison":"NE"},"geometry":{"type":"MultiPolygon","coordinates":[[[[0.3352947,46.5289892],[0.3353123,46.5291174],[0.3353385,46.5293102],[0.3354832,46.5298585],[0.3356302,46.5304577],[0.3356578,46.5309901],[0.335808,46.5314015],[0.3359182,46.5318385],[0.3360947,46.5323179],[0.3362132,46.5325026],[0.3364217,46.5328121],[0.3367362,46.5331638],[0.3367512,46.5333778],[0.3367525,46.533398],[0.3367554,46.5334362],[0.3367553,46.5334373],[0.3367801,46.5337803],[0.3369625,46.5340545],[0.3370961,46.5342293],[0.3372268,46.534401],[0.3375117,46.5348451],[0.3376611,46.5350653],[0.3377588,46.5351832],[0.3380246,46.5351699],[0.3382414,46.535133],[0.33819,46.5348138],[0.3378642,46.5339711],[0.3367547,46.5320011],[0.3366687,46.5318202],[0.3365441,46.5315812],[0.3364716,46.5313974],[0.3363524,46.5311135],[0.3362505,46.5308588],[0.3361853,46.5306465],[0.3360916,46.5303511],[0.3360263,46.5301409],[0.3359422,46.5297792],[0.3358219,46.5293],[0.3357154,46.5289306],[0.3352947,46.5289892]]],[[[0.3467105,46.5209132],[0.3467711,46.5209473],[0.3468231,46.520973],[0.3468551,46.5210148],[0.3468951,46.521078],[0.3468838,46.5211013],[0.3467328,46.5211293],[0.3466243,46.5211382],[0.3464744,46.5211449],[0.346401,46.5211575],[0.3462867,46.521164],[0.3461602,46.5211805],[0.346114,46.5212133],[0.345912,46.5212279],[0.3458078,46.5212061],[0.3456286,46.5212112],[0.3454264,46.5212208],[0.3453389,46.5212258],[0.345222,46.5212855],[0.345092,46.5213112],[0.3449696,46.5212991],[0.3448615,46.5212363],[0.344694,46.5212088],[0.3444118,46.5212237],[0.3441701,46.5212662],[0.344039,46.5213685],[0.3440517,46.5214772],[0.3440776,46.5215237],[0.3440909,46.5215495],[0.3440869,46.5216303],[0.3440016,46.5218061],[0.3438993,46.5219285],[0.3438135,46.5221064],[0.3437887,46.522254],[0.3436855,46.5223948],[0.3434765,46.5226107],[0.3432081,46.5228303],[0.3429945,46.5229634],[0.3431547,46.5230428],[0.3431734,46.5232374],[0.3430424,46.5234768],[0.3428776,46.5236905],[0.3428488,46.5237349],[0.3428388,46.5239074],[0.3429966,46.5236422],[0.3432669,46.5234145],[0.3433789,46.5233342],[0.3435707,46.5231987],[0.3437164,46.5230947],[0.3440681,46.5229321],[0.3443078,46.5228109],[0.3444114,46.5227581],[0.3444682,46.5226859],[0.3445801,46.5225423],[0.3445134,46.5222085],[0.3445079,46.5219017],[0.3444155,46.5217022],[0.3444552,46.521554],[0.344557,46.5214981],[0.3445903,46.5214805],[0.3447172,46.5214649],[0.345277,46.5215229],[0.3458056,46.5214913],[0.3462321,46.5214664],[0.3465466,46.521392],[0.3468769,46.5212666],[0.3470247,46.5211832],[0.347106,46.5210962],[0.3471381,46.5209856],[0.3470876,46.5208964],[0.3470145,46.5208447],[0.3468047,46.520899],[0.3467105,46.5209132]]],[[[0.342847,46.5193065],[0.3428566,46.5193517],[0.3428565,46.5193537],[0.3428639,46.5193857],[0.34296,46.5194788],[0.3431395,46.51962],[0.3431904,46.5196682],[0.3432458,46.5197206],[0.3433609,46.5197855],[0.3434412,46.5198396],[0.343432,46.5199088],[0.3433918,46.5199469],[0.3436358,46.5197358],[0.3440165,46.5192203],[0.3442801,46.5188879],[0.3446697,46.5183982],[0.3451321,46.517811],[0.3453829,46.5174926],[0.3454697,46.5173832],[0.3458454,46.5170015],[0.3461132,46.5167286],[0.3470951,46.5159326],[0.347208,46.5158423],[0.3477748,46.5153288],[0.3484461,46.5148568],[0.3489866,46.5145228],[0.3492675,46.5142626],[0.3494238,46.5140587],[0.3494354,46.5140047],[0.3494145,46.513945],[0.3492141,46.5138954],[0.3489097,46.5140039],[0.3487727,46.5141161],[0.3485297,46.5143313],[0.3483219,46.5145534],[0.3480675,46.5146977],[0.3476157,46.514858],[0.3471667,46.514953],[0.3468594,46.5151522],[0.3465167,46.5154695],[0.3464469,46.5155363],[0.3464345,46.5155482],[0.346466,46.5155377],[0.346737,46.515447],[0.3467531,46.5154789],[0.3466733,46.5156305],[0.3466393,46.5156938],[0.3466341,46.5157031],[0.3465384,46.5158103],[0.346435,46.5159009],[0.3463145,46.5159717],[0.3462794,46.5159925],[0.3462717,46.5159974],[0.3459606,46.5162762],[0.3457146,46.5164954],[0.3455211,46.5166658],[0.3452177,46.5168734],[0.3450232,46.5170652],[0.3448247,46.5172507],[0.3446702,46.5173841],[0.3445656,46.5174001],[0.3444142,46.5173506],[0.3443284,46.5172872],[0.3442419,46.5174785],[0.3436489,46.5181333],[0.3434286,46.5182191],[0.3435631,46.5182876],[0.3435894,46.5183189],[0.3436002,46.5183691],[0.3435749,46.5184627],[0.3434204,46.5186288],[0.343322,46.5187349],[0.3432467,46.5187854],[0.3430823,46.5188826],[0.3429777,46.5190192],[0.3428917,46.519233],[0.3428824,46.5192481],[0.3428709,46.5192662],[0.342847,46.5193065]]],[[[0.3312617,46.6452423],[0.3310505,46.6451547],[0.3311057,46.6453021],[0.330944,46.645789],[0.3306992,46.6461154],[0.330381,46.6464014],[0.3298967,46.6464965],[0.3294146,46.6465567],[0.3290494,46.6465207],[0.3286923,46.6464808],[0.3282441,46.6470222],[0.3279423,46.6471818],[0.3258651,46.6481934],[0.3245954,46.6483202],[0.3230452,46.64879],[0.3227813,46.6488401],[0.322524,46.6487891],[0.3222441,46.6488388],[0.3219151,46.64892],[0.3208995,46.6493787],[0.3195023,46.6480008],[0.3190378,46.6481801],[0.318991,46.6481341],[0.3181936,46.6484415],[0.3172955,46.6488343],[0.3166503,46.6483716],[0.3157015,46.6481357],[0.3154256,46.6481293],[0.3125663,46.6463358],[0.3114682,46.6444389],[0.311367,46.6442642],[0.3112229,46.6444162],[0.312324,46.6464036],[0.312349,46.6464369],[0.3123849,46.6464654],[0.3152425,46.6482589],[0.3152861,46.6482825],[0.3153355,46.6482989],[0.3153885,46.6483072],[0.3156469,46.6483133],[0.3165045,46.6485267],[0.3171136,46.6489641],[0.3171572,46.6489876],[0.3172055,46.649004],[0.3172584,46.6490125],[0.3173133,46.6490138],[0.3173685,46.6490079],[0.3174183,46.6489937],[0.3183177,46.6485998],[0.318961,46.6483521],[0.3190007,46.6483582],[0.3190556,46.6483595],[0.3191093,46.6483536],[0.3191602,46.6483394],[0.3194223,46.6482371],[0.3206822,46.64948],[0.3207177,46.6495084],[0.3207612,46.649532],[0.3208095,46.6495484],[0.3208625,46.6495568],[0.3209173,46.6495581],[0.320971,46.6495521],[0.3210219,46.6495381],[0.3220303,46.6490822],[0.3223172,46.6490111],[0.3225207,46.6489751],[0.3226929,46.6490087],[0.3227459,46.649018],[0.3228007,46.6490193],[0.3228545,46.6490125],[0.3231151,46.6489633],[0.3231183,46.6489625],[0.3231681,46.6489482],[0.3246685,46.6484947],[0.3258845,46.6483738],[0.3259382,46.6483669],[0.3259895,46.6483528],[0.3260333,46.6483312],[0.3281039,46.6473123],[0.3284124,46.64716],[0.328451,46.6471334],[0.3284793,46.6471013],[0.3288388,46.6466701],[0.329014,46.6466987],[0.3293776,46.6467349],[0.3294325,46.6467361],[0.3294861,46.6467302],[0.3299699,46.6466688],[0.3304526,46.6465738],[0.3305039,46.6465596],[0.3305493,46.6465393],[0.3305879,46.6465115],[0.3309061,46.6462255],[0.3309344,46.6461934],[0.3311792,46.645868],[0.3311986,46.6458327],[0.3312889,46.6454402],[0.3312617,46.6452423]]],[[[0.3702462,46.62941],[0.3702148,46.629256],[0.3703942,46.6290178],[0.3705894,46.628965],[0.3706647,46.628973],[0.37068,46.6288761],[0.3706367,46.6286032],[0.3705138,46.6284103],[0.3704321,46.6282919],[0.3703939,46.6281652],[0.3703612,46.6280694],[0.3703711,46.6278417],[0.3701812,46.6274346],[0.3696748,46.6270438],[0.3694485,46.6266624],[0.3692392,46.6263581],[0.3691414,46.6259879],[0.3687419,46.6255687],[0.3686508,46.6253029],[0.3686018,46.6250913],[0.3681823,46.6248668],[0.3676646,46.6246843],[0.3672817,46.6244097],[0.3670598,46.6241797],[0.3671083,46.6239152],[0.3671959,46.62354],[0.3670711,46.6229984],[0.3663379,46.6222056],[0.3661123,46.6218417],[0.3658929,46.6215596],[0.3655405,46.6213604],[0.3648427,46.6210673],[0.364497,46.6209398],[0.3642716,46.6207915],[0.3641736,46.6203926],[0.3641609,46.6201051],[0.3641137,46.6200355],[0.3639385,46.6199752],[0.3629329,46.6197854],[0.3626373,46.6197664],[0.3624163,46.6198901],[0.3621468,46.6201497],[0.362413,46.6204441],[0.3622748,46.6206974],[0.3621866,46.6209878],[0.3622575,46.621208],[0.3625417,46.6215837],[0.3630482,46.6220359],[0.3634754,46.6224955],[0.3640241,46.6230806],[0.364585,46.6236894],[0.3651946,46.62437],[0.3653973,46.6247773],[0.3656786,46.62507],[0.3660013,46.625421],[0.366395,46.6258695],[0.3669434,46.6263411],[0.3673239,46.6267547],[0.3684085,46.6278846],[0.3685305,46.6280641],[0.3686612,46.6282808],[0.3688145,46.628544],[0.3694934,46.6292364],[0.3697629,46.6294889],[0.3699604,46.6295843],[0.3701236,46.6296402],[0.3702985,46.6296647],[0.3702701,46.629524],[0.3702462,46.62941]]],[[[0.3425425,46.5542988],[0.3420221,46.5540607],[0.3419021,46.5540058],[0.3419027,46.554018],[0.3419065,46.5540601],[0.3419051,46.5540652],[0.3418719,46.5545612],[0.3418632,46.5546183],[0.3418427,46.5547005],[0.3417623,46.5550155],[0.341527,46.5557339],[0.3416339,46.5571573],[0.3416583,46.5575075],[0.3416273,46.5576284],[0.3415559,46.5577831],[0.3413107,46.5583181],[0.3412419,46.5584198],[0.3411596,46.5584925],[0.3408895,46.5586886],[0.3408811,46.5588284],[0.3408725,46.5588835],[0.3408077,46.5591519],[0.3407166,46.5593153],[0.3406298,46.5593921],[0.3402585,46.5596533],[0.3400878,46.5598671],[0.3400691,46.5598881],[0.3400333,46.559924],[0.3398984,46.5600457],[0.3397651,46.5601355],[0.3396631,46.5601862],[0.3396667,46.5602406],[0.3395669,46.5604631],[0.3395462,46.5604852],[0.3389069,46.5611082],[0.3388774,46.561134],[0.3381821,46.5617465],[0.3381235,46.5618546],[0.3380217,46.5619647],[0.3379427,46.5620343],[0.3378488,46.5621038],[0.3377947,46.5622159],[0.3377291,46.5623146],[0.3376524,46.5623936],[0.3374536,46.5625249],[0.3373279,46.5625792],[0.3372295,46.5626189],[0.3371185,46.5626458],[0.3370392,46.5626645],[0.336887,46.5626834],[0.3368346,46.5626893],[0.3367886,46.5626923],[0.336734,46.5627198],[0.3364038,46.5627724],[0.3363067,46.562764],[0.3361742,46.5628049],[0.3359835,46.5628505],[0.3359534,46.5628968],[0.3358964,46.562964],[0.3356512,46.5631299],[0.3356358,46.5631399],[0.335306,46.5631924],[0.335156,46.5631686],[0.3351352,46.5631692],[0.3351308,46.56317],[0.3350717,46.5631922],[0.335046,46.5632058],[0.3350334,46.5632148],[0.3350289,46.5632178],[0.3349319,46.5632952],[0.3348858,46.5633237],[0.3348174,46.5633611],[0.3347311,46.5634019],[0.3346794,46.5634263],[0.3346521,46.563439],[0.3344552,46.5635223],[0.3343454,46.5635882],[0.334341,46.5635902],[0.3342111,46.5636669],[0.3341733,46.5636863],[0.3341596,46.5636943],[0.3341383,46.5637039],[0.3341034,46.5637206],[0.3340275,46.5637577],[0.3340211,46.5637605],[0.3339895,46.5637752],[0.3338211,46.563853],[0.3337954,46.5638648],[0.3337561,46.5638822],[0.3335036,46.5639826],[0.333484,46.5639904],[0.3334072,46.5640141],[0.3332242,46.564062],[0.3330363,46.5641138],[0.3329508,46.5641323],[0.332797,46.5641583],[0.3327789,46.564161],[0.332585,46.5641903],[0.3321422,46.5642698],[0.3320677,46.5642794],[0.3319054,46.564296],[0.3317924,46.5642995],[0.3317717,46.564299],[0.3316387,46.5642929],[0.3316047,46.564291],[0.331472,46.5642807],[0.3313578,46.5642761],[0.331244,46.5642714],[0.3311407,46.5642607],[0.3309835,46.5642366],[0.3309719,46.5642344],[0.3309451,46.5642297],[0.3307693,46.5641949],[0.3307441,46.5641892],[0.3307208,46.5641846],[0.3305641,46.564144],[0.3305026,46.5641263],[0.3303569,46.564077],[0.3301814,46.5640278],[0.3301289,46.5640114],[0.3300299,46.5639772],[0.3299506,46.5639642],[0.3299137,46.5639572],[0.3297291,46.5639181],[0.3297144,46.5639147],[0.3295612,46.5638662],[0.3295336,46.5638543],[0.3293093,46.5637447],[0.3291488,46.5636613],[0.3290595,46.563604],[0.3289081,46.5634881],[0.3288023,46.5634068],[0.3287524,46.5633698],[0.3287012,46.5633278],[0.3286148,46.563244],[0.3285441,46.5631759],[0.3285272,46.5631602],[0.328517,46.5631518],[0.3284004,46.5630529],[0.3283641,46.5630102],[0.3283299,46.5629808],[0.3282805,46.5629337],[0.3281977,46.5628396],[0.3281316,46.5627645],[0.3280599,46.5626852],[0.3277759,46.5624045],[0.3276266,46.5622437],[0.3275999,46.5622124],[0.3275959,46.5622073],[0.3274774,46.5620502],[0.3274624,46.5620293],[0.327342,46.5618465],[0.3273367,46.5618361],[0.3272819,46.561747],[0.3272656,46.5617201],[0.3272073,46.5616053],[0.3271915,46.5615691],[0.3271505,46.5614608],[0.3271507,46.5614586],[0.3270787,46.5612649],[0.3269569,46.5609676],[0.3268747,46.5608063],[0.3267139,46.5603701],[0.3267144,46.5602311],[0.3267166,46.5600992],[0.3267743,46.5599217],[0.3264956,46.559772],[0.3264171,46.5598316],[0.326365,46.5598713],[0.3263104,46.5599539],[0.3262333,46.5600716],[0.3262328,46.5604487],[0.3262347,46.5607115],[0.3262407,46.5609171],[0.326258,46.5609553],[0.3263338,46.5611034],[0.3264476,46.561381],[0.3265171,46.5615697],[0.3265184,46.5615738],[0.326559,46.561682],[0.3265655,46.5617006],[0.3265813,46.5617368],[0.3265895,46.5617533],[0.3266474,46.5618682],[0.3266626,46.5618941],[0.3266789,46.5619211],[0.3266803,46.5619232],[0.3267286,46.562002],[0.3267463,46.562032],[0.3268663,46.5622146],[0.3268787,46.5622323],[0.3268938,46.5622531],[0.3268967,46.5622572],[0.3270152,46.5624145],[0.3270193,46.5624187],[0.3270248,46.5624259],[0.3270288,46.5624312],[0.3270359,46.5624394],[0.3270626,46.5624708],[0.3270767,46.5624863],[0.3272457,46.5626683],[0.3272553,46.5626786],[0.327271,46.5626944],[0.3272766,46.5626997],[0.3275129,46.5629321],[0.3275337,46.562955],[0.3277219,46.5631679],[0.3277503,46.5631972],[0.3277997,46.5632443],[0.3278196,46.5632611],[0.3278237,46.5632654],[0.3278363,46.563281],[0.3278931,46.5633365],[0.3279085,46.5633501],[0.3280098,46.5634354],[0.3280113,46.5634364],[0.3280124,46.5634374],[0.3280733,46.5634971],[0.3280875,46.5635117],[0.3281725,46.5635925],[0.3282007,46.5636167],[0.3282523,46.5636587],[0.328275,46.5636767],[0.3283192,46.5637105],[0.3284223,46.5637885],[0.3284264,46.5637926],[0.3285738,46.5639044],[0.3286135,46.563933],[0.3287028,46.5639902],[0.3287546,46.5640201],[0.3289094,46.5641003],[0.3289265,46.5641101],[0.3289556,46.5641249],[0.3290498,46.5641701],[0.3291581,46.5642228],[0.3291872,46.5642357],[0.3292149,46.5642475],[0.3292876,46.5642748],[0.3294408,46.5643233],[0.3295213,46.5643446],[0.3297206,46.5643871],[0.32974,46.5643907],[0.3297765,46.5643976],[0.3297987,46.5644012],[0.3298045,46.5644025],[0.3298381,46.5644133],[0.3298569,46.56442],[0.3299094,46.5644364],[0.3299357,46.5644443],[0.3300891,46.5644878],[0.3302148,46.5645294],[0.3302496,46.5645405],[0.330311,46.5645583],[0.3303346,46.564565],[0.3304913,46.5646054],[0.3305277,46.5646145],[0.3305762,46.5646247],[0.3305894,46.5646272],[0.3307656,46.5646619],[0.3307772,46.5646643],[0.3308153,46.5646713],[0.3308417,46.564676],[0.3309992,46.5647002],[0.3310448,46.5647053],[0.3311481,46.5647158],[0.3312678,46.5647217],[0.331382,46.5647264],[0.3315147,46.5647366],[0.3315487,46.5647386],[0.3316816,46.5647446],[0.3317024,46.5647451],[0.3318386,46.5647483],[0.3319516,46.5647448],[0.3321139,46.5647281],[0.3322479,46.5647119],[0.3323225,46.5647024],[0.3327653,46.5646227],[0.3329595,46.5645934],[0.3329773,46.5645909],[0.3331314,46.5645647],[0.3332165,46.5645463],[0.3334044,46.5644945],[0.3335874,46.5644466],[0.3337154,46.5644108],[0.3337922,46.564387],[0.3338117,46.5643792],[0.3340639,46.5642789],[0.3341036,46.5642612],[0.3343293,46.5641572],[0.3344416,46.5641047],[0.3344476,46.5641018],[0.3345523,46.564052],[0.3345797,46.5640383],[0.3346315,46.564011],[0.334761,46.5639353],[0.3347659,46.5639322],[0.3348499,46.5638822],[0.3349603,46.5638357],[0.3349876,46.563823],[0.3350998,46.5637704],[0.3352378,46.5637051],[0.3353063,46.5636679],[0.3354863,46.5636251],[0.3358165,46.5635723],[0.335944,46.5635365],[0.3360563,46.5634839],[0.3363027,46.5633252],[0.3363981,46.5632578],[0.3364324,46.5632207],[0.3364501,46.5632211],[0.3365845,46.5632049],[0.3369143,46.5631522],[0.3370271,46.5631201],[0.3370673,46.5631158],[0.3370838,46.5631142],[0.3372195,46.563097],[0.3374098,46.5630513],[0.3375377,46.5630155],[0.3375753,46.563001],[0.3377614,46.5629214],[0.3378737,46.5628689],[0.3380729,46.5627376],[0.3381048,46.5627189],[0.3381962,46.5626433],[0.3382602,46.5625774],[0.3382614,46.5625764],[0.3382709,46.5625673],[0.3382742,46.5625634],[0.3382834,46.5625524],[0.338323,46.5625022],[0.3383886,46.5624035],[0.3384143,46.5623581],[0.3384243,46.562338],[0.3384582,46.562311],[0.3385372,46.5622414],[0.338573,46.5622075],[0.3386714,46.5621014],[0.3386748,46.5620963],[0.3386951,46.5620733],[0.3386984,46.5620693],[0.338737,46.5620108],[0.3387586,46.5619612],[0.3393822,46.5614198],[0.3393916,46.5614118],[0.3394207,46.5613858],[0.3394412,46.5613679],[0.3400806,46.5607449],[0.3400979,46.5607269],[0.3401182,46.5607049],[0.3401211,46.5607009],[0.3401917,46.5605963],[0.3402682,46.5604263],[0.3403553,46.5603669],[0.3404172,46.5603194],[0.340552,46.5601977],[0.3405722,46.5601788],[0.340608,46.5601428],[0.3406237,46.5601259],[0.340625,46.5601238],[0.3406441,46.5601028],[0.3406611,46.5600837],[0.3407892,46.5599232],[0.341096,46.5597064],[0.3411453,46.5596688],[0.3412321,46.559592],[0.3412708,46.559553],[0.3413267,46.5594767],[0.3414177,46.5593132],[0.3414529,46.5592262],[0.3415177,46.5589578],[0.3415221,46.5589323],[0.3415307,46.5588773],[0.3415307,46.5588763],[0.3416339,46.558802],[0.3416754,46.5587693],[0.3416877,46.5587582],[0.3417574,46.5586964],[0.3417965,46.5586575],[0.3418341,46.5586093],[0.3419029,46.5585076],[0.3419338,46.5584542],[0.3422503,46.5577645],[0.3422712,46.5577067],[0.3423021,46.5575858],[0.3423127,46.5575227],[0.3423123,46.5574991],[0.3423114,46.5574601],[0.3423106,46.5574449],[0.3422455,46.5565878],[0.3421846,46.5557726],[0.3424005,46.5551141],[0.3424061,46.5550939],[0.3424115,46.5550725],[0.3424115,46.5550715],[0.3425071,46.5546955],[0.3425129,46.554665],[0.3425215,46.5546078],[0.3425244,46.5545815],[0.3425425,46.5542988]]],[[[0.3268316,46.6045087],[0.3268315,46.6044873],[0.3268151,46.6043663],[0.3267859,46.6042981],[0.3266928,46.6042295],[0.3266886,46.6042273],[0.3266013,46.6041926],[0.3265924,46.6041904],[0.326506,46.6041689],[0.3263803,46.6041557],[0.3263526,46.6041541],[0.3262706,46.6041614],[0.326155,46.6041842],[0.3261041,46.6041984],[0.3260446,46.6042287],[0.3259818,46.6042702],[0.3259432,46.6043041],[0.3259192,46.6043382],[0.3258699,46.6044311],[0.3258555,46.6044859],[0.3258574,46.6045116],[0.3258707,46.6045987],[0.3258718,46.604608],[0.3258828,46.6046563],[0.325911,46.6047122],[0.3259507,46.6047508],[0.3260438,46.6048185],[0.3260957,46.6048483],[0.3262058,46.6048744],[0.3263031,46.6048818],[0.3263152,46.6048831],[0.3263359,46.6048846],[0.3264068,46.6048863],[0.3265384,46.6048648],[0.3266155,46.6048369],[0.3267135,46.6047738],[0.3267152,46.6047718],[0.3267812,46.6046967],[0.3268192,46.6046179],[0.3268312,46.604517],[0.3268316,46.6045087]],[[0.3265587,46.6046036],[0.3264911,46.6046788],[0.3264156,46.6047065],[0.3263741,46.6047056],[0.3263447,46.6047049],[0.3262353,46.6046963],[0.3261422,46.6046276],[0.3261313,46.6045792],[0.3261164,46.604492],[0.3261652,46.6043992],[0.3262269,46.6043565],[0.3263437,46.6043338],[0.3264674,46.6043469],[0.3265155,46.6043664],[0.3265547,46.6043826],[0.3265696,46.6045026],[0.3265587,46.6046036]]],[[[0.3228273,46.5761148],[0.3227591,46.5762336],[0.3226987,46.5763785],[0.3226219,46.5764973],[0.3225746,46.5766138],[0.3225664,46.5766932],[0.3228159,46.5765305],[0.3229431,46.5763811],[0.3230943,46.5762641],[0.3231849,46.5761435],[0.323206,46.5760407],[0.3231643,46.57587],[0.3227874,46.5756344],[0.3226376,46.5755408],[0.3226117,46.5755249],[0.3224337,46.575438],[0.3223365,46.5753989],[0.3221253,46.5753183],[0.3218327,46.5752102],[0.3216534,46.5751498],[0.3214851,46.575105],[0.3211117,46.5750145],[0.3209064,46.5749657],[0.3207805,46.5749362],[0.3205376,46.5748701],[0.3201871,46.5747925],[0.3198935,46.5747059],[0.3198825,46.5747139],[0.3195846,46.5746578],[0.3192079,46.5745957],[0.3189693,46.5745698],[0.3187304,46.5745427],[0.3182005,46.5744935],[0.3180037,46.5744878],[0.3177244,46.5744669],[0.3174635,46.5744414],[0.3172535,46.5744304],[0.3170494,46.5744216],[0.3168756,46.5744],[0.3165252,46.574353],[0.3162477,46.5742974],[0.3159357,46.5742185],[0.3157359,46.5741843],[0.3154949,46.5741438],[0.315213,46.5740891],[0.3151994,46.5741185],[0.3150621,46.5742564],[0.3149883,46.5743149],[0.3147694,46.5743976],[0.3145369,46.5744484],[0.3144091,46.5744568],[0.3145662,46.5747282],[0.3146882,46.574955],[0.3147125,46.5750026],[0.3147517,46.5750821],[0.3148048,46.5751815],[0.3148575,46.5752819],[0.3148984,46.5753586],[0.3159649,46.5754949],[0.3163776,46.5754791],[0.3165015,46.5754943],[0.3165825,46.5755045],[0.3167963,46.5755563],[0.3168903,46.5755739],[0.3171613,46.5756099],[0.3171745,46.5756122],[0.3173265,46.5756301],[0.3173484,46.5756317],[0.3176776,46.5756629],[0.3182235,46.5757146],[0.3182899,46.5757192],[0.3183004,46.5757194],[0.3183921,46.5757205],[0.3184042,46.5757208],[0.3184826,46.5757206],[0.3186405,46.5757377],[0.3189542,46.5757756],[0.3189589,46.5757758],[0.3192566,46.5758104],[0.3193387,46.5758224],[0.3194063,46.5758363],[0.3196001,46.5758797],[0.3196603,46.5758913],[0.319947,46.5759349],[0.3203753,46.5760011],[0.3203912,46.5760035],[0.320605,46.5760321],[0.3207195,46.5760563],[0.3207972,46.5760693],[0.3210111,46.5760958],[0.3210971,46.5761478],[0.3211042,46.576427],[0.3210284,46.5768832],[0.3210971,46.5770566],[0.3211155,46.5771919],[0.3212809,46.5774146],[0.3214222,46.5775538],[0.3222306,46.5776699],[0.3236968,46.5773392],[0.3247974,46.5775634],[0.327949,46.5795004],[0.3289099,46.580129],[0.3290251,46.5803525],[0.3290434,46.5805226],[0.3286719,46.5805681],[0.3269126,46.580162],[0.325985,46.5799421],[0.3258586,46.5800414],[0.3264837,46.5804434],[0.3267219,46.5806698],[0.3269331,46.5811101],[0.3271027,46.5812491],[0.3274617,46.5814262],[0.328612,46.5819406],[0.3287064,46.5820051],[0.328737,46.5820212],[0.328764,46.5820698],[0.3287948,46.5821146],[0.3288454,46.5821699],[0.3290282,46.582343],[0.3290965,46.5823955],[0.3292141,46.582476],[0.3292285,46.5824865],[0.3293493,46.582564],[0.3295542,46.5827109],[0.329383,46.5829961],[0.3296868,46.5836042],[0.3299598,46.5838407],[0.330291,46.58452],[0.3303505,46.5849692],[0.3303905,46.585425],[0.3305999,46.5856629],[0.3306794,46.5858815],[0.3306249,46.5862718],[0.3305906,46.5864846],[0.3303773,46.5870521],[0.3306649,46.587296],[0.3313016,46.5873752],[0.3324863,46.5873445],[0.3335892,46.5872945],[0.3351233,46.5877802],[0.3359352,46.5885258],[0.3371626,46.5902266],[0.3369871,46.5908165],[0.336555,46.5914658],[0.3358789,46.592279],[0.3356331,46.5929673],[0.3354661,46.5931659],[0.335295,46.5933613],[0.3352405,46.5934408],[0.3349659,46.5939639],[0.3349266,46.5941021],[0.3349268,46.5941297],[0.3349476,46.5946422],[0.334949,46.59467],[0.335012,46.5951456],[0.3349906,46.5955173],[0.3349905,46.5955203],[0.3349908,46.5955459],[0.3349903,46.5955551],[0.3350018,46.5959295],[0.3350794,46.5961306],[0.3351018,46.5961526],[0.3350802,46.5962023],[0.3351565,46.5964289],[0.3352046,46.5964811],[0.3352596,46.5965346],[0.3352938,46.5965639],[0.3353138,46.5965797],[0.3353598,46.5966749],[0.3354024,46.5967413],[0.3354474,46.5967913],[0.3355863,46.5969255],[0.3356607,46.5970949],[0.3356852,46.5971393],[0.3358367,46.5973841],[0.335908,46.5975299],[0.3359667,46.5976601],[0.3359681,46.5976631],[0.3360192,46.5977727],[0.3360533,46.5978308],[0.3360759,46.5980654],[0.3361457,46.5982173],[0.336222,46.5984439],[0.3362402,46.5984648],[0.3369565,46.5992838],[0.3369636,46.5992923],[0.3374085,46.5997759],[0.3374156,46.5997832],[0.3377077,46.6000885],[0.3377029,46.6000976],[0.3376566,46.6001957],[0.3375309,46.6004565],[0.3375013,46.6005161],[0.3373642,46.6008011],[0.3363823,46.602051],[0.3359358,46.6025364],[0.3356289,46.6032612],[0.3364521,46.60386],[0.3375577,46.6040348],[0.3388083,46.6036346],[0.3398353,46.6033784],[0.3412169,46.6033286],[0.3419544,46.6040787],[0.342798,46.6049365],[0.3430218,46.6053311],[0.3430356,46.605354],[0.3430922,46.6054402],[0.3431358,46.6056395],[0.3431432,46.6056734],[0.3432133,46.6058191],[0.3432426,46.6058536],[0.3434418,46.6060627],[0.3435745,46.6061648],[0.3434922,46.606395],[0.343457,46.6065056],[0.3433446,46.6068638],[0.3436809,46.6071742],[0.3438817,46.6072228],[0.3441591,46.6072599],[0.3448584,46.6069684],[0.3449204,46.6069433],[0.3455203,46.6075981],[0.34595,46.6080661],[0.34603,46.6081548],[0.3461034,46.6082341],[0.3471963,46.609428],[0.347259,46.6095091],[0.3475323,46.609864],[0.3478572,46.6102865],[0.3479465,46.6104022],[0.3485858,46.6112541],[0.349278,46.611908],[0.3497019,46.6119178],[0.3500186,46.6118085],[0.3499225,46.6114067],[0.3494942,46.6106331],[0.3481725,46.6095148],[0.3471688,46.6086473],[0.3471662,46.6086452],[0.3470846,46.6085483],[0.3470889,46.6085258],[0.3470657,46.6084547],[0.3470408,46.6083868],[0.3469492,46.6082864],[0.3468394,46.6081643],[0.3465227,46.6078146],[0.3463017,46.6075702],[0.3458627,46.6070837],[0.3457313,46.6069794],[0.3454601,46.6067667],[0.3453339,46.6066432],[0.345244,46.6065737],[0.3451853,46.6064986],[0.3450722,46.6063254],[0.3449635,46.6062707],[0.3448433,46.606274],[0.3448225,46.6062746],[0.3446352,46.6063766],[0.3445504,46.606441],[0.3444072,46.6065153],[0.3444044,46.6065173],[0.3441367,46.6067144],[0.3439906,46.6068144],[0.3438929,46.6069041],[0.3439094,46.6066551],[0.3442032,46.6063552],[0.3444182,46.6061364],[0.3442549,46.6060202],[0.3441505,46.6059083],[0.3439891,46.6058167],[0.3437903,46.6056076],[0.343783,46.6055728],[0.3442048,46.6055272],[0.3444495,46.6054961],[0.3445422,46.605484],[0.3447184,46.6054594],[0.3445859,46.6052888],[0.3445208,46.6051921],[0.3445193,46.6051349],[0.3445197,46.6051258],[0.3443232,46.604838],[0.3438527,46.6042341],[0.3434169,46.6036813],[0.3431537,46.6033307],[0.3428752,46.603083],[0.3417204,46.6021341],[0.3410385,46.6015479],[0.3408492,46.6013851],[0.3406217,46.6012173],[0.3404407,46.6010608],[0.34034,46.6009726],[0.3403046,46.6009983],[0.340251,46.601036],[0.3401505,46.6010856],[0.3400213,46.6011451],[0.3399766,46.6011532],[0.3399517,46.6011496],[0.339788,46.601066],[0.3397815,46.6010464],[0.3397898,46.6010282],[0.3398047,46.6009959],[0.3398463,46.6009641],[0.3400714,46.6008181],[0.3401195,46.6007814],[0.3394666,46.6002132],[0.3391723,46.5999191],[0.3388864,46.5996712],[0.3387289,46.5995244],[0.3385,46.5996264],[0.3383444,46.5996259],[0.3382828,46.5996101],[0.3382236,46.5995771],[0.3381923,46.5995202],[0.3380927,46.5994637],[0.3380886,46.5994605],[0.3379226,46.599334],[0.3379048,46.5993059],[0.3378235,46.5991804],[0.3377773,46.599122],[0.3377715,46.5990576],[0.337668,46.5989284],[0.3374899,46.5986564],[0.3371775,46.5983179],[0.3368988,46.5980447],[0.336899,46.5980406],[0.3369001,46.5980407],[0.3373495,46.5979203],[0.3373154,46.5978642],[0.3372743,46.5978233],[0.3371725,46.5977238],[0.3370457,46.597582],[0.3369762,46.597432],[0.3368832,46.5973298],[0.3368736,46.5972846],[0.3368226,46.5970849],[0.3367609,46.5969191],[0.336764,46.5968567],[0.3367922,46.5967041],[0.3367429,46.5964699],[0.3366909,46.5964125],[0.3363405,46.5963604],[0.3360393,46.5963308],[0.335873,46.5963076],[0.3358274,46.5963014],[0.3357765,46.5962521],[0.3357632,46.5962191],[0.3358014,46.5961913],[0.3358317,46.5961819],[0.3359492,46.5961448],[0.3362574,46.5960875],[0.3364328,46.5960446],[0.3365906,46.5960104],[0.3364948,46.5958764],[0.3364878,46.595867],[0.3363784,46.5956181],[0.3362931,46.5953584],[0.3362841,46.5952376],[0.3362605,46.5950223],[0.3363764,46.5946591],[0.3363464,46.5944785],[0.3363101,46.5942261],[0.3363331,46.5939334],[0.3364644,46.5936452],[0.3366027,46.5934869],[0.3367568,46.5932461],[0.3368225,46.5931137],[0.337526,46.5923184],[0.3374105,46.5922514],[0.337276,46.5922114],[0.3372687,46.5922092],[0.3372482,46.5922026],[0.3372499,46.5921996],[0.3376058,46.5917131],[0.3376138,46.5917021],[0.3379063,46.5913019],[0.3379319,46.5912658],[0.337906,46.5912754],[0.3378558,46.5912763],[0.337826,46.5912756],[0.3378271,46.5912521],[0.33783,46.5911621],[0.3380642,46.590862],[0.3382213,46.5906806],[0.3383464,46.5903677],[0.3383938,46.5901275],[0.3384106,46.5899367],[0.3383482,46.5895437],[0.3382356,46.5892979],[0.3380869,46.5891553],[0.3377727,46.5888465],[0.3374895,46.5885139],[0.3374055,46.5883872],[0.3372573,46.5882917],[0.3369799,46.5881116],[0.3362508,46.5875569],[0.3359434,46.5872931],[0.3357962,46.5872406],[0.3348288,46.5868061],[0.3345999,46.5867242],[0.3344197,46.5867138],[0.3343702,46.5866605],[0.3343642,46.5866063],[0.3344571,46.5865185],[0.3345624,46.5864902],[0.3345073,46.5864623],[0.3343199,46.586414],[0.3329817,46.5863144],[0.3320673,46.5863983],[0.3312578,46.5867577],[0.3310784,46.5867291],[0.3310129,46.5865538],[0.3311658,46.5863067],[0.331756,46.5859679],[0.3322288,46.5858553],[0.3333793,46.585793],[0.3326407,46.585226],[0.3323586,46.5849578],[0.3323258,46.5847566],[0.3323493,46.5845721],[0.3322832,46.5842015],[0.3321905,46.5838855],[0.3321474,46.5837006],[0.3319335,46.5832907],[0.3316938,46.5830061],[0.3314217,46.5826308],[0.3311564,46.5823823],[0.3310819,46.5822701],[0.3309164,46.5820486],[0.3308512,46.5818354],[0.3307874,46.5817214],[0.33092,46.5817031],[0.3309449,46.5816833],[0.3310708,46.5816248],[0.3309006,46.5815555],[0.3308522,46.5814552],[0.3307724,46.5812673],[0.3307144,46.5809399],[0.3305775,46.5806769],[0.3305337,46.5805706],[0.3303046,46.5802873],[0.3299765,46.5799596],[0.3295409,46.579562],[0.3295383,46.5795599],[0.3292705,46.579338],[0.3290492,46.5791898],[0.3288947,46.5790154],[0.3288945,46.5789643],[0.3290101,46.5788127],[0.3288696,46.5787133],[0.3283013,46.578424],[0.3279346,46.5782212],[0.3273279,46.5779004],[0.3271122,46.5777901],[0.3270048,46.5777417],[0.326719,46.5776164],[0.3265939,46.5775695],[0.3264548,46.5774159],[0.3262913,46.577361],[0.3259377,46.5772281],[0.3260094,46.5770917],[0.3260323,46.5770258],[0.3257947,46.5769067],[0.3255109,46.5767397],[0.3253948,46.5766613],[0.3252583,46.5765752],[0.325168,46.5765384],[0.3250952,46.5765122],[0.3249367,46.5764512],[0.3249,46.5764412],[0.3246462,46.5767235],[0.3246374,46.5767202],[0.324464,46.5766599],[0.3243449,46.5766347],[0.3240955,46.5765573],[0.3239704,46.5765339],[0.3236783,46.5764791],[0.3235964,46.5764874],[0.3235975,46.5764005],[0.3236009,46.5762687],[0.3236018,46.5761941],[0.3236153,46.5761025],[0.3235259,46.5761116],[0.3234068,46.5761825],[0.3232403,46.576428],[0.3228733,46.5768129],[0.3228144,46.5768943],[0.3227099,46.5769082],[0.3225474,46.5769525],[0.3222822,46.5769484],[0.3222201,46.5768253],[0.3222743,46.5765679],[0.322527,46.5762835],[0.3227365,46.5760636],[0.3227293,46.5760591],[0.3228273,46.5761148]]],[[[0.3333406,46.5859751],[0.3336351,46.586076],[0.3338349,46.5861748],[0.3340743,46.5862592],[0.3343962,46.5863699],[0.334586,46.5864314],[0.3346796,46.5864591],[0.334601,46.5863991],[0.3345457,46.5863754],[0.3343313,46.586309],[0.3339673,46.5861707],[0.333527,46.5859878],[0.3333994,46.5859592],[0.3333389,46.5859537],[0.3333136,46.5859581],[0.3333406,46.5859751]]],[[[0.3784363,46.5325644],[0.3784301,46.5325642],[0.3782283,46.5325748],[0.3783203,46.5325985],[0.3784116,46.5325822],[0.3784363,46.5325644]]],[[[0.3297376,46.5721105],[0.3298185,46.5721543],[0.3300371,46.5722606],[0.3302152,46.5723138],[0.3303476,46.57237],[0.3303775,46.5723913],[0.3304186,46.5723369],[0.3304976,46.5722376],[0.3305208,46.5722197],[0.3305182,46.5722156],[0.3302602,46.5721544],[0.3301312,46.5721249],[0.3299994,46.5720951],[0.3298216,46.572091],[0.3297376,46.5721105]]],[[[0.2563954,46.6246416],[0.2565532,46.6246873],[0.2568975,46.6247743],[0.2570308,46.6248397],[0.2573202,46.6248109],[0.2576478,46.6247871],[0.2578814,46.6248295],[0.2581784,46.6249459],[0.2586713,46.6251142],[0.2590152,46.6252114],[0.2592858,46.6252597],[0.2596283,46.6252372],[0.2602548,46.6251367],[0.2607768,46.6250235],[0.2612251,46.6248778],[0.2615749,46.6248493],[0.2620146,46.6248445],[0.2625124,46.6247675],[0.2628196,46.6246808],[0.2631187,46.6246306],[0.2632563,46.6244919],[0.2632429,46.6243453],[0.2632533,46.6242567],[0.2631816,46.6240596],[0.2630976,46.6240842],[0.2630143,46.624117],[0.2629352,46.624154],[0.2628745,46.6241821],[0.2628078,46.6242052],[0.2627205,46.6242327],[0.2622066,46.6243349],[0.2616539,46.6244341],[0.2611549,46.6245572],[0.2608412,46.6246631],[0.2607099,46.6247081],[0.260348,46.6248211],[0.2602442,46.6248481],[0.2601741,46.6248548],[0.2600953,46.62486],[0.2597699,46.62484],[0.2594441,46.6247974],[0.2588532,46.6247136],[0.2586088,46.6246741],[0.2585823,46.6246704],[0.2578693,46.6245727],[0.2578677,46.6245726],[0.2577891,46.6245758],[0.2577741,46.6245765],[0.2576922,46.6245837],[0.2574854,46.624593],[0.2573874,46.6245989],[0.2573212,46.6246116],[0.257228,46.624639],[0.2571457,46.6246544],[0.2569874,46.6246732],[0.2569001,46.6246691],[0.2567222,46.624633],[0.2566559,46.6246253],[0.2566235,46.6246226],[0.2564614,46.6246248],[0.2564511,46.6246265],[0.2563954,46.6246416]]],[[[0.2929685,46.6221719],[0.2932708,46.6221188],[0.2935738,46.6220769],[0.2938872,46.6220464],[0.2941947,46.6220313],[0.2944814,46.6220258],[0.2947733,46.6220327],[0.2951345,46.622082],[0.2956091,46.6221454],[0.2959227,46.6222213],[0.2963039,46.6223192],[0.2967458,46.6224738],[0.2970158,46.6226201],[0.2973733,46.6228013],[0.2974884,46.6228674],[0.2975564,46.6229058],[0.2987672,46.6238882],[0.2988953,46.6239709],[0.2991142,46.6239883],[0.2993336,46.6239629],[0.2993306,46.6238728],[0.2989744,46.6236037],[0.2984321,46.6230543],[0.2978557,46.622322],[0.2975552,46.6220063],[0.2970757,46.621953],[0.295833,46.6217305],[0.2951446,46.6216416],[0.2942509,46.6216502],[0.2934125,46.6217398],[0.2926882,46.6218678],[0.2919073,46.6220539],[0.2917493,46.6220685],[0.2917537,46.6223109],[0.2918704,46.6224404],[0.2921777,46.6223425],[0.292582,46.6222445],[0.2929685,46.6221719]]],[[[0.3345356,46.63181],[0.3349565,46.6317563],[0.3356361,46.6317874],[0.3373523,46.6318989],[0.3383314,46.6320577],[0.3388277,46.6321621],[0.339351,46.6323246],[0.3399692,46.6326088],[0.3400911,46.6326903],[0.3401607,46.6327276],[0.3403771,46.6326755],[0.3404272,46.6326226],[0.3401051,46.6324045],[0.3397309,46.6322341],[0.3393428,46.632035],[0.338721,46.6318254],[0.3375952,46.6316674],[0.3365225,46.6315708],[0.3356887,46.6315066],[0.33507,46.6315065],[0.3347881,46.6315663],[0.3346608,46.6316503],[0.3345953,46.6317449],[0.3345356,46.63181]]],[[[0.3698536,46.5376991],[0.3699179,46.5378437],[0.3701527,46.5380434],[0.3703499,46.5380071],[0.37073,46.5378011],[0.3709681,46.537599],[0.371213,46.5372786],[0.3713575,46.5368914],[0.3712439,46.5367599],[0.371032,46.5366725],[0.3708639,46.5367463],[0.3707976,46.5368622],[0.3707128,46.5370197],[0.3704948,46.537302],[0.3702502,46.5374599],[0.3700452,46.5376003],[0.3698536,46.5376991]]],[[[0.3434675,46.5507096],[0.3434012,46.5505833],[0.3430151,46.550692],[0.3424777,46.55089],[0.3424487,46.5509058],[0.342591,46.5513303],[0.3429062,46.5516473],[0.3430566,46.5517848],[0.34314,46.5520176],[0.3431473,46.5524145],[0.3430536,46.5529951],[0.3432805,46.5537791],[0.3429558,46.5543635],[0.3430235,46.554678],[0.3431167,46.5548324],[0.3432757,46.5549147],[0.3437278,46.5545767],[0.3437263,46.5543681],[0.3438677,46.554167],[0.3441306,46.5540637],[0.3442116,46.553953],[0.3441115,46.5535797],[0.3441392,46.5531316],[0.3441225,46.5527744],[0.3439391,46.5520362],[0.343779,46.5513435],[0.3436361,46.5510193],[0.3434675,46.5507096]]],[[[0.3515049,46.5515748],[0.3519838,46.5513866],[0.3516854,46.5509411],[0.3513316,46.5504504],[0.3511675,46.5500142],[0.3513138,46.5494799],[0.3515136,46.5491492],[0.3520505,46.5484369],[0.3522892,46.5481603],[0.3521029,46.5480834],[0.3515666,46.5479636],[0.3510235,46.5478939],[0.3507514,46.547906],[0.3506919,46.5481306],[0.3505955,46.5485574],[0.3504591,46.5489857],[0.3502914,46.5496627],[0.3504064,46.550246],[0.3507071,46.5508611],[0.3511757,46.5513117],[0.3515049,46.5515748]]],[[[0.3686172,46.5405677],[0.3685536,46.5406276],[0.3684883,46.540664],[0.368377,46.5407309],[0.3683161,46.5407908],[0.3683635,46.5407919],[0.3684809,46.54072],[0.3685367,46.5406773],[0.368605,46.5406421],[0.368651,46.5405726],[0.368628,46.5405619],[0.3686172,46.5405677]]],[[[0.3368491,46.5564888],[0.3365953,46.5567365],[0.3365998,46.5569491],[0.3366792,46.5573588],[0.336634,46.5576103],[0.3364707,46.5581372],[0.3363352,46.5584477],[0.3362889,46.5585468],[0.335989,46.5587412],[0.3359769,46.5588034],[0.3360385,46.5588508],[0.336194,46.558883],[0.3364916,46.5587356],[0.3366073,46.5585809],[0.3366717,46.5584505],[0.3367597,46.5582541],[0.3368099,46.5580203],[0.3368827,46.5576775],[0.3369704,46.5569179],[0.3370366,46.5567733],[0.3371463,46.5567186],[0.3371658,46.5566158],[0.3370463,46.5565189],[0.3368491,46.5564888]]],[[[0.3302099,46.5587967],[0.3304177,46.5588169],[0.330563,46.5588439],[0.330649,46.558903],[0.3307464,46.5589462],[0.3308023,46.5589812],[0.3308671,46.558994],[0.3309582,46.5590063],[0.3310701,46.5589936],[0.3311752,46.5589919],[0.3312537,46.5589979],[0.3313232,46.5590016],[0.3314144,46.5590128],[0.3315583,46.5590418],[0.3315895,46.5590691],[0.3316987,46.5590788],[0.3317879,46.5590993],[0.3318544,46.559109],[0.3318852,46.5590801],[0.3318955,46.5590537],[0.3318823,46.5590514],[0.3318536,46.5590292],[0.3317679,46.5589956],[0.3315857,46.5589627],[0.3315123,46.5589487],[0.3314057,46.5589176],[0.3313271,46.5589219],[0.3311984,46.5588862],[0.3310674,46.5588657],[0.3309286,46.5588594],[0.3308345,46.5588124],[0.3307319,46.5587874],[0.3306488,46.5587559],[0.3305778,46.5587256],[0.3304208,46.5587219],[0.3303439,46.5586925],[0.3302919,46.5586657],[0.3302362,46.5586828],[0.3302037,46.5587076],[0.330217,46.5587395],[0.3302236,46.5587571],[0.3302099,46.5587967]]],[[[0.366832,46.6500874],[0.3672183,46.6504183],[0.3674927,46.6506352],[0.3677383,46.6508401],[0.3678931,46.650951],[0.3679938,46.6510505],[0.3680915,46.6511161],[0.3682596,46.651172],[0.3684377,46.6512293],[0.3687469,46.6512568],[0.3689756,46.6511936],[0.3688491,46.6511069],[0.3685357,46.6510465],[0.3682914,46.6510972],[0.3681679,46.6510708],[0.3680389,46.650979],[0.3678234,46.6508011],[0.3675318,46.6505666],[0.3672825,46.6503155],[0.3671077,46.650156],[0.3670118,46.6500537],[0.3669618,46.6500422],[0.366851,46.6500684],[0.366832,46.6500874]]],[[[0.3633804,46.6446527],[0.3636691,46.6447288],[0.3639401,46.6447954],[0.36428,46.6448287],[0.3644961,46.6448388],[0.3645963,46.6448606],[0.3647314,46.6448913],[0.3650216,46.6449931],[0.3652071,46.6450832],[0.3654591,46.6451891],[0.3656212,46.6452369],[0.3658103,46.6453188],[0.3659467,46.645411],[0.366047,46.6454879],[0.3661694,46.6455378],[0.3663052,46.6455541],[0.3665024,46.6455566],[0.3665651,46.6455509],[0.3665991,46.645521],[0.3665428,46.6454604],[0.3664115,46.6454401],[0.3662634,46.6454367],[0.366176,46.6454326],[0.3661161,46.6454149],[0.3660307,46.6453382],[0.3659185,46.6452651],[0.3658366,46.645205],[0.3657426,46.6451528],[0.3656568,46.6451181],[0.3654907,46.6450866],[0.3653136,46.6450008],[0.3651622,46.6449095],[0.3649739,46.6448437],[0.3648226,46.6448147],[0.364695,46.6447842],[0.3644363,46.6447291],[0.3642287,46.6446958],[0.3640332,46.6446893],[0.3637193,46.6446391],[0.3635135,46.6445709],[0.3634227,46.6445403],[0.3633295,46.6445688],[0.3633804,46.6446527]]],[[[0.3628222,46.5363739],[0.3630879,46.5366367],[0.363187,46.5367351],[0.3632999,46.5368461],[0.3633054,46.5368543],[0.3636402,46.5371953],[0.3638474,46.5375026],[0.3638489,46.5375047],[0.3638544,46.537512],[0.3638614,46.5375204],[0.3638614,46.5375213],[0.3638668,46.5375298],[0.3638723,46.537539],[0.3638866,46.5375506],[0.3640576,46.5376588],[0.3640649,46.537662],[0.3640779,46.5376674],[0.3640795,46.5376685],[0.3640909,46.5376739],[0.3640997,46.5376782],[0.3641039,46.5376804],[0.364117,46.5376867],[0.3641283,46.5376952],[0.3641314,46.5376962],[0.3641413,46.5377027],[0.3641501,46.5377058],[0.3641543,46.5377081],[0.3641675,46.5377105],[0.3641811,46.5377138],[0.364188,46.537715],[0.3641943,46.5377162],[0.3642074,46.5377195],[0.364219,46.5377228],[0.3642263,46.537725],[0.3642322,46.5377263],[0.3642453,46.5377306],[0.3642552,46.5377349],[0.3642583,46.5377361],[0.3642713,46.5377435],[0.3642842,46.537751],[0.3642884,46.5377531],[0.3642957,46.5377562],[0.3643088,46.5377617],[0.3643119,46.5377628],[0.3643219,46.537766],[0.364335,46.5377706],[0.3643412,46.5377716],[0.3643481,46.5377738],[0.3643613,46.5377772],[0.3643732,46.5377815],[0.3643864,46.537785],[0.3643995,46.5377893],[0.3644096,46.5377916],[0.3644127,46.5377916],[0.3644258,46.537795],[0.364439,46.5377974],[0.3644507,46.5377996],[0.3644538,46.5378008],[0.3644638,46.5378031],[0.3644769,46.5378074],[0.3644858,46.5378108],[0.36449,46.537812],[0.3645031,46.5378162],[0.3645089,46.5378195],[0.3645162,46.5378227],[0.3645281,46.5378261],[0.3645414,46.5378273],[0.3645547,46.5378267],[0.3645681,46.5378259],[0.3645814,46.5378252],[0.3645932,46.5378244],[0.3646065,46.5378247],[0.3646198,46.5378251],[0.3646331,46.5378264],[0.3646462,46.5378297],[0.3646493,46.5378309],[0.3646592,46.5378362],[0.3646713,46.5378374],[0.3646846,46.5378388],[0.3646979,46.5378391],[0.3647112,46.5378383],[0.3647246,46.5378377],[0.3647363,46.537838],[0.3647497,46.5378372],[0.364763,46.5378366],[0.3647762,46.5378389],[0.3647835,46.5378422],[0.3647892,46.5378464],[0.3648022,46.5378519],[0.3648138,46.5378551],[0.364827,46.5378574],[0.3648403,46.5378588],[0.3648536,46.5378591],[0.3648672,46.5378605],[0.364879,46.5378608],[0.3648923,46.5378611],[0.3649012,46.5378622],[0.3649055,46.5378634],[0.3649186,46.5378678],[0.3649317,46.5378712],[0.364936,46.5378722],[0.3649449,46.5378744],[0.3649565,46.5378778],[0.3649696,46.5378812],[0.3649727,46.5378822],[0.3649828,46.5378845],[0.3649958,46.5378899],[0.3649989,46.5378911],[0.3650088,46.5378964],[0.3650149,46.5379006],[0.3650217,46.5379049],[0.3650278,46.5379101],[0.3650346,46.5379154],[0.365045,46.5379186],[0.3650465,46.5379197],[0.3650597,46.5379221],[0.3650729,46.5379244],[0.3650861,46.5379258],[0.3650993,46.5379282],[0.3651036,46.5379294],[0.3651126,46.5379305],[0.3651242,46.5379327],[0.3651374,46.5379341],[0.3651507,46.5379354],[0.3651639,46.5379379],[0.3651654,46.5379388],[0.3651768,46.5379473],[0.3651783,46.5379484],[0.3651897,46.5379548],[0.365197,46.537958],[0.3652016,46.5379601],[0.3652147,46.5379655],[0.3652189,46.5379677],[0.3652277,46.537971],[0.3654334,46.5379461],[0.3656609,46.5379554],[0.366181,46.5381023],[0.3664692,46.5382398],[0.3664723,46.5382408],[0.366709,46.5383352],[0.3667864,46.5383309],[0.3668436,46.5383383],[0.3668698,46.5383472],[0.3668698,46.5383482],[0.3668816,46.5383555],[0.3668827,46.5383575],[0.3668957,46.5383642],[0.3668972,46.5383651],[0.3669087,46.5383696],[0.3669222,46.5383739],[0.3669233,46.5383749],[0.3669353,46.5383782],[0.3669468,46.5383837],[0.3669468,46.5383846],[0.3669598,46.5383911],[0.3669624,46.5383932],[0.3669726,46.5384016],[0.3669741,46.5384027],[0.3669855,46.538409],[0.3669987,46.5384115],[0.3670121,46.5384107],[0.3670239,46.5384099],[0.3670372,46.5384092],[0.3670506,46.5384085],[0.367064,46.5384068],[0.3670773,46.5384062],[0.3670864,46.5384042],[0.3670896,46.5384033],[0.367103,46.5384016],[0.3671165,46.5383978],[0.3671209,46.5383957],[0.36713,46.5383931],[0.367139,46.5383871],[0.3671422,46.5383851],[0.3671531,46.5383781],[0.367156,46.5383753],[0.3671621,46.5383703],[0.3671657,46.5383611],[0.3671661,46.538352],[0.3671607,46.5383426],[0.3671577,46.5383405],[0.3671478,46.538333],[0.3671447,46.538332],[0.3671316,46.5383276],[0.3671185,46.5383242],[0.3671054,46.5383188],[0.3670982,46.5383146],[0.3670941,46.5383094],[0.3670885,46.5383052],[0.3670814,46.5382979],[0.3670799,46.5382968],[0.3670713,46.5382874],[0.3670687,46.5382842],[0.3670628,46.538278],[0.3670562,46.5382687],[0.3670562,46.5382676],[0.3670503,46.5382604],[0.3670436,46.538252],[0.3670421,46.5382509],[0.367032,46.5382414],[0.3670305,46.5382404],[0.3670175,46.538234],[0.3670133,46.5382318],[0.3670044,46.5382296],[0.3669912,46.5382272],[0.3669796,46.5382238],[0.3669769,46.5382229],[0.3669683,46.5382135],[0.3669669,46.5382104],[0.3669598,46.5382041],[0.3669542,46.5381977],[0.36695,46.5381957],[0.3669415,46.5381862],[0.3669399,46.5381862],[0.3669302,46.5381768],[0.3669287,46.5381757],[0.3669201,46.5381673],[0.3669159,46.5381642],[0.3669087,46.5381589],[0.3669031,46.5381538],[0.3668974,46.5381494],[0.3668902,46.5381452],[0.3668787,46.5381398],[0.3668771,46.5381398],[0.3668655,46.5381365],[0.366852,46.538132],[0.3668494,46.5381299],[0.3668408,46.5381216],[0.3668393,46.5381194],[0.3668338,46.5381123],[0.3668284,46.5381029],[0.3668269,46.5381008],[0.366823,46.5380935],[0.3668175,46.5380853],[0.3668146,46.53808],[0.3668121,46.5380759],[0.3668078,46.5380667],[0.3668024,46.5380573],[0.3667985,46.5380481],[0.3667931,46.5380397],[0.3667902,46.5380345],[0.3667876,46.5380304],[0.3667822,46.5380211],[0.3667778,46.5380149],[0.3667764,46.5380118],[0.3667697,46.5380034],[0.3667653,46.5379982],[0.3667627,46.537994],[0.3667542,46.5379847],[0.3667527,46.5379836],[0.3667456,46.5379752],[0.3667399,46.537972],[0.3667343,46.5379669],[0.366727,46.5379646],[0.3667151,46.5379665],[0.3667017,46.5379681],[0.3666884,46.5379678],[0.3666752,46.5379664],[0.3666619,46.5379652],[0.3666603,46.5379652],[0.3666498,46.5379639],[0.3666367,46.5379604],[0.3666235,46.5379581],[0.3666103,46.5379558],[0.3666091,46.5379557],[0.3665971,46.5379534],[0.3665854,46.5379511],[0.3665722,46.5379488],[0.366559,46.5379475],[0.3665458,46.5379451],[0.3665442,46.5379451],[0.3665325,46.5379437],[0.3665193,46.5379425],[0.3665075,46.5379431],[0.3664941,46.5379439],[0.366491,46.5379438],[0.3664807,46.5379457],[0.366467,46.5379453],[0.3664628,46.5379443],[0.3664541,46.5379369],[0.3664484,46.5379346],[0.3664427,46.5379304],[0.3664312,46.5379251],[0.3664297,46.537924],[0.3664166,46.5379186],[0.3664078,46.5379152],[0.3664036,46.5379132],[0.3663905,46.5379088],[0.3663863,46.5379067],[0.3663775,46.5379025],[0.3663675,46.5378971],[0.3663645,46.5378959],[0.3663531,46.5378876],[0.3663414,46.537879],[0.3663404,46.5378759],[0.3663285,46.5378695],[0.3663274,46.5378684],[0.3663142,46.5378652],[0.366301,46.5378629],[0.3662878,46.5378605],[0.3662848,46.5378593],[0.3662742,46.537858],[0.3662627,46.5378548],[0.3662494,46.5378534],[0.3662362,46.5378511],[0.3662272,46.5378498],[0.366223,46.5378487],[0.36621,46.5378424],[0.366207,46.5378401],[0.3661971,46.5378338],[0.3661898,46.5378306],[0.3661856,46.5378284],[0.3661725,46.5378241],[0.3661652,46.5378218],[0.3661594,46.5378197],[0.3661463,46.5378153],[0.3661343,46.537812],[0.3661331,46.537812],[0.36612,46.5378074],[0.3661081,46.5378031],[0.366107,46.5378021],[0.366095,46.5377988],[0.3660819,46.5377933],[0.3660688,46.537789],[0.3660557,46.5377855],[0.3660468,46.5377833],[0.3660425,46.5377832],[0.3660309,46.5377799],[0.3660177,46.5377775],[0.3660045,46.5377742],[0.3660014,46.5377742],[0.3659914,46.5377709],[0.3659782,46.5377674],[0.3659651,46.537764],[0.3659531,46.5377607],[0.3659399,46.5377573],[0.3659283,46.537754],[0.3659268,46.537754],[0.3659136,46.5377516],[0.3659003,46.5377504],[0.3658871,46.537749],[0.3658753,46.5377487],[0.365862,46.5377495],[0.3658486,46.5377512],[0.3658395,46.537753],[0.3658351,46.537754],[0.3658218,46.5377537],[0.3658203,46.5377526],[0.3658133,46.5377432],[0.3658108,46.5377391],[0.3658047,46.5377348],[0.365798,46.5377274],[0.3657919,46.5377253],[0.3657847,46.53772],[0.3657763,46.5377157],[0.3657717,46.5377136],[0.3657586,46.5377081],[0.3657544,46.537706],[0.3657455,46.5377038],[0.3657324,46.5376995],[0.3657251,46.5376973],[0.3657208,46.5376961],[0.3657077,46.5376917],[0.3656945,46.5376883],[0.3656887,46.5376872],[0.3656814,46.5376849],[0.3656683,46.5376805],[0.3656578,46.5376783],[0.3656551,46.5376772],[0.3656435,46.5376739],[0.3656304,46.5376705],[0.3656199,46.5376682],[0.3656172,46.537667],[0.365604,46.5376647],[0.3655904,46.5376635],[0.3655771,46.5376632],[0.3655654,46.5376619],[0.3655522,46.5376584],[0.3655507,46.5376584],[0.3655391,46.5376551],[0.3655258,46.5376538],[0.3655126,46.5376525],[0.3655008,46.5376523],[0.3654875,46.5376529],[0.3654741,46.5376536],[0.3654607,46.5376554],[0.3654548,46.5376562],[0.3654473,46.5376571],[0.3654458,46.537656],[0.3654357,46.5376476],[0.3654345,46.5376465],[0.3654318,46.5376383],[0.3654279,46.5376291],[0.3654224,46.5376218],[0.365421,46.5376197],[0.3654124,46.5376103],[0.3654109,46.5376081],[0.3654011,46.5376019],[0.3653981,46.5375986],[0.3653866,46.5375923],[0.3653851,46.5375912],[0.3653721,46.5375859],[0.365362,46.5375826],[0.365359,46.5375814],[0.3653458,46.5375781],[0.3653327,46.5375747],[0.3653225,46.5375734],[0.365321,46.5375724],[0.3653077,46.5375721],[0.3652944,46.5375727],[0.3652812,46.5375705],[0.365268,46.5375681],[0.3652559,46.5375658],[0.3652427,46.5375644],[0.3652326,46.5375621],[0.3652295,46.5375621],[0.3652163,46.5375598],[0.3652031,46.5375564],[0.36519,46.537553],[0.3651872,46.537553],[0.3651783,46.5375508],[0.3651651,46.5375484],[0.365152,46.537545],[0.3651431,46.5375428],[0.3651388,46.5375416],[0.3651257,46.5375372],[0.3651169,46.537533],[0.3651126,46.5375318],[0.3651008,46.5375264],[0.365095,46.5375243],[0.3650877,46.537521],[0.3650747,46.5375146],[0.3650617,46.5375082],[0.3650575,46.537505],[0.3650487,46.5375007],[0.3650356,46.5374963],[0.3650282,46.5374962],[0.3650239,46.5374961],[0.3650106,46.5374948],[0.3649974,46.5374934],[0.3649842,46.537491],[0.364971,46.5374887],[0.3649606,46.5374853],[0.3649578,46.5374853],[0.3649463,46.5374809],[0.3649332,46.5374766],[0.3649316,46.5374765],[0.3649201,46.5374711],[0.3649113,46.5374669],[0.3649067,46.5374648],[0.3648938,46.5374573],[0.3648808,46.5374508],[0.3648781,46.5374487],[0.3648679,46.5374413],[0.3648653,46.5374392],[0.3648566,46.5374329],[0.3648509,46.5374297],[0.3648437,46.5374243],[0.364838,46.5374202],[0.3648308,46.537416],[0.3648235,46.5374118],[0.3648179,46.5374074],[0.3648107,46.5374021],[0.3648049,46.537399],[0.3647947,46.5373926],[0.364792,46.5373915],[0.3647806,46.5373841],[0.3647791,46.537383],[0.3647676,46.5373776],[0.3647544,46.5373743],[0.3647529,46.5373743],[0.3647412,46.537372],[0.3647275,46.5373717],[0.3647142,46.5373714],[0.3647008,46.5373731],[0.3646997,46.5373731],[0.364689,46.5373749],[0.3646756,46.5373766],[0.3646623,46.5373774],[0.3646535,46.537372],[0.3646494,46.5373679],[0.3646422,46.5373636],[0.3646365,46.5373583],[0.3646309,46.537354],[0.3646237,46.5373488],[0.3646196,46.5373447],[0.3646125,46.5373373],[0.3646095,46.5373352],[0.3645997,46.5373269],[0.3645998,46.5373247],[0.3645911,46.5373173],[0.3645871,46.5373122],[0.3645826,46.537308],[0.3645744,46.5372997],[0.3645728,46.5372985],[0.3645627,46.5372902],[0.3645616,46.5372882],[0.3645529,46.5372808],[0.3645489,46.5372745],[0.3645475,46.5372715],[0.3645421,46.5372622],[0.3645362,46.5372538],[0.3645308,46.5372444],[0.3645254,46.5372352],[0.364524,46.537232],[0.3645215,46.5372258],[0.3645145,46.5372175],[0.3645116,46.5372133],[0.3645059,46.5372081],[0.3644988,46.5372028],[0.3644931,46.5371986],[0.3644858,46.5371953],[0.3644759,46.537189],[0.3644728,46.5371878],[0.3644614,46.5371806],[0.3644615,46.5371795],[0.3644517,46.5371711],[0.3644487,46.537168],[0.3644432,46.5371617],[0.3644362,46.5371523],[0.3644291,46.537144],[0.3644237,46.5371356],[0.3644221,46.5371347],[0.3644167,46.5371254],[0.3644112,46.537118],[0.3644097,46.537116],[0.3644027,46.5371076],[0.3643986,46.5371024],[0.364393,46.5370982],[0.3643858,46.5370929],[0.3643813,46.5370887],[0.364373,46.5370814],[0.3643716,46.5370793],[0.364363,46.5370708],[0.3643604,46.5370678],[0.3643532,46.5370615],[0.3643477,46.5370552],[0.3643447,46.537052],[0.3643377,46.5370427],[0.364335,46.5370406],[0.3643295,46.5370333],[0.3643235,46.5370281],[0.3643194,46.5370248],[0.3643108,46.5370165],[0.3643081,46.5370154],[0.3642995,46.537006],[0.3642981,46.537003],[0.3642957,46.5369967],[0.3642929,46.5369886],[0.3642891,46.5369793],[0.3642864,46.53697],[0.3642864,46.5369689],[0.3642841,46.5369608],[0.3642813,46.5369525],[0.3642791,46.5369432],[0.3642764,46.536934],[0.3642736,46.5369268],[0.3642737,46.5369247],[0.3642622,46.5369194],[0.364255,46.5369152],[0.3642492,46.5369119],[0.3642393,46.5369065],[0.3642363,46.5369034],[0.3642276,46.5368971],[0.3642235,46.5368929],[0.3642195,46.5368877],[0.3642125,46.5368783],[0.3642109,46.5368783],[0.3642054,46.53687],[0.3641984,46.5368617],[0.3641985,46.5368606],[0.3641915,46.5368513],[0.3641858,46.536846],[0.3641829,46.5368418],[0.3641747,46.5368336],[0.3641732,46.5368315],[0.3641693,46.5368243],[0.364165,46.536815],[0.3641612,46.5368055],[0.3641573,46.5367973],[0.364153,46.536788],[0.364149,46.5367818],[0.3641476,46.5367787],[0.3641422,46.5367694],[0.3641383,46.5367601],[0.3641367,46.5367601],[0.3641313,46.5367517],[0.3641241,46.5367455],[0.3641196,46.5367423],[0.3641113,46.536736],[0.3641083,46.5367328],[0.3640996,46.5367254],[0.364097,46.5367234],[0.36409,46.5367149],[0.364087,46.5367108],[0.3640845,46.5367056],[0.3640791,46.5366963],[0.3640748,46.5366891],[0.3640737,46.536687],[0.3640666,46.5366787],[0.3640622,46.5366724],[0.3640597,46.5366694],[0.3640511,46.53666],[0.3640496,46.5366589],[0.3640441,46.5366506],[0.3640446,46.5366414],[0.3640481,46.5366333],[0.3640485,46.5366241],[0.3640458,46.5366149],[0.364042,46.5366056],[0.3640391,46.5365994],[0.3640365,46.5365972],[0.3640295,46.5365879],[0.3640266,46.5365838],[0.3639896,46.5364897],[0.3639084,46.5363633],[0.3639113,46.536303],[0.3638503,46.5361554],[0.3636339,46.5360054],[0.3636298,46.5360011],[0.3636242,46.5359958],[0.3636171,46.5359896],[0.3636141,46.5359864],[0.3636042,46.5359812],[0.3635985,46.5359768],[0.3635924,46.5359726],[0.363584,46.5359684],[0.3635795,46.5359652],[0.3635665,46.5359588],[0.3635653,46.5359588],[0.3635534,46.5359534],[0.3635403,46.535949],[0.3635272,46.5359456],[0.363514,46.5359422],[0.3635055,46.5359399],[0.3635024,46.5359389],[0.3634892,46.5359365],[0.363476,46.5359342],[0.3634628,46.5359329],[0.3634495,46.5359315],[0.3634378,46.5359312],[0.3634245,46.5359309],[0.3634111,46.5359327],[0.3633973,46.5359334],[0.363384,46.535934],[0.3633721,46.5359359],[0.3633588,46.5359365],[0.3633453,46.5359394],[0.3633319,46.5359422],[0.3633186,46.5359419],[0.3633082,46.5359457],[0.3633066,46.5359457],[0.3632933,46.5359474],[0.3632799,46.535949],[0.3632706,46.535954],[0.3632663,46.5359548],[0.3632569,46.5359618],[0.3632535,46.5359679],[0.3632506,46.5359708],[0.3632486,46.5359801],[0.3632438,46.5359892],[0.3632387,46.5359972],[0.3632387,46.5359983],[0.3632308,46.5360073],[0.3632248,46.5360112],[0.3632218,46.5360152],[0.3632139,46.5360242],[0.3632122,46.5360273],[0.3632076,46.5360332],[0.3631997,46.5360424],[0.363198,46.5360453],[0.3631946,46.5360514],[0.3631883,46.5360605],[0.3631837,46.5360665],[0.363182,46.5360684],[0.3631742,46.5360775],[0.3631712,46.5360826],[0.3631678,46.5360865],[0.36316,46.5360956],[0.3631571,46.5360986],[0.3631521,46.5361045],[0.3631431,46.5361126],[0.363143,46.5361136],[0.3631305,46.5361225],[0.3631199,46.5361304],[0.3631167,46.5361324],[0.3631046,46.5361392],[0.363103,46.5361403],[0.3630908,46.5361481],[0.3630892,46.5361492],[0.3630771,46.536157],[0.3630755,46.5361569],[0.3630633,46.5361659],[0.3630539,46.536175],[0.3629642,46.536224],[0.3628222,46.5363739]]],[[[0.3639564,46.5376053],[0.3638866,46.5375506],[0.3638835,46.5375485],[0.3639564,46.5376053]]],[[[0.3580939,46.632246],[0.3580884,46.6324156],[0.3580812,46.6326527],[0.3581058,46.6327605],[0.3582187,46.6328511],[0.3582049,46.6329806],[0.3581582,46.6330858],[0.3581235,46.633219],[0.3580981,46.6333471],[0.3580995,46.6334054],[0.3580846,46.6334715],[0.3580322,46.6335716],[0.3579599,46.6336864],[0.3579217,46.6337387],[0.3580941,46.6337344],[0.3581587,46.6336245],[0.358232,46.6334647],[0.3582466,46.6333107],[0.3582948,46.6331748],[0.3583669,46.6330395],[0.3583746,46.6329692],[0.3583633,46.6328953],[0.3583007,46.6328101],[0.3582781,46.6327594],[0.3582722,46.6326376],[0.3582879,46.6325562],[0.3583122,46.6324208],[0.3583262,46.632228],[0.3582868,46.6321187],[0.3582454,46.632084],[0.3582018,46.6320687],[0.3581496,46.6320766],[0.3581155,46.6321648],[0.3580939,46.632246]]],[[[0.3862886,46.6458102],[0.3862791,46.6460072],[0.3862234,46.6463096],[0.3862539,46.6465322],[0.3862449,46.6467178],[0.3862675,46.6468115],[0.3862861,46.6469468],[0.3862594,46.6469809],[0.3863054,46.6470688],[0.3863375,46.6471106],[0.3864011,46.6471763],[0.3864312,46.6472588],[0.3864672,46.6473762],[0.3864821,46.6474409],[0.3865132,46.6475049],[0.386603,46.647548],[0.3867667,46.6475058],[0.3867553,46.6473765],[0.3867386,46.6472014],[0.3866674,46.6471068],[0.3865632,46.6469878],[0.3865637,46.6467896],[0.3865515,46.6465215],[0.386581,46.6462421],[0.3865874,46.6461084],[0.3866091,46.6460331],[0.3865953,46.6459449],[0.3865311,46.6458914],[0.3864299,46.6458656],[0.3862886,46.6458102]]],[[[0.4092561,46.6801024],[0.4092727,46.6800333],[0.4092741,46.6800046],[0.4090957,46.6795693],[0.4089529,46.6795763],[0.4087734,46.6797583],[0.4084738,46.6800939],[0.4081421,46.680479],[0.4075303,46.6810621],[0.4069649,46.681588],[0.4067121,46.6818082],[0.406603,46.6820112],[0.4068108,46.6821335],[0.4069981,46.6820692],[0.4072058,46.6818878],[0.4073835,46.6817446],[0.4077296,46.6813702],[0.4083789,46.6808655],[0.4087815,46.6804934],[0.4092561,46.6801024]]],[[[0.3935121,46.6969633],[0.393684,46.6971553],[0.3938696,46.6973384],[0.3941464,46.6976452],[0.3943795,46.6978303],[0.3945625,46.6979552],[0.3946919,46.6980419],[0.3947699,46.698052],[0.3947687,46.6979558],[0.3945349,46.6977512],[0.3943136,46.6975662],[0.3942276,46.6974681],[0.3941343,46.6973659],[0.3940598,46.6972804],[0.3939316,46.6971691],[0.393713,46.6969516],[0.3935995,46.6969029],[0.3935251,46.6969381],[0.3935121,46.6969633]]],[[[0.3444885,46.5255148],[0.3444388,46.5255617],[0.344439,46.5255903],[0.34447,46.5256208],[0.344568,46.5257079],[0.3446787,46.5257493],[0.344763,46.5257226],[0.3447962,46.525612],[0.3448108,46.5255868],[0.3449385,46.5255856],[0.3451128,46.52556],[0.3451743,46.525544],[0.3452498,46.5255448],[0.345297,46.5255817],[0.3454138,46.5256201],[0.3457108,46.5255995],[0.3459153,46.5256308],[0.3461948,46.5256967],[0.3464776,46.5257584],[0.346615,46.5257687],[0.3466352,46.5257477],[0.3466333,46.5257231],[0.346605,46.525701],[0.3463831,46.5256335],[0.3461832,46.5255736],[0.3459966,46.525512],[0.3457113,46.5254697],[0.3454096,46.5254555],[0.3451594,46.5254569],[0.3449053,46.5254703],[0.3446706,46.5254895],[0.3444885,46.5255148]]],[[[0.3416777,46.4902415],[0.3426695,46.4907604],[0.343558,46.4911747],[0.3444494,46.4915613],[0.3448091,46.4916822],[0.3456463,46.4920573],[0.3460118,46.4920566],[0.3461653,46.4919753],[0.3460575,46.4916641],[0.3453974,46.4913021],[0.3448667,46.4910456],[0.3443875,46.4908566],[0.3438739,46.4905542],[0.3436281,46.4903145],[0.3433537,46.4900833],[0.3429531,46.4899523],[0.3427779,46.4899901],[0.3431797,46.4903132],[0.3433719,46.490561],[0.3431664,46.4905849],[0.3428835,46.49056],[0.3425251,46.4903829],[0.3418508,46.49003],[0.3416713,46.4901004],[0.3416777,46.4902415]]],[[[0.327251,46.6435532],[0.3279241,46.6436016],[0.3286568,46.6437036],[0.3293573,46.6438241],[0.329861,46.6439646],[0.3301836,46.6441009],[0.3305406,46.6442063],[0.3308981,46.6442157],[0.3314092,46.6441724],[0.3318454,46.6439935],[0.3320157,46.6436652],[0.3321257,46.6434868],[0.3323795,46.6433291],[0.3326217,46.6431754],[0.33294,46.6430387],[0.3333052,46.6427395],[0.3333129,46.6425812],[0.3329588,46.6426557],[0.332716,46.6427339],[0.3325248,46.6427918],[0.3321032,46.6430009],[0.3315193,46.6432335],[0.3313513,46.6434729],[0.3311436,46.6436265],[0.330931,46.6436972],[0.3307036,46.6436366],[0.3298582,46.6433829],[0.328828,46.6432077],[0.3284772,46.6432138],[0.3279486,46.6432219],[0.3276958,46.643264],[0.3272964,46.6432618],[0.3271915,46.643376],[0.3271666,46.6434581],[0.327251,46.6435532]]],[[[0.354915,46.5474206],[0.3554445,46.5473419],[0.3560508,46.5473375],[0.3567979,46.5474253],[0.3573989,46.5474954],[0.357542,46.5472032],[0.3579015,46.546908],[0.3589904,46.5472417],[0.3594776,46.5473982],[0.3597095,46.5475681],[0.3597859,46.5477938],[0.3597316,46.5479673],[0.3595552,46.5480911],[0.3592919,46.548084],[0.359634,46.5483657],[0.359838,46.5484972],[0.3600426,46.548366],[0.3603002,46.54819],[0.360407,46.5479103],[0.3603838,46.5475653],[0.3601851,46.5473246],[0.359477,46.5469812],[0.3587667,46.5466919],[0.3581633,46.5463967],[0.3577568,46.5460694],[0.3574193,46.5459707],[0.3571672,46.5457645],[0.3570294,46.5456101],[0.3565357,46.5460484],[0.3562302,46.5463603],[0.354915,46.5474206]]],[[[0.371117,46.5376383],[0.3719245,46.5377948],[0.3722864,46.5378757],[0.3728732,46.5375325],[0.3737611,46.5371184],[0.3745256,46.5368998],[0.374963,46.5368301],[0.3753697,46.5367864],[0.3758351,46.536752],[0.3761744,46.5367731],[0.3764519,46.5367691],[0.3772101,46.5367702],[0.3776246,46.5366541],[0.3779091,46.5365624],[0.3782761,46.5367242],[0.3786598,46.5368403],[0.3789338,46.5367791],[0.3789625,46.5366142],[0.3787054,46.5363567],[0.3782452,46.5360713],[0.3777775,46.535943],[0.3775208,46.53598],[0.3770422,46.5361981],[0.3765353,46.5361435],[0.3755991,46.5360812],[0.3751658,46.5361325],[0.3747926,46.5363754],[0.3742774,46.5365496],[0.3735636,46.5366417],[0.3727064,46.5365667],[0.3722521,46.5364684],[0.3720137,46.5365539],[0.3718649,46.5366916],[0.3715862,46.5369396],[0.3714173,46.5372179],[0.371117,46.5376383]]],[[[0.3539757,46.5475072],[0.3538624,46.5473962],[0.3539928,46.5471539],[0.3559362,46.545364],[0.3563656,46.5450325],[0.356635,46.5448251],[0.3569635,46.5447723],[0.3569101,46.5445329],[0.3564874,46.5443872],[0.3561473,46.5445256],[0.3555307,46.5450183],[0.3534383,46.5469162],[0.3532085,46.5473811],[0.3532864,46.5476079],[0.3533854,46.5477308],[0.3537199,46.5476199],[0.3539757,46.5475072]]],[[[0.3721095,46.527538],[0.3723469,46.5276824],[0.373349,46.5279427],[0.3743728,46.5280847],[0.375319,46.5282466],[0.3767213,46.5283114],[0.3777661,46.5285163],[0.3782327,46.5283891],[0.3783063,46.5281545],[0.3780216,46.5278199],[0.3779964,46.5277906],[0.3778346,46.5275815],[0.3776395,46.5270854],[0.37773,46.5266469],[0.3778417,46.5261158],[0.3781237,46.5255446],[0.3781435,46.5250443],[0.3780623,46.5246387],[0.3778496,46.5243476],[0.377473,46.5241989],[0.3773119,46.5241625],[0.3770248,46.5242857],[0.3769651,46.524543],[0.3769685,46.5250245],[0.376976,46.5255103],[0.3769692,46.5259292],[0.3767221,46.52636],[0.3764165,46.526859],[0.3764832,46.5271089],[0.3767927,46.5274718],[0.3771989,46.5278042],[0.3771596,46.527976],[0.3769195,46.5281003],[0.3765754,46.5280812],[0.3760307,46.5280472],[0.3748945,46.5276541],[0.3744584,46.5276013],[0.3741711,46.5276304],[0.3732556,46.5275152],[0.3725071,46.5274939],[0.3721172,46.5275332],[0.3721095,46.527538]]],[[[0.3718657,46.5181913],[0.3724051,46.5184295],[0.3724871,46.5192779],[0.3728195,46.5200337],[0.3730061,46.520404],[0.3738104,46.5206771],[0.3755295,46.5206173],[0.3776584,46.5205681],[0.3797596,46.5206306],[0.3808124,46.5208521],[0.3810979,46.5208586],[0.3812064,46.5207843],[0.381163,46.5207669],[0.3811282,46.5207488],[0.3810818,46.5207283],[0.3809223,46.5206582],[0.3808425,46.5206247],[0.3808003,46.5206064],[0.3807439,46.5205815],[0.3806351,46.520532],[0.3805815,46.5205063],[0.380531,46.5204827],[0.3804614,46.5204473],[0.3804411,46.5204377],[0.380424,46.5204281],[0.380277,46.5203418],[0.3801445,46.5202632],[0.3801274,46.5202526],[0.3799735,46.5201551],[0.3799275,46.5201264],[0.3799074,46.5201126],[0.379869,46.520081],[0.3798404,46.5200559],[0.3797669,46.5199889],[0.379704,46.5199137],[0.3796532,46.5198533],[0.3796299,46.5198171],[0.3796149,46.519787],[0.3790458,46.5197668],[0.3774494,46.5198007],[0.3763183,46.5198883],[0.3754031,46.5199173],[0.3745158,46.519715],[0.3739268,46.5195225],[0.3734865,46.519071],[0.3732969,46.5187313],[0.3732138,46.518303],[0.37315,46.5175084],[0.3728116,46.5167881],[0.3721422,46.5162646],[0.3715061,46.5163206],[0.3708223,46.5169253],[0.3704603,46.5180742],[0.3699404,46.5203766],[0.3698631,46.5211506],[0.3698975,46.5212638],[0.3700782,46.5213253],[0.3704888,46.5213204],[0.3710266,46.521163],[0.3713933,46.5207769],[0.3712878,46.5199844],[0.3712789,46.5189119],[0.3713579,46.5185323],[0.3715571,46.5182405],[0.3718657,46.5181913]]],[[[0.3265137,46.5164877],[0.3266148,46.5166925],[0.3267643,46.5168381],[0.3269169,46.5169919],[0.3270613,46.5171281],[0.3272532,46.5173198],[0.327276,46.5173662],[0.3274618,46.5174728],[0.3275648,46.5176082],[0.3276862,46.5177909],[0.3278402,46.5177894],[0.3280359,46.5177265],[0.3281596,46.5175914],[0.3280312,46.517431],[0.3277101,46.5171831],[0.3274797,46.516956],[0.3270363,46.5165521],[0.326833,46.5163469],[0.326747,46.5162561],[0.3266486,46.5162752],[0.3265055,46.5163823],[0.3265137,46.5164877]]],[[[0.3097777,46.5372169],[0.3097995,46.5372848],[0.3098443,46.5373361],[0.3098834,46.5374167],[0.3099331,46.5374894],[0.3099485,46.5375665],[0.3100152,46.5376263],[0.3101231,46.5376319],[0.3102467,46.5376185],[0.3103612,46.5376078],[0.3104182,46.5375652],[0.3104729,46.5375031],[0.3105416,46.5374608],[0.3105968,46.5374294],[0.3106155,46.5373757],[0.3105872,46.5373228],[0.3105691,46.5372683],[0.3105804,46.5372235],[0.3105605,46.5371424],[0.310536,46.5370987],[0.310512,46.5370778],[0.31044,46.5370597],[0.3103292,46.5370581],[0.3103163,46.5370507],[0.3102979,46.5370032],[0.3102937,46.5369683],[0.3102294,46.5369454],[0.3099594,46.5369248],[0.3098515,46.5369519],[0.309794,46.5370068],[0.3097588,46.5370846],[0.3097638,46.5371665],[0.3097777,46.5372169]]],[[[0.2930777,46.6340764],[0.2930733,46.6340385],[0.2930575,46.6340023],[0.2930324,46.6339701],[0.2928129,46.633697],[0.2927775,46.6336675],[0.2927339,46.633645],[0.2922093,46.6334559],[0.2921611,46.6334393],[0.2921066,46.6334299],[0.291546,46.6333656],[0.2914927,46.6333643],[0.2914374,46.6333712],[0.2910345,46.6334709],[0.2910196,46.6335351],[0.2911076,46.6336435],[0.2915104,46.6335436],[0.2920711,46.633608],[0.2925957,46.6337972],[0.2928151,46.6340702],[0.2926931,46.6344967],[0.2926523,46.6347165],[0.2926051,46.634924],[0.2924837,46.6352103],[0.2924013,46.6352575],[0.2920957,46.6353187],[0.2914169,46.6353886],[0.2910249,46.6352719],[0.2907019,46.6351693],[0.2906074,46.6351374],[0.290427,46.6352691],[0.2904706,46.6352915],[0.2905184,46.635308],[0.2909348,46.6354406],[0.2913269,46.6355572],[0.2913814,46.6355666],[0.2914347,46.6355679],[0.2921135,46.6354981],[0.2921688,46.6354911],[0.2924743,46.63543],[0.2925241,46.6354158],[0.2925694,46.6353953],[0.2926522,46.6353483],[0.2926905,46.6353205],[0.2927187,46.6352895],[0.2927385,46.6352542],[0.2928595,46.6349678],[0.2929071,46.6347604],[0.2929149,46.6347227],[0.2929494,46.6345334],[0.2930696,46.6341141],[0.2930777,46.6340764]]],[[[0.2765884,46.6409589],[0.2768259,46.640894],[0.277139,46.6408638],[0.277308,46.6408749],[0.277437,46.6409004],[0.2775976,46.6409533],[0.2777491,46.6410151],[0.2778811,46.6410765],[0.2779843,46.6411465],[0.2780521,46.6412197],[0.2781046,46.6413221],[0.2781357,46.6414138],[0.2781776,46.6415263],[0.2781699,46.6416805],[0.2781539,46.6417956],[0.278104,46.6418986],[0.2779951,46.642028],[0.2773477,46.6423315],[0.2766595,46.6427047],[0.2759522,46.6430507],[0.2754815,46.6431714],[0.2751247,46.6433305],[0.2746378,46.6438363],[0.2745044,46.6437104],[0.2747634,46.6439925],[0.2748059,46.6439742],[0.2748446,46.6439465],[0.2753128,46.6434607],[0.2755994,46.6433326],[0.2760252,46.6432232],[0.276075,46.643209],[0.2761203,46.6431887],[0.276828,46.6428426],[0.2775158,46.6424694],[0.2781632,46.6421659],[0.2782019,46.6421381],[0.2782302,46.642107],[0.278339,46.6419779],[0.2783585,46.6419426],[0.2784084,46.6418394],[0.2784161,46.6418018],[0.2784325,46.6416867],[0.2784402,46.6415326],[0.2784358,46.6414946],[0.278394,46.6413821],[0.2783633,46.6412905],[0.278347,46.6412542],[0.2782945,46.6411518],[0.2782694,46.6411195],[0.2782016,46.6410463],[0.2781662,46.6410169],[0.2780626,46.6409469],[0.2780194,46.6409245],[0.2778874,46.640863],[0.2777359,46.6408012],[0.2776877,46.6407848],[0.2775271,46.6407319],[0.2773981,46.6407062],[0.2773436,46.6406968],[0.277175,46.6406857],[0.2768891,46.6407933],[0.2765884,46.6409589]]],[[[0.3106707,46.6467329],[0.3106685,46.6467144],[0.3106619,46.6466959],[0.3105562,46.6465237],[0.3105421,46.646507],[0.3105252,46.6464933],[0.3105034,46.6464816],[0.3104787,46.6464728],[0.3101235,46.6463939],[0.3100966,46.6463892],[0.3094825,46.6463248],[0.3090621,46.6462709],[0.3087513,46.6462217],[0.3087247,46.646221],[0.3086978,46.6462245],[0.3086723,46.6462321],[0.3086494,46.6462428],[0.3086202,46.6462943],[0.3090443,46.6463604],[0.3094647,46.6464142],[0.3100789,46.6464788],[0.3104345,46.6465577],[0.3105401,46.6467298],[0.3105263,46.6469227],[0.3104745,46.6470023],[0.3103975,46.6471231],[0.3102295,46.6471539],[0.3094075,46.6471489],[0.3089247,46.6471581],[0.308353,46.6471947],[0.3083897,46.6472313],[0.3084874,46.6472643],[0.3085138,46.647269],[0.3085409,46.6472697],[0.3089336,46.6472482],[0.3094164,46.6472391],[0.3102384,46.6472441],[0.3102653,46.6472407],[0.3104332,46.6472098],[0.3104587,46.6472022],[0.3104816,46.6471915],[0.3104999,46.6471787],[0.3105156,46.6471628],[0.310593,46.6470419],[0.3106444,46.6469622],[0.3106528,46.6469441],[0.3106564,46.6469258],[0.3106707,46.6467329]]],[[[0.3132357,46.6341737],[0.3132141,46.6341354],[0.3132028,46.6340941],[0.3131933,46.6340407],[0.3131943,46.6339958],[0.313206,46.6339347],[0.3132267,46.6338811],[0.3132512,46.6338296],[0.3132928,46.6337732],[0.3133425,46.6337285],[0.3134085,46.6336798],[0.3134666,46.6336474],[0.3135408,46.6336145],[0.3136101,46.6335936],[0.3137123,46.6335746],[0.3137822,46.633565],[0.3138698,46.6335619],[0.3139616,46.6335702],[0.3140647,46.633588],[0.3141349,46.6336059],[0.3141945,46.6336298],[0.3143031,46.6336876],[0.3143546,46.6337244],[0.3143846,46.6337529],[0.3143999,46.6337686],[0.3144121,46.6337607],[0.314639,46.6336474],[0.3148268,46.6336027],[0.3149526,46.6335505],[0.3150371,46.6335147],[0.3152681,46.6333187],[0.3152811,46.6332055],[0.3152368,46.6329591],[0.3152602,46.6326356],[0.3151786,46.6323976],[0.3152047,46.63202],[0.3152919,46.6316929],[0.315384,46.6314241],[0.3152959,46.6313097],[0.3151114,46.631295],[0.3148624,46.6312841],[0.3143536,46.6313458],[0.314359,46.6313806],[0.3144486,46.6315842],[0.3144615,46.6318942],[0.3143859,46.6325507],[0.3142058,46.6330433],[0.3140921,46.6331541],[0.3138004,46.6334418],[0.3131692,46.633662],[0.31268,46.6337394],[0.3126476,46.6337366],[0.3121465,46.6336973],[0.3116968,46.6335784],[0.3111578,46.6333695],[0.3104303,46.6330774],[0.3103054,46.6332953],[0.3102638,46.6335651],[0.3104364,46.6336767],[0.3108093,46.6337835],[0.3111066,46.6339531],[0.3115772,46.6341021],[0.3119683,46.63415],[0.3122961,46.6341475],[0.3125999,46.6341608],[0.3130439,46.6341804],[0.3132357,46.6341737]]],[[[0.2682254,46.6250858],[0.2682431,46.6252029],[0.2682547,46.6253308],[0.268332,46.6255013],[0.2683402,46.625519],[0.2684724,46.6256908],[0.2684905,46.6257137],[0.2686986,46.6258821],[0.2688202,46.6259443],[0.2689503,46.626018],[0.2691064,46.6260667],[0.2693742,46.6261384],[0.269554,46.6261683],[0.2698267,46.6261748],[0.2699964,46.6261636],[0.2701903,46.6261375],[0.2705489,46.6260357],[0.27066,46.625981],[0.2706857,46.6259684],[0.2709777,46.6257709],[0.2710859,46.625655],[0.2711564,46.6255482],[0.2712584,46.6253769],[0.2706424,46.6251741],[0.2706325,46.625222],[0.2706228,46.6252676],[0.2706082,46.6252928],[0.2705592,46.6253857],[0.2704616,46.6254939],[0.2703338,46.6255849],[0.2701385,46.6256691],[0.2700104,46.6257048],[0.269781,46.625726],[0.2696446,46.6257228],[0.2694649,46.6256929],[0.269297,46.6256368],[0.2691214,46.6255334],[0.2690328,46.6254618],[0.2689466,46.6253504],[0.2688946,46.6252285],[0.2688865,46.6250688],[0.2689062,46.6249752],[0.2689505,46.6248884],[0.269011,46.6248101],[0.2690996,46.6247243],[0.2691952,46.6246571],[0.2687764,46.6245132],[0.2685839,46.6244472],[0.2684738,46.6245387],[0.2684033,46.6246454],[0.2683132,46.6247832],[0.2683004,46.6248034],[0.2682548,46.62497],[0.2682254,46.6250858]]],[[[0.3003323,46.5278054],[0.3003137,46.527762],[0.3002189,46.5276432],[0.3002031,46.5275988],[0.3001789,46.5275256],[0.3000912,46.5272896],[0.3001388,46.5270474],[0.3001766,46.5267916],[0.3002079,46.5265778],[0.300148,46.5263565],[0.3001313,46.5260935],[0.3001012,46.5259812],[0.3000688,46.5258598],[0.2999481,46.5256086],[0.2993549,46.5252604],[0.2991967,46.5250776],[0.2987781,46.5247376],[0.298637,46.5245983],[0.2968801,46.5229375],[0.2942442,46.5206078],[0.2941196,46.5207583],[0.2944333,46.5223737],[0.2949136,46.5230475],[0.2953446,46.5235872],[0.2954203,46.5242401],[0.2956367,46.5247707],[0.2960914,46.52522],[0.2969476,46.5252801],[0.2977118,46.525243],[0.2981688,46.525078],[0.2983915,46.5250413],[0.2988783,46.5253156],[0.2991992,46.5255102],[0.2993068,46.5260248],[0.2992909,46.5264324],[0.2992092,46.5268875],[0.2995362,46.5275514],[0.2995063,46.5277674],[0.2994578,46.5279084],[0.2992161,46.5281225],[0.298633,46.5282334],[0.2981687,46.5282787],[0.2977111,46.528368],[0.2974517,46.5284038],[0.2970386,46.5283695],[0.2967893,46.5283749],[0.296594,46.528405],[0.2960789,46.5284859],[0.2955023,46.5286143],[0.2949394,46.5287677],[0.2944085,46.5287795],[0.2939005,46.5287502],[0.2934833,46.5288538],[0.2932334,46.5289338],[0.29305,46.5289928],[0.2929723,46.5290972],[0.2928409,46.5292679],[0.2926563,46.5294906],[0.291981,46.5297617],[0.2917008,46.5300873],[0.2916397,46.5301595],[0.2914957,46.5306458],[0.2912327,46.5309564],[0.2907636,46.5311283],[0.2904741,46.5313177],[0.2901651,46.531428],[0.2897826,46.5316693],[0.2892185,46.5320271],[0.2887083,46.5322767],[0.2881973,46.5324792],[0.2879175,46.5327179],[0.2876097,46.5329529],[0.2868047,46.533169],[0.2864956,46.5331943],[0.286006,46.5332656],[0.2860164,46.5334181],[0.286289,46.5337711],[0.2865358,46.5338413],[0.2869759,46.5337803],[0.2871019,46.5337761],[0.2876045,46.5337093],[0.2879548,46.5335735],[0.2881191,46.5332472],[0.2885179,46.5329469],[0.2889452,46.5328128],[0.289501,46.5325674],[0.2896548,46.53257],[0.2898963,46.5323356],[0.2901005,46.532097],[0.2906662,46.5317721],[0.2909113,46.5317329],[0.2911083,46.5318193],[0.291376,46.5317061],[0.291677,46.5316458],[0.2919808,46.5315211],[0.2921822,46.5314011],[0.2922427,46.5312256],[0.292174,46.5309685],[0.2921336,46.5308286],[0.2920562,46.530745],[0.291953,46.5304972],[0.2919906,46.530403],[0.2921224,46.5303672],[0.2921359,46.5303635],[0.2924542,46.530279],[0.2930154,46.5299867],[0.2939119,46.5295601],[0.2949859,46.529376],[0.295405,46.5292335],[0.2960752,46.5291277],[0.2966737,46.5290938],[0.2972424,46.5290613],[0.2984501,46.5289364],[0.2994388,46.5287114],[0.2998527,46.5285465],[0.3000507,46.5284069],[0.3002778,46.5281854],[0.3004157,46.5280025],[0.3003323,46.5278054]]],[[[0.3772431,46.5855828],[0.3773859,46.5855473],[0.3774402,46.5855259],[0.3777326,46.5853323],[0.3777741,46.5853006],[0.3780398,46.5849929],[0.378312,46.5847558],[0.3783292,46.5847398],[0.3783488,46.5847321],[0.378358,46.5846956],[0.3783983,46.5845329],[0.3783877,46.5844775],[0.3782239,46.5843378],[0.3781846,46.5843225],[0.3777341,46.5843489],[0.3768491,46.5845015],[0.3762236,46.5845874],[0.3759441,46.584636],[0.375818,46.5846649],[0.3757436,46.584704],[0.3757342,46.5847448],[0.3757178,46.5849632],[0.3757178,46.5849641],[0.3757163,46.5849948],[0.3757479,46.5851366],[0.3757858,46.5851875],[0.3759246,46.5853176],[0.3759555,46.5853509],[0.3762858,46.5854853],[0.3768859,46.5856492],[0.3769317,46.5856502],[0.3769851,46.5856474],[0.3772431,46.5855828]],[[0.3762592,46.584678],[0.3768908,46.5845863],[0.377842,46.584421],[0.37812,46.5844028],[0.3782686,46.5845156],[0.3782294,46.5846864],[0.3779233,46.5849462],[0.3776527,46.585266],[0.3773453,46.5854626],[0.3769358,46.5855645],[0.3763562,46.5854061],[0.3760249,46.5852686],[0.3758865,46.5851234],[0.3758495,46.5849713],[0.3758645,46.5847509],[0.3759846,46.5847229],[0.3762592,46.584678]]],[[[0.31567,46.5126691],[0.3160656,46.5128736],[0.3166263,46.5129993],[0.3174661,46.513206],[0.3175086,46.5132161],[0.3184405,46.513238],[0.3189429,46.513348],[0.3195995,46.5136016],[0.3201945,46.5138812],[0.3206149,46.5140025],[0.3212061,46.5141462],[0.3216291,46.5141899],[0.3220207,46.5142604],[0.3223048,46.5142947],[0.3227864,46.5143815],[0.3232305,46.5144124],[0.3238189,46.5144609],[0.3245145,46.5145027],[0.3246886,46.5145139],[0.3251833,46.5145716],[0.3255424,46.5146116],[0.3257891,46.5146573],[0.3261578,46.5147468],[0.3263409,46.5147909],[0.3267014,46.5148963],[0.3269277,46.5150468],[0.3271588,46.515316],[0.3272414,46.5154212],[0.3273399,46.5155829],[0.3275492,46.5157872],[0.3275786,46.5158174],[0.3278172,46.5158149],[0.3280144,46.5157459],[0.3280574,46.5156264],[0.3278817,46.5151295],[0.3276585,46.5147624],[0.3273443,46.5144648],[0.3267386,46.5142891],[0.3260313,46.5141908],[0.3257761,46.5141643],[0.3251198,46.5140243],[0.3243476,46.5139785],[0.3241429,46.5139217],[0.3240552,46.5138971],[0.3238124,46.5138116],[0.3236292,46.5137716],[0.3233537,46.513712],[0.3226427,46.5136024],[0.3220635,46.5134211],[0.3210606,46.5131871],[0.3202558,46.5130568],[0.3197374,46.5128759],[0.319217,46.5127093],[0.3183496,46.5126195],[0.3173847,46.5124569],[0.3168989,46.5124311],[0.3163102,46.512446],[0.3158196,46.5125182],[0.31567,46.5126691]]],[[[0.3217782,46.6291623],[0.3218671,46.6290704],[0.321983,46.6290117],[0.3219311,46.6289513],[0.3214475,46.6284942],[0.3209784,46.6281408],[0.3203564,46.6276336],[0.3202736,46.6276255],[0.3199274,46.6277248],[0.319896,46.6278845],[0.320086,46.6280566],[0.3203027,46.6281189],[0.3203577,46.6281805],[0.3204482,46.6283267],[0.3212117,46.6288526],[0.3217782,46.6291623]]],[[[0.3354512,46.6951552],[0.3339812,46.6926923],[0.3319178,46.6938994],[0.3316986,46.6940028],[0.3315002,46.6941404],[0.3314206,46.6942171],[0.3312625,46.6944773],[0.3312235,46.6946622],[0.3312427,46.6948477],[0.3313174,46.6950224],[0.3313765,46.6951157],[0.331446,46.6951877],[0.3316302,46.6953394],[0.3318413,46.6954556],[0.3320987,46.6955342],[0.3323565,46.6955801],[0.3324899,46.6955914],[0.3326278,46.6955915],[0.3329017,46.695556],[0.3331515,46.695486],[0.3333884,46.6953803],[0.3335796,46.6952396],[0.3336471,46.6951685],[0.3339119,46.6952788],[0.3354512,46.6951552]],[[0.3331897,46.694708],[0.3331651,46.6948169],[0.3330912,46.6949305],[0.3329967,46.6950143],[0.3328429,46.6950895],[0.3326712,46.6951315],[0.332512,46.6951421],[0.3323568,46.6951272],[0.3321869,46.6950742],[0.3320481,46.6949975],[0.331956,46.6949042],[0.3318883,46.6947718],[0.3318796,46.6946775],[0.3318975,46.694585],[0.331945,46.6944961],[0.3319781,46.6944549],[0.3321126,46.6943488],[0.3322251,46.6942962],[0.332353,46.6942603],[0.3325561,46.6942435],[0.3327583,46.6942697],[0.3328812,46.6943114],[0.3329895,46.6943692],[0.3331132,46.6944813],[0.3331797,46.6946148],[0.3331897,46.694708]]],[[[0.3106898,46.624833],[0.3106749,46.6247776],[0.3106646,46.6246833],[0.3106919,46.624551],[0.3107244,46.6244905],[0.3107391,46.6244632],[0.3108113,46.624383],[0.3109068,46.6243158],[0.3110542,46.6242457],[0.3111819,46.6242099],[0.3113996,46.6241873],[0.3115588,46.624182],[0.3116951,46.6241852],[0.3118274,46.6242075],[0.3118598,46.6242186],[0.3119517,46.6242494],[0.3120587,46.624307],[0.3121739,46.6244049],[0.312238,46.6244882],[0.3122767,46.624578],[0.3123129,46.6246872],[0.312936,46.6245352],[0.3128442,46.6243194],[0.3127801,46.6242361],[0.3126007,46.624055],[0.3125677,46.6240327],[0.3124055,46.6239257],[0.3122985,46.623868],[0.3120504,46.6237845],[0.3117854,46.6237395],[0.3114578,46.6237318],[0.3111359,46.623761],[0.3108736,46.6238131],[0.3106334,46.6239016],[0.3103909,46.624039],[0.3102231,46.6241864],[0.3101038,46.6243543],[0.3100368,46.6245356],[0.3100253,46.6246172],[0.3100116,46.6247118],[0.3100252,46.624888],[0.3103308,46.6248563],[0.3106898,46.624833]]],[[[0.3902368,46.6502363],[0.3902253,46.6501338],[0.3901518,46.6500535],[0.3900395,46.650013],[0.3898302,46.6499827],[0.3898249,46.6500031],[0.3898277,46.6500348],[0.3898664,46.6500971],[0.3898726,46.6501555],[0.3898404,46.6502038],[0.3897005,46.6503059],[0.3896446,46.650325],[0.3894869,46.6503326],[0.3894208,46.6503199],[0.3893374,46.6502913],[0.3892313,46.6502777],[0.3891546,46.6502965],[0.3890613,46.6502944],[0.3889656,46.6502779],[0.3888681,46.6502634],[0.3887048,46.6502311],[0.388654,46.6502442],[0.3886347,46.6502785],[0.3886997,46.6503383],[0.388829,46.6503678],[0.3890697,46.6503968],[0.3892372,46.6504322],[0.389345,46.6504757],[0.389331,46.6505224],[0.3893289,46.6505652],[0.3893077,46.6506322],[0.3892858,46.6506552],[0.3892385,46.6506828],[0.3891194,46.6506861],[0.389031,46.6506729],[0.3889254,46.6506817],[0.3888487,46.6506688],[0.3888191,46.6506712],[0.3887888,46.6506817],[0.3888057,46.6506964],[0.3888848,46.6507247],[0.3889937,46.6507386],[0.3891845,46.6507286],[0.3892784,46.6507194],[0.38935,46.6506505],[0.3893841,46.6505521],[0.3893739,46.6504875],[0.3894263,46.6504508],[0.3895049,46.6504242],[0.3898273,46.6503874],[0.3900057,46.6503741],[0.3901659,46.6503165],[0.3902368,46.6502363]]],[[[0.3450911,46.5722039],[0.3451736,46.5721834],[0.3453763,46.5722228],[0.3456013,46.5722853],[0.3458273,46.5723365],[0.3459984,46.5724121],[0.346322,46.5725279],[0.3463467,46.5725918],[0.3463378,46.5726294],[0.3462898,46.5726426],[0.3462866,46.5726436],[0.3468922,46.5728671],[0.3485079,46.5735068],[0.3489182,46.5736931],[0.3491255,46.5737909],[0.3489954,46.5738145],[0.3489177,46.5738576],[0.3489534,46.5739208],[0.3499574,46.5743662],[0.3504506,46.5746219],[0.3509646,46.574867],[0.3509896,46.5748767],[0.3515968,46.5751259],[0.351916,46.5752662],[0.3523042,46.5753916],[0.3526449,46.5755202],[0.3528184,46.5756111],[0.3529411,46.5756517],[0.353065,46.5756341],[0.3531829,46.5755868],[0.3532548,46.5755108],[0.3532783,46.5754867],[0.3533741,46.5754347],[0.353573,46.5753668],[0.3538096,46.5752896],[0.3539976,46.5752039],[0.3542606,46.5747929],[0.3544907,46.5745089],[0.3547382,46.5742071],[0.3550293,46.5740153],[0.3556642,46.5737908],[0.3556665,46.5737756],[0.3557591,46.5738226],[0.3555366,46.574344],[0.3554685,46.5743741],[0.3554484,46.5743849],[0.35529,46.5744743],[0.3551675,46.5746166],[0.3550737,46.5747472],[0.3550353,46.5748681],[0.355022,46.574925],[0.3550071,46.574988],[0.3550341,46.5750695],[0.3550755,46.575195],[0.3550871,46.5752291],[0.3552786,46.5754431],[0.3555133,46.5756141],[0.3556802,46.5756874],[0.3559682,46.5757146],[0.3563392,46.5757006],[0.3571086,46.575426],[0.3576923,46.575279],[0.3580328,46.5752001],[0.3581859,46.5751555],[0.3581936,46.5751496],[0.358203,46.5751426],[0.3581772,46.5751819],[0.358143,46.5752159],[0.3581306,46.5752288],[0.3579365,46.5752878],[0.3579459,46.5753115],[0.3579178,46.5753415],[0.3578791,46.5753713],[0.3576906,46.5754354],[0.3576593,46.5754428],[0.3575677,46.5754642],[0.3575634,46.5754652],[0.3574374,46.5754918],[0.35732,46.5755281],[0.3572247,46.5756035],[0.3571021,46.5756488],[0.3569823,46.5756787],[0.3568347,46.575756],[0.3566911,46.5758068],[0.3566963,46.5758295],[0.3564995,46.5759119],[0.3564117,46.5760079],[0.3563226,46.5760111],[0.356259,46.5760127],[0.3562564,46.5760023],[0.3560298,46.5761239],[0.3557908,46.5762522],[0.355417,46.5764103],[0.3544075,46.5768347],[0.3543422,46.5768627],[0.3542626,46.5769774],[0.3542231,46.5770553],[0.3541625,46.5771807],[0.3547616,46.5772025],[0.3548086,46.5772099],[0.3552519,46.5772743],[0.3551964,46.5777401],[0.3552137,46.5777866],[0.3553229,46.5780977],[0.3555057,46.57861],[0.3555182,46.5786584],[0.3556325,46.5792591],[0.3556372,46.579293],[0.355682,46.5798295],[0.3557013,46.5799496],[0.3557346,46.5801516],[0.3557379,46.5801724],[0.3557628,46.5804263],[0.3557637,46.5804713],[0.3557635,46.5804765],[0.35574,46.5808306],[0.35574,46.5808315],[0.3557132,46.5812379],[0.3557087,46.5813307],[0.3557066,46.5813399],[0.3557045,46.5813839],[0.355661,46.581941],[0.3556609,46.5819418],[0.3556529,46.5820502],[0.3556496,46.5820869],[0.3556259,46.582388],[0.3557364,46.5827696],[0.3558127,46.5828756],[0.356441,46.5828852],[0.3568214,46.5828335],[0.3571704,46.5827599],[0.357521,46.5825615],[0.3575821,46.5825312],[0.3578321,46.5824204],[0.3580472,46.5822291],[0.3581289,46.5821687],[0.3585794,46.5818918],[0.358707,46.5818303],[0.3589883,46.5817775],[0.3591708,46.5817726],[0.3592183,46.5817726],[0.3592815,46.5817864],[0.3595427,46.5818405],[0.3595756,46.5818648],[0.3597047,46.5819587],[0.3597719,46.5819797],[0.3598549,46.5820061],[0.3600246,46.5821112],[0.3600445,46.5821291],[0.3601217,46.5821951],[0.3601892,46.5822672],[0.3602652,46.5824684],[0.3602693,46.5826024],[0.3602059,46.5827461],[0.3605024,46.5828071],[0.3607276,46.5829655],[0.3610676,46.5829541],[0.3611493,46.5829519],[0.3612071,46.5829552],[0.3613135,46.5829598],[0.3616157,46.5830258],[0.3618477,46.583197],[0.3619241,46.5834236],[0.3618589,46.5836039],[0.3618193,46.5836615],[0.361786,46.5837025],[0.3615395,46.5838613],[0.3614314,46.5838926],[0.3613323,46.5839149],[0.3612339,46.583931],[0.3611472,46.5839403],[0.3609858,46.5839704],[0.3608005,46.5839997],[0.3606577,46.5840118],[0.3604722,46.5840126],[0.3604456,46.584012],[0.3602114,46.5839831],[0.3601253,46.5840128],[0.3600312,46.5840843],[0.3598436,46.584226],[0.3596669,46.5843211],[0.359566,46.5843567],[0.3593181,46.5845463],[0.3591311,46.5846748],[0.3590072,46.5848457],[0.3589772,46.5848818],[0.3587308,46.5850407],[0.3586929,46.5850541],[0.3582972,46.5851779],[0.3582384,46.5851939],[0.3575936,46.5853457],[0.3573863,46.5853685],[0.3573828,46.5853686],[0.3573761,46.5853692],[0.3571359,46.5853678],[0.3571194,46.5853674],[0.3570064,46.5853453],[0.3569288,46.5853845],[0.3568266,46.5854148],[0.35681,46.5854185],[0.3565749,46.5854724],[0.3563134,46.5855696],[0.3563051,46.5855623],[0.3562894,46.5855783],[0.3562266,46.5857097],[0.3561595,46.5858073],[0.3559131,46.5859662],[0.3557186,46.5860322],[0.3557759,46.5862001],[0.3557716,46.5862879],[0.3557455,46.5863978],[0.3556835,46.5865445],[0.3556113,46.5866574],[0.3555213,46.586735],[0.3554231,46.5868033],[0.3553044,46.5869314],[0.3550708,46.5872203],[0.3548649,46.5875213],[0.3546632,46.5878315],[0.3546218,46.5878848],[0.354537,46.5879523],[0.3544925,46.587988],[0.3543811,46.5880539],[0.3542834,46.5881119],[0.3539355,46.5884055],[0.3539183,46.5884204],[0.3536198,46.5886733],[0.3534686,46.5887667],[0.3531761,46.588897],[0.3531244,46.5889203],[0.35301,46.5889913],[0.3529487,46.5890594],[0.352873,46.5891476],[0.3527075,46.5892614],[0.3526662,46.58929],[0.352572,46.5893308],[0.3523798,46.5894142],[0.3523174,46.5894485],[0.3520543,46.5896183],[0.3519902,46.5896536],[0.3515811,46.5898589],[0.3511058,46.5895346],[0.3510039,46.5894688],[0.3508747,46.589536],[0.3507339,46.5896295],[0.3505685,46.589713],[0.3503039,46.5898891],[0.3503925,46.5899632],[0.3508886,46.5902556],[0.3507314,46.5903769],[0.3504279,46.590612],[0.3503424,46.5906683],[0.34991,46.5909017],[0.3497146,46.5910096],[0.3496115,46.5910563],[0.349586,46.5910649],[0.3492951,46.5911614],[0.3492466,46.591175],[0.349247,46.5911747],[0.3492379,46.5911774],[0.349097,46.591213],[0.3490466,46.5912406],[0.3490084,46.5912611],[0.3487294,46.5913947],[0.3484464,46.5915373],[0.3484267,46.591548],[0.3482417,46.5916349],[0.3481093,46.5916961],[0.348025,46.5917289],[0.3476827,46.5918416],[0.3474583,46.5918844],[0.3472039,46.5919],[0.3471161,46.5919083],[0.347035,46.5919319],[0.346832,46.5920182],[0.3467972,46.5920317],[0.346461,46.5920842],[0.3462018,46.5920761],[0.3460766,46.592064],[0.3458969,46.5920344],[0.3458104,46.5920149],[0.3457593,46.5920005],[0.345728,46.5919997],[0.3456706,46.5920271],[0.3456038,46.5920552],[0.3454671,46.5920918],[0.3453009,46.5921227],[0.3451696,46.5921382],[0.3447567,46.5921551],[0.3444847,46.5921693],[0.3443819,46.5921802],[0.3442601,46.5921855],[0.3440815,46.592164],[0.344061,46.5921595],[0.3440374,46.592161],[0.3438524,46.5921842],[0.3436405,46.5922356],[0.343471,46.5922214],[0.3433991,46.5922658],[0.3433697,46.5922886],[0.3433129,46.5923935],[0.3432626,46.5924517],[0.3431175,46.5925638],[0.3430672,46.5925913],[0.3430201,46.5926157],[0.3429868,46.5926313],[0.3429063,46.5926662],[0.3428491,46.5926895],[0.3427586,46.5927201],[0.342719,46.5927365],[0.3424551,46.5927693],[0.3423856,46.5927635],[0.3420792,46.5927187],[0.3419408,46.5926152],[0.3418496,46.5925395],[0.3417611,46.5926815],[0.3419175,46.5927546],[0.3422452,46.5929075],[0.342519,46.5929782],[0.3429207,46.5929497],[0.3432839,46.5928591],[0.3439061,46.5926567],[0.3439141,46.5926457],[0.3440209,46.5926195],[0.3440667,46.5925888],[0.3441684,46.5926006],[0.3442572,46.5926066],[0.344318,46.592606],[0.3444413,46.5926017],[0.3445023,46.5925969],[0.3445799,46.5925886],[0.3448221,46.5925758],[0.3452295,46.5925587],[0.3452948,46.5925541],[0.3454261,46.5925386],[0.3454901,46.5925289],[0.3456578,46.5924981],[0.3457268,46.5924822],[0.3458115,46.5924822],[0.3459216,46.592501],[0.3459851,46.5925087],[0.3461103,46.5925218],[0.3461725,46.5925252],[0.3464316,46.5925334],[0.3464348,46.5925335],[0.3464422,46.5925336],[0.3464449,46.5925337],[0.3466145,46.5925222],[0.3469448,46.5924696],[0.3471056,46.5924284],[0.347122,46.5924226],[0.3471568,46.592408],[0.3471752,46.5924012],[0.3473085,46.592345],[0.3475149,46.5923325],[0.3476301,46.5923178],[0.347856,46.5922759],[0.3479668,46.5922479],[0.3483075,46.5921352],[0.3483195,46.5921303],[0.3483454,46.5921217],[0.3483574,46.5921169],[0.3483878,46.5921053],[0.3484466,46.5920811],[0.348477,46.5920675],[0.348794,46.5919196],[0.3488032,46.5919156],[0.3488229,46.5919059],[0.3488349,46.5918999],[0.3491103,46.5917603],[0.349382,46.5916306],[0.3494002,46.5916207],[0.3494199,46.5916109],[0.349462,46.5915997],[0.3494906,46.5915922],[0.3495478,46.5915762],[0.3495765,46.5915666],[0.3498689,46.591471],[0.3498809,46.5914664],[0.3499064,46.5914577],[0.34992,46.5914529],[0.3499716,46.5914315],[0.3500746,46.5913849],[0.3501249,46.5913595],[0.3503183,46.5912525],[0.3507447,46.5910222],[0.3507891,46.5909956],[0.3508761,46.5909404],[0.3509175,46.5909107],[0.3513124,46.5906029],[0.3516547,46.5903614],[0.3519031,46.5902517],[0.3519183,46.5902449],[0.3519488,46.5902302],[0.3519653,46.5902225],[0.3523743,46.5900183],[0.3524061,46.5900016],[0.3524686,46.5899663],[0.3525009,46.5899466],[0.352747,46.5897876],[0.3527607,46.5897808],[0.3530138,46.5896712],[0.3531282,46.5896083],[0.3533351,46.5894649],[0.353428,46.5893853],[0.3534313,46.5893823],[0.3534359,46.5893763],[0.3534391,46.5893733],[0.3535097,46.5892922],[0.3535098,46.5892911],[0.3535193,46.5892811],[0.3535237,46.5892792],[0.353533,46.5892742],[0.3538255,46.5891441],[0.3539044,46.5891019],[0.3540559,46.5890083],[0.3541278,46.5889568],[0.3544252,46.5887039],[0.3544419,46.5886901],[0.3546447,46.5885189],[0.3547542,46.5884265],[0.3548079,46.588395],[0.3549193,46.588329],[0.3549883,46.5882815],[0.3551114,46.5881832],[0.3551176,46.5881782],[0.3551767,46.5881224],[0.3551987,46.5880974],[0.3552398,46.588043],[0.3552591,46.588016],[0.3554595,46.5877099],[0.355686,46.5873798],[0.3558639,46.587164],[0.3559375,46.587086],[0.3559866,46.5870515],[0.3560342,46.5870147],[0.3561239,46.586936],[0.3561663,46.5868951],[0.3562089,46.5868408],[0.356281,46.586728],[0.3563121,46.5866695],[0.3563741,46.5865227],[0.3563913,46.5864678],[0.3564174,46.586358],[0.3564248,46.586303],[0.3564273,46.5862509],[0.3566061,46.5861365],[0.356716,46.586045],[0.3567524,46.5859978],[0.3568195,46.5859012],[0.3568243,46.5858912],[0.3568347,46.5858863],[0.3570329,46.5858418],[0.3570837,46.5858286],[0.3571215,46.5858172],[0.357123,46.5858172],[0.3571301,46.5858174],[0.3573703,46.5858189],[0.3574804,46.5858132],[0.3576963,46.5857895],[0.3578043,46.5857707],[0.3584491,46.5856189],[0.3584792,46.5856114],[0.3585376,46.5855954],[0.3585679,46.5855868],[0.3589624,46.5854631],[0.3589803,46.5854574],[0.3590181,46.5854449],[0.3590376,46.5854382],[0.3591758,46.5853699],[0.3594238,46.585211],[0.3595333,46.5851195],[0.3595475,46.5851025],[0.3595775,46.5850663],[0.3595917,46.5850473],[0.3596694,46.5849416],[0.3597554,46.5848824],[0.3597663,46.5848744],[0.3597907,46.5848566],[0.3598045,46.5848467],[0.359971,46.5847196],[0.3599754,46.5847177],[0.3600696,46.584676],[0.3602458,46.584582],[0.3603288,46.5845286],[0.3604179,46.5844612],[0.3604238,46.5844613],[0.3604371,46.5844616],[0.3604637,46.5844622],[0.360477,46.5844625],[0.3606625,46.5844606],[0.3607336,46.5844582],[0.3608781,46.5844462],[0.3609498,46.5844377],[0.3611335,46.5844081],[0.3611442,46.5844063],[0.3611636,46.5844027],[0.3611739,46.5844009],[0.3612831,46.5843808],[0.3613355,46.5843748],[0.3613844,46.584368],[0.3614832,46.5843519],[0.3615327,46.5843426],[0.3616313,46.5843205],[0.3616857,46.5843063],[0.3617939,46.5842751],[0.3618465,46.5842579],[0.3619846,46.5841905],[0.3622326,46.5840318],[0.3623425,46.5839403],[0.3623579,46.5839201],[0.3623929,46.5838789],[0.3624088,46.5838569],[0.3624484,46.5838006],[0.3624942,46.5837127],[0.3625595,46.5835311],[0.3625788,46.5834387],[0.3625622,46.5833207],[0.3624858,46.5830941],[0.362424,46.5829854],[0.3623252,46.5828889],[0.3620931,46.5827191],[0.3619619,46.5826445],[0.361816,46.5825982],[0.3615139,46.5825309],[0.3613561,46.582511],[0.3611742,46.5825026],[0.3611711,46.5825025],[0.3611311,46.5825027],[0.3610494,46.5825048],[0.3610094,46.582506],[0.3609901,46.5825075],[0.3609799,46.5825002],[0.3609208,46.5824661],[0.3609197,46.5824568],[0.360898,46.5823531],[0.3608219,46.5821531],[0.3607658,46.5820557],[0.3607377,46.5820224],[0.3606773,46.5819576],[0.3606447,46.5819271],[0.3605409,46.5818358],[0.3604622,46.5817769],[0.3602906,46.5816716],[0.3601996,46.5816245],[0.3601576,46.5816083],[0.3601253,46.5815962],[0.3600932,46.5815863],[0.3600202,46.5815325],[0.3599553,46.5814961],[0.3598889,46.5814589],[0.3597923,46.5814292],[0.3597325,46.5814104],[0.3594085,46.5813426],[0.3592401,46.5813233],[0.3592166,46.5813228],[0.3591676,46.5813227],[0.359144,46.5813231],[0.3589627,46.5813282],[0.3588181,46.5813443],[0.3585353,46.581396],[0.3583986,46.5814338],[0.3583338,46.5814609],[0.3582061,46.5815224],[0.3581453,46.5815557],[0.3576944,46.5818326],[0.3576515,46.5818611],[0.3575701,46.5819218],[0.3575298,46.5819535],[0.3573827,46.582084],[0.3572281,46.5821531],[0.357198,46.5821676],[0.3571369,46.582198],[0.3571067,46.5822136],[0.3568552,46.5823559],[0.3566603,46.5823975],[0.3563841,46.582435],[0.3563058,46.5824332],[0.3562845,46.5823562],[0.3563022,46.5821112],[0.3563572,46.5814082],[0.3563605,46.5813642],[0.3563607,46.5813591],[0.3563611,46.5813509],[0.3563614,46.5813458],[0.3563657,46.581256],[0.3563943,46.5808539],[0.3563944,46.5808519],[0.3563944,46.5808509],[0.3564175,46.5804966],[0.3564176,46.5804946],[0.3564179,46.5804895],[0.356418,46.5804865],[0.3564175,46.5804639],[0.356417,46.580419],[0.356415,46.5803954],[0.3563904,46.5801424],[0.3563894,46.5801311],[0.356386,46.5801116],[0.356385,46.5801013],[0.3563517,46.5798981],[0.3563334,46.5797915],[0.3562907,46.5792671],[0.3562883,46.5792507],[0.3562841,46.5792168],[0.3562817,46.5792004],[0.3561674,46.5786008],[0.3561612,46.5785761],[0.3561487,46.5785267],[0.3561408,46.578503],[0.3559583,46.5779908],[0.3558566,46.5777043],[0.3559039,46.5773118],[0.3559062,46.5772894],[0.3558298,46.5770627],[0.3557207,46.5769611],[0.3557207,46.57696],[0.3556298,46.5769109],[0.3556812,46.576861],[0.3562103,46.5766452],[0.3567201,46.5764046],[0.356834,46.5763519],[0.3571635,46.5761602],[0.3571878,46.5761444],[0.3572582,46.5761001],[0.3573024,46.5760766],[0.3573294,46.5760701],[0.357409,46.5760453],[0.3575315,46.576],[0.357705,46.575906],[0.3577616,46.575894],[0.3577815,46.5758893],[0.3579044,46.5758606],[0.3579811,46.5758376],[0.3581692,46.5757735],[0.358186,46.5757678],[0.3583933,46.5756479],[0.3584616,46.5755881],[0.3585004,46.5755492],[0.3585004,46.5755482],[0.3585465,46.5755195],[0.3587312,46.5754041],[0.3587625,46.5753722],[0.358772,46.5753623],[0.3588702,46.5751397],[0.3588635,46.5750598],[0.3588628,46.5750505],[0.3588503,46.5750002],[0.3587829,46.5748626],[0.3586263,46.5747302],[0.35856,46.5746909],[0.3584846,46.5746533],[0.3581603,46.5745856],[0.3580936,46.574586],[0.3578768,46.5745964],[0.3576931,46.5745921],[0.3575505,46.5746002],[0.3573071,46.5746313],[0.3571979,46.5746523],[0.3571606,46.5746617],[0.3572651,46.5746171],[0.357472,46.5744736],[0.3575373,46.574379],[0.3576249,46.5741969],[0.3576332,46.5741798],[0.3576632,46.5741682],[0.3578822,46.574113],[0.3579665,46.5740872],[0.3582129,46.5739295],[0.3582129,46.5739285],[0.3582539,46.5738833],[0.3583304,46.5738023],[0.358508,46.5736541],[0.3586356,46.573562],[0.3587147,46.5734902],[0.3588129,46.5732676],[0.358813,46.5732666],[0.3588154,46.5732166],[0.3587595,46.5730518],[0.3587389,46.5729909],[0.3586894,46.5729367],[0.3586512,46.572901],[0.3584703,46.5727854],[0.3581459,46.5727175],[0.3578157,46.5727703],[0.3577417,46.5728013],[0.3574682,46.5729371],[0.3574348,46.5729547],[0.357139,46.5731217],[0.3564637,46.5734118],[0.3562819,46.5734913],[0.3562194,46.5733743],[0.3562115,46.5733598],[0.3561754,46.5733048],[0.3559438,46.5731339],[0.355837,46.5730977],[0.355666,46.5730509],[0.355448,46.5730203],[0.3551994,46.5730481],[0.3550208,46.5730931],[0.3549695,46.5731083],[0.3547573,46.573176],[0.3544637,46.5732664],[0.3544215,46.5732806],[0.3543627,46.5733049],[0.3541593,46.5734004],[0.3541276,46.5734149],[0.3539418,46.5735139],[0.3537988,46.573617],[0.3537007,46.5737169],[0.353685,46.5737328],[0.353623,46.5738235],[0.3535492,46.57397],[0.3535209,46.5740041],[0.353411,46.5740956],[0.3533596,46.5741455],[0.3533025,46.5742239],[0.3532357,46.5743471],[0.3531154,46.5745651],[0.3530765,46.574697],[0.3529047,46.5747228],[0.3527392,46.5747414],[0.3525839,46.5747031],[0.3524278,46.5746565],[0.3519256,46.5744005],[0.3518839,46.5743812],[0.3518604,46.5743715],[0.3513308,46.574165],[0.3508543,46.5739679],[0.3504696,46.5737709],[0.3504405,46.573757],[0.3498373,46.5734834],[0.3498243,46.5734769],[0.3496548,46.5734259],[0.3468983,46.5723164],[0.3466679,46.5721465],[0.3466244,46.5721301],[0.3463286,46.5720231],[0.3461805,46.5719572],[0.3461736,46.571954],[0.346032,46.571909],[0.3458265,46.5718621],[0.3452802,46.571821],[0.3449227,46.5719516],[0.3448097,46.5720758],[0.3450911,46.5722039]]],[[[0.301496,46.5256594],[0.301589,46.5255523],[0.3016959,46.525425],[0.301714,46.5253292],[0.3018774,46.5252014],[0.3018863,46.5251944],[0.3014647,46.5250649],[0.3014922,46.5248978],[0.3010792,46.5243892],[0.3004521,46.5239257],[0.2995341,46.5232651],[0.2987664,46.5227081],[0.2984831,46.5225063],[0.298341,46.5222616],[0.2980918,46.5222158],[0.2980128,46.521985],[0.297959,46.5216332],[0.2978078,46.5215161],[0.2974664,46.5213884],[0.297134,46.5211904],[0.2967759,46.5208559],[0.2962377,46.520243],[0.2957152,46.5198208],[0.295421,46.5200213],[0.295248,46.5202248],[0.2957848,46.5207148],[0.2959589,46.5209704],[0.2963939,46.5213017],[0.2971295,46.5223229],[0.297368,46.5227088],[0.297519,46.5229261],[0.2977487,46.5230707],[0.2980596,46.5231904],[0.298452,46.5234582],[0.2985233,46.5236613],[0.2986765,46.5238335],[0.2994164,46.52417],[0.2999894,46.5244135],[0.3003278,46.5246403],[0.3006471,46.524978],[0.3008825,46.5252535],[0.3010775,46.5253787],[0.3011606,46.5254338],[0.3012422,46.525494],[0.3013371,46.5255545],[0.301496,46.5256594]]],[[[0.3493427,46.6039156],[0.3491419,46.6040205],[0.3490798,46.6040721],[0.349021,46.6040963],[0.3489067,46.6041223],[0.3488366,46.604137],[0.3480821,46.6036381],[0.3481463,46.6037531],[0.348124,46.6038415],[0.3482141,46.6039387],[0.3486899,46.6042513],[0.3488996,46.6043889],[0.3492755,46.6046838],[0.349702,46.6050321],[0.3497333,46.6050583],[0.3497363,46.6050605],[0.3501015,46.6054134],[0.3506447,46.6058962],[0.3514953,46.6066129],[0.3519073,46.6069537],[0.3524359,46.607432],[0.3528592,46.6078468],[0.3532914,46.6082901],[0.3538147,46.6088767],[0.3542491,46.6093703],[0.3543834,46.6095686],[0.3544745,46.6097036],[0.3545713,46.6098193],[0.3546532,46.609813],[0.3548812,46.6099143],[0.3548971,46.609925],[0.3549295,46.6099442],[0.3551001,46.6100502],[0.3552813,46.6100749],[0.3554061,46.6100961],[0.3554928,46.610088],[0.3555857,46.6099766],[0.3556387,46.6099277],[0.3556873,46.6098716],[0.3557286,46.6098122],[0.3558481,46.609491],[0.3558892,46.6092588],[0.3557606,46.6092191],[0.3555764,46.6092231],[0.3554568,46.6093041],[0.3553633,46.6094287],[0.3553031,46.6096256],[0.3551858,46.6096271],[0.3551131,46.6095414],[0.3551039,46.6094236],[0.3550611,46.609295],[0.3549852,46.6092359],[0.3549353,46.6091969],[0.3547719,46.6090164],[0.3546082,46.6088184],[0.3545148,46.6086342],[0.3544327,46.6084903],[0.3542948,46.6083675],[0.3540257,46.6081098],[0.3537757,46.6078812],[0.3534836,46.6075411],[0.3532804,46.6072359],[0.352797,46.6068364],[0.3523797,46.6064833],[0.3517289,46.6058988],[0.3511397,46.6054518],[0.3506614,46.605038],[0.3506107,46.6049193],[0.350345,46.604771],[0.3503281,46.6047543],[0.350059,46.6044914],[0.3499245,46.6043607],[0.3497504,46.6041929],[0.3494468,46.6040335],[0.3493427,46.6039156]]],[[[0.3466994,46.6027382],[0.3468518,46.6028358],[0.3470885,46.6029691],[0.3473632,46.603141],[0.3475107,46.6032763],[0.3477853,46.6033962],[0.3479768,46.603514],[0.3480821,46.6036381],[0.3482372,46.6035292],[0.3486646,46.6032499],[0.3485444,46.6031327],[0.3483262,46.6030161],[0.3479069,46.6027591],[0.3473805,46.602482],[0.3470657,46.6023429],[0.3470504,46.6023498],[0.3469104,46.6024793],[0.3467861,46.6026329],[0.3466994,46.6027382]]],[[[0.3560785,46.5689244],[0.3560473,46.5687683],[0.3560343,46.5686393],[0.3559319,46.5685223],[0.3557616,46.5683968],[0.3555987,46.5683052],[0.3553861,46.5682521],[0.355162,46.5682276],[0.3548849,46.5682611],[0.3543234,46.5683155],[0.3536657,46.5683412],[0.3529076,46.5683849],[0.3520914,46.5684398],[0.3514842,46.5684257],[0.3507597,46.5684233],[0.3500634,46.5684133],[0.3496806,46.5684187],[0.3493925,46.5684928],[0.349152,46.5685955],[0.348951,46.5686992],[0.348775,46.5688772],[0.3486685,46.5690505],[0.3486313,46.5692121],[0.3486234,46.5693746],[0.3486723,46.5695853],[0.3488941,46.5698673],[0.3491991,46.5700574],[0.3495465,46.5701666],[0.3500053,46.5702182],[0.3508448,46.5702979],[0.3514193,46.5703726],[0.3521444,46.5705712],[0.3525889,46.5707308],[0.3526835,46.5708005],[0.3527939,46.5709318],[0.3528971,46.5710354],[0.3531754,46.5711706],[0.3535926,46.5712477],[0.3539389,46.5711944],[0.3541494,46.5711051],[0.3543414,46.5709676],[0.3559489,46.5691792],[0.3560428,46.5690453],[0.3560785,46.5689244]],[[0.3533631,46.5705115],[0.3549435,46.5687642],[0.355043,46.5687012],[0.3551741,46.5686797],[0.3553033,46.5687072],[0.3553964,46.5687747],[0.3554277,46.5688655],[0.3553877,46.5689546],[0.3538073,46.5707017],[0.3537078,46.5707648],[0.3535762,46.5707864],[0.3534474,46.5707588],[0.3533543,46.5706912],[0.3533231,46.5706005],[0.3533631,46.5705115]],[[0.3493697,46.569081],[0.3493745,46.569071],[0.3493855,46.569064],[0.3494136,46.5690329],[0.3495075,46.5689646],[0.349621,46.5689121],[0.3497473,46.5688771],[0.3498829,46.5688608],[0.3499349,46.568862],[0.3499511,46.5688594],[0.3499674,46.5688628],[0.3500191,46.568864],[0.3501517,46.5688865],[0.3502755,46.5689272],[0.3503824,46.5689848],[0.3504706,46.5690574],[0.350496,46.5690897],[0.3505059,46.5690972],[0.3505097,46.5691074],[0.3505347,46.5691407],[0.3505734,46.5692306],[0.3505822,46.5693248],[0.3505644,46.5694174],[0.3505169,46.5695063],[0.3504875,46.5695383],[0.350484,46.5695475],[0.3504734,46.5695544],[0.3504449,46.5695854],[0.3503498,46.5696537],[0.3502376,46.5697063],[0.3501101,46.5697411],[0.3499756,46.5697574],[0.3499239,46.5697562],[0.3499074,46.569759],[0.3498915,46.5697555],[0.3498394,46.5697543],[0.3497057,46.5697317],[0.349583,46.5696911],[0.3494749,46.5696335],[0.3493879,46.5695609],[0.3493628,46.5695287],[0.3493526,46.5695213],[0.3493488,46.5695119],[0.3493237,46.5694786],[0.349285,46.5693878],[0.3492751,46.5692945],[0.3492941,46.569201],[0.3493415,46.5691131],[0.3493697,46.569081]]],[[[0.3372036,46.629207],[0.3371933,46.6291138],[0.3371562,46.6290229],[0.3370919,46.6289407],[0.3370037,46.6288681],[0.3367489,46.6287027],[0.3364719,46.6284233],[0.3362816,46.6282155],[0.3361531,46.6280499],[0.3359762,46.6279058],[0.335761,46.6277904],[0.3355143,46.627708],[0.3352478,46.6276629],[0.3352243,46.6276615],[0.3351117,46.6276546],[0.334975,46.6276566],[0.3347051,46.6276892],[0.3344521,46.6277599],[0.3342245,46.6278651],[0.3341194,46.6278872],[0.3340437,46.6277985],[0.3339679,46.6276179],[0.33391,46.6275328],[0.3338394,46.6274523],[0.3336625,46.6273082],[0.3334473,46.6271928],[0.3332006,46.6271104],[0.3329341,46.6270653],[0.332798,46.627057],[0.3326614,46.6270589],[0.3323914,46.6270916],[0.3321957,46.6271462],[0.3321384,46.6271623],[0.3319108,46.6272674],[0.3317217,46.627403],[0.3316422,46.62748],[0.3315758,46.6275622],[0.3314828,46.6277389],[0.3314454,46.6279252],[0.3314645,46.6281126],[0.3315399,46.6282933],[0.3315981,46.6283785],[0.3316699,46.6284587],[0.3318453,46.628603],[0.3320621,46.6287185],[0.3323076,46.6288008],[0.3325737,46.6288457],[0.3327098,46.6288541],[0.3328465,46.6288521],[0.3331168,46.6288196],[0.333371,46.6287489],[0.333597,46.6286437],[0.3337185,46.6286231],[0.3337778,46.6287103],[0.3338537,46.6288909],[0.3339119,46.628976],[0.3339836,46.6290565],[0.334159,46.6292006],[0.3343758,46.629316],[0.3346213,46.6293984],[0.3348874,46.6294445],[0.3350818,46.629449],[0.3351053,46.6294496],[0.3351602,46.6294509],[0.3354306,46.6294172],[0.3357379,46.6294152],[0.3359523,46.6294589],[0.3360947,46.6295155],[0.3362032,46.6295743],[0.336326,46.629615],[0.3364583,46.6296374],[0.3365829,46.6296403],[0.3365962,46.6296406],[0.3367304,46.6296244],[0.3368569,46.6295895],[0.336971,46.6295359],[0.3370661,46.6294685],[0.3371383,46.6293885],[0.3371841,46.6293006],[0.3372036,46.629207]],[[0.3344516,46.6284101],[0.3344852,46.6283567],[0.3345123,46.6283154],[0.3346466,46.6282091],[0.3347591,46.6281566],[0.3348265,46.6281407],[0.3349737,46.6281074],[0.3350896,46.6281039],[0.3352916,46.6281302],[0.3354143,46.6281719],[0.3355229,46.6282295],[0.3356096,46.6283011],[0.3356738,46.6283844],[0.3357125,46.6284753],[0.3357229,46.6285684],[0.3357034,46.6286621],[0.3356559,46.6287499],[0.3355837,46.62883],[0.3354902,46.6288973],[0.3353762,46.6289499],[0.3352496,46.6289857],[0.3350456,46.6290024],[0.3348452,46.6289763],[0.3347209,46.6289347],[0.3346139,46.6288769],[0.3344903,46.6287646],[0.3344391,46.6286654],[0.3344139,46.628538],[0.3344516,46.6284101]],[[0.3334091,46.6279709],[0.333375,46.6280917],[0.3333092,46.6281934],[0.33321,46.628279],[0.3330624,46.6283522],[0.3329541,46.6283845],[0.3328168,46.6284017],[0.3327319,46.6284049],[0.3326638,46.6284012],[0.3325315,46.6283787],[0.3324072,46.6283369],[0.3323006,46.6282792],[0.3322419,46.6282351],[0.332177,46.6281671],[0.3321208,46.6280656],[0.3321002,46.6279404],[0.3321331,46.6278153],[0.332199,46.6277178],[0.3322994,46.6276312],[0.3324454,46.6275589],[0.3326333,46.6275111],[0.3327759,46.6275064],[0.3327966,46.6275089],[0.3329383,46.6275245],[0.3331006,46.6275741],[0.3332593,46.6276668],[0.3333312,46.6277442],[0.3333925,46.6278538],[0.3333949,46.6278693],[0.3334091,46.6279709]]],[[[0.3384164,46.5666843],[0.3384066,46.5665808],[0.3383953,46.5664835],[0.338358,46.5663967],[0.3382911,46.5662735],[0.338227,46.5661902],[0.3381456,46.5660994],[0.3380574,46.5660278],[0.3379505,46.5659702],[0.3378,46.565891],[0.3376762,46.5658493],[0.3375185,46.5657975],[0.3373863,46.5657751],[0.3372198,46.5657589],[0.3370836,46.5657557],[0.3369019,46.5657679],[0.3367679,46.5657843],[0.3366205,46.5658247],[0.336493,46.5658606],[0.3363518,46.5659257],[0.3362395,46.5659785],[0.3361445,46.5660457],[0.3360377,46.5661393],[0.3359656,46.5662194],[0.3358942,46.5663169],[0.3358468,46.5664047],[0.3358199,46.5665298],[0.3358004,46.5666234],[0.3358107,46.5667177],[0.3358305,46.5668582],[0.3358692,46.566948],[0.3359257,46.5670342],[0.3359898,46.5671174],[0.3360969,46.5672263],[0.3361855,46.5672978],[0.3362924,46.5673555],[0.3364168,46.5674166],[0.3365594,46.567467],[0.3366835,46.5675087],[0.3368157,46.5675312],[0.3369959,46.5675487],[0.3371321,46.5675518],[0.3372999,46.5675425],[0.3374339,46.5675262],[0.3375963,46.5674829],[0.3377239,46.567447],[0.3378649,46.567385],[0.3379772,46.5673323],[0.3380722,46.567265],[0.3381792,46.5671683],[0.3382513,46.5670883],[0.3383344,46.5669675],[0.3383818,46.5668797],[0.3384012,46.5667862],[0.3384164,46.5666843]],[[0.3377619,46.566669],[0.3377467,46.566771],[0.3376636,46.5668916],[0.3375566,46.5669883],[0.337416,46.5670505],[0.3372536,46.5670937],[0.3370858,46.567103],[0.3369056,46.5670856],[0.3367631,46.5670353],[0.3366383,46.5669741],[0.3365312,46.5668652],[0.3364747,46.5667791],[0.3364549,46.5666386],[0.3364818,46.5665135],[0.3365532,46.566416],[0.33666,46.5663224],[0.3368012,46.5662572],[0.3369481,46.5662167],[0.3371298,46.5662046],[0.3372963,46.5662207],[0.3374541,46.5662724],[0.3376042,46.5663515],[0.3376856,46.5664424],[0.3377525,46.5665656],[0.3377619,46.566669]]],[[[0.3602587,46.6184625],[0.3601762,46.6181089],[0.3600917,46.6178698],[0.3600635,46.6177476],[0.3595412,46.617899],[0.3595776,46.6179735],[0.3595897,46.6179983],[0.3596533,46.6181581],[0.3598501,46.6185093],[0.359939,46.6185042],[0.3600407,46.6184931],[0.3601196,46.6184848],[0.3602587,46.6184625]]],[[[0.3599402,46.617534],[0.3599382,46.6174849],[0.3598663,46.6173189],[0.3597782,46.6172348],[0.3596685,46.6171107],[0.359531,46.6169523],[0.3595592,46.6167362],[0.359591,46.6165417],[0.359527,46.6162029],[0.3594574,46.6160214],[0.3593942,46.6158522],[0.3593554,46.6156499],[0.3592933,46.6154022],[0.3592904,46.6153326],[0.3592212,46.6152063],[0.359175,46.6150518],[0.3590601,46.6148243],[0.3590074,46.6146249],[0.3588532,46.6144087],[0.3586507,46.6142087],[0.3585506,46.6140172],[0.3584219,46.6137588],[0.3584015,46.6136305],[0.3583366,46.6135289],[0.3581706,46.6134667],[0.3581027,46.6134264],[0.3580286,46.6134011],[0.3579818,46.6133562],[0.3578592,46.6131274],[0.3576803,46.6128135],[0.3577635,46.612748],[0.3578383,46.6126771],[0.3578411,46.612619],[0.3577382,46.6123886],[0.3575701,46.612119],[0.3573572,46.6118585],[0.3571308,46.6116673],[0.3568811,46.6113415],[0.3567279,46.6110466],[0.3565965,46.6108454],[0.3565453,46.6107133],[0.3565773,46.6105064],[0.3564591,46.6103156],[0.3564671,46.6100624],[0.3564564,46.6098219],[0.3564108,46.6092995],[0.3563145,46.6089262],[0.3563137,46.6088535],[0.3562536,46.6088063],[0.3562095,46.6088021],[0.3561502,46.6088284],[0.3560962,46.6088732],[0.3560384,46.6089658],[0.3560533,46.6090213],[0.3560594,46.6090819],[0.3560545,46.609182],[0.3560701,46.6094992],[0.356081,46.6096455],[0.3560858,46.6097254],[0.3560546,46.6098187],[0.3560411,46.6099431],[0.3560074,46.6100548],[0.3560822,46.6101067],[0.3561327,46.6101957],[0.3561051,46.6103034],[0.3560027,46.6104012],[0.3559342,46.6104968],[0.355849,46.6105714],[0.3557951,46.6106233],[0.3557948,46.6106214],[0.35579,46.6106233],[0.3557663,46.6106257],[0.3557424,46.6106897],[0.3557614,46.6107586],[0.3558408,46.6108609],[0.3558602,46.6108886],[0.3562123,46.6113017],[0.3563149,46.6115146],[0.3564676,46.6117306],[0.3565856,46.6118684],[0.3566724,46.6121566],[0.3568039,46.6123487],[0.3569065,46.6125289],[0.3570774,46.6127342],[0.3571369,46.6128818],[0.3575054,46.6133932],[0.3576093,46.613508],[0.357828,46.6137124],[0.3579053,46.6138328],[0.3577959,46.613912],[0.3578241,46.614068],[0.3578889,46.6141708],[0.3580033,46.6142859],[0.3580648,46.6143599],[0.3582006,46.6144969],[0.3582832,46.6146051],[0.3583835,46.6147362],[0.358432,46.6148038],[0.3584147,46.6148851],[0.3584064,46.6149677],[0.3584997,46.6151529],[0.3586491,46.6153486],[0.3587023,46.6155285],[0.3587514,46.6157126],[0.3588289,46.615918],[0.3588717,46.6160478],[0.3589519,46.6162294],[0.3590427,46.6163471],[0.3591361,46.6164342],[0.3591851,46.6164996],[0.3592238,46.6165516],[0.3591962,46.6166348],[0.3591666,46.6167271],[0.3591962,46.6170293],[0.359334,46.6172788],[0.3593379,46.6172872],[0.3594195,46.6174403],[0.3594918,46.6175749],[0.3595401,46.6176466],[0.3599402,46.617534]]],[[[0.356207,46.6336347],[0.3562992,46.633595],[0.3564632,46.6335211],[0.3566701,46.6333817],[0.3567457,46.6332965],[0.356588,46.6333042],[0.3565123,46.6333034],[0.3563303,46.6332287],[0.3561992,46.633149],[0.3560493,46.63294],[0.3559531,46.6327477],[0.3559349,46.6326696],[0.3559357,46.6325888],[0.3559764,46.6324538],[0.3560345,46.6323253],[0.3560474,46.6323093],[0.3561071,46.632236],[0.3562141,46.6321415],[0.356287,46.6321104],[0.3564575,46.6320826],[0.3565691,46.6320791],[0.3566995,46.632075],[0.3567795,46.632084],[0.3567807,46.6320842],[0.3568591,46.6320939],[0.3570331,46.6322104],[0.3569528,46.6320307],[0.3568132,46.6317228],[0.3566074,46.6317181],[0.3564706,46.6317241],[0.3561959,46.6317577],[0.3560021,46.6318043],[0.3558614,46.6318911],[0.3557695,46.6319482],[0.3556164,46.6321031],[0.3556024,46.6321182],[0.3555255,46.632239],[0.3554341,46.632472],[0.355434,46.632474],[0.355411,46.6325757],[0.3554135,46.6326218],[0.3554282,46.6327713],[0.3554654,46.6328929],[0.3555494,46.6330532],[0.3555786,46.6330989],[0.3557189,46.6332953],[0.3557285,46.6333089],[0.3559419,46.6334712],[0.3561133,46.6335764],[0.356207,46.6336347]]],[[[0.345695,46.6428942],[0.3456267,46.6426871],[0.3454595,46.6424931],[0.3453022,46.6424292],[0.3451821,46.6424611],[0.3449563,46.6424957],[0.344812,46.6425027],[0.3445137,46.6425265],[0.3440958,46.6425751],[0.3439734,46.6425895],[0.3439406,46.6425938],[0.3439315,46.6425947],[0.343881,46.6426007],[0.3437346,46.6426178],[0.3436579,46.6426374],[0.3434282,46.6426955],[0.3432856,46.6428434],[0.3431452,46.6428975],[0.3430449,46.6429104],[0.3429406,46.6429243],[0.3425318,46.6429384],[0.3422992,46.6429289],[0.3421555,46.6429225],[0.3418699,46.6429027],[0.341662,46.6428774],[0.3414061,46.6428305],[0.3410898,46.6427987],[0.3405647,46.6426709],[0.3400809,46.6425156],[0.3394998,46.6424102],[0.3390408,46.6423585],[0.3387433,46.6423445],[0.3384235,46.6423913],[0.338109,46.6424187],[0.3380229,46.6424126],[0.3378908,46.6424178],[0.3377862,46.6423427],[0.3376776,46.6423157],[0.3375589,46.6423129],[0.3373765,46.6423987],[0.3373678,46.642425],[0.3373142,46.642428],[0.3369222,46.6424352],[0.3365503,46.6425124],[0.3365198,46.642528],[0.3363687,46.6425266],[0.3363155,46.6425161],[0.3362872,46.6425165],[0.3362625,46.6425088],[0.3361976,46.642503],[0.3361937,46.6424866],[0.3361924,46.6423363],[0.3362983,46.6422019],[0.3359524,46.6423891],[0.3358974,46.6423908],[0.3354654,46.6427815],[0.334931,46.6431484],[0.3345006,46.6434184],[0.3340086,46.6437361],[0.3340421,46.6437809],[0.3342604,46.6437788],[0.3344452,46.6437627],[0.3345999,46.6437294],[0.3348523,46.6436322],[0.3349407,46.6435594],[0.3351605,46.6434308],[0.3353699,46.6433129],[0.3357031,46.643201],[0.3360308,46.6431197],[0.336332,46.6430276],[0.3367902,46.6430066],[0.3372626,46.6430012],[0.3381453,46.6430074],[0.3384171,46.6430341],[0.3389947,46.6430925],[0.3393615,46.6432073],[0.3404854,46.6434726],[0.3412215,46.6436604],[0.3419513,46.6437591],[0.3422481,46.6437558],[0.3427302,46.6436719],[0.3431857,46.6435864],[0.3436057,46.6434959],[0.3441649,46.643376],[0.3445045,46.6432367],[0.3448541,46.6430945],[0.345536,46.6429293],[0.345695,46.6428942]]],[[[0.3507626,46.6407524],[0.3508374,46.6408665],[0.3508553,46.6408945],[0.3508911,46.6410702],[0.3510452,46.6410156],[0.351347,46.6410961],[0.3515346,46.6412414],[0.3517631,46.6413919],[0.3518497,46.6414736],[0.3519501,46.6415393],[0.3519755,46.641542],[0.3521795,46.6414945],[0.3522698,46.6414374],[0.3523202,46.6413781],[0.3520813,46.6411672],[0.3518327,46.6409693],[0.351633,46.6408645],[0.3514556,46.6407848],[0.3513427,46.6407566],[0.3512914,46.6407472],[0.3512766,46.6407448],[0.3511892,46.6407428],[0.3509976,46.6407446],[0.3507626,46.6407524]]],[[[0.3629271,46.6441098],[0.3629201,46.6440686],[0.3628678,46.644046],[0.3627532,46.6439903],[0.3626583,46.6439646],[0.3626567,46.6439645],[0.362539,46.6439087],[0.3624473,46.6438719],[0.3623917,46.6438623],[0.3623247,46.6438363],[0.3622664,46.6438083],[0.3622518,46.6438009],[0.3622303,46.6437278],[0.3622225,46.643701],[0.3621959,46.6436748],[0.3621487,46.6436379],[0.3620983,46.6436],[0.3620828,46.6435874],[0.3620194,46.643544],[0.3620168,46.643542],[0.3619783,46.6435103],[0.3619504,46.6435016],[0.36192,46.6434814],[0.3618618,46.643427],[0.3618546,46.6434216],[0.3618232,46.6433984],[0.3618025,46.6433723],[0.3617995,46.6433682],[0.3617567,46.6433285],[0.3617069,46.6432884],[0.3616767,46.6432704],[0.3616386,46.6432306],[0.3616834,46.6431908],[0.3617542,46.6431372],[0.3617592,46.6431312],[0.3618232,46.6430662],[0.3618733,46.6430122],[0.3618837,46.6429755],[0.3618874,46.6429655],[0.3618881,46.6429512],[0.361864,46.6428974],[0.3618039,46.642849],[0.3617317,46.6427441],[0.3616321,46.6426612],[0.3615308,46.6426394],[0.3614896,46.6426302],[0.3613937,46.6426167],[0.361307,46.6426322],[0.3612434,46.6426246],[0.3611568,46.6426063],[0.3611008,46.6426285],[0.3611134,46.6426767],[0.361289,46.6427851],[0.3613798,46.6427493],[0.3614624,46.6426981],[0.3615466,46.6427103],[0.3616445,46.6427707],[0.3617384,46.6428813],[0.3617435,46.6429622],[0.361691,46.6430325],[0.3616081,46.643092],[0.3615305,46.643131],[0.3614919,46.6431659],[0.3614187,46.6432011],[0.3613876,46.6432607],[0.3614125,46.6433307],[0.3614856,46.6433846],[0.3615645,46.6434088],[0.3616694,46.6434226],[0.3617161,46.6434389],[0.3617392,46.6434466],[0.3617496,46.6434509],[0.3617931,46.6434693],[0.3617946,46.6434703],[0.3618916,46.6435493],[0.3619602,46.643608],[0.3619875,46.6436516],[0.3620472,46.6437082],[0.3620769,46.6437426],[0.3620946,46.6438054],[0.3621392,46.6438648],[0.3621912,46.6438935],[0.3622738,46.6439301],[0.3624086,46.643967],[0.362499,46.6440048],[0.3626428,46.644097],[0.3627829,46.6441473],[0.362894,46.644154],[0.3629271,46.6441098]]],[[[0.3064467,46.5628747],[0.3068035,46.5628227],[0.3070449,46.5631238],[0.3071845,46.5634236],[0.3073161,46.5636627],[0.3074261,46.5639025],[0.3075239,46.5643178],[0.307666,46.5645359],[0.3076802,46.5647242],[0.3076091,46.5649331],[0.3074323,46.5650619],[0.3073521,46.5651857],[0.3072569,46.5653748],[0.3072321,46.5655438],[0.3077935,46.5662439],[0.3082544,46.5664173],[0.3084545,46.5665407],[0.3085792,46.566657],[0.3088188,46.5667885],[0.3089389,46.566873],[0.309004,46.5669349],[0.3091094,46.5669996],[0.3092456,46.5670897],[0.3094061,46.5671958],[0.3094935,46.5672592],[0.3097247,46.5674425],[0.3099239,46.5676056],[0.3100107,46.5676822],[0.3100376,46.5677084],[0.3101487,46.5678],[0.3102075,46.5678402],[0.3102802,46.5678993],[0.310331,46.5679484],[0.3103823,46.5679895],[0.3104615,46.5680691],[0.3104892,46.5681095],[0.3105522,46.5682153],[0.3105601,46.5682298],[0.3105792,46.568264],[0.310613,46.5683026],[0.3106648,46.5683314],[0.3107296,46.5683688],[0.3109017,46.5684321],[0.3109378,46.5684471],[0.3110375,46.5684986],[0.3112373,46.5686271],[0.3113428,46.5687133],[0.3114693,46.5688492],[0.311496,46.5688804],[0.3115555,46.5689923],[0.3115931,46.5691035],[0.3116088,46.5692061],[0.3116087,46.5693278],[0.3116238,46.5693547],[0.3116683,46.5695336],[0.3116503,46.5696283],[0.3116796,46.5697251],[0.3117539,46.5697759],[0.3118226,46.5698297],[0.3118468,46.5698466],[0.3119028,46.5698878],[0.312363,46.5701091],[0.3124486,46.5701521],[0.3124803,46.5701692],[0.3125177,46.5701905],[0.3126113,46.5702469],[0.3127051,46.5702991],[0.3127628,46.5703301],[0.3128073,46.5703567],[0.3128807,46.5704035],[0.3129704,46.5704515],[0.3131295,46.5705319],[0.3132451,46.5705868],[0.3133684,46.570645],[0.3134808,46.5707109],[0.3141725,46.5712291],[0.314217,46.5712566],[0.314456,46.5713441],[0.3147852,46.5715838],[0.3148334,46.5716546],[0.3147982,46.5715895],[0.314661,46.5713367],[0.314756,46.5710639],[0.3153641,46.5708441],[0.315838,46.5709686],[0.3160642,46.5711354],[0.3161042,46.5713407],[0.3162876,46.571802],[0.3165646,46.571924],[0.3166101,46.5719384],[0.3168103,46.5719002],[0.3168698,46.5719026],[0.3171765,46.5719292],[0.3172305,46.5719244],[0.3173475,46.57192],[0.3174081,46.5719223],[0.3175146,46.5719319],[0.3175471,46.5719327],[0.317574,46.5719283],[0.3177072,46.5719058],[0.317728,46.5719043],[0.3178826,46.5718936],[0.3180168,46.571907],[0.3180696,46.5719154],[0.3180877,46.5719158],[0.318132,46.5719149],[0.3182905,46.5719186],[0.3183245,46.5719203],[0.3185227,46.5719321],[0.318624,46.5719437],[0.3187286,46.5719616],[0.3187328,46.5719626],[0.3188653,46.5719862],[0.3190064,46.5720109],[0.3190137,46.5720121],[0.3190961,46.5720273],[0.3191236,46.5720331],[0.3192132,46.5720526],[0.3193335,46.5720778],[0.3193408,46.57208],[0.319473,46.5721098],[0.3194873,46.5721132],[0.3196631,46.5721561],[0.3197916,46.5721981],[0.3198395,46.5722206],[0.3199086,46.572257],[0.3199657,46.5722747],[0.3200741,46.5723027],[0.3202058,46.5723335],[0.3202468,46.5723447],[0.3203782,46.5723825],[0.3206063,46.5724461],[0.3206546,46.5724616],[0.3207698,46.5725021],[0.3209172,46.5725494],[0.3209287,46.5725537],[0.321089,46.5726086],[0.3211022,46.5726131],[0.3211811,46.5726414],[0.3212829,46.5726765],[0.3213252,46.5726929],[0.3214734,46.5727546],[0.3214807,46.5727579],[0.3214892,46.5727611],[0.3215689,46.5727978],[0.3216447,46.572826],[0.3218586,46.5729068],[0.3218905,46.5729198],[0.3219109,46.5729284],[0.321927,46.5729359],[0.3220426,46.5729907],[0.3222913,46.5730589],[0.3223903,46.5730939],[0.3223911,46.5730942],[0.3225499,46.5731631],[0.3227337,46.5732287],[0.3228659,46.5732809],[0.322958,46.5733065],[0.3230603,46.5733366],[0.3232943,46.5734003],[0.323403,46.5734212],[0.3235661,46.5734527],[0.3237629,46.5734911],[0.3240482,46.5735652],[0.3242105,46.5736108],[0.3243178,46.5736288],[0.3243516,46.5736356],[0.3245203,46.5736712],[0.3248042,46.573781],[0.3252083,46.5739081],[0.3253912,46.5739824],[0.3256401,46.5740542],[0.3259184,46.5741496],[0.3261379,46.5742366],[0.3268635,46.5745223],[0.3271478,46.5747436],[0.3274496,46.5752066],[0.3272673,46.5745757],[0.3269389,46.5742562],[0.3260764,46.5737966],[0.3260009,46.5737703],[0.3258169,46.5736535],[0.3257678,46.5736258],[0.3256711,46.5735755],[0.3256232,46.5735529],[0.325594,46.573541],[0.3255255,46.5735148],[0.3254846,46.5735006],[0.3252103,46.5734124],[0.3251972,46.5734079],[0.3251829,46.5734036],[0.3251783,46.5734025],[0.3251242,46.573387],[0.3250706,46.5733611],[0.3250491,46.5733514],[0.3250242,46.5733405],[0.3250199,46.5733384],[0.3249472,46.5733112],[0.324794,46.5732626],[0.3247119,46.5732413],[0.3245432,46.5732056],[0.3245374,46.5732045],[0.3245036,46.5731976],[0.3244714,46.5731917],[0.3244123,46.5731821],[0.3242998,46.5731499],[0.324272,46.5731421],[0.3240557,46.5730849],[0.3240306,46.5730781],[0.323972,46.5730646],[0.3239414,46.5730587],[0.3237461,46.5730204],[0.3237356,46.5730181],[0.3235784,46.5729878],[0.3234701,46.5729669],[0.3234685,46.5729669],[0.3233151,46.5729225],[0.3232143,46.5728925],[0.3231864,46.5728857],[0.3231833,46.5728846],[0.3231543,46.5728757],[0.3230582,46.5728387],[0.323032,46.5728289],[0.32301,46.5728212],[0.322876,46.5727731],[0.3227413,46.5727148],[0.3227398,46.5727137],[0.3227048,46.5726996],[0.3227017,46.5726985],[0.3226886,46.5726941],[0.3225896,46.5726591],[0.3225387,46.5726425],[0.3223721,46.5725957],[0.3223469,46.572589],[0.322337,46.5725847],[0.3222792,46.5725567],[0.3222573,46.572547],[0.3222542,46.5725459],[0.3222339,46.5725373],[0.3222223,46.5725329],[0.3221904,46.5725199],[0.3221732,46.5725123],[0.3219592,46.5724317],[0.3219561,46.5724306],[0.3219081,46.5724121],[0.3218517,46.5723872],[0.3218356,46.5723796],[0.3218225,46.5723744],[0.3218198,46.5723732],[0.321811,46.57237],[0.3216627,46.5723082],[0.3216455,46.5723007],[0.3216031,46.5722844],[0.3215754,46.5722745],[0.3214794,46.5722417],[0.3214063,46.5722144],[0.3213874,46.5722088],[0.3213789,46.5722055],[0.3212317,46.572155],[0.3212286,46.572154],[0.3211935,46.5721418],[0.3210581,46.5720978],[0.3209514,46.5720606],[0.3209298,46.5720539],[0.3208816,46.5720385],[0.3208522,46.5720297],[0.3206272,46.571967],[0.3204985,46.5719293],[0.3204869,46.5719271],[0.3204459,46.5719157],[0.320415,46.571907],[0.3202948,46.5718796],[0.3202407,46.5718651],[0.3202349,46.5718629],[0.3202089,46.57185],[0.320161,46.5718273],[0.320138,46.5718166],[0.320071,46.5717916],[0.3199426,46.5717497],[0.3198812,46.5717319],[0.3197053,46.5716889],[0.3196968,46.5716867],[0.3196821,46.5716832],[0.3196763,46.5716821],[0.3195441,46.5716525],[0.3195236,46.5716478],[0.3194079,46.5716238],[0.3193211,46.5716043],[0.319311,46.571602],[0.3192831,46.5715962],[0.3192656,46.5715927],[0.3191833,46.5715776],[0.3191643,46.571574],[0.3191627,46.571574],[0.3190275,46.5715503],[0.3188965,46.5715269],[0.3188849,46.5715246],[0.3187807,46.5715067],[0.3187305,46.5715005],[0.3186288,46.5714888],[0.3185789,46.5714837],[0.3183807,46.5714718],[0.3183749,46.5714717],[0.3183409,46.57147],[0.3183127,46.5714693],[0.3181541,46.5714656],[0.3181365,46.5714652],[0.31811,46.5714614],[0.3179755,46.571448],[0.3179047,46.5714444],[0.3178172,46.5714464],[0.3177933,46.5714478],[0.3176414,46.5714586],[0.3175524,46.5714688],[0.3175029,46.5714779],[0.317494,46.5714766],[0.3174467,46.5714735],[0.3173861,46.571471],[0.3173696,46.5714706],[0.317312,46.5714714],[0.3171946,46.5714759],[0.3171797,46.5714764],[0.316951,46.5714567],[0.316908,46.5714537],[0.3168489,46.5714514],[0.3168325,46.571451],[0.3166361,46.5714668],[0.3164888,46.5712987],[0.3163905,46.5709161],[0.3161398,46.5707468],[0.3161295,46.5707404],[0.3157401,46.5705779],[0.3152938,46.5705838],[0.3148204,46.5706862],[0.3146258,46.5707235],[0.3144434,46.570758],[0.313961,46.5704063],[0.3139053,46.5703682],[0.313793,46.5703021],[0.3137379,46.5702734],[0.313615,46.5702162],[0.3136089,46.570212],[0.3135062,46.5701647],[0.3133617,46.5700916],[0.3133139,46.570067],[0.3133124,46.570066],[0.3132508,46.5700267],[0.3132349,46.5700161],[0.3131903,46.5699895],[0.3131644,46.5699756],[0.3131121,46.5699468],[0.3130358,46.5699041],[0.3129696,46.5698638],[0.3129365,46.5698446],[0.3129277,46.5698402],[0.312896,46.5698222],[0.3128831,46.5698147],[0.3128514,46.5697976],[0.3128327,46.569788],[0.3127646,46.5697546],[0.3127615,46.5697526],[0.3127355,46.5697396],[0.3123358,46.5695483],[0.3123245,46.5695398],[0.3123203,46.5695367],[0.3123124,46.5694578],[0.3122676,46.5692789],[0.3122624,46.5692644],[0.3122625,46.5692061],[0.312259,46.5691591],[0.3122433,46.5690566],[0.3122295,46.569002],[0.3121919,46.5688907],[0.3121695,46.5688371],[0.3121099,46.5687253],[0.3120727,46.5686691],[0.3120602,46.5686536],[0.3120335,46.5686222],[0.3120194,46.5686056],[0.3118929,46.5684696],[0.311843,46.5684236],[0.3117376,46.5683372],[0.3116835,46.568298],[0.3114837,46.5681697],[0.3114288,46.5681388],[0.311329,46.5680875],[0.3112842,46.5680659],[0.3112769,46.5680627],[0.3112405,46.5680475],[0.3112101,46.5680356],[0.3111358,46.5680083],[0.3110949,46.5679388],[0.3110811,46.5679181],[0.3110533,46.5678775],[0.3110382,46.5678577],[0.3110003,46.5678149],[0.3109212,46.5677353],[0.3108769,46.5676955],[0.3108471,46.5676712],[0.3108131,46.5676377],[0.3107778,46.5676083],[0.310705,46.5675493],[0.310668,46.5675209],[0.3106279,46.5674934],[0.310572,46.567449],[0.3105451,46.5674229],[0.3105252,46.5674051],[0.3104542,46.567343],[0.3104445,46.5673327],[0.3104261,46.5673179],[0.3102367,46.5671612],[0.3102167,46.5671463],[0.309987,46.566964],[0.3099855,46.566962],[0.3099625,46.5669442],[0.3099413,46.5669294],[0.3098981,46.5668985],[0.3098898,46.5668923],[0.3098682,46.5668775],[0.3098538,46.5668679],[0.3097118,46.5667757],[0.3095882,46.566692],[0.3095711,46.5666814],[0.3095509,46.5666686],[0.3095452,46.5666645],[0.3094935,46.5666326],[0.3094681,46.5666084],[0.3094067,46.5665579],[0.3092862,46.5664734],[0.3092258,46.5664361],[0.3090541,46.5663421],[0.3089806,46.566274],[0.3088991,46.5662108],[0.3087183,46.566095],[0.3086197,46.5660436],[0.3086024,46.5660371],[0.3085836,46.5660295],[0.3085674,46.5660229],[0.3082751,46.5659128],[0.3079077,46.5654555],[0.3079603,46.5653514],[0.3079844,46.5653151],[0.3080844,46.5652428],[0.3081652,46.5651713],[0.3082338,46.5650665],[0.3083338,46.564844],[0.3083635,46.564726],[0.3083546,46.564636],[0.3083112,46.5644611],[0.3082632,46.5643527],[0.3081558,46.5641876],[0.3080712,46.5638299],[0.3080493,46.5637659],[0.3079396,46.5635271],[0.3079275,46.5635034],[0.3078024,46.5632755],[0.3075511,46.5631113],[0.3071341,46.5627621],[0.3065635,46.5627005],[0.3064467,46.5628747]]],[[[0.3313499,46.5112901],[0.3313465,46.5110559],[0.3311971,46.5109563],[0.3298328,46.5107651],[0.3282055,46.5106094],[0.327406,46.5105489],[0.3270349,46.5105065],[0.3268247,46.5104821],[0.3265154,46.5104749],[0.3261815,46.510371],[0.3259958,46.5100794],[0.3256247,46.5094635],[0.3248668,46.5085615],[0.3247122,46.5079406],[0.3247231,46.5077168],[0.3248516,46.5076034],[0.3251005,46.5075662],[0.3254592,46.5075],[0.3256416,46.5074603],[0.3255672,46.5073165],[0.3249531,46.5066213],[0.3244763,46.50596],[0.3243036,46.5057382],[0.3240922,46.5057925],[0.323963,46.5058263],[0.3236592,46.5059215],[0.3235856,46.5059463],[0.3234097,46.5060045],[0.3235029,46.5061867],[0.32367,46.506851],[0.3237993,46.5072629],[0.3234604,46.5073795],[0.3231463,46.5074775],[0.3231369,46.5076696],[0.3235137,46.508168],[0.3237326,46.5088355],[0.3238084,46.5090693],[0.3240642,46.5098319],[0.324121,46.5102379],[0.324533,46.5103212],[0.3252987,46.5104352],[0.3258623,46.5105977],[0.3265995,46.5108121],[0.3268623,46.5112815],[0.3268489,46.5118566],[0.3267947,46.5119319],[0.3266663,46.5121079],[0.3265011,46.512338],[0.3259985,46.5125288],[0.325485,46.5126129],[0.3247131,46.5126264],[0.3239577,46.5126303],[0.3232013,46.5126228],[0.3227537,46.5126338],[0.3224252,46.5127222],[0.3221733,46.512844],[0.3220074,46.5129384],[0.3220411,46.5130015],[0.3221047,46.5130061],[0.3221615,46.5129961],[0.3222391,46.5129795],[0.3223297,46.5129755],[0.3224076,46.5129917],[0.3224462,46.5130182],[0.3224608,46.5130491],[0.3224911,46.5130703],[0.3225554,46.513083],[0.3226215,46.5130682],[0.322707,46.5130744],[0.3227841,46.5130986],[0.3228735,46.5131202],[0.3230073,46.5131376],[0.3230863,46.5131548],[0.3231941,46.513192],[0.3233498,46.5132182],[0.3235378,46.5132256],[0.3237135,46.5132583],[0.3239474,46.5132945],[0.3242095,46.5133231],[0.3242948,46.5133087],[0.3243829,46.5132923],[0.3244942,46.5132818],[0.3245688,46.5133019],[0.324613,46.5133101],[0.3246487,46.5133006],[0.3246831,46.5132698],[0.3247179,46.5132543],[0.3247693,46.5132596],[0.3248501,46.5132726],[0.3249333,46.5132685],[0.3250106,46.513258],[0.3250638,46.5132665],[0.3251086,46.5132859],[0.3251338,46.5133151],[0.3251843,46.5133163],[0.3252528,46.5133077],[0.3252949,46.51332],[0.3253366,46.5133485],[0.3253998,46.513352],[0.3254924,46.5133409],[0.3255796,46.513343],[0.3256644,46.5133622],[0.3257919,46.5133959],[0.3259189,46.5134336],[0.3260489,46.5134653],[0.3260904,46.5134654],[0.3261639,46.5134425],[0.326252,46.5134343],[0.3264182,46.5134545],[0.3267873,46.5134723],[0.3271063,46.5134891],[0.3274669,46.5135047],[0.3275482,46.5135086],[0.3278926,46.5135187],[0.3281433,46.5135389],[0.3283268,46.5135411],[0.3288581,46.5133409],[0.3290829,46.5131651],[0.3292433,46.5130626],[0.329376,46.5128633],[0.3294733,46.512748],[0.3296861,46.5125189],[0.3300193,46.5123345],[0.3303678,46.5121413],[0.3307509,46.5118732],[0.3311524,46.5115412],[0.3313499,46.5112901]]],[[[0.3552225,46.553744],[0.3552228,46.5537063],[0.355187,46.5533456],[0.3547463,46.5525063],[0.3545683,46.5518961],[0.3544317,46.5517559],[0.3539429,46.5517528],[0.3535507,46.5518583],[0.3535237,46.5518658],[0.3537782,46.552208],[0.3539885,46.5524919],[0.3542705,46.5530259],[0.3542802,46.5530445],[0.3542992,46.5530807],[0.3544631,46.5533922],[0.3545337,46.553769],[0.3544627,46.5539238],[0.3543681,46.5541301],[0.3543348,46.5542019],[0.3542437,46.5544002],[0.353951,46.5547563],[0.3537082,46.554907],[0.3531687,46.5551471],[0.3528485,46.5551827],[0.352631,46.5552073],[0.3525607,46.5551862],[0.3519122,46.5549944],[0.3518949,46.5549878],[0.35129,46.5547784],[0.3509328,46.5546302],[0.3509415,46.5548452],[0.350948,46.5549853],[0.3509624,46.5552381],[0.3516209,46.5554742],[0.3522794,46.5556692],[0.3535592,46.5557142],[0.3540376,46.5556252],[0.3543706,46.5554816],[0.3546487,46.5550004],[0.3550239,46.554543],[0.3551804,46.5541836],[0.3552225,46.553744]]],[[[0.344392,46.5488554],[0.3441634,46.5486517],[0.3438172,46.5484872],[0.3434509,46.5482876],[0.343132,46.5481432],[0.3428092,46.5480468],[0.3427673,46.5479026],[0.3428793,46.5476139],[0.3429243,46.5474136],[0.3428479,46.5474057],[0.3428198,46.547403],[0.3426411,46.5475409],[0.3426106,46.5475648],[0.3425874,46.5475827],[0.3424006,46.5475804],[0.3423428,46.5476179],[0.3423088,46.5476396],[0.342068,46.5479335],[0.3419614,46.5481109],[0.3421254,46.5481546],[0.342238,46.5481838],[0.3424066,46.5482522],[0.3426271,46.548342],[0.3433631,46.5486588],[0.3438306,46.5488873],[0.343933,46.5490297],[0.344392,46.5488554]]],[[[0.3402859,46.5480157],[0.3402153,46.5479119],[0.3400271,46.5479473],[0.3396389,46.5481316],[0.3391543,46.5483155],[0.3385885,46.5484618],[0.3383558,46.5482541],[0.3376031,46.5475833],[0.3371487,46.5473917],[0.336904,46.5475486],[0.3368583,46.5475782],[0.3371381,46.5477606],[0.3375305,46.5481878],[0.337975,46.5486152],[0.3382714,46.5490034],[0.3384696,46.5490438],[0.3387357,46.5490265],[0.3393848,46.5488423],[0.3397186,46.5486497],[0.340095,46.5483138],[0.3402621,46.5481419],[0.3402859,46.5480157]]],[[[0.3761435,46.5172172],[0.3758464,46.51659],[0.3751692,46.5157986],[0.3747807,46.5153796],[0.3743524,46.5149324],[0.3737708,46.5147074],[0.373219,46.5146947],[0.3724926,46.514495],[0.3714975,46.5139498],[0.3706519,46.5137045],[0.3697443,46.5138533],[0.3687233,46.5138442],[0.3684362,46.513442],[0.367898,46.5131474],[0.3670322,46.512835],[0.3668548,46.5127707],[0.3666919,46.5124889],[0.3665337,46.5122134],[0.3667471,46.5115977],[0.3667968,46.5105685],[0.3663368,46.510375],[0.3656877,46.5111215],[0.3654911,46.5113573],[0.3649215,46.5113155],[0.3644841,46.5114884],[0.3649044,46.5125284],[0.3652467,46.5130444],[0.3650939,46.5136614],[0.3648114,46.5140218],[0.3641293,46.514599],[0.3643232,46.5148151],[0.3646994,46.5146541],[0.365564,46.5145053],[0.3662145,46.5145909],[0.3668705,46.5149585],[0.3682354,46.5154838],[0.3690839,46.5157006],[0.3693007,46.5162698],[0.3689067,46.5168249],[0.3681228,46.5173857],[0.3676788,46.5176861],[0.3669202,46.5177535],[0.3669893,46.5180086],[0.367282,46.5182975],[0.3678682,46.5184245],[0.3684395,46.5184652],[0.368924,46.5181523],[0.3693894,46.5174005],[0.369765,46.5168305],[0.3702707,46.5160805],[0.3702931,46.5156161],[0.3693504,46.5152416],[0.3684212,46.5150085],[0.3680069,46.5148814],[0.3681321,46.5146483],[0.3686991,46.5147748],[0.3696402,46.5147535],[0.3704373,46.5147443],[0.3714203,46.5151195],[0.3726181,46.5153025],[0.3738972,46.515896],[0.3744208,46.5164867],[0.3750106,46.5177984],[0.3750788,46.5185053],[0.3753879,46.5184839],[0.3757609,46.5183657],[0.3760749,46.5177799],[0.3761435,46.5172172]]],[[[0.3739848,46.6119414],[0.3741914,46.6120248],[0.3744679,46.6122192],[0.3746281,46.6123456],[0.3747813,46.6124299],[0.3749072,46.6122846],[0.3752077,46.6120481],[0.3755323,46.6118951],[0.3760108,46.6117896],[0.3763901,46.6116765],[0.3764825,46.6113854],[0.3764981,46.6113387],[0.3761742,46.611321],[0.375771,46.6113465],[0.3751481,46.6113803],[0.3749307,46.611456],[0.3748461,46.6114859],[0.374472,46.6116469],[0.374073,46.6118616],[0.3739848,46.6119414]]],[[[0.2752703,46.6242875],[0.2752783,46.6242142],[0.2752962,46.6241235],[0.2752501,46.6241267],[0.2751222,46.6241348],[0.2751235,46.6241635],[0.2750875,46.6242332],[0.2748754,46.6242914],[0.2747016,46.6243548],[0.2744849,46.6244131],[0.2743529,46.6244478],[0.2739343,46.6245962],[0.2736825,46.6246719],[0.273511,46.6247516],[0.2733744,46.624816],[0.273327,46.6248383],[0.2732832,46.6248587],[0.2733739,46.624913],[0.2734991,46.6249036],[0.2737862,46.6248278],[0.2741823,46.624736],[0.2744409,46.6246727],[0.2746422,46.6245936],[0.274915,46.6244498],[0.2752191,46.6242986],[0.2752703,46.6242875]]],[[[0.2718439,46.6222831],[0.271842,46.6222587],[0.2718545,46.622222],[0.271886,46.622187],[0.2719069,46.6221773],[0.2719415,46.6221679],[0.2719835,46.6221608],[0.2720514,46.6221664],[0.2721222,46.6221794],[0.2722633,46.6222358],[0.2723534,46.622239],[0.2725457,46.6222539],[0.2734138,46.6223082],[0.2734403,46.622313],[0.2734654,46.6223207],[0.2734868,46.6223325],[0.2735041,46.6223472],[0.2735166,46.6223629],[0.2735243,46.6223814],[0.2735266,46.6223999],[0.2735235,46.6224137],[0.2735235,46.6224139],[0.2735224,46.6224192],[0.273513,46.6224364],[0.2734988,46.6224524],[0.2734932,46.6224696],[0.2736409,46.6224588],[0.273657,46.622403],[0.273653,46.6223661],[0.2736259,46.6223123],[0.2735775,46.6222682],[0.2735343,46.6222447],[0.273439,46.622221],[0.2734317,46.6222188],[0.272499,46.6221832],[0.2723003,46.6221488],[0.2721944,46.622131],[0.2721175,46.6220923],[0.2720486,46.6220744],[0.2720147,46.6220706],[0.2719804,46.6220728],[0.2719478,46.622074],[0.271903,46.6220842],[0.2718684,46.6220935],[0.271838,46.6221051],[0.2718092,46.6221157],[0.2717534,46.6221634],[0.2717377,46.6221794],[0.271728,46.6222006],[0.2717197,46.6222188],[0.2717118,46.6222585],[0.2717135,46.62228],[0.2718439,46.6222831]]],[[[0.3107912,46.6173231],[0.310781,46.6172288],[0.3107693,46.6171314],[0.3107454,46.617045],[0.3107071,46.6169552],[0.3106429,46.6168401],[0.3105788,46.6167569],[0.3105267,46.6167006],[0.3104404,46.6166126],[0.3103521,46.616541],[0.310208,46.6164579],[0.310101,46.6164003],[0.3099768,46.6163584],[0.3098482,46.6163166],[0.309708,46.6162735],[0.3095757,46.6162509],[0.3093897,46.6162291],[0.3092533,46.6162259],[0.3090663,46.6162328],[0.3089321,46.616249],[0.3087812,46.6162701],[0.3086532,46.6163058],[0.3085315,46.6163399],[0.308419,46.6163924],[0.3082682,46.6164685],[0.3081731,46.6165357],[0.3080332,46.6166357],[0.3079676,46.6166996],[0.3078954,46.6167798],[0.3077972,46.6169103],[0.3077497,46.6169981],[0.3077191,46.6171334],[0.3076995,46.617227],[0.3077098,46.6173213],[0.3077272,46.6174525],[0.3077611,46.6175433],[0.3077998,46.6176331],[0.3078714,46.6177482],[0.3079352,46.6178315],[0.3080617,46.617946],[0.3081503,46.6180175],[0.308232,46.6180716],[0.308339,46.6181293],[0.3083754,46.6181455],[0.3084927,46.6182004],[0.3086166,46.6182421],[0.3087882,46.6182859],[0.3089204,46.6183086],[0.3090559,46.6183302],[0.3091922,46.6183334],[0.3093513,46.6183289],[0.3094764,46.6183226],[0.3096105,46.6183063],[0.309801,46.6182618],[0.3099291,46.6182259],[0.3100728,46.6181679],[0.3101852,46.6181154],[0.3103167,46.6180347],[0.3104122,46.6179674],[0.3105004,46.6178907],[0.3105726,46.6178107],[0.3106242,46.617727],[0.3107065,46.617594],[0.3107539,46.6175062],[0.3107735,46.6174127],[0.3107816,46.6173679],[0.3107912,46.6173231]],[[0.3101361,46.6173077],[0.3101184,46.6173973],[0.3100361,46.6175303],[0.3099845,46.6176139],[0.309896,46.6176905],[0.3097782,46.6177634],[0.3097766,46.6177644],[0.3095307,46.6178506],[0.3094303,46.6178738],[0.3093053,46.61788],[0.3091462,46.6178845],[0.3090107,46.617863],[0.3088395,46.617819],[0.3086858,46.617748],[0.3086037,46.6176939],[0.3084776,46.6175795],[0.308406,46.6174644],[0.308372,46.6173736],[0.3083546,46.6172424],[0.3083852,46.6171071],[0.3084835,46.6169766],[0.308549,46.6169126],[0.3086889,46.6168126],[0.3088398,46.6167364],[0.3089615,46.6167025],[0.3091123,46.6166816],[0.3092994,46.6166747],[0.3094854,46.6166965],[0.3096257,46.6167397],[0.3097542,46.6167814],[0.3098984,46.6168646],[0.3099846,46.6169525],[0.3100368,46.6170089],[0.3101005,46.6171239],[0.3101245,46.6172102],[0.3101361,46.6173077]]],[[[0.3300864,46.4999065],[0.3301706,46.4997542],[0.3302649,46.4995866],[0.3302766,46.4994673],[0.3303049,46.4991931],[0.3303393,46.4976431],[0.3304662,46.4967159],[0.330522,46.4955752],[0.3310201,46.4945861],[0.3312318,46.4944367],[0.3316949,46.49429],[0.3320963,46.4943476],[0.3322099,46.4940506],[0.3326806,46.4935966],[0.3334066,46.4933732],[0.3347038,46.4927278],[0.335128,46.4927049],[0.335671,46.4927718],[0.3359966,46.4929256],[0.3364401,46.4935391],[0.3359993,46.4929246],[0.3357777,46.4926158],[0.3355948,46.4924491],[0.3352028,46.4921751],[0.3351445,46.4921819],[0.3348754,46.4922115],[0.3346224,46.4922393],[0.332067,46.4933388],[0.3308482,46.4941099],[0.3301742,46.4951818],[0.3297294,46.4971912],[0.329529,46.4990993],[0.3294907,46.4998815],[0.3294071,46.5001104],[0.3290789,46.500251],[0.3284838,46.5002207],[0.3282422,46.5004706],[0.3277942,46.5007946],[0.3276264,46.5011678],[0.327623,46.5013885],[0.3284821,46.5022519],[0.3291517,46.5030865],[0.3293752,46.5034545],[0.3298006,46.5037742],[0.3312731,46.5051764],[0.3322273,46.5060032],[0.3324318,46.5064546],[0.3323907,46.506839],[0.3323966,46.5072614],[0.3324854,46.5076304],[0.3326775,46.5080571],[0.3329073,46.5082649],[0.3331265,46.508506],[0.3332966,46.5088147],[0.3333516,46.5089612],[0.3334155,46.5091354],[0.3334782,46.5093342],[0.3335269,46.5094917],[0.3339,46.5101302],[0.3334227,46.5101966],[0.3332153,46.5101704],[0.3331018,46.5100993],[0.3330309,46.5099789],[0.3329325,46.5098704],[0.3328986,46.5098358],[0.3328582,46.5099003],[0.3328764,46.5099845],[0.3329971,46.510151],[0.3330209,46.5101842],[0.3331253,46.5103462],[0.333301,46.5104433],[0.3334268,46.5104809],[0.3334753,46.510482],[0.3335523,46.5104838],[0.3338067,46.5104611],[0.334127,46.5105402],[0.3342928,46.5107526],[0.3343053,46.5108327],[0.3343268,46.5109691],[0.3344961,46.5111101],[0.3348218,46.5112864],[0.3353304,46.5114291],[0.3357781,46.5115049],[0.3361882,46.5115083],[0.3366648,46.5115378],[0.3371609,46.5115677],[0.3377701,46.5116473],[0.3382092,46.511723],[0.3384555,46.5117697],[0.3387768,46.5118047],[0.339157,46.5118667],[0.339395,46.511908],[0.3395225,46.5119672],[0.339717,46.5121046],[0.3401207,46.512393],[0.3402704,46.5125979],[0.3402574,46.5126784],[0.3401506,46.5127506],[0.3399466,46.5128307],[0.3402358,46.5130663],[0.3404707,46.5133468],[0.3406197,46.5135977],[0.3408774,46.5138693],[0.3408982,46.5137238],[0.3409801,46.5136173],[0.3410948,46.513579],[0.3411294,46.5135666],[0.3410911,46.5135012],[0.3409831,46.5132524],[0.3408065,46.5128119],[0.3407945,46.5125999],[0.3407926,46.5123658],[0.3408603,46.5121905],[0.3410071,46.5120376],[0.3411256,46.5119994],[0.3413065,46.5120005],[0.3414071,46.5120652],[0.3409529,46.5114791],[0.340573,46.5112495],[0.3400069,46.5110504],[0.3393152,46.5108083],[0.3385521,46.510306],[0.3379722,46.5099633],[0.3373315,46.5096877],[0.3368092,46.509465],[0.336548,46.5092974],[0.3361337,46.5089003],[0.3358293,46.5087357],[0.3347862,46.5085642],[0.334379,46.508477],[0.3341868,46.5083498],[0.3340413,46.5081155],[0.3340477,46.5079838],[0.3341694,46.5078242],[0.3344604,46.5076939],[0.3349509,46.5075335],[0.335409,46.5073091],[0.3358352,46.507039],[0.3362012,46.5066703],[0.3363267,46.5062807],[0.3364503,46.5059298],[0.3365763,46.5056589],[0.3365133,46.5054908],[0.3361259,46.5054224],[0.335525,46.505384],[0.3346039,46.5053276],[0.3337025,46.5050226],[0.3333728,46.5047131],[0.3331611,46.5044702],[0.332952,46.5041126],[0.3326563,46.5037479],[0.3323384,46.5035882],[0.331842,46.5034151],[0.3313008,46.5025876],[0.3311762,46.5023496],[0.3310894,46.502092],[0.3310663,46.5018686],[0.3311579,46.5017257],[0.3313344,46.5015978],[0.3316123,46.5014225],[0.3318725,46.5011832],[0.3319095,46.5010031],[0.3318109,46.5008434],[0.3313995,46.5006916],[0.3310202,46.5006041],[0.3304282,46.5005126],[0.3301433,46.5004077],[0.330029,46.5002631],[0.3300124,46.5000264],[0.3300864,46.4999065]]],[[[0.3721505,46.5974975],[0.3721479,46.5974534],[0.3721413,46.5973806],[0.3720739,46.5972084],[0.3720379,46.5971586],[0.3720294,46.597148],[0.3720056,46.59712],[0.3719546,46.5970646],[0.3717872,46.5969412],[0.3717149,46.5969048],[0.3716758,46.5968865],[0.3715941,46.596857],[0.3715033,46.5968294],[0.3713359,46.596796],[0.3712473,46.5967867],[0.3711719,46.5967819],[0.371071,46.5967848],[0.3709848,46.596792],[0.3708564,46.5968114],[0.3707632,46.5968328],[0.3706625,46.5968632],[0.3706005,46.5968895],[0.3705307,46.5969225],[0.3703927,46.5970104],[0.370331,46.5970632],[0.3702845,46.597108],[0.3702592,46.5971361],[0.3702132,46.5971963],[0.3701417,46.5973603],[0.3701329,46.5974205],[0.3701299,46.5974511],[0.3701321,46.5974951],[0.3701391,46.5975678],[0.3702036,46.597736],[0.3702395,46.5977867],[0.370251,46.5978013],[0.3702636,46.597817],[0.3702969,46.5978566],[0.3704384,46.5979723],[0.3705276,46.5980245],[0.3706046,46.598063],[0.3706758,46.5980892],[0.3707619,46.5981167],[0.3709413,46.5981535],[0.3710311,46.5981628],[0.3711049,46.5981676],[0.371172,46.598167],[0.371273,46.5981622],[0.3714821,46.5981271],[0.3715637,46.5981034],[0.3716178,46.5980863],[0.3716814,46.5980601],[0.3717573,46.5980241],[0.3719027,46.5979281],[0.3719584,46.5978783],[0.3719959,46.5978413],[0.3720259,46.5978044],[0.3720608,46.597756],[0.3721183,46.5976377],[0.3721382,46.5975647],[0.3721505,46.5974975]],[[0.3714961,46.5974722],[0.3714761,46.5975454],[0.3714413,46.5975937],[0.3713855,46.5976435],[0.3713097,46.5976796],[0.3712285,46.5977032],[0.3711271,46.5977081],[0.3710374,46.5976988],[0.3709513,46.5976713],[0.3708617,46.5976192],[0.3708279,46.5975796],[0.3707919,46.5975287],[0.3707853,46.5974559],[0.370794,46.5973958],[0.3708397,46.5973355],[0.3709018,46.5972827],[0.3709717,46.5972496],[0.3710645,46.5972282],[0.3711507,46.597221],[0.3712392,46.5972303],[0.37133,46.5972578],[0.3714024,46.5972942],[0.371453,46.5973496],[0.3714891,46.5973994],[0.3714961,46.5974722]]],[[[0.3428507,46.6382928],[0.3432492,46.6382478],[0.343821,46.6382068],[0.3443275,46.63796],[0.3447869,46.6376077],[0.3450019,46.6371507],[0.3454643,46.6367147],[0.3463967,46.6363028],[0.3467375,46.6360173],[0.345401,46.6348446],[0.3452833,46.6347948],[0.3452485,46.6348083],[0.3452155,46.6348167],[0.3451752,46.6348241],[0.3449281,46.6348378],[0.3448698,46.6348414],[0.3443014,46.6349039],[0.3439213,46.6349974],[0.3437222,46.6350654],[0.3434438,46.6351724],[0.3432227,46.6352664],[0.3430041,46.6353634],[0.3428864,46.6354354],[0.3428185,46.6354594],[0.342761,46.6354806],[0.3426478,46.6355238],[0.3425468,46.6355513],[0.3427354,46.6360677],[0.3427752,46.6375571],[0.3428507,46.6382928]]],[[[0.2804434,46.6246557],[0.2804431,46.6246537],[0.2804432,46.6246518],[0.2804429,46.6246501],[0.2804422,46.6246482],[0.2804415,46.6246462],[0.2804408,46.6246444],[0.2804397,46.6246427],[0.2804386,46.624641],[0.2804371,46.6246392],[0.2804356,46.6246377],[0.2804341,46.6246362],[0.2804323,46.6246347],[0.2804308,46.6246332],[0.2804285,46.624632],[0.2804266,46.6246308],[0.2804243,46.6246296],[0.280422,46.6246286],[0.2804197,46.6246276],[0.280417,46.6246267],[0.2804146,46.624626],[0.2804119,46.6246254],[0.2804092,46.6246249],[0.2804065,46.6246246],[0.2804037,46.6246243],[0.280401,46.6246242],[0.2803983,46.6246241],[0.2803955,46.6246242],[0.2803928,46.6246244],[0.28039,46.6246248],[0.2803876,46.6246251],[0.2803848,46.6246257],[0.2803821,46.6246263],[0.2803797,46.624627],[0.2803773,46.6246279],[0.2803749,46.6246289],[0.2803725,46.6246299],[0.2803704,46.6246311],[0.2803684,46.6246324],[0.2803664,46.6246337],[0.2803647,46.6246352],[0.2803631,46.6246368],[0.2803615,46.6246382],[0.2803602,46.62464],[0.2803589,46.6246417],[0.2803577,46.6246434],[0.2803568,46.6246451],[0.2803559,46.624647],[0.2803554,46.6246487],[0.280355,46.6246506],[0.2803549,46.6246525],[0.2803548,46.6246546],[0.2803547,46.6246564],[0.280355,46.6246583],[0.2803553,46.6246601],[0.280356,46.6246621],[0.2803566,46.6246638],[0.2803577,46.6246656],[0.2803588,46.6246674],[0.2803599,46.6246691],[0.2803614,46.6246707],[0.2803629,46.6246723],[0.2803644,46.6246739],[0.2803663,46.6246753],[0.2803682,46.6246767],[0.2803701,46.6246779],[0.2803724,46.624679],[0.2803747,46.6246802],[0.280377,46.6246811],[0.2803793,46.624682],[0.280382,46.6246828],[0.2803847,46.6246836],[0.280387,46.624684],[0.2803897,46.6246844],[0.2803925,46.6246848],[0.2803952,46.624685],[0.280398,46.624685],[0.2804007,46.6246851],[0.2804035,46.6246849],[0.2804062,46.6246847],[0.280409,46.6246844],[0.2804117,46.6246838],[0.2804141,46.6246833],[0.2804169,46.6246825],[0.2804193,46.6246817],[0.2804217,46.6246807],[0.2804241,46.6246797],[0.2804261,46.6246785],[0.2804285,46.6246774],[0.2804302,46.6246761],[0.2804322,46.6246746],[0.2804339,46.6246732],[0.2804355,46.6246717],[0.2804372,46.62467],[0.2804384,46.6246684],[0.2804397,46.6246667],[0.2804405,46.624665],[0.2804414,46.6246631],[0.2804423,46.6246612],[0.2804428,46.6246594],[0.2804429,46.6246575],[0.2804434,46.6246557]]],[[[0.280251,46.6245565],[0.2802507,46.6245543],[0.2802508,46.6245523],[0.2802501,46.6245503],[0.2802498,46.6245483],[0.2802491,46.6245463],[0.2802481,46.6245444],[0.280247,46.6245424],[0.2802459,46.6245405],[0.2802444,46.6245387],[0.2802426,46.6245368],[0.2802411,46.6245353],[0.2802392,46.6245336],[0.2802369,46.6245321],[0.280235,46.6245306],[0.2802327,46.6245294],[0.28023,46.6245281],[0.2802278,46.6245269],[0.2802251,46.6245259],[0.2802224,46.624525],[0.2802196,46.6245243],[0.2802169,46.6245236],[0.2802138,46.6245231],[0.2802111,46.6245226],[0.280208,46.6245223],[0.2802048,46.6245222],[0.2802021,46.6245222],[0.280199,46.6245222],[0.2801962,46.6245224],[0.280193,46.6245228],[0.2801903,46.6245232],[0.2801871,46.6245238],[0.2801843,46.6245246],[0.2801815,46.6245255],[0.2801791,46.6245263],[0.2801763,46.6245273],[0.2801739,46.6245285],[0.2801715,46.6245298],[0.2801695,46.6245312],[0.2801674,46.6245327],[0.2801654,46.6245342],[0.2801634,46.6245359],[0.2801617,46.6245375],[0.2801604,46.6245394],[0.2801588,46.6245412],[0.2801579,46.6245431],[0.2801566,46.6245452],[0.2801557,46.624547],[0.2801552,46.624549],[0.2801547,46.6245511],[0.2801546,46.6245531],[0.2801545,46.6245552],[0.2801544,46.6245572],[0.2801547,46.6245594],[0.280155,46.6245614],[0.2801557,46.6245633],[0.2801568,46.6245654],[0.2801575,46.6245673],[0.2801589,46.6245693],[0.28016,46.6245712],[0.2801615,46.6245729],[0.2801634,46.6245746],[0.2801653,46.6245763],[0.2801671,46.6245778],[0.280169,46.6245793],[0.2801713,46.6245807],[0.2801736,46.624582],[0.2801763,46.6245832],[0.2801786,46.6245842],[0.2801813,46.6245852],[0.280184,46.6245861],[0.2801871,46.6245868],[0.2801898,46.6245874],[0.2801929,46.6245878],[0.2801957,46.6245882],[0.2801988,46.6245884],[0.2802015,46.6245885],[0.2802047,46.6245886],[0.2802078,46.6245884],[0.2802106,46.6245881],[0.2802137,46.6245877],[0.2802165,46.6245871],[0.2802193,46.6245865],[0.2802221,46.6245857],[0.2802249,46.6245848],[0.2802273,46.6245838],[0.2802301,46.6245827],[0.2802325,46.6245816],[0.2802345,46.6245801],[0.2802369,46.6245788],[0.280239,46.6245772],[0.2802406,46.6245756],[0.2802427,46.624574],[0.2802443,46.6245722],[0.2802456,46.6245703],[0.2802469,46.6245685],[0.2802481,46.6245666],[0.280249,46.6245646],[0.2802495,46.6245626],[0.2802504,46.6245606],[0.2802505,46.6245586],[0.280251,46.6245565]]],[[[0.2807657,46.6248459],[0.2807655,46.624844],[0.2807655,46.6248423],[0.2807652,46.6248405],[0.2807645,46.6248388],[0.2807638,46.624837],[0.2807631,46.6248352],[0.2807624,46.6248336],[0.2807613,46.624832],[0.2807599,46.6248304],[0.2807588,46.6248289],[0.2807573,46.6248274],[0.2807558,46.624826],[0.2807539,46.6248248],[0.280752,46.6248235],[0.2807501,46.6248223],[0.2807482,46.6248212],[0.2807459,46.6248202],[0.2807435,46.6248194],[0.2807412,46.6248185],[0.2807389,46.6248179],[0.2807366,46.6248173],[0.2807343,46.6248168],[0.2807315,46.6248165],[0.2807292,46.6248162],[0.2807264,46.6248161],[0.2807241,46.624816],[0.2807213,46.6248161],[0.280719,46.6248164],[0.2807162,46.6248165],[0.2807138,46.624817],[0.2807115,46.6248174],[0.2807091,46.6248181],[0.2807067,46.6248189],[0.2807043,46.6248196],[0.2807023,46.6248207],[0.2806999,46.6248217],[0.2806979,46.6248227],[0.2806962,46.6248238],[0.2806942,46.6248252],[0.2806926,46.6248265],[0.2806909,46.624828],[0.2806897,46.6248295],[0.2806884,46.624831],[0.2806872,46.6248326],[0.2806863,46.6248343],[0.2806854,46.6248359],[0.2806846,46.6248377],[0.2806841,46.6248394],[0.2806836,46.6248413],[0.2806835,46.6248431],[0.2806834,46.6248448],[0.2806833,46.6248465],[0.2806836,46.6248484],[0.2806839,46.6248502],[0.2806846,46.624852],[0.2806853,46.6248536],[0.280686,46.6248554],[0.2806871,46.6248571],[0.2806882,46.6248586],[0.2806893,46.6248602],[0.2806908,46.6248617],[0.2806923,46.6248631],[0.2806942,46.6248645],[0.2806957,46.6248658],[0.2806976,46.6248669],[0.2806999,46.6248681],[0.2807018,46.6248691],[0.2807041,46.6248701],[0.2807064,46.6248709],[0.2807088,46.6248716],[0.2807111,46.6248722],[0.2807134,46.6248728],[0.2807161,46.6248731],[0.2807185,46.6248735],[0.2807212,46.6248736],[0.2807236,46.6248737],[0.2807263,46.6248737],[0.2807287,46.6248736],[0.2807314,46.6248734],[0.2807338,46.624873],[0.2807362,46.6248725],[0.2807385,46.6248721],[0.2807409,46.6248713],[0.2807433,46.6248705],[0.2807457,46.6248697],[0.2807477,46.6248686],[0.2807498,46.6248675],[0.2807518,46.6248664],[0.2807538,46.6248653],[0.2807554,46.6248639],[0.2807571,46.6248625],[0.2807583,46.624861],[0.28076,46.6248596],[0.2807612,46.624858],[0.2807621,46.6248564],[0.280763,46.6248547],[0.2807638,46.6248529],[0.2807647,46.6248512],[0.2807652,46.6248494],[0.2807653,46.6248476],[0.2807657,46.6248459]]],[[[0.3291752,46.5732126],[0.3292675,46.5730552],[0.3293776,46.5728656],[0.3294194,46.5727951],[0.3289503,46.5726595],[0.3285048,46.5725857],[0.3284771,46.5725739],[0.3284484,46.5725608],[0.3278588,46.5722763],[0.3274874,46.5721449],[0.3271885,46.5720387],[0.3271419,46.5720203],[0.3270753,46.5719881],[0.3268374,46.5718537],[0.3268202,46.5718441],[0.326695,46.5717685],[0.3263295,46.5716937],[0.3263252,46.5716925],[0.3258691,46.571594],[0.3257171,46.5715464],[0.3256303,46.5715015],[0.3252448,46.5712676],[0.3252346,46.5712581],[0.3252118,46.5712453],[0.3238721,46.5703062],[0.3236887,46.5701773],[0.3236528,46.5701508],[0.3233052,46.5698636],[0.3221127,46.5691284],[0.3217606,46.5689657],[0.3216195,46.5688777],[0.3215043,46.5687809],[0.3214088,46.5686999],[0.320855,46.5683017],[0.319856,46.5676097],[0.3197425,46.5675038],[0.3197216,46.5674746],[0.3194616,46.5670718],[0.3191835,46.5666401],[0.3191806,46.566635],[0.318664,46.5658092],[0.3186187,46.5657029],[0.3185678,46.5654788],[0.3185619,46.565448],[0.318538,46.5652716],[0.3185363,46.5652429],[0.3185289,46.5650587],[0.318426,46.5649194],[0.3183866,46.564854],[0.3181298,46.5643153],[0.3181004,46.5642186],[0.318093,46.5641633],[0.3180189,46.5636218],[0.3180159,46.5635644],[0.3180753,46.5629863],[0.3181273,46.5628382],[0.3185919,46.5621008],[0.3187255,46.5617912],[0.3190638,46.5609998],[0.3190965,46.5609412],[0.319468,46.5603754],[0.3195094,46.5603232],[0.3195308,46.5603012],[0.3198082,46.5600327],[0.3200853,46.5595454],[0.3201094,46.5595082],[0.3203322,46.5592016],[0.3203618,46.5591656],[0.3204331,46.5591018],[0.3209461,46.558711],[0.3209906,46.5586813],[0.3219108,46.5581039],[0.3222148,46.5579229],[0.3222691,46.5578711],[0.3223883,46.5577736],[0.3224661,46.5577203],[0.3227896,46.5575317],[0.3229036,46.557478],[0.3232071,46.5574248],[0.3234575,46.5574234],[0.3234842,46.557424],[0.3236094,46.5574352],[0.3239095,46.5574831],[0.3240018,46.5575026],[0.3242431,46.5575686],[0.3242748,46.5575612],[0.3243433,46.5575537],[0.32465,46.5574606],[0.3248662,46.5573737],[0.3248858,46.5573659],[0.325216,46.5573133],[0.3252218,46.5573135],[0.325574,46.5573238],[0.325837,46.5573698],[0.3259013,46.5573916],[0.3259864,46.5574059],[0.3260579,46.5574036],[0.3262089,46.5573999],[0.3262968,46.5573888],[0.3263193,46.5573862],[0.3263729,46.5573803],[0.3264397,46.5573756],[0.3266498,46.5573571],[0.3268304,46.5573265],[0.3268723,46.5573183],[0.3270193,46.5572543],[0.3270584,46.5572388],[0.3272432,46.5571941],[0.3274519,46.5571662],[0.3275976,46.5571584],[0.3277244,46.5571695],[0.3279612,46.5572077],[0.3281586,46.5572645],[0.3281904,46.5572796],[0.3282911,46.5573668],[0.3283976,46.5569778],[0.3283301,46.5568759],[0.3282127,46.5567925],[0.32811,46.5567697],[0.3278733,46.5567315],[0.327807,46.5567237],[0.3276802,46.5567127],[0.3276197,46.5567091],[0.3275467,46.5567105],[0.3274014,46.5567182],[0.3273286,46.5567248],[0.3271195,46.5567527],[0.3270254,46.5567699],[0.326841,46.5568147],[0.3267507,46.5568421],[0.3267356,46.5568479],[0.326696,46.5568635],[0.3266704,46.5568741],[0.3266084,46.5569013],[0.3265293,46.5569147],[0.3263656,46.5569293],[0.326309,46.556933],[0.3262705,46.5569362],[0.3262165,46.5569421],[0.3262031,46.5569439],[0.3261377,46.5569515],[0.3260753,46.5569531],[0.3259979,46.5569339],[0.3257349,46.5568879],[0.3256019,46.5568747],[0.3252498,46.5568644],[0.3252439,46.5568642],[0.325238,46.5568641],[0.3250686,46.5568755],[0.3247385,46.556928],[0.3245777,46.5569692],[0.3245626,46.5569751],[0.324543,46.5569827],[0.324537,46.5569857],[0.3243527,46.5570591],[0.3242565,46.5570885],[0.3242433,46.5570852],[0.3241934,46.5570727],[0.3241011,46.5570532],[0.3240568,46.5570451],[0.3237571,46.556997],[0.323692,46.5569895],[0.3235668,46.5569783],[0.3235062,46.5569748],[0.3234796,46.5569742],[0.323453,46.5569735],[0.3232026,46.5569749],[0.3230459,46.5569887],[0.3227428,46.5570418],[0.3225955,46.5570814],[0.3225351,46.5571064],[0.3224212,46.55716],[0.3223681,46.5571884],[0.3220445,46.5573772],[0.3220062,46.5574009],[0.3219283,46.5574541],[0.321888,46.5574839],[0.3217692,46.5575813],[0.3217398,46.5576072],[0.3217291,46.5576172],[0.3214832,46.5577638],[0.3214707,46.5577715],[0.3205505,46.5583491],[0.3205367,46.558358],[0.3204922,46.5583877],[0.3204613,46.5584093],[0.3199488,46.5588001],[0.3199149,46.558827],[0.3198436,46.5588907],[0.3198077,46.5589277],[0.3197948,46.5589427],[0.3197652,46.5589788],[0.3197477,46.5589998],[0.3195254,46.5593064],[0.3195123,46.5593255],[0.3194885,46.5593629],[0.319477,46.559381],[0.3192286,46.5598177],[0.3189986,46.5600403],[0.3189908,46.5600473],[0.318969,46.5600692],[0.3189549,46.5600853],[0.3189346,46.5601082],[0.3188932,46.5601606],[0.3188725,46.5601897],[0.318501,46.5607554],[0.3184865,46.5607807],[0.3184572,46.5608342],[0.3184538,46.5608392],[0.3184357,46.5608725],[0.3184224,46.560905],[0.3180989,46.5616641],[0.3179753,46.5619463],[0.3178002,46.5622233],[0.3175284,46.5626586],[0.3174923,46.5627304],[0.3174388,46.5628782],[0.3174217,46.5629547],[0.3173646,46.5635164],[0.3173642,46.5635247],[0.3173634,46.563541],[0.3173633,46.5635431],[0.317363,46.5635491],[0.3173632,46.5635778],[0.3173646,46.5636361],[0.3173675,46.5636648],[0.3174415,46.5642063],[0.3174494,46.5642606],[0.3174603,46.56431],[0.3174896,46.5644078],[0.317508,46.5644552],[0.3177644,46.5649937],[0.3177819,46.5650279],[0.3178218,46.5650932],[0.3178441,46.5651254],[0.3178787,46.5651723],[0.317882,46.5652562],[0.3178829,46.5652695],[0.3178858,46.5652972],[0.3178867,46.5653115],[0.3179105,46.5654879],[0.3179129,46.5655043],[0.3179187,46.5655362],[0.3179223,46.5655515],[0.3179737,46.5657736],[0.3179917,46.5658282],[0.3180367,46.5659345],[0.3180639,46.5659862],[0.3185804,46.5668132],[0.3185819,46.5668152],[0.3185844,46.5668204],[0.3185859,46.5668224],[0.318864,46.5672542],[0.3191244,46.5676569],[0.3191338,46.5676725],[0.3191547,46.5677016],[0.3191646,46.5677151],[0.3192167,46.5677715],[0.3193314,46.5678774],[0.3193929,46.567927],[0.3203873,46.5686147],[0.3209171,46.5689981],[0.3209981,46.5690654],[0.3211136,46.5691622],[0.3211806,46.5692108],[0.3213217,46.569299],[0.3213969,46.5693395],[0.32171,46.5694839],[0.3228332,46.5701767],[0.3231511,46.5704386],[0.3231696,46.5704533],[0.3232051,46.5704798],[0.3232225,46.5704924],[0.3234059,46.5706215],[0.3247456,46.5715605],[0.3247916,46.5715892],[0.3248116,46.571604],[0.3251975,46.5718389],[0.3252391,46.5718623],[0.3253274,46.5719074],[0.3253711,46.5719278],[0.325445,46.5719552],[0.325597,46.5720036],[0.3256744,46.5720238],[0.3261305,46.5721213],[0.3261336,46.5721224],[0.3261394,46.5721237],[0.326141,46.5721237],[0.3263715,46.572171],[0.3263916,46.5721836],[0.3264,46.5721889],[0.3264175,46.5721985],[0.3264248,46.5722029],[0.3266639,46.5723373],[0.3266972,46.5723544],[0.3267626,46.5723866],[0.326796,46.5724017],[0.3268206,46.5724115],[0.3268671,46.5724299],[0.3268902,46.5724387],[0.3275196,46.5726619],[0.3280728,46.5729293],[0.3280874,46.5729359],[0.3281166,46.5729487],[0.3281308,46.5729552],[0.3281453,46.5729616],[0.3281746,46.5729726],[0.3283512,46.5730227],[0.3287454,46.5730881],[0.3291752,46.5732126]]]]}},{"type":"Feature","properties":{"id_map":86000001,"id_zone":"RNAT000001","id_gaspar":"86DDT20130001","nom":"ZONE BLEUE - B1 : Zone constructible sous condition - Prescriptions strictes","codezone":"B1","typereg":"02","soumisalea":"oui","nomfic":"86DDT20130001_reglement.pdf","urlfic":null,"srce_geom":"Plan cadastral informatisé assemblé au 1 :5000","srce_annee":"2013","precison":"NE"},"geometry":{"type":"MultiPolygon","coordinates":[[[[0.3239704,46.5765339],[0.3240955,46.5765573],[0.3243449,46.5766347],[0.324464,46.5766599],[0.3246374,46.5767202],[0.3246462,46.5767235],[0.3249,46.5764412],[0.3247508,46.5763978],[0.324642,46.5763554],[0.3245633,46.5763292],[0.324499,46.576305],[0.3244288,46.5762902],[0.3242146,46.5762381],[0.3241666,46.5762257],[0.3239704,46.5765339]]],[[[0.3131308,46.5438329],[0.3131074,46.5437118],[0.3130214,46.543534],[0.3129699,46.5434347],[0.3129473,46.5434076],[0.3126943,46.5431379],[0.312653,46.5431001],[0.3125419,46.5430096],[0.3124194,46.5429371],[0.3123671,46.5429175],[0.3121046,46.5428316],[0.3118793,46.5427773],[0.3117404,46.542774],[0.3114698,46.542787],[0.3113059,46.5428383],[0.3112772,46.542848],[0.311178,46.5428743],[0.3110661,46.5429268],[0.3109845,46.5429853],[0.3108497,46.5429217],[0.3107843,46.5428978],[0.3106138,46.5428457],[0.3104994,46.5428214],[0.3103492,46.5428016],[0.3103137,46.5427977],[0.3101752,46.5427873],[0.3101322,46.5427843],[0.3100508,46.5427824],[0.3098336,46.5428037],[0.309662,46.542859],[0.3094602,46.54298],[0.3093739,46.5430526],[0.3092938,46.5432307],[0.3093148,46.5433445],[0.3093469,46.5434169],[0.3093792,46.5435169],[0.3094769,46.5436317],[0.3096584,46.5437401],[0.3096916,46.5437593],[0.3098181,46.5438379],[0.3100333,46.5439473],[0.3101573,46.543989],[0.3103352,46.5440442],[0.3104034,46.5440429],[0.310541,46.5440491],[0.3107882,46.5440253],[0.3108897,46.5440093],[0.3110848,46.544254],[0.3110933,46.5442646],[0.3111496,46.5443231],[0.3113931,46.5445241],[0.3115209,46.5446018],[0.3117158,46.5446523],[0.3118997,46.5446719],[0.3119649,46.5446766],[0.3121001,46.5446675],[0.3123866,46.5446262],[0.3125697,46.5445508],[0.3126805,46.5444961],[0.3128731,46.5443718],[0.3129598,46.5442992],[0.3130026,46.54424],[0.3130919,46.5440815],[0.3131308,46.5438329]]],[[[0.3191842,46.5564228],[0.3191785,46.5563563],[0.3191196,46.5561035],[0.3190645,46.5559887],[0.3190225,46.5559428],[0.3187999,46.5557371],[0.3187512,46.5556992],[0.3184941,46.5555091],[0.3184003,46.5554569],[0.3183171,46.5554283],[0.3181915,46.5553937],[0.3180149,46.5553681],[0.3178286,46.5553637],[0.3176116,46.55537],[0.3173148,46.5554683],[0.3171357,46.5555008],[0.3171283,46.5555017],[0.3169756,46.5555309],[0.316793,46.5555951],[0.3167521,46.5556126],[0.3165854,46.5556884],[0.3164538,46.5557742],[0.3163701,46.5558519],[0.3163011,46.5559239],[0.3162346,46.5561053],[0.3162424,46.5561842],[0.3162713,46.5562892],[0.3162991,46.5563542],[0.3164267,46.5565944],[0.3164515,46.5566317],[0.3165308,46.5567082],[0.3167999,46.5569006],[0.3169052,46.5569602],[0.3169282,46.556969],[0.3173314,46.5571196],[0.3174159,46.5571461],[0.3176797,46.5572085],[0.3178316,46.5572274],[0.3181033,46.5572154],[0.3184029,46.5571794],[0.3185752,46.5571405],[0.3187368,46.5570502],[0.3188491,46.5569977],[0.3190009,46.5568898],[0.3190521,46.5568143],[0.3191674,46.5565492],[0.3191842,46.5564228]]],[[[0.3798304,46.6905022],[0.3799544,46.6904559],[0.3800028,46.6904049],[0.3800171,46.6903848],[0.3800534,46.6903079],[0.3800639,46.6902795],[0.3800495,46.6902353],[0.3799678,46.6901783],[0.3798989,46.6901246],[0.3797063,46.690022],[0.3794484,46.6899783],[0.3792328,46.6900746],[0.3790452,46.690146],[0.378685,46.6902849],[0.3783513,46.6904919],[0.3783704,46.6905525],[0.3784473,46.6905953],[0.3785174,46.6906163],[0.3786685,46.6906258],[0.3787499,46.6905991],[0.3791024,46.6905316],[0.379318,46.6904987],[0.3795615,46.6904991],[0.3798304,46.6905022]]],[[[0.4022403,46.6803212],[0.4040688,46.6804666],[0.404733,46.6806451],[0.4044133,46.6803987],[0.4041356,46.6803097],[0.4038974,46.6802255],[0.4036293,46.6801807],[0.403106,46.6798161],[0.4028178,46.6792903],[0.4030265,46.6790887],[0.4033197,46.6789195],[0.4037917,46.6788617],[0.4042898,46.6788821],[0.4049168,46.6788768],[0.4051889,46.6788443],[0.4054125,46.6787357],[0.4055709,46.678493],[0.4063267,46.6781247],[0.4063621,46.678099],[0.4066032,46.6778355],[0.4068956,46.6777165],[0.4069198,46.6777038],[0.4073524,46.6774181],[0.4073724,46.6774012],[0.4073926,46.6773566],[0.4073767,46.6773112],[0.4073308,46.6772776],[0.4072929,46.6772665],[0.4066813,46.6771638],[0.4066547,46.6771612],[0.406589,46.6771718],[0.4065798,46.6771758],[0.4060807,46.6773975],[0.4060405,46.6774252],[0.4060207,46.6774697],[0.4060281,46.6775036],[0.4060855,46.6776103],[0.405457,46.6778598],[0.4051046,46.6774041],[0.405103,46.677404],[0.4050571,46.6773703],[0.4049926,46.6773565],[0.4049433,46.6773617],[0.40459,46.6774497],[0.4045736,46.6774555],[0.4045246,46.677487],[0.4045044,46.6775316],[0.4045203,46.677577],[0.4045213,46.67758],[0.4046087,46.6776831],[0.4039019,46.6778624],[0.4031968,46.6778923],[0.4031667,46.6778969],[0.4023668,46.6780709],[0.4023549,46.6780737],[0.401564,46.6783042],[0.4015536,46.678308],[0.401546,46.678311],[0.4008458,46.6786068],[0.400804,46.6786354],[0.4007842,46.67868],[0.4007997,46.6787254],[0.4008011,46.6787285],[0.4017694,46.6798788],[0.4020107,46.6801797],[0.4020405,46.680205],[0.4022341,46.6803207],[0.4021513,46.6803424],[0.4019714,46.6803434],[0.4016866,46.6803043],[0.4014366,46.6802536],[0.401211,46.6802485],[0.4009537,46.6803244],[0.4006778,46.6803785],[0.4004513,46.6803938],[0.4003095,46.6804111],[0.4001538,46.6804628],[0.3999598,46.6804808],[0.3997053,46.6805212],[0.3994047,46.6805418],[0.3988249,46.6806759],[0.3984475,46.6807675],[0.3981563,46.6808621],[0.3980236,46.6808774],[0.3977958,46.6808866],[0.3977386,46.6808761],[0.3977027,46.6808784],[0.397538,46.6809063],[0.3975078,46.6809147],[0.3974942,46.6809197],[0.3968986,46.6812026],[0.396871,46.6812215],[0.3964709,46.6815721],[0.3964631,46.6815801],[0.3963438,46.6817103],[0.3960153,46.6818439],[0.3959707,46.6818736],[0.3959515,46.6819068],[0.3959081,46.682098],[0.3959076,46.6821092],[0.3959146,46.6821421],[0.396064,46.6824338],[0.3960654,46.6824379],[0.3962003,46.6826627],[0.3962184,46.6827521],[0.396184,46.682783],[0.3945445,46.6833366],[0.3945401,46.6833385],[0.3944973,46.6833642],[0.39322,46.6845362],[0.3932139,46.6845421],[0.3931937,46.6845867],[0.3932096,46.684632],[0.3932378,46.6846572],[0.3943039,46.6852263],[0.3944487,46.685301],[0.3948633,46.6850509],[0.3953008,46.6851252],[0.3959003,46.6848005],[0.3965063,46.685079],[0.3969597,46.6852559],[0.3971719,46.6852944],[0.3972673,46.6853762],[0.3979659,46.685706],[0.3979763,46.6857103],[0.3980408,46.6857241],[0.3981069,46.6857132],[0.398142,46.6856956],[0.3988348,46.6852095],[0.3992666,46.6849443],[0.399493,46.6846786],[0.3999083,46.6843537],[0.4001112,46.6842755],[0.4008383,46.6839761],[0.4016934,46.6833321],[0.401709,46.6833172],[0.4016204,46.683216],[0.4016045,46.6831707],[0.4015804,46.6831486],[0.4015471,46.6830979],[0.4014398,46.6829851],[0.4013908,46.6828928],[0.4013722,46.6828465],[0.40159,46.6827594],[0.4017657,46.6827245],[0.4018224,46.6827136],[0.401859,46.6826949],[0.4019691,46.6826596],[0.4019388,46.6823973],[0.4018392,46.6819014],[0.4014645,46.6816884],[0.4013397,46.681384],[0.4014909,46.6809479],[0.4013679,46.6807949],[0.4020825,46.6806659],[0.4022797,46.6805743],[0.4022964,46.6803805],[0.4022403,46.6803212]],[[0.4040174,46.6779053],[0.404016,46.677903],[0.4044139,46.6777909],[0.4045143,46.6779626],[0.4041218,46.6780671],[0.4040174,46.6779053]]],[[[0.3730449,46.6866262],[0.3730305,46.6864951],[0.3729679,46.6863996],[0.3728758,46.6863146],[0.3727374,46.6862297],[0.372566,46.6861747],[0.3724123,46.686162],[0.3722573,46.6861676],[0.3720814,46.6862147],[0.371929,46.6862961],[0.3718345,46.6863736],[0.3717753,46.6864612],[0.3717346,46.6865962],[0.3717493,46.6866906],[0.3717792,46.6867781],[0.3718128,46.6868229],[0.3718874,46.6869054],[0.3720438,46.6869928],[0.3722078,46.6870435],[0.3723688,46.6870605],[0.3725236,46.6870508],[0.3726997,46.6870078],[0.3728685,46.6869207],[0.3729462,46.6868488],[0.3730132,46.6867554],[0.3730449,46.6866262]]],[[[0.3445151,46.593643],[0.3445197,46.5935807],[0.3444632,46.5935825],[0.3443344,46.5936102],[0.3442593,46.5935982],[0.3441796,46.5935616],[0.3441664,46.59359],[0.3441809,46.5936547],[0.3442349,46.5937622],[0.3442992,46.5938414],[0.3445002,46.593796],[0.3444982,46.5937162],[0.3445151,46.593643]]],[[[0.3366711,46.6588645],[0.3367432,46.6589304],[0.3368906,46.6590146],[0.3370589,46.6590657],[0.3372154,46.6590825],[0.3373675,46.6590728],[0.3375462,46.6590299],[0.3377076,46.6589487],[0.337793,46.6588711],[0.33786,46.6587785],[0.3378915,46.6586485],[0.337873,46.6585141],[0.3378151,46.6584219],[0.3377301,46.6583361],[0.3375843,46.6582518],[0.3374235,46.658201],[0.3372595,46.6581841],[0.3370942,46.6581914],[0.3369287,46.6582366],[0.3367938,46.6582979],[0.3367168,46.6583554],[0.3367986,46.6584401],[0.3368002,46.6584412],[0.3371381,46.6588108],[0.3371676,46.6588494],[0.3366711,46.6588645]]],[[[0.3032161,46.5440484],[0.3032903,46.5441085],[0.3032933,46.5441105],[0.3033118,46.5441253],[0.3033845,46.5441832],[0.3033872,46.5441844],[0.3037824,46.5443113],[0.303784,46.5443123],[0.3040142,46.5443862],[0.3040262,46.5443886],[0.3049043,46.5443683],[0.3048923,46.5443404],[0.3048909,46.5443384],[0.304888,46.5443322],[0.3048842,46.5443229],[0.3048788,46.5443136],[0.3048734,46.5443043],[0.3048093,46.544221],[0.3048063,46.5442188],[0.3048023,46.5442126],[0.3047938,46.5442032],[0.3047897,46.5441991],[0.304784,46.5441938],[0.3047769,46.5441875],[0.3047739,46.5441844],[0.3047653,46.544177],[0.3046772,46.5441055],[0.3046741,46.5441032],[0.3046643,46.5440958],[0.3046602,46.5440928],[0.3046514,46.5440874],[0.3046484,46.5440853],[0.3046385,46.5440789],[0.3046328,46.5440758],[0.3046256,46.5440714],[0.3046153,46.5440661],[0.3046126,46.5440641],[0.3046008,46.5440576],[0.3045997,46.5440566],[0.3045852,46.544048],[0.3045836,46.544048],[0.3044768,46.5439903],[0.3044684,46.543986],[0.3044622,46.5439838],[0.304455,46.5439795],[0.304442,46.5439741],[0.3044378,46.5439719],[0.304429,46.5439677],[0.3044174,46.5439634],[0.3044147,46.5439623],[0.3044028,46.5439579],[0.3043913,46.5439534],[0.3043782,46.5439491],[0.3043651,46.5439447],[0.304362,46.5439436],[0.3042383,46.5439018],[0.3042283,46.5438985],[0.3042147,46.5438952],[0.3042047,46.5438919],[0.3041989,46.5438907],[0.30419,46.5438884],[0.3041769,46.543885],[0.3041637,46.5438827],[0.3041547,46.5438815],[0.3041505,46.5438803],[0.3041372,46.543878],[0.304124,46.5438757],[0.303992,46.5438531],[0.3039799,46.5438518],[0.3039666,46.5438504],[0.3039534,46.5438492],[0.3039017,46.543848],[0.3038172,46.543846],[0.3038039,46.5438457],[0.3037906,46.5438454],[0.3037789,46.5438451],[0.3037656,46.5438448],[0.3036316,46.5438609],[0.3035037,46.5438968],[0.3034238,46.5439286],[0.3033115,46.5439812],[0.3032161,46.5440484]]],[[[0.3054947,46.546298],[0.3052536,46.5464374],[0.3041645,46.5470711],[0.3041584,46.5470751],[0.3040544,46.5471349],[0.3041688,46.5471346],[0.3043656,46.5471393],[0.3045018,46.5471425],[0.3046358,46.5471262],[0.3047633,46.5470904],[0.3050134,46.5469848],[0.3052207,46.546865],[0.3053332,46.5467133],[0.3053806,46.5465928],[0.3054326,46.5465317],[0.3054801,46.5464437],[0.3054996,46.5463503],[0.3054947,46.546298]]],[[[0.3761323,46.6784551],[0.3761441,46.678675],[0.3763096,46.6786962],[0.3764239,46.6789717],[0.3764866,46.6791203],[0.3766262,46.6796448],[0.3767092,46.6796172],[0.3767754,46.6794745],[0.3767564,46.679283],[0.3767646,46.6790807],[0.3767664,46.6790113],[0.3767362,46.67875],[0.3766756,46.6785891],[0.3764653,46.6783574],[0.3764026,46.6782731],[0.3763864,46.6782768],[0.3764085,46.6784276],[0.3761323,46.6784551]]],[[[0.409301,46.676763],[0.4094187,46.6769394],[0.4094334,46.6769438],[0.4095328,46.6769747],[0.4095831,46.6769831],[0.4096203,46.6769767],[0.4096488,46.6769722],[0.4095573,46.6768066],[0.409488,46.6767039],[0.409301,46.676763]]],[[[0.4037726,46.6812511],[0.4035371,46.6814615],[0.4034887,46.6815053],[0.4037726,46.6812511]]],[[[0.3163367,46.5726108],[0.3164108,46.5725787],[0.3164745,46.5725517],[0.3169723,46.5725265],[0.3172828,46.57254],[0.317334,46.5724409],[0.3173966,46.5723709],[0.3175211,46.5723738],[0.3176606,46.5723658],[0.3179514,46.5723592],[0.3181985,46.5723548],[0.318557,46.5723725],[0.3190154,46.5724568],[0.3192693,46.5725375],[0.3195219,46.57262],[0.3198398,46.5727225],[0.3201172,46.5728129],[0.3208729,46.5730575],[0.3211822,46.5731608],[0.3216577,46.5733181],[0.3217717,46.5733514],[0.3217473,46.5733929],[0.3220443,46.5734753],[0.3222242,46.5735543],[0.3224003,46.5736166],[0.3225957,46.5736917],[0.3228701,46.5737696],[0.3230398,46.5738186],[0.3233437,46.5738779],[0.3235845,46.5739233],[0.3240072,46.5740394],[0.3241246,46.5740597],[0.3243287,46.5741012],[0.3244854,46.5741754],[0.3246676,46.5742308],[0.3249319,46.5743158],[0.3251174,46.5744334],[0.3251372,46.5744534],[0.3253209,46.574513],[0.3256256,46.5745885],[0.3260172,46.5746753],[0.3267831,46.574867],[0.3268154,46.5749024],[0.3266626,46.5749009],[0.3265218,46.5749028],[0.3268629,46.5749885],[0.3274496,46.5752066],[0.3271478,46.5747436],[0.3268635,46.5745223],[0.3261379,46.5742366],[0.3259184,46.5741496],[0.3256401,46.5740542],[0.3253912,46.5739824],[0.3252083,46.5739081],[0.3248042,46.573781],[0.3245203,46.5736712],[0.3243516,46.5736356],[0.3243178,46.5736288],[0.3242105,46.5736108],[0.3240482,46.5735652],[0.3237629,46.5734911],[0.3235661,46.5734527],[0.323403,46.5734212],[0.3232943,46.5734003],[0.3230603,46.5733366],[0.322958,46.5733065],[0.3228659,46.5732809],[0.3227337,46.5732287],[0.3225499,46.5731631],[0.3223911,46.5730942],[0.3223903,46.5730939],[0.3222913,46.5730589],[0.3220426,46.5729907],[0.321927,46.5729359],[0.3219109,46.5729284],[0.3218905,46.5729198],[0.3218586,46.5729068],[0.3216447,46.572826],[0.3215689,46.5727978],[0.3214892,46.5727611],[0.3214807,46.5727579],[0.3214734,46.5727546],[0.3213252,46.5726929],[0.3212829,46.5726765],[0.3211811,46.5726414],[0.3211022,46.5726131],[0.321089,46.5726086],[0.3209287,46.5725537],[0.3209172,46.5725494],[0.3207698,46.5725021],[0.3206546,46.5724616],[0.3206063,46.5724461],[0.3203782,46.5723825],[0.3202468,46.5723447],[0.3202058,46.5723335],[0.3200741,46.5723027],[0.3199657,46.5722747],[0.3199086,46.572257],[0.3198395,46.5722206],[0.3197916,46.5721981],[0.3196631,46.5721561],[0.3194873,46.5721132],[0.319473,46.5721098],[0.3193408,46.57208],[0.3193335,46.5720778],[0.3192132,46.5720526],[0.3191236,46.5720331],[0.3190961,46.5720273],[0.3190137,46.5720121],[0.3190064,46.5720109],[0.3188653,46.5719862],[0.3187328,46.5719626],[0.3187286,46.5719616],[0.318624,46.5719437],[0.3185227,46.5719321],[0.3183245,46.5719203],[0.3182905,46.5719186],[0.318132,46.5719149],[0.3180877,46.5719158],[0.3180696,46.5719154],[0.3180168,46.571907],[0.3178826,46.5718936],[0.317728,46.5719043],[0.3177072,46.5719058],[0.317574,46.5719283],[0.3175471,46.5719327],[0.3175146,46.5719319],[0.3174081,46.5719223],[0.3173475,46.57192],[0.3172305,46.5719244],[0.3171765,46.5719292],[0.3168698,46.5719026],[0.3168103,46.5719002],[0.3166101,46.5719384],[0.316438,46.5719712],[0.316178,46.5721348],[0.3161788,46.5723567],[0.3163367,46.5726108]]],[[[0.3498517,46.6411156],[0.3499373,46.6411861],[0.3499471,46.6411945],[0.3501249,46.6411148],[0.3502989,46.6410135],[0.3505704,46.6409186],[0.3506218,46.6409034],[0.3507642,46.640872],[0.3508374,46.6408665],[0.3507626,46.6407524],[0.3506938,46.6406168],[0.3505322,46.6406714],[0.3503804,46.6407435],[0.3502464,46.6408426],[0.3500243,46.6410123],[0.3498517,46.6411156]]],[[[0.3429488,46.521106],[0.3429445,46.5212183],[0.3429813,46.5213142],[0.3430536,46.521501],[0.3430951,46.5216216],[0.3440761,46.5215237],[0.3440776,46.5215237],[0.3440517,46.5214772],[0.344039,46.5213685],[0.3441701,46.5212662],[0.3444118,46.5212237],[0.344694,46.5212088],[0.3448615,46.5212363],[0.3449696,46.5212991],[0.345092,46.5213112],[0.345222,46.5212855],[0.3453389,46.5212258],[0.3454264,46.5212208],[0.3456286,46.5212112],[0.3458078,46.5212061],[0.345912,46.5212279],[0.346114,46.5212133],[0.3461602,46.5211805],[0.3462867,46.521164],[0.346401,46.5211575],[0.3464744,46.5211449],[0.3466243,46.5211382],[0.3467328,46.5211293],[0.3468838,46.5211013],[0.3468951,46.521078],[0.3468551,46.5210148],[0.3468231,46.520973],[0.3467711,46.5209473],[0.3467105,46.5209132],[0.3466362,46.5208942],[0.3465063,46.5209085],[0.3463572,46.5209305],[0.3462334,46.5209809],[0.3460938,46.5210492],[0.3458951,46.5210292],[0.345505,46.5210079],[0.3452533,46.5210061],[0.3449895,46.5209796],[0.3446272,46.5209415],[0.3443366,46.5209174],[0.3440303,46.5209134],[0.3438291,46.5209107],[0.3435914,46.520896],[0.3434421,46.5208895],[0.3432516,46.5208779],[0.3430701,46.5208911],[0.3429984,46.5209394],[0.3429488,46.521106]]],[[[0.3815371,46.6449566],[0.38154,46.6449617],[0.3816828,46.6451654],[0.3816942,46.6451819],[0.3817091,46.6451742],[0.3816561,46.6450104],[0.3816185,46.6449032],[0.3815371,46.6449566]]],[[[0.3842337,46.6450836],[0.3844258,46.6451043],[0.3844422,46.6450423],[0.3844495,46.6450128],[0.3842532,46.6449899],[0.3842337,46.6450836]]],[[[0.3819027,46.6455056],[0.3820088,46.6455837],[0.3820589,46.6455542],[0.3819827,46.6454737],[0.3819027,46.6455056]]],[[[0.3828438,46.6463368],[0.3828735,46.6463649],[0.382902,46.6463923],[0.3830476,46.646326],[0.3829972,46.6462645],[0.3828438,46.6463368]]],[[[0.3347234,46.4920219],[0.3348754,46.4922115],[0.3351445,46.4921819],[0.3355306,46.4920663],[0.3353939,46.4918687],[0.3350701,46.4919512],[0.3349418,46.4919809],[0.3347234,46.4920219]]],[[[0.3095307,46.6178506],[0.3097766,46.6177644],[0.3097782,46.6177634],[0.309896,46.6176905],[0.3099845,46.6176139],[0.3100361,46.6175303],[0.3101184,46.6173973],[0.3101361,46.6173077],[0.3101245,46.6172102],[0.3101005,46.6171239],[0.3100368,46.6170089],[0.3099846,46.6169525],[0.3098984,46.6168646],[0.3097542,46.6167814],[0.3096257,46.6167397],[0.3094854,46.6166965],[0.3092994,46.6166747],[0.3091123,46.6166816],[0.3089615,46.6167025],[0.3088398,46.6167364],[0.3086889,46.6168126],[0.308549,46.6169126],[0.3084835,46.6169766],[0.3083852,46.6171071],[0.3083546,46.6172424],[0.308372,46.6173736],[0.308406,46.6174644],[0.3084776,46.6175795],[0.3086037,46.6176939],[0.3086858,46.617748],[0.3088395,46.617819],[0.3090107,46.617863],[0.3091462,46.6178845],[0.3093053,46.61788],[0.3094303,46.6178738],[0.3095307,46.6178506]]],[[[0.3103334,46.5400044],[0.3103392,46.5400056],[0.3103435,46.5400057],[0.3103656,46.5400092],[0.3103789,46.5400106],[0.3103921,46.5400119],[0.3104496,46.5400154],[0.3104617,46.5400157],[0.310475,46.540016],[0.3104837,46.540014],[0.3105118,46.5400168],[0.3105308,46.5400193],[0.3105869,46.5400266],[0.3105974,46.5400269],[0.3106059,46.5400291],[0.310618,46.5400305],[0.310625,46.5400316],[0.3106387,46.5400331],[0.3106519,46.5400343],[0.3106652,46.5400357],[0.3106784,46.5400371],[0.3107018,46.5400386],[0.3107034,46.5400386],[0.3107167,46.54004],[0.310767,46.5400432],[0.3107682,46.5400432],[0.3107948,46.5400448],[0.310808,46.5400462],[0.3108318,46.5400478],[0.3108334,46.5400478],[0.3108466,46.5400491],[0.3108732,46.5400508],[0.3108864,46.540052],[0.3109439,46.5400555],[0.310956,46.5400558],[0.3109693,46.5400561],[0.3109736,46.5400562],[0.3109826,46.5400564],[0.3109959,46.5400567],[0.3110061,46.5400569],[0.3110068,46.5400099],[0.3109911,46.5400025],[0.3109994,46.5398677],[0.3108394,46.5398628],[0.3108268,46.5399996],[0.310701,46.5400007],[0.3104248,46.53989],[0.3103334,46.5400044]]],[[[0.3400181,46.5250174],[0.3400472,46.5250304],[0.3402148,46.5250782],[0.3403864,46.5249319],[0.3402363,46.5248548],[0.3402099,46.5248501],[0.340147,46.5248957],[0.3400181,46.5250174]]],[[[0.3418998,46.5155921],[0.3419051,46.5156362],[0.3419304,46.5158709],[0.3418822,46.5161049],[0.3421041,46.5166529],[0.3421819,46.5166629],[0.3424776,46.516678],[0.3422396,46.516331],[0.3420766,46.516092],[0.3421015,46.5159751],[0.342287,46.5159048],[0.3424327,46.5158949],[0.3424088,46.5157767],[0.3421884,46.5155028],[0.3421411,46.5155017],[0.3420316,46.5155308],[0.3418998,46.5155921]]],[[[0.287782,46.5344884],[0.2878301,46.5345274],[0.2878363,46.5345306],[0.2878373,46.5345326],[0.2878419,46.5345358],[0.2878434,46.5345368],[0.2878461,46.534538],[0.28791,46.5345915],[0.287913,46.5345938],[0.2879243,46.5346021],[0.2879243,46.5346032],[0.2879273,46.5346053],[0.28793,46.5346063],[0.2879657,46.5346358],[0.2880197,46.534678],[0.2880227,46.5346801],[0.2880483,46.5347012],[0.2880554,46.5347074],[0.2885126,46.5345711],[0.2886485,46.534516],[0.2886219,46.5344838],[0.2890463,46.534322],[0.2892308,46.5342436],[0.2892629,46.5342281],[0.289413,46.5341314],[0.289423,46.534103],[0.289269,46.5339235],[0.2887315,46.5340999],[0.2884165,46.5342355],[0.288137,46.5343507],[0.28806,46.5343794],[0.287782,46.5344884]]],[[[0.3165863,46.5441574],[0.3166052,46.5443142],[0.3166052,46.5443154],[0.3166063,46.5443174],[0.31663,46.5443527],[0.316638,46.5443641],[0.3166396,46.5443641],[0.316644,46.5443704],[0.3166693,46.5443986],[0.3166718,46.5444016],[0.3166845,46.5444153],[0.3167835,46.5445443],[0.3167906,46.5445517],[0.3167947,46.5445548],[0.3168033,46.5445642],[0.3168104,46.5445715],[0.316823,46.5445852],[0.3168327,46.5445946],[0.3168957,46.5446441],[0.3169086,46.5446526],[0.3171911,46.5448422],[0.3172184,46.544853],[0.3172246,46.5448553],[0.3172461,46.544863],[0.3172592,46.5448673],[0.3173801,46.5448875],[0.3174279,46.5449019],[0.3178056,46.5449956],[0.3179039,46.5450133],[0.3179409,46.5450172],[0.3181063,46.5451182],[0.318345,46.5451719],[0.318756,46.5451938],[0.3187768,46.5451943],[0.3188599,46.5451921],[0.3190547,46.5451751],[0.3191897,46.5452018],[0.3193047,46.5452137],[0.3193164,46.5452139],[0.3194809,46.5452148],[0.3196802,46.5452563],[0.3198164,46.5452594],[0.3199507,46.5452431],[0.3200783,46.5452073],[0.3202411,46.5451223],[0.3203708,46.5450424],[0.3205128,46.5449579],[0.3204675,46.5449149],[0.3199927,46.54478],[0.3184,46.54466],[0.3184395,46.5443655],[0.3180667,46.5442995],[0.3182631,46.5440434],[0.3182218,46.5440372],[0.3176838,46.5439532],[0.3172045,46.5438795],[0.3170001,46.5438462],[0.3169761,46.5439111],[0.3167719,46.5438745],[0.3167,46.5438626],[0.3166935,46.5438737],[0.3166902,46.5438777],[0.3166839,46.5438867],[0.3166647,46.543919],[0.3166595,46.5439281],[0.3166582,46.5439311],[0.3166548,46.5439371],[0.31665,46.5439462],[0.3166366,46.5439726],[0.3166364,46.5439756],[0.3166301,46.5439856],[0.3166287,46.5439898],[0.316623,46.5440101],[0.3166199,46.5440171],[0.316609,46.5440547],[0.316607,46.5440639],[0.3165863,46.5441574]]],[[[0.3352336,46.5326331],[0.3352459,46.5326529],[0.3352514,46.5326611],[0.3354599,46.5329706],[0.3354768,46.5329925],[0.3354963,46.5330175],[0.3357225,46.5332701],[0.335758,46.5337544],[0.3358031,46.5338875],[0.3358944,46.5339918],[0.3360538,46.5340629],[0.3361882,46.5341336],[0.3365036,46.5341971],[0.3370961,46.5342293],[0.3369625,46.5340545],[0.3367801,46.5337803],[0.3367553,46.5334373],[0.3367554,46.5334362],[0.3364376,46.5330312],[0.3362113,46.532661],[0.3358677,46.531871],[0.3357912,46.5321054],[0.3356202,46.5322701],[0.335413,46.5323276],[0.3352697,46.5324142],[0.3352314,46.5325258],[0.3352336,46.5326331]]],[[[0.288488,46.5350653],[0.2886122,46.5351909],[0.2886769,46.5352589],[0.2886796,46.535261],[0.2886811,46.535262],[0.2886837,46.5352641],[0.2887405,46.5353187],[0.2887502,46.5353291],[0.2891332,46.5349835],[0.2889876,46.5349033],[0.2886645,46.5349746],[0.2885305,46.5350459],[0.288488,46.5350653]]],[[[0.3164997,46.5472037],[0.3165144,46.5472398],[0.3165276,46.5472738],[0.3166008,46.5474648],[0.3167082,46.5476308],[0.3168179,46.5477255],[0.3170088,46.5478505],[0.3170809,46.547891],[0.3174549,46.5480602],[0.3174649,46.5480645],[0.3174941,46.5480755],[0.3177222,46.5481606],[0.3179528,46.5482038],[0.3182193,46.5482101],[0.3184895,46.5481969],[0.3186735,46.5481358],[0.3187741,46.5481689],[0.3188615,46.5482865],[0.3190813,46.5484296],[0.3193379,46.548542],[0.31937,46.5485508],[0.3193758,46.548552],[0.3193962,46.5485586],[0.3194094,46.548562],[0.3194284,46.5485654],[0.3194299,46.5485666],[0.3194345,46.5485677],[0.3194857,46.5485791],[0.3194989,46.5485814],[0.3195121,46.5485838],[0.3195253,46.5485863],[0.319565,46.5485922],[0.319574,46.5485924],[0.3195814,46.5485936],[0.3195903,46.5485958],[0.3196459,46.5486032],[0.3196549,46.5486045],[0.3196813,46.5486083],[0.3196887,46.5486094],[0.319693,46.5486106],[0.3197241,46.5486144],[0.3197268,46.5486154],[0.3197314,46.5486166],[0.3198019,46.5486264],[0.3198151,46.5486278],[0.3198241,46.5486289],[0.3198331,46.5486292],[0.3198401,46.5486304],[0.3198537,46.5486316],[0.319867,46.548633],[0.3198935,46.5486347],[0.319917,46.5486362],[0.3199185,46.5486362],[0.3199759,46.5486396],[0.3199893,46.5486399],[0.3200473,46.5486392],[0.3200516,46.5486393],[0.3200814,46.548638],[0.3200932,46.5486372],[0.3201424,46.5486334],[0.3201691,46.5486309],[0.3201723,46.5486299],[0.3201885,46.5486282],[0.3201975,46.5486275],[0.3202345,46.5486242],[0.3202483,46.5486225],[0.3202811,46.5486161],[0.320287,46.5486163],[0.3203004,46.5486145],[0.3203348,46.5486082],[0.3203391,46.5486083],[0.32036,46.5486047],[0.3203648,46.5486038],[0.3203659,46.5486038],[0.3203794,46.548602],[0.3204035,46.5485976],[0.320405,46.5485976],[0.3204184,46.5485958],[0.3204318,46.5485941],[0.320484,46.5485852],[0.3204975,46.5485824],[0.320505,46.5485805],[0.3205184,46.5485788],[0.3205228,46.5485778],[0.3205362,46.5485751],[0.3205501,46.5485724],[0.3205782,46.5485659],[0.3205857,46.548564],[0.3205905,46.5485631],[0.3206233,46.5485558],[0.3206309,46.5485537],[0.3206487,46.5485492],[0.3206623,46.5485453],[0.3206893,46.5485379],[0.3207012,46.548534],[0.3208789,46.5484809],[0.3209413,46.5484159],[0.3209701,46.5484044],[0.3209793,46.5484004],[0.3209853,46.5483965],[0.3209957,46.5483927],[0.3210125,46.5483859],[0.3210229,46.5483811],[0.3210474,46.5483693],[0.321049,46.5483683],[0.3210594,46.5483635],[0.3210671,46.5483597],[0.3210763,46.5483556],[0.3210867,46.5483508],[0.3211003,46.548345],[0.3211123,46.5483392],[0.3211156,46.5483372],[0.3211674,46.5483118],[0.3211778,46.548306],[0.3212439,46.5482615],[0.3212499,46.5482575],[0.3212516,46.5482556],[0.3213057,46.5482067],[0.3213091,46.5482027],[0.3213152,46.5481977],[0.3213197,46.5481927],[0.3213276,46.5481837],[0.3213293,46.5481807],[0.3213322,46.5481787],[0.3213402,46.5481676],[0.3213577,46.5481465],[0.3213578,46.5481446],[0.321364,46.5481375],[0.3213783,46.5481174],[0.321383,46.5481093],[0.3213881,46.5481013],[0.3214112,46.5480528],[0.3214384,46.5479236],[0.3214043,46.547796],[0.3214094,46.5477562],[0.3214098,46.5477482],[0.3214102,46.547739],[0.3214107,46.5477298],[0.3214111,46.5477206],[0.3214116,46.5477113],[0.3213444,46.5475402],[0.3212027,46.5473774],[0.3212028,46.5473753],[0.321199,46.5473669],[0.3211878,46.5473473],[0.3211824,46.547338],[0.3211729,46.5473235],[0.32117,46.5473193],[0.321162,46.5473068],[0.3211575,46.5473017],[0.3211535,46.5472953],[0.3211396,46.5472757],[0.3211311,46.5472642],[0.3211245,46.5472559],[0.3211215,46.5472538],[0.3211145,46.5472444],[0.3211104,46.5472393],[0.3211018,46.5472308],[0.3210989,46.5472266],[0.3210963,46.5472245],[0.3210963,46.5472235],[0.3210824,46.5472038],[0.3210728,46.5471913],[0.3210658,46.5471829],[0.3210416,46.5471578],[0.320995,46.5471731],[0.3209138,46.5471109],[0.3209051,46.5471056],[0.3208616,46.5470811],[0.3208574,46.5470789],[0.3208298,46.547066],[0.3208226,46.5470627],[0.3208183,46.5470617],[0.3208126,46.5470585],[0.3208079,46.5470573],[0.3207981,46.5470509],[0.3207939,46.5470489],[0.3207764,46.5470372],[0.3207738,46.5470351],[0.3207635,46.5470286],[0.3207609,46.5470255],[0.3207564,46.5470224],[0.3207481,46.547016],[0.320715,46.5469948],[0.3207104,46.5469927],[0.3207048,46.5469885],[0.3206831,46.5469745],[0.3206702,46.5469671],[0.32064,46.5469512],[0.320627,46.5469448],[0.3205994,46.5469319],[0.320592,46.5469306],[0.3205719,46.5469189],[0.3205692,46.5469177],[0.3205588,46.5469134],[0.3205123,46.546896],[0.3203614,46.546866],[0.3203155,46.5468586],[0.3203022,46.5468574],[0.3202448,46.5468539],[0.3202432,46.5468539],[0.3202198,46.5468524],[0.3202061,46.5468521],[0.3201485,46.5468527],[0.3200611,46.5468527],[0.3200478,46.5468534],[0.3200403,46.5468543],[0.3200285,46.5468551],[0.3199644,46.5468608],[0.31996,46.5468616],[0.3199525,46.5468625],[0.3199391,46.5468642],[0.3199257,46.5468659],[0.3199123,46.5468676],[0.3199064,46.5468685],[0.3198613,46.5468776],[0.3198494,46.5468805],[0.3198344,46.5468832],[0.3198284,46.5468851],[0.3198209,46.546886],[0.3198075,46.5468887],[0.3197821,46.5468952],[0.3197686,46.546898],[0.3197504,46.5469016],[0.3197385,46.5469045],[0.3197294,46.5469074],[0.3197207,46.5469092],[0.3197083,46.546913],[0.3197024,46.5469138],[0.319689,46.5469166],[0.3196846,46.5469176],[0.3196679,46.5469223],[0.3196636,46.5469232],[0.3196454,46.5469268],[0.3196335,46.5469296],[0.3196172,46.5469344],[0.3195676,46.5469475],[0.3195644,46.5469483],[0.3195628,46.5469494],[0.3195374,46.5469549],[0.3195239,46.5469588],[0.3195013,46.5469654],[0.3194893,46.5469692],[0.3194682,46.5469759],[0.3194638,46.5469778],[0.3194352,46.5469873],[0.3194319,46.5469894],[0.3194276,46.5469902],[0.31942,46.5469931],[0.3194124,46.546996],[0.3194048,46.5469988],[0.3193836,46.5470075],[0.3193792,46.5470095],[0.3193656,46.5470154],[0.31934,46.5470271],[0.3193275,46.5470329],[0.3193215,46.5470358],[0.3193079,46.5470426],[0.3193002,46.5470465],[0.3192563,46.5470721],[0.319253,46.5470741],[0.3192333,46.5470858],[0.31923,46.5470879],[0.3192024,46.5471076],[0.3191219,46.5471508],[0.3189467,46.546978],[0.3187945,46.5468783],[0.3184581,46.5467334],[0.3182196,46.5466134],[0.3180114,46.5464725],[0.3179233,46.5464254],[0.3176243,46.5463315],[0.317303,46.5463239],[0.3171962,46.5463286],[0.3169744,46.5463551],[0.3169157,46.5463691],[0.3169041,46.5463984],[0.3168105,46.546613],[0.3167954,46.5466485],[0.3167568,46.5467405],[0.3167182,46.5468317],[0.3166882,46.546924],[0.3166586,46.5470153],[0.3166483,46.5471059],[0.316638,46.5471958],[0.3166334,46.5472252],[0.3165985,46.5472173],[0.3165632,46.5472113],[0.3165044,46.5472038],[0.3164997,46.5472037]],[[0.3209029,46.5479612],[0.3207992,46.5479915],[0.3207528,46.5478831],[0.3207074,46.5477788],[0.3206093,46.5477274],[0.3205146,46.547811],[0.3205608,46.5478355],[0.3206044,46.547859],[0.3206941,46.5478418],[0.3207563,46.5479884],[0.3206295,46.5479771],[0.3204932,46.547976],[0.3204889,46.5479759],[0.3203647,46.5480008],[0.3202028,46.5480347],[0.3200445,46.5480667],[0.3198704,46.548078],[0.3197379,46.5480872],[0.3198123,46.5482638],[0.3198285,46.5483009],[0.3197327,46.5483201],[0.3197513,46.5483635],[0.3196449,46.5483538],[0.3194603,46.5482842],[0.319579,46.5481326],[0.3193621,46.5480507],[0.3193463,46.5479482],[0.3193387,46.5479194],[0.3193236,46.547782],[0.3193981,46.5476776],[0.3195153,46.5475882],[0.3194899,46.5473473],[0.3197295,46.5472957],[0.3196812,46.547075],[0.3196737,46.5470441],[0.3197183,46.5469583],[0.3197854,46.5469791],[0.3198771,46.547011],[0.3199221,46.5470264],[0.3199816,46.5470513],[0.3200312,46.5470718],[0.3200978,46.5471031],[0.320157,46.547133],[0.3202421,46.54718],[0.320297,46.5472098],[0.320366,46.5472483],[0.3204281,46.5472846],[0.3204899,46.5473188],[0.320552,46.5473538],[0.3206126,46.547389],[0.320673,46.5474262],[0.3207328,46.5474776],[0.3207778,46.5475269],[0.3208119,46.5475818],[0.3208374,46.5476366],[0.3208453,46.5476839],[0.3208677,46.5477783],[0.3208891,46.5478831],[0.3209029,46.5479612]]],[[[0.3140987,46.6343063],[0.314156,46.6344089],[0.3142259,46.6343757],[0.314319,46.6343268],[0.3143668,46.6342881],[0.3144044,46.6342491],[0.3144295,46.634218],[0.3142328,46.63415],[0.3140987,46.6343063]]],[[[0.3540465,46.5871539],[0.353935,46.5872871],[0.3538872,46.5873505],[0.3537473,46.5874873],[0.3536732,46.5875745],[0.3536246,46.5876326],[0.3533836,46.5878878],[0.3532668,46.5879751],[0.3531651,46.5880524],[0.352971,46.5882063],[0.3529079,46.5882539],[0.3529011,46.5882956],[0.3529762,46.5883394],[0.3529934,46.588349],[0.3530796,46.5882865],[0.3532154,46.5881772],[0.3532972,46.5881158],[0.3533648,46.5880642],[0.3535065,46.5879571],[0.3536326,46.5878619],[0.3536957,46.5878143],[0.3537372,46.5877834],[0.3538063,46.5877328],[0.3538111,46.5877301],[0.3538919,46.5876818],[0.3539089,46.587671],[0.3539833,46.587599],[0.3539912,46.58759],[0.3540624,46.5874966],[0.3540994,46.5874382],[0.3541561,46.5873433],[0.3542056,46.5872689],[0.3542327,46.5872276],[0.3540465,46.5871539]]],[[[0.303003,46.5540698],[0.3030267,46.5540355],[0.3030426,46.5540144],[0.303195,46.5538411],[0.3027529,46.5536457],[0.3024873,46.5535576],[0.3024708,46.553591],[0.3023987,46.55367],[0.3023036,46.5537383],[0.3021898,46.5537908],[0.3020638,46.5538257],[0.3019279,46.553842],[0.3017917,46.5538387],[0.3016596,46.5538162],[0.301537,46.5537754],[0.301429,46.5537177],[0.3013405,46.553645],[0.301289,46.5535785],[0.3012764,46.5535628],[0.3012382,46.553472],[0.3012295,46.5533788],[0.3012475,46.5532851],[0.3012945,46.5531973],[0.3013667,46.5531171],[0.3014621,46.5530499],[0.3015756,46.5529975],[0.3017019,46.5529615],[0.3018359,46.5529452],[0.3019721,46.5529484],[0.3020794,46.5529664],[0.3021062,46.5529711],[0.3022283,46.5530129],[0.3023367,46.5530705],[0.3024249,46.5531421],[0.3024889,46.5532255],[0.302526,46.5533153],[0.3025362,46.5534096],[0.3025309,46.55343],[0.3027988,46.5533125],[0.3028414,46.553291],[0.3031734,46.553534],[0.3033503,46.5536629],[0.3040605,46.5536591],[0.3043276,46.5538586],[0.3042727,46.5538921],[0.3043131,46.5539145],[0.3044574,46.5539905],[0.3046018,46.5540664],[0.3047377,46.5541381],[0.3047709,46.5541564],[0.3048804,46.5542152],[0.3049152,46.5542323],[0.3051217,46.5543425],[0.3053056,46.554404],[0.305381,46.5544313],[0.3055203,46.5543405],[0.3056302,46.5544322],[0.305631,46.5544318],[0.3057421,46.5543795],[0.30587,46.5543447],[0.306004,46.5543286],[0.3061402,46.5543318],[0.3062738,46.5543542],[0.3063221,46.5543697],[0.3064431,46.5542908],[0.3064255,46.5544099],[0.306427,46.5544111],[0.3065048,46.5544528],[0.3065914,46.5545252],[0.3066555,46.5546075],[0.3066941,46.5546984],[0.3067043,46.5547917],[0.3066848,46.5548853],[0.3066374,46.5549731],[0.3065653,46.5550532],[0.3064718,46.5551204],[0.3063579,46.555173],[0.3062316,46.5552089],[0.306096,46.5552251],[0.3059598,46.5552219],[0.3058277,46.5551993],[0.3057036,46.5551576],[0.3056548,46.5551309],[0.3054152,46.5553],[0.3051844,46.5551116],[0.3051146,46.5550558],[0.3049602,46.5551523],[0.3048991,46.5551918],[0.3049656,46.5552802],[0.3051422,46.5554244],[0.3052045,46.5554577],[0.3053575,46.5555398],[0.3055965,46.5556202],[0.3056038,46.5556225],[0.3058684,46.5556675],[0.3059302,46.5556689],[0.3061419,46.5556739],[0.3064104,46.5556415],[0.3066643,46.5555706],[0.3068904,46.5554656],[0.3070809,46.55533],[0.3072252,46.5551699],[0.3073181,46.5549932],[0.3073505,46.5548222],[0.3073475,46.5546371],[0.307345,46.554632],[0.3072613,46.5544388],[0.3071332,46.5542733],[0.3071229,46.5542658],[0.3069565,46.5541291],[0.3067413,46.5540136],[0.3065589,46.5539531],[0.306495,46.5539312],[0.3062426,46.5538853],[0.3060365,46.5538845],[0.306035,46.5538845],[0.3059561,46.5538316],[0.3058396,46.5537623],[0.3058265,46.553758],[0.3056898,46.5537026],[0.3055227,46.5536659],[0.3054947,46.5536071],[0.3054306,46.5535238],[0.3053421,46.5534522],[0.3052256,46.553383],[0.3051687,46.5533622],[0.3049515,46.5532927],[0.3047737,46.5532599],[0.3044264,46.5532405],[0.3044013,46.5532399],[0.3043582,46.5532398],[0.3040111,46.5532471],[0.3037492,46.5532991],[0.3036063,46.5533131],[0.3032954,46.5532526],[0.3030307,46.5529734],[0.3028781,46.5528186],[0.3026831,46.5526892],[0.3023285,46.5525481],[0.3020624,46.5525028],[0.30179,46.5524964],[0.301522,46.552529],[0.3012681,46.5526007],[0.3010419,46.5527058],[0.3009469,46.5527731],[0.3008215,46.5528753],[0.3006766,46.5530162],[0.3005979,46.5531747],[0.3005694,46.5534173],[0.3006323,46.5536407],[0.3007256,46.5537983],[0.300735,46.5538149],[0.3008765,46.5539479],[0.3009757,46.5540412],[0.3011909,46.5541568],[0.3013146,46.5541985],[0.3015693,46.5542617],[0.3018376,46.5542875],[0.3021098,46.5542745],[0.3023701,46.5542234],[0.3027556,46.5541302],[0.3029055,46.5540939],[0.303003,46.5540698]]],[[[0.3468846,46.6421848],[0.3469073,46.6422353],[0.3471174,46.6421839],[0.3480995,46.6419205],[0.3482981,46.6418638],[0.3483368,46.6421088],[0.3484867,46.6421093],[0.3486841,46.6421088],[0.348715,46.6421096],[0.3487626,46.6421086],[0.3487444,46.642054],[0.3485126,46.641884],[0.3485021,46.6418817],[0.3485593,46.6418033],[0.3485593,46.6418023],[0.3485609,46.6418014],[0.3485833,46.6417701],[0.3485849,46.6417692],[0.3485882,46.6417652],[0.3485882,46.6417662],[0.3486629,46.6417536],[0.3487922,46.6417504],[0.3489385,46.641759],[0.3489981,46.6418166],[0.3492178,46.6418759],[0.3494511,46.6419037],[0.3494522,46.6418813],[0.3494165,46.6418478],[0.3493782,46.641812],[0.3492105,46.6416303],[0.3491844,46.6416512],[0.3491218,46.6416875],[0.3489818,46.6417251],[0.3489416,46.6416088],[0.3489473,46.6415465],[0.3489423,46.64153],[0.3489168,46.6415377],[0.348739,46.6415623],[0.3485748,46.641582],[0.3485745,46.6416187],[0.3485706,46.6417004],[0.3485152,46.6417329],[0.3483744,46.6417644],[0.3482443,46.6417849],[0.3481571,46.6418339],[0.3480552,46.6418867],[0.3478371,46.6419737],[0.3475132,46.6420173],[0.3473523,46.6420586],[0.3471711,46.6420882],[0.3470458,46.6421302],[0.3468846,46.6421848]]],[[[0.346161,46.6423857],[0.3461773,46.6424127],[0.3462119,46.6424043],[0.3461938,46.6423804],[0.346161,46.6423857]]],[[[0.3462119,46.6424043],[0.3469073,46.6422354],[0.3469073,46.6422353],[0.3462119,46.6424043]]],[[[0.2706082,46.6252928],[0.2706023,46.6252611],[0.2705967,46.6252252],[0.2705578,46.6251159],[0.2704424,46.6250793],[0.2702085,46.6250728],[0.2700963,46.6250016],[0.2700174,46.6249159],[0.2699071,46.6248949],[0.2696765,46.6248771],[0.2695139,46.6248334],[0.2693334,46.6247637],[0.2691952,46.6246571],[0.2690996,46.6247243],[0.269011,46.6248101],[0.2689505,46.6248884],[0.2689062,46.6249752],[0.2688865,46.6250688],[0.2688946,46.6252285],[0.2689466,46.6253504],[0.2690328,46.6254618],[0.2691214,46.6255334],[0.269297,46.6256368],[0.2694649,46.6256929],[0.2696446,46.6257228],[0.269781,46.625726],[0.2700104,46.6257048],[0.2701385,46.6256691],[0.2703338,46.6255849],[0.2704616,46.6254939],[0.2705592,46.6253857],[0.2706082,46.6252928]]],[[[0.2766274,46.6243238],[0.2767063,46.6243236],[0.2769362,46.6243231],[0.2771677,46.6243223],[0.2772153,46.6243215],[0.2773086,46.6243216],[0.2773957,46.6243288],[0.2776259,46.6243558],[0.2776145,46.6243779],[0.2778182,46.6244002],[0.2781215,46.6244156],[0.2783332,46.6244257],[0.2783954,46.6244292],[0.2784299,46.6243913],[0.2785488,46.6244145],[0.2785418,46.6244992],[0.2792673,46.6245901],[0.2793376,46.624605],[0.2799529,46.6247352],[0.2799927,46.6247402],[0.2800076,46.6247395],[0.2800599,46.6247295],[0.2801011,46.624706],[0.2801152,46.62469],[0.2801252,46.6246717],[0.2800514,46.6246322],[0.2799191,46.624579],[0.2796819,46.6245151],[0.2794542,46.6244698],[0.2791685,46.6244252],[0.2786609,46.6243681],[0.2783414,46.6243483],[0.2781184,46.6243276],[0.27771,46.6243057],[0.2777168,46.6241689],[0.2776318,46.6241515],[0.2775121,46.6241446],[0.2773836,46.6241558],[0.2773977,46.624289],[0.2773121,46.6242839],[0.2766322,46.6242923],[0.2766321,46.6242933],[0.2766274,46.6243238]]],[[[0.3107244,46.6244905],[0.3110571,46.6244267],[0.3110689,46.6244249],[0.3112672,46.6243733],[0.3115697,46.6242946],[0.3118598,46.6242186],[0.3118274,46.6242075],[0.3116951,46.6241852],[0.3115588,46.624182],[0.3113996,46.6241873],[0.3111819,46.6242099],[0.3110542,46.6242457],[0.3109068,46.6243158],[0.3108113,46.624383],[0.3107391,46.6244632],[0.3107244,46.6244905]]],[[[0.3503925,46.5899632],[0.3503039,46.5898891],[0.3501591,46.589772],[0.3500553,46.5898338],[0.3501468,46.5899106],[0.3499584,46.5900192],[0.3499686,46.5900278],[0.3498317,46.5901015],[0.3498785,46.5901401],[0.3493595,46.5904274],[0.3485704,46.5907787],[0.3481256,46.5910482],[0.3476668,46.5912764],[0.3474968,46.5913048],[0.3474026,46.5912352],[0.3472228,46.5911839],[0.3469391,46.5912531],[0.3465029,46.5914096],[0.3465773,46.5915247],[0.3464685,46.5915691],[0.3462378,46.5915802],[0.3459141,46.5915041],[0.345705,46.5914913],[0.3456714,46.5914884],[0.3455773,46.5915046],[0.3454919,46.5915199],[0.3453108,46.5915587],[0.3451641,46.5915849],[0.3451508,46.5915836],[0.3451162,46.5915931],[0.3450183,46.5916],[0.3450048,46.5915711],[0.3449794,46.5915694],[0.3449407,46.5915747],[0.34494,46.591589],[0.3447646,46.5916002],[0.3446659,46.5916143],[0.3446661,46.5916429],[0.3445816,46.591639],[0.3445815,46.5916726],[0.3443631,46.5916819],[0.3443351,46.5916517],[0.3443096,46.5916362],[0.3442231,46.5916327],[0.3442284,46.5916451],[0.3442786,46.5916523],[0.3442767,46.591691],[0.3442826,46.5916912],[0.344278,46.5917218],[0.3436883,46.591747],[0.3435874,46.5917487],[0.3434569,46.5917795],[0.343254,46.5917993],[0.3431165,46.5918227],[0.3430806,46.5918903],[0.3430174,46.5919399],[0.3429698,46.5919756],[0.3429202,46.5920195],[0.3428496,46.592068],[0.3428418,46.5920759],[0.3428043,46.5921129],[0.3427793,46.5922002],[0.3427385,46.5922493],[0.3426881,46.5922768],[0.3426684,46.5922866],[0.3425867,46.5923225],[0.3424961,46.5923542],[0.3424075,46.5923709],[0.3424191,46.5924464],[0.3423071,46.5924602],[0.3421817,46.5924736],[0.3421818,46.5924398],[0.3420831,46.5924631],[0.3420014,46.5924654],[0.3419223,46.5925043],[0.3418496,46.5925395],[0.3419408,46.5926152],[0.3420792,46.5927187],[0.3423856,46.5927635],[0.3424551,46.5927693],[0.342719,46.5927365],[0.3427586,46.5927201],[0.3428491,46.5926895],[0.3429063,46.5926662],[0.3429868,46.5926313],[0.3430201,46.5926157],[0.3430672,46.5925913],[0.3431175,46.5925638],[0.3432626,46.5924517],[0.3433129,46.5923935],[0.3433697,46.5922886],[0.3433991,46.5922658],[0.343471,46.5922214],[0.3436405,46.5922356],[0.3438524,46.5921842],[0.3440374,46.592161],[0.344061,46.5921595],[0.3440815,46.592164],[0.3442601,46.5921855],[0.3443819,46.5921802],[0.3444847,46.5921693],[0.3447567,46.5921551],[0.3451696,46.5921382],[0.3453009,46.5921227],[0.3454671,46.5920918],[0.3456038,46.5920552],[0.3456706,46.5920271],[0.345728,46.5919997],[0.3457593,46.5920005],[0.3458104,46.5920149],[0.3458969,46.5920344],[0.3460766,46.592064],[0.3462018,46.5920761],[0.346461,46.5920842],[0.3467972,46.5920317],[0.346832,46.5920182],[0.347035,46.5919319],[0.3471161,46.5919083],[0.3472039,46.5919],[0.3474583,46.5918844],[0.3476827,46.5918416],[0.348025,46.5917289],[0.3481093,46.5916961],[0.3482417,46.5916349],[0.3484267,46.591548],[0.3484464,46.5915373],[0.3487294,46.5913947],[0.3490084,46.5912611],[0.3490466,46.5912406],[0.349097,46.591213],[0.3492379,46.5911774],[0.349247,46.5911747],[0.3492466,46.591175],[0.3492951,46.5911614],[0.349586,46.5910649],[0.3496115,46.5910563],[0.3497146,46.5910096],[0.34991,46.5909017],[0.3503424,46.5906683],[0.3504279,46.590612],[0.3507314,46.5903769],[0.3508886,46.5902556],[0.3503925,46.5899632]]],[[[0.3554851,46.5814698],[0.3554648,46.5812823],[0.3554188,46.5812781],[0.3554071,46.5812767],[0.3553421,46.5812743],[0.3550885,46.5812745],[0.3549905,46.5812753],[0.354982,46.5813039],[0.3549803,46.5813068],[0.3549732,46.5814202],[0.3551006,46.5814219],[0.3551006,46.5815416],[0.3553604,46.5816008],[0.3554596,46.581512],[0.3554851,46.5814698]]],[[[0.3277759,46.5624045],[0.3280599,46.5626852],[0.3281316,46.5627645],[0.3281977,46.5628396],[0.3282805,46.5629337],[0.3283299,46.5629808],[0.3283641,46.5630102],[0.3284004,46.5630529],[0.328517,46.5631518],[0.3285272,46.5631602],[0.3285441,46.5631759],[0.3286148,46.563244],[0.3287012,46.5633278],[0.3287524,46.5633698],[0.3288023,46.5634068],[0.3289081,46.5634881],[0.3290595,46.563604],[0.3291488,46.5636613],[0.3293093,46.5637447],[0.3295336,46.5638543],[0.3295612,46.5638662],[0.3297144,46.5639147],[0.3297291,46.5639181],[0.3299137,46.5639572],[0.3299506,46.5639642],[0.3300299,46.5639772],[0.3301289,46.5640114],[0.3301814,46.5640278],[0.3303569,46.564077],[0.3305026,46.5641263],[0.3305641,46.564144],[0.3307208,46.5641846],[0.3307441,46.5641892],[0.3307693,46.5641949],[0.3309451,46.5642297],[0.3309719,46.5642344],[0.3309835,46.5642366],[0.3311407,46.5642607],[0.331244,46.5642714],[0.3313578,46.5642761],[0.331472,46.5642807],[0.3316047,46.564291],[0.3316387,46.5642929],[0.3317717,46.564299],[0.3317924,46.5642995],[0.3319054,46.564296],[0.3320677,46.5642794],[0.3321422,46.5642698],[0.332585,46.5641903],[0.3327789,46.564161],[0.332797,46.5641583],[0.3329508,46.5641323],[0.3330363,46.5641138],[0.3332242,46.564062],[0.3334072,46.5640141],[0.333484,46.5639904],[0.3335036,46.5639826],[0.3337561,46.5638822],[0.3337954,46.5638648],[0.3338211,46.563853],[0.3339895,46.5637752],[0.3340211,46.5637605],[0.3340275,46.5637577],[0.3341034,46.5637206],[0.3341383,46.5637039],[0.3341596,46.5636943],[0.3341733,46.5636863],[0.3342111,46.5636669],[0.334341,46.5635902],[0.3343454,46.5635882],[0.3344552,46.5635223],[0.3346521,46.563439],[0.3346794,46.5634263],[0.3347311,46.5634019],[0.3348174,46.5633611],[0.3348858,46.5633237],[0.3349319,46.5632952],[0.3350289,46.5632178],[0.3350334,46.5632148],[0.335046,46.5632058],[0.3350717,46.5631922],[0.3351308,46.56317],[0.3351352,46.5631692],[0.335156,46.5631686],[0.335306,46.5631924],[0.3356358,46.5631399],[0.3356512,46.5631299],[0.3358964,46.562964],[0.3359534,46.5628968],[0.3359835,46.5628505],[0.3361742,46.5628049],[0.3363067,46.562764],[0.3364038,46.5627724],[0.336734,46.5627198],[0.3367886,46.5626923],[0.3368346,46.5626893],[0.336887,46.5626834],[0.3370392,46.5626645],[0.3371185,46.5626458],[0.3372295,46.5626189],[0.3373279,46.5625792],[0.3374536,46.5625249],[0.3376524,46.5623936],[0.3377291,46.5623146],[0.3377947,46.5622159],[0.3378488,46.5621038],[0.3379427,46.5620343],[0.3380217,46.5619647],[0.3381235,46.5618546],[0.3381821,46.5617465],[0.3376024,46.5615081],[0.3375689,46.5616168],[0.3374705,46.5617228],[0.337349,46.56181],[0.3372572,46.5619018],[0.3372127,46.5619938],[0.337173,46.5620768],[0.3371247,46.5621268],[0.3371314,46.5621984],[0.3371234,46.5622421],[0.3371218,46.5622739],[0.3370284,46.5622441],[0.3370041,46.5622608],[0.3367765,46.5623395],[0.3364493,46.5623073],[0.3364489,46.5623073],[0.3364258,46.5623231],[0.3362757,46.5623001],[0.3361129,46.562327],[0.3359638,46.5623798],[0.3357252,46.5624356],[0.335517,46.5624532],[0.3354463,46.5625047],[0.3354733,46.5625299],[0.3354277,46.5625473],[0.335429,46.5625861],[0.335383,46.562676],[0.335328,46.5627432],[0.3352709,46.5627255],[0.3352534,46.5627231],[0.33525,46.5627282],[0.3352052,46.5627392],[0.3350725,46.5627525],[0.3349472,46.5627661],[0.3349144,46.5627724],[0.3348711,46.5627836],[0.3347972,46.5628034],[0.3347399,46.5628216],[0.3346812,46.5628437],[0.3346073,46.5628727],[0.3346041,46.5628746],[0.3346025,46.5628751],[0.3346013,46.5628755],[0.3345308,46.562924],[0.3344917,46.5629619],[0.334446,46.5629906],[0.3343076,46.5630558],[0.3340671,46.5631585],[0.3339174,46.563247],[0.3337878,46.5633248],[0.3337665,46.5633344],[0.3336542,46.5633871],[0.3334296,46.5634923],[0.3331758,46.5635936],[0.3329865,46.5636424],[0.3327943,46.5636952],[0.3326405,46.5637212],[0.3324329,46.5637522],[0.3320695,46.5638183],[0.3320577,46.5638201],[0.3320545,46.5638211],[0.331977,46.5638345],[0.3318266,46.5638494],[0.3318144,46.5638502],[0.3316799,46.563844],[0.3315308,46.5638323],[0.3313978,46.5638272],[0.331284,46.5638226],[0.331125,46.5637974],[0.3309488,46.5637626],[0.3307924,46.5637231],[0.3306248,46.5636651],[0.3304229,46.5636104],[0.3302596,46.5635533],[0.3301068,46.5635273],[0.3299191,46.5634871],[0.3299071,46.5634847],[0.3298144,46.5634407],[0.3297046,46.563388],[0.3295457,46.5633036],[0.3294615,46.5632383],[0.3293973,46.5631897],[0.329287,46.5631043],[0.3292469,46.5630748],[0.3292314,46.5630632],[0.3290757,46.5629144],[0.3290292,46.5628652],[0.328963,46.5628228],[0.3289504,46.5628082],[0.3289026,46.5627529],[0.3288387,46.5626983],[0.3288179,46.5626753],[0.3286478,46.5624842],[0.3286069,46.5624383],[0.3284386,46.562274],[0.328341,46.5621785],[0.3283016,46.5621357],[0.3277759,46.5624045]]],[[[0.3408695,46.5556951],[0.3408693,46.5557001],[0.3409393,46.556633],[0.3409514,46.5568736],[0.3409589,46.5568982],[0.3409977,46.5570166],[0.3409692,46.5570232],[0.3409676,46.5570235],[0.3409823,46.5572116],[0.3416339,46.5571573],[0.341527,46.5557339],[0.3417623,46.5550155],[0.3418427,46.5547005],[0.3412779,46.5547384],[0.341166,46.5547501],[0.3411109,46.5547561],[0.3410575,46.5550074],[0.3410162,46.555178],[0.3409629,46.5553629],[0.3408695,46.5556951]]],[[[0.3141947,46.5533813],[0.3141882,46.5532195],[0.3141628,46.5531004],[0.3141376,46.5531571],[0.3140061,46.5534565],[0.3139259,46.5536367],[0.3138609,46.5537863],[0.3135941,46.5537872],[0.3132385,46.5537523],[0.312907,46.5537455],[0.3128206,46.5536689],[0.3126732,46.5536798],[0.3124652,46.5537812],[0.3123896,46.5538131],[0.3120979,46.5538972],[0.3118813,46.5539669],[0.3117254,46.5539969],[0.3115222,46.554033],[0.3113614,46.5537511],[0.3111186,46.5536851],[0.3109112,46.553713],[0.3105303,46.5538319],[0.3102582,46.5539165],[0.3102131,46.5539245],[0.3103279,46.5539732],[0.310584,46.5540376],[0.3107202,46.5540408],[0.3109623,46.5539944],[0.3111697,46.5540555],[0.3115335,46.5541068],[0.3116462,46.5541024],[0.3118783,46.5540833],[0.3120123,46.554067],[0.3121402,46.5540312],[0.3122936,46.5539866],[0.3123694,46.5539527],[0.3125311,46.5540332],[0.3126552,46.554075],[0.3127873,46.5540975],[0.3130065,46.5541027],[0.3131427,46.5541059],[0.3132767,46.5540895],[0.3134884,46.5540383],[0.3137283,46.5539499],[0.313811,46.5538926],[0.3139092,46.5538253],[0.3140046,46.5537581],[0.3140767,46.553678],[0.3141237,46.5535902],[0.3141947,46.5533813]]],[[[0.3702701,46.629524],[0.3702985,46.6296647],[0.370335,46.6298454],[0.3705975,46.630704],[0.3705868,46.6308029],[0.3707039,46.6307759],[0.3710098,46.6307052],[0.3712466,46.6306596],[0.3718562,46.6305407],[0.3718756,46.630537],[0.371788,46.6303275],[0.3716498,46.6300862],[0.3718318,46.63003],[0.3723517,46.6298672],[0.372481,46.6301053],[0.3725921,46.6300812],[0.372598,46.6300793],[0.3726056,46.6300774],[0.3729426,46.6299891],[0.3728879,46.6298867],[0.3726752,46.6294975],[0.3732321,46.6293967],[0.3743261,46.6291734],[0.3744204,46.6291541],[0.3744486,46.6292763],[0.374467,46.6293585],[0.3747378,46.6293167],[0.3747631,46.6293133],[0.3749071,46.6292807],[0.3750466,46.6292501],[0.3749924,46.6290487],[0.3763461,46.6287944],[0.376319,46.6287131],[0.3764099,46.6286988],[0.3765942,46.6286683],[0.3766136,46.6286656],[0.3765347,46.6284542],[0.3765097,46.6283873],[0.3755656,46.6284873],[0.373101,46.6289511],[0.3719053,46.6290955],[0.3711743,46.6290234],[0.3706647,46.628973],[0.3706682,46.6291696],[0.3706688,46.6292613],[0.3705957,46.6293301],[0.3705819,46.6293706],[0.3705158,46.6293845],[0.3704236,46.6294243],[0.3703415,46.6294592],[0.3703243,46.6294823],[0.3702973,46.6295124],[0.3702776,46.6295221],[0.3702701,46.629524]]],[[[0.3325315,46.6283787],[0.3326638,46.6284012],[0.3327319,46.6284049],[0.3328168,46.6284017],[0.3329541,46.6283845],[0.3330624,46.6283522],[0.33321,46.628279],[0.3333092,46.6281934],[0.333375,46.6280917],[0.3334091,46.6279709],[0.3333949,46.6278693],[0.3333925,46.6278538],[0.3333312,46.6277442],[0.3332593,46.6276668],[0.3331006,46.6275741],[0.3329383,46.6275245],[0.3327966,46.6275089],[0.3327759,46.6275064],[0.3326333,46.6275111],[0.3324454,46.6275589],[0.3322994,46.6276312],[0.332199,46.6277178],[0.3321331,46.6278153],[0.3321002,46.6279404],[0.3321208,46.6280656],[0.332177,46.6281671],[0.3322419,46.6282351],[0.3323006,46.6282792],[0.3324072,46.6283369],[0.3325315,46.6283787]]],[[[0.3344139,46.628538],[0.3344391,46.6286654],[0.3344903,46.6287646],[0.3346139,46.6288769],[0.3347209,46.6289347],[0.3348452,46.6289763],[0.3350456,46.6290024],[0.3352496,46.6289857],[0.3353762,46.6289499],[0.3354902,46.6288973],[0.3355837,46.62883],[0.3356559,46.6287499],[0.3357034,46.6286621],[0.3357229,46.6285684],[0.3357125,46.6284753],[0.3356738,46.6283844],[0.3356096,46.6283011],[0.3355229,46.6282295],[0.3354143,46.6281719],[0.3352916,46.6281302],[0.3350896,46.6281039],[0.3349737,46.6281074],[0.3348265,46.6281407],[0.3347591,46.6281566],[0.3346466,46.6282091],[0.3345123,46.6283154],[0.3344852,46.6283567],[0.3344516,46.6284101],[0.3344139,46.628538]]],[[[0.3498394,46.5697543],[0.3498915,46.5697555],[0.3499074,46.569759],[0.3499239,46.5697562],[0.3499756,46.5697574],[0.3501101,46.5697411],[0.3502376,46.5697063],[0.3503498,46.5696537],[0.3504449,46.5695854],[0.3504734,46.5695544],[0.350484,46.5695475],[0.3504875,46.5695383],[0.3505169,46.5695063],[0.3505644,46.5694174],[0.3505822,46.5693248],[0.3505734,46.5692306],[0.3505347,46.5691407],[0.3505097,46.5691074],[0.3505059,46.5690972],[0.350496,46.5690897],[0.3504706,46.5690574],[0.3503824,46.5689848],[0.3502755,46.5689272],[0.3501517,46.5688865],[0.3500191,46.568864],[0.3499674,46.5688628],[0.3499511,46.5688594],[0.3499349,46.568862],[0.3498829,46.5688608],[0.3497473,46.5688771],[0.349621,46.5689121],[0.3495075,46.5689646],[0.3494136,46.5690329],[0.3493855,46.569064],[0.3493745,46.569071],[0.3493697,46.569081],[0.3493415,46.5691131],[0.3492941,46.569201],[0.3492751,46.5692945],[0.349285,46.5693878],[0.3493237,46.5694786],[0.3493488,46.5695119],[0.3493526,46.5695213],[0.3493628,46.5695287],[0.3493879,46.5695609],[0.3494749,46.5696335],[0.349583,46.5696911],[0.3497057,46.5697317],[0.3498394,46.5697543]]],[[[0.3549435,46.5687642],[0.3533631,46.5705115],[0.3533231,46.5706005],[0.3533543,46.5706912],[0.3534474,46.5707588],[0.3535762,46.5707864],[0.3537078,46.5707648],[0.3538073,46.5707017],[0.3553877,46.5689546],[0.3554277,46.5688655],[0.3553964,46.5687747],[0.3553033,46.5687072],[0.3551741,46.5686797],[0.355043,46.5687012],[0.3549435,46.5687642]]],[[[0.3370858,46.567103],[0.3372536,46.5670937],[0.337416,46.5670505],[0.3375566,46.5669883],[0.3376636,46.5668916],[0.3377467,46.566771],[0.3377619,46.566669],[0.3377525,46.5665656],[0.3376856,46.5664424],[0.3376042,46.5663515],[0.3374541,46.5662724],[0.3372963,46.5662207],[0.3371298,46.5662046],[0.3369481,46.5662167],[0.3368012,46.5662572],[0.33666,46.5663224],[0.3365532,46.566416],[0.3364818,46.5665135],[0.3364549,46.5666386],[0.3364747,46.5667791],[0.3365312,46.5668652],[0.3366383,46.5669741],[0.3367631,46.5670353],[0.3369056,46.5670856],[0.3370858,46.567103]]],[[[0.30594,46.5652354],[0.3065515,46.5651301],[0.3067622,46.5650932],[0.3069478,46.5653561],[0.307013,46.5654488],[0.3070765,46.5655433],[0.3072255,46.5657409],[0.3073239,46.5658741],[0.3074158,46.5659969],[0.3075112,46.5661351],[0.307646,46.5663192],[0.3077349,46.5664389],[0.3078184,46.5665492],[0.3079084,46.5666699],[0.3079964,46.5667844],[0.3080782,46.5668977],[0.3081362,46.566985],[0.3082486,46.5670193],[0.3083677,46.5670989],[0.3085083,46.5671879],[0.3086478,46.567275],[0.308704,46.5673111],[0.3087922,46.5673827],[0.3088977,46.567467],[0.3089832,46.5675375],[0.3090544,46.5675954],[0.3092313,46.5677365],[0.3092813,46.5677786],[0.3092881,46.5677839],[0.3092967,46.5677913],[0.3094294,46.5678977],[0.3094823,46.5679377],[0.309753,46.5681537],[0.3100011,46.5683517],[0.3102168,46.5685233],[0.3103066,46.568594],[0.3100132,46.5687741],[0.3102471,46.5689575],[0.3105838,46.5690993],[0.3103256,46.5693519],[0.3105252,46.5694751],[0.3110671,46.569129],[0.3111856,46.5692534],[0.3113024,46.5693799],[0.3114264,46.5695126],[0.3111901,46.5696144],[0.31135,46.5697644],[0.3113598,46.5697738],[0.3115102,46.5699419],[0.3116288,46.5700644],[0.3116655,46.5700979],[0.3118032,46.5702216],[0.3119485,46.5703437],[0.3120267,46.570411],[0.312112,46.5704538],[0.3123304,46.5705621],[0.3124813,46.5705699],[0.3125819,46.5707226],[0.3126527,46.5707906],[0.3126652,46.5708063],[0.3127491,46.5708768],[0.3128132,46.5709283],[0.3128947,46.5709926],[0.3128701,46.5710064],[0.3129356,46.5710365],[0.3129617,46.5710493],[0.3130662,46.5711223],[0.3131791,46.5712026],[0.3133196,46.5713021],[0.3133896,46.5713516],[0.313429,46.5713802],[0.3134744,46.5714121],[0.313533,46.5714553],[0.3136111,46.5715091],[0.313679,46.5715558],[0.3137309,46.5715908],[0.3138044,46.5716273],[0.3139222,46.571677],[0.3140021,46.5717106],[0.3142027,46.5717593],[0.3143267,46.5717959],[0.3144703,46.5718331],[0.3145524,46.5718534],[0.3145729,46.5718579],[0.3146843,46.571881],[0.3145632,46.5716655],[0.3146107,46.5716637],[0.3148334,46.5716546],[0.3147852,46.5715838],[0.314456,46.5713441],[0.314217,46.5712566],[0.3141725,46.5712291],[0.3134808,46.5707109],[0.3133684,46.570645],[0.3132451,46.5705868],[0.3131295,46.5705319],[0.3129704,46.5704515],[0.3128807,46.5704035],[0.3128073,46.5703567],[0.3127628,46.5703301],[0.3127051,46.5702991],[0.3126113,46.5702469],[0.3125177,46.5701905],[0.3124803,46.5701692],[0.3124486,46.5701521],[0.312363,46.5701091],[0.3119028,46.5698878],[0.3118468,46.5698466],[0.3118226,46.5698297],[0.3117539,46.5697759],[0.3116796,46.5697251],[0.3116503,46.5696283],[0.3116683,46.5695336],[0.3116238,46.5693547],[0.3116087,46.5693278],[0.3116088,46.5692061],[0.3115931,46.5691035],[0.3115555,46.5689923],[0.311496,46.5688804],[0.3114693,46.5688492],[0.3113428,46.5687133],[0.3112373,46.5686271],[0.3110375,46.5684986],[0.3109378,46.5684471],[0.3109017,46.5684321],[0.3107296,46.5683688],[0.3106648,46.5683314],[0.310613,46.5683026],[0.3105792,46.568264],[0.3105601,46.5682298],[0.3105522,46.5682153],[0.3104892,46.5681095],[0.3104615,46.5680691],[0.3103823,46.5679895],[0.310331,46.5679484],[0.3102802,46.5678993],[0.3102075,46.5678402],[0.3101487,46.5678],[0.3100376,46.5677084],[0.3100107,46.5676822],[0.3099239,46.5676056],[0.3097247,46.5674425],[0.3094935,46.5672592],[0.3094061,46.5671958],[0.3092456,46.5670897],[0.3091094,46.5669996],[0.309004,46.5669349],[0.3089389,46.566873],[0.3088188,46.5667885],[0.3085792,46.566657],[0.3084545,46.5665407],[0.3082544,46.5664173],[0.3077935,46.5662439],[0.3072321,46.5655438],[0.3072569,46.5653748],[0.3073521,46.5651857],[0.3074323,46.5650619],[0.3076091,46.5649331],[0.3076802,46.5647242],[0.307666,46.5645359],[0.3075239,46.5643178],[0.3074261,46.5639025],[0.3073161,46.5636627],[0.3071845,46.5634236],[0.3070449,46.5631238],[0.3068035,46.5628227],[0.3064467,46.5628747],[0.3064207,46.563195],[0.3063727,46.563475],[0.306563,46.5638833],[0.3066375,46.5641753],[0.3065283,46.5645837],[0.3063314,46.5647539],[0.3059957,46.5651314],[0.30594,46.5652354]]],[[[0.3147982,46.5715895],[0.3148334,46.5716546],[0.3147994,46.5715903],[0.3147982,46.5715895]]],[[[0.351498,46.5892553],[0.3510039,46.5894688],[0.3511058,46.5895346],[0.3515811,46.5898589],[0.3519902,46.5896536],[0.3520543,46.5896183],[0.3523174,46.5894485],[0.3523798,46.5894142],[0.352572,46.5893308],[0.3526662,46.58929],[0.3527075,46.5892614],[0.352873,46.5891476],[0.3529487,46.5890594],[0.35301,46.5889913],[0.3531244,46.5889203],[0.3531761,46.588897],[0.3534686,46.5887667],[0.3536198,46.5886733],[0.3539183,46.5884204],[0.3539355,46.5884055],[0.3542834,46.5881119],[0.3543811,46.5880539],[0.3544925,46.587988],[0.354537,46.5879523],[0.3545255,46.5878896],[0.3544704,46.5878629],[0.3540146,46.5879064],[0.3537626,46.5879292],[0.3537347,46.5879316],[0.353712,46.5879382],[0.3536952,46.587946],[0.3536798,46.5879548],[0.3536556,46.5879707],[0.3536295,46.5879895],[0.3535216,46.5880729],[0.3533844,46.588178],[0.3532781,46.5882584],[0.3531812,46.5883339],[0.3531535,46.5883536],[0.3531351,46.5883696],[0.3531118,46.5883896],[0.3531026,46.5883934],[0.3530611,46.5884251],[0.3529817,46.5884693],[0.3528607,46.5885227],[0.3526304,46.5886237],[0.3526159,46.5886301],[0.3526151,46.5886306],[0.3526135,46.5886314],[0.3525816,46.5886512],[0.3525622,46.5886383],[0.3521958,46.5888602],[0.351498,46.5892553]]],[[[0.3553852,46.5838001],[0.3553974,46.5838239],[0.3554119,46.5838315],[0.3556895,46.5839769],[0.3561202,46.5842035],[0.356237,46.5844628],[0.3562078,46.5844826],[0.3562137,46.5844817],[0.356675,46.5844454],[0.3571165,46.5844187],[0.3575401,46.5843406],[0.357823,46.5842868],[0.3582731,46.5841398],[0.3585948,46.5840225],[0.3590087,46.5838368],[0.3590153,46.5838472],[0.3590353,46.5838957],[0.3590492,46.5839164],[0.3590927,46.5839644],[0.3590703,46.5839711],[0.3590021,46.584027],[0.3589858,46.5840404],[0.3589965,46.5840479],[0.3588337,46.5841769],[0.3588231,46.5841742],[0.3588057,46.5841963],[0.35876,46.5842498],[0.3587474,46.5842644],[0.3587167,46.5842962],[0.3587006,46.5843102],[0.3586744,46.5843319],[0.3586442,46.5843522],[0.3585617,46.5844025],[0.358508,46.5844365],[0.3581468,46.5846347],[0.3576442,46.5847886],[0.3574445,46.5848412],[0.357387,46.5848369],[0.3570364,46.5848819],[0.3573828,46.5853686],[0.3573863,46.5853685],[0.3575936,46.5853457],[0.3582384,46.5851939],[0.3582972,46.5851779],[0.3586929,46.5850541],[0.3587308,46.5850407],[0.3589772,46.5848818],[0.3590072,46.5848457],[0.3591311,46.5846748],[0.3593181,46.5845463],[0.359566,46.5843567],[0.3596669,46.5843211],[0.3598436,46.584226],[0.3600312,46.5840843],[0.3601253,46.5840128],[0.3602114,46.5839831],[0.3604456,46.584012],[0.3604722,46.5840126],[0.3606577,46.5840118],[0.3608005,46.5839997],[0.3609858,46.5839704],[0.3611472,46.5839403],[0.3612339,46.583931],[0.3613323,46.5839149],[0.3614314,46.5838926],[0.3615395,46.5838613],[0.361786,46.5837025],[0.3618193,46.5836615],[0.3618589,46.5836039],[0.3619241,46.5834236],[0.3618477,46.583197],[0.3616157,46.5830258],[0.3613135,46.5829598],[0.3612071,46.5829552],[0.3611493,46.5829519],[0.3610676,46.5829541],[0.3607276,46.5829655],[0.3605024,46.5828071],[0.3602059,46.5827461],[0.3602693,46.5826024],[0.3602652,46.5824684],[0.3601892,46.5822672],[0.3601217,46.5821951],[0.3600445,46.5821291],[0.3598373,46.5822796],[0.3598218,46.5822936],[0.3595869,46.5824568],[0.3595163,46.5825053],[0.3595254,46.5825035],[0.3595449,46.5825294],[0.3595852,46.5826122],[0.3595867,46.5826142],[0.3595971,46.5826738],[0.3596067,46.5827262],[0.359422,46.5827679],[0.3591314,46.5828349],[0.3591267,46.5828357],[0.3590155,46.5828658],[0.3589027,46.5829369],[0.3588994,46.5829388],[0.3585597,46.5831538],[0.3584398,46.5832185],[0.3582872,46.5833009],[0.3582627,46.583289],[0.358209,46.5832633],[0.358177,46.583285],[0.358077,46.5833583],[0.3579788,46.5834287],[0.3579858,46.583436],[0.3578706,46.5835171],[0.3578601,46.5835231],[0.3578174,46.5835466],[0.3577049,46.5836033],[0.3576457,46.5836275],[0.3575896,46.5836518],[0.3575444,46.5836711],[0.3574178,46.5837438],[0.3574728,46.5838627],[0.3574795,46.5838771],[0.3574466,46.5838845],[0.3573431,46.5839099],[0.3572951,46.5839209],[0.3572575,46.5838393],[0.3570822,46.5838731],[0.3570808,46.5838454],[0.3570463,46.583821],[0.3569964,46.5837842],[0.3569473,46.5837851],[0.3569475,46.5838138],[0.3569427,46.5838166],[0.3568802,46.5838848],[0.3568202,46.583869],[0.3566926,46.5838395],[0.356611,46.5838408],[0.3566095,46.5838408],[0.3565678,46.5838111],[0.3569433,46.5837154],[0.3575924,46.5835055],[0.3579983,46.5833004],[0.3585775,46.5829733],[0.3589804,46.5826769],[0.3592488,46.5824603],[0.3593958,46.5823635],[0.3597719,46.5819797],[0.3597047,46.5819587],[0.3595756,46.5818648],[0.3591965,46.5822219],[0.3580575,46.5831136],[0.3569575,46.5834541],[0.3562725,46.5836039],[0.3559836,46.583635],[0.3558891,46.5836268],[0.3553852,46.5838001]]],[[[0.3592815,46.5817864],[0.3592183,46.5817726],[0.3591708,46.5817726],[0.3589883,46.5817775],[0.358707,46.5818303],[0.3585794,46.5818918],[0.3581289,46.5821687],[0.3580472,46.5822291],[0.3578321,46.5824204],[0.3575821,46.5825312],[0.357521,46.5825615],[0.3571704,46.5827599],[0.3568214,46.5828335],[0.356441,46.5828852],[0.3558127,46.5828756],[0.3557364,46.5827696],[0.3556259,46.582388],[0.3556496,46.5820869],[0.3556529,46.5820502],[0.3552918,46.5820674],[0.3552922,46.5819958],[0.3552465,46.5819917],[0.3552166,46.5819941],[0.3550097,46.5820098],[0.3549665,46.5820762],[0.3549128,46.5825103],[0.3548613,46.5825134],[0.3548821,46.5826834],[0.3549462,46.5826778],[0.3549847,46.5829824],[0.355118,46.5829579],[0.3552643,46.5829325],[0.3553329,46.5829239],[0.3553323,46.5829127],[0.3554757,46.5828894],[0.3556355,46.5828615],[0.3556895,46.5829433],[0.3557377,46.5830161],[0.3557585,46.5830482],[0.3558565,46.5831936],[0.3556867,46.5832438],[0.3557345,46.5833237],[0.3557596,46.5833642],[0.3557667,46.5833633],[0.3558641,46.5833431],[0.3559022,46.5833265],[0.3559234,46.5833179],[0.3559354,46.5833129],[0.3560092,46.5832861],[0.3560592,46.5832659],[0.3561272,46.5832367],[0.3562138,46.583254],[0.3562597,46.5832622],[0.3563199,46.5832739],[0.3563424,46.5832692],[0.3564486,46.5832462],[0.3565085,46.5832322],[0.356588,46.5832167],[0.3566451,46.5832046],[0.3567076,46.5831917],[0.3567545,46.5832031],[0.3568029,46.5832145],[0.3568266,46.5832202],[0.3568704,46.5832304],[0.356976,46.5832512],[0.3570129,46.5832582],[0.3570245,46.5832604],[0.3570583,46.5832674],[0.3571771,46.5832354],[0.357273,46.5832143],[0.3572849,46.5832102],[0.3573121,46.5831996],[0.3573831,46.5831736],[0.3575177,46.5831237],[0.357617,46.583089],[0.3576186,46.5830882],[0.3577512,46.5830136],[0.3577573,46.5830085],[0.3577971,46.582988],[0.357841,46.5829633],[0.3578715,46.5829489],[0.3579371,46.5829146],[0.3580512,46.5828814],[0.3581159,46.5828645],[0.3581747,46.5828413],[0.3582365,46.5828192],[0.3583078,46.5827881],[0.3585109,46.5825771],[0.3585688,46.5825385],[0.3586933,46.5824536],[0.3587227,46.5824277],[0.3587569,46.5823938],[0.3587755,46.5823737],[0.3587772,46.5823727],[0.3588829,46.5822687],[0.3589452,46.5821159],[0.3588538,46.5819247],[0.3592141,46.5818901],[0.3592883,46.5818888],[0.3592828,46.5817925],[0.3592815,46.5817864]]],[[[0.3541128,46.5772837],[0.3541192,46.5774914],[0.3541279,46.5775857],[0.3541932,46.5777355],[0.3542801,46.5779306],[0.3542732,46.5780726],[0.3542687,46.5782226],[0.3542774,46.5782607],[0.3543832,46.5782457],[0.3546878,46.5782047],[0.3548702,46.5787171],[0.3549648,46.579214],[0.3551137,46.5792],[0.3552063,46.5791898],[0.3553194,46.5791781],[0.355438,46.57918],[0.3554992,46.579905],[0.3555392,46.5804222],[0.3555755,46.5808043],[0.3556193,46.5813389],[0.3556609,46.5819418],[0.355661,46.581941],[0.3557045,46.5813839],[0.3557066,46.5813399],[0.3557087,46.5813307],[0.3557132,46.5812379],[0.35574,46.5808315],[0.35574,46.5808306],[0.3557635,46.5804765],[0.3557637,46.5804713],[0.3557628,46.5804263],[0.3557379,46.5801724],[0.3557346,46.5801516],[0.3557013,46.5799496],[0.355682,46.5798295],[0.3556372,46.579293],[0.3556325,46.5792591],[0.3555182,46.5786584],[0.3555057,46.57861],[0.3553229,46.5780977],[0.3552137,46.5777866],[0.3551964,46.5777401],[0.3552519,46.5772743],[0.3548086,46.5772099],[0.3547616,46.5772025],[0.3541625,46.5771807],[0.3541128,46.5772837]]],[[[0.3738072,46.633468],[0.373989,46.6338464],[0.374256,46.6343145],[0.3745449,46.6347259],[0.3750596,46.6345741],[0.3753551,46.6344501],[0.3751217,46.634181],[0.3745597,46.6332502],[0.3740938,46.6333672],[0.3738072,46.633468]]],[[[0.3560474,46.6323093],[0.3560605,46.6323147],[0.3562745,46.6322461],[0.356312,46.6322343],[0.3567177,46.632105],[0.356752,46.6320933],[0.3567795,46.632084],[0.3566995,46.632075],[0.3565691,46.6320791],[0.3564575,46.6320826],[0.356287,46.6321104],[0.3562141,46.6321415],[0.3561071,46.632236],[0.3560474,46.6323093]]],[[[0.3763899,46.6379451],[0.3765181,46.6380534],[0.3765874,46.6381285],[0.376669,46.6380808],[0.3764779,46.6379011],[0.3763899,46.6379451]]],[[[0.2718439,46.6222831],[0.271906,46.6222897],[0.2719914,46.6222999],[0.2720028,46.6223074],[0.2720128,46.6223189],[0.2720231,46.6223477],[0.2720403,46.6223645],[0.2720681,46.6223662],[0.2721071,46.622362],[0.2722554,46.6223635],[0.2723797,46.6223716],[0.2726081,46.6223708],[0.272903,46.6224045],[0.2729615,46.6223313],[0.2731394,46.6223355],[0.2734601,46.6223953],[0.2735235,46.6224139],[0.2735235,46.6224137],[0.2735266,46.6223999],[0.2735243,46.6223814],[0.2735166,46.6223629],[0.2735041,46.6223472],[0.2734868,46.6223325],[0.2734654,46.6223207],[0.2734403,46.622313],[0.2734138,46.6223082],[0.2725457,46.6222539],[0.2723534,46.622239],[0.2722633,46.6222358],[0.2721222,46.6221794],[0.2720514,46.6221664],[0.2719835,46.6221608],[0.2719415,46.6221679],[0.2719069,46.6221773],[0.271886,46.622187],[0.2718545,46.622222],[0.271842,46.6222587],[0.2718439,46.6222831]]],[[[0.3461568,46.5157759],[0.3462926,46.5158732],[0.3461774,46.5159328],[0.3462794,46.5159925],[0.3463145,46.5159717],[0.346435,46.5159009],[0.3465384,46.5158103],[0.3466341,46.5157031],[0.3466393,46.5156938],[0.3465979,46.5157156],[0.3465751,46.5157017],[0.3465579,46.515684],[0.3464393,46.5155943],[0.3462497,46.5157177],[0.3461568,46.5157759]]],[[[0.3430264,46.5199066],[0.3430468,46.5199142],[0.3431865,46.5199656],[0.3433918,46.5199469],[0.343432,46.5199088],[0.3434412,46.5198396],[0.3433609,46.5197855],[0.3432458,46.5197206],[0.3431904,46.5196682],[0.3431113,46.5198371],[0.3430264,46.5199066]]],[[[0.3426093,46.5193471],[0.3428565,46.5193537],[0.3428566,46.5193517],[0.342847,46.5193065],[0.3428709,46.5192662],[0.3428608,46.5192006],[0.34263,46.5191961],[0.3426093,46.5193471]]],[[[0.3265587,46.6046036],[0.3265696,46.6045026],[0.3265547,46.6043826],[0.3265155,46.6043664],[0.3264674,46.6043469],[0.3263437,46.6043338],[0.3262269,46.6043565],[0.3261652,46.6043992],[0.3261164,46.604492],[0.3261313,46.6045792],[0.3261422,46.6046276],[0.3262353,46.6046963],[0.3263447,46.6047049],[0.3263741,46.6047056],[0.3264156,46.6047065],[0.3264911,46.6046788],[0.3265587,46.6046036]]],[[[0.3544849,46.5867417],[0.3545952,46.5867863],[0.3546296,46.5867491],[0.3546912,46.5867639],[0.354709,46.5867684],[0.3549904,46.5868025],[0.355081,46.5868015],[0.3551278,46.5868138],[0.3551617,46.5868188],[0.355116,46.5870242],[0.3550976,46.5870963],[0.3550708,46.5872203],[0.3553044,46.5869314],[0.3554231,46.5868033],[0.3555213,46.586735],[0.3556113,46.5866574],[0.3556835,46.5865445],[0.3557455,46.5863978],[0.3557716,46.5862879],[0.3557759,46.5862001],[0.3557186,46.5860322],[0.3559131,46.5859662],[0.3561595,46.5858073],[0.3562266,46.5857097],[0.3562894,46.5855783],[0.3563051,46.5855623],[0.3562533,46.5855232],[0.3562195,46.5854927],[0.3561439,46.5854267],[0.3560716,46.5853575],[0.3560379,46.585325],[0.3560319,46.5853197],[0.3560032,46.5852742],[0.3559767,46.5852377],[0.3559674,46.5852201],[0.3559595,46.5851955],[0.3559647,46.5851782],[0.3559574,46.585176],[0.3559564,46.5851719],[0.3559583,46.585133],[0.3559628,46.5850963],[0.3556944,46.5847314],[0.3556197,46.5846867],[0.355615,46.5846866],[0.3556198,46.5846837],[0.3555663,46.5847132],[0.3554407,46.584797],[0.3554526,46.5849231],[0.35551,46.5850808],[0.3555997,46.5852751],[0.3554359,46.5853234],[0.3553826,46.5853538],[0.3552815,46.5853864],[0.355212,46.5854123],[0.3552292,46.5854626],[0.3552242,46.5855005],[0.3551931,46.5855274],[0.3551775,46.5855741],[0.3551559,46.5856227],[0.3551263,46.5856505],[0.355152,46.5856716],[0.3552737,46.5856682],[0.3555114,46.585688],[0.3553097,46.5862426],[0.3552505,46.5862094],[0.3551261,46.5861483],[0.3550954,46.5860444],[0.3552216,46.5857958],[0.3550252,46.5857473],[0.3548915,46.5858771],[0.3548609,46.5859265],[0.3548348,46.5859781],[0.3549027,46.5860164],[0.3549953,46.5860891],[0.3550656,46.5861429],[0.3550234,46.5862113],[0.3549821,46.5862717],[0.355039,46.5862935],[0.3550164,46.5863553],[0.3549949,46.586402],[0.3549623,46.5864359],[0.3548453,46.5865201],[0.354652,46.5864164],[0.3546505,46.5864154],[0.3545931,46.5865],[0.3545489,46.5865531],[0.3546328,46.5865938],[0.3544849,46.5867417]]],[[[0.3108872,46.5503816],[0.3111243,46.5503886],[0.3130467,46.550477],[0.3130451,46.5506195],[0.3130693,46.5507407],[0.3131406,46.5509392],[0.3131831,46.5510312],[0.3132534,46.5511779],[0.3133062,46.5512833],[0.3134048,46.5514613],[0.313419,46.5514838],[0.3136648,46.5517822],[0.3136682,46.5517853],[0.3136689,46.5517854],[0.3136809,46.5517889],[0.3138877,46.5517987],[0.3139198,46.5518076],[0.3141013,46.5518518],[0.314572,46.5520161],[0.3153882,46.5523237],[0.3154927,46.5523015],[0.3155861,46.5522751],[0.3157836,46.5521478],[0.3158617,46.5519698],[0.3158562,46.5519053],[0.315819,46.5517306],[0.3157636,46.5516138],[0.3148444,46.5509084],[0.3144331,46.5506544],[0.3143609,46.5506169],[0.3142881,46.5505906],[0.3138471,46.5504617],[0.3137615,46.5504259],[0.313629,46.5504035],[0.3133588,46.5504164],[0.3130753,46.5503745],[0.3130476,46.5503705],[0.3126203,46.5500107],[0.312604,46.5499776],[0.3125179,46.5498313],[0.3124945,46.5497972],[0.3122764,46.5496521],[0.312082,46.5495678],[0.3120789,46.5495666],[0.3120778,46.5495655],[0.311998,46.5495309],[0.3117869,46.5494811],[0.3115111,46.5494581],[0.3114638,46.549455],[0.3111089,46.549559],[0.3109625,46.5496752],[0.3108771,46.549754],[0.3108519,46.5497801],[0.3107789,46.5499101],[0.3107506,46.5500302],[0.310744,46.5500771],[0.3107771,46.5502169],[0.3108302,46.5503142],[0.3108576,46.5503557],[0.3108872,46.5503816]]],[[[0.311367,46.6442642],[0.3114682,46.6444389],[0.3127464,46.6445578],[0.3128288,46.6447027],[0.3128326,46.6447591],[0.3128889,46.6447653],[0.3133297,46.6447558],[0.3134113,46.6446438],[0.3137563,46.6446364],[0.3148519,46.6446536],[0.3162929,46.6445525],[0.3172035,46.6443191],[0.317972,46.6440324],[0.3191357,46.6435201],[0.3189605,46.6434537],[0.3167924,46.6436322],[0.315734,46.6437194],[0.3131349,46.6440512],[0.3129398,46.644076],[0.311973,46.6441998],[0.3114895,46.6442475],[0.311367,46.6442642]]],[[[0.3235552,46.6483792],[0.3251969,46.6474543],[0.3247677,46.6470601],[0.3233132,46.64789],[0.3233171,46.6479298],[0.323226,46.6481778],[0.323495,46.6483424],[0.3235552,46.6483792]]],[[[0.3714961,46.5974722],[0.3714891,46.5973994],[0.371453,46.5973496],[0.3714024,46.5972942],[0.37133,46.5972578],[0.3712392,46.5972303],[0.3711507,46.597221],[0.3710645,46.5972282],[0.3709717,46.5972496],[0.3709018,46.5972827],[0.3708397,46.5973355],[0.370794,46.5973958],[0.3707853,46.5974559],[0.3707919,46.5975287],[0.3708279,46.5975796],[0.3708617,46.5976192],[0.3709513,46.5976713],[0.3710374,46.5976988],[0.3711271,46.5977081],[0.3712285,46.5977032],[0.3713097,46.5976796],[0.3713855,46.5976435],[0.3714413,46.5975937],[0.3714761,46.5975454],[0.3714961,46.5974722]]],[[[0.3310472,46.633073],[0.3312348,46.633063],[0.331382,46.6330542],[0.3315354,46.6330474],[0.3316139,46.6330472],[0.3317259,46.6330355],[0.3318331,46.6330259],[0.3319376,46.633015],[0.3319881,46.6330079],[0.3321137,46.6329925],[0.3322035,46.6329772],[0.3322799,46.6329626],[0.3323279,46.6329535],[0.332368,46.6329515],[0.3324054,46.6329492],[0.3324229,46.6328309],[0.3326508,46.6328087],[0.3326574,46.6327067],[0.3317824,46.6327875],[0.3315676,46.6327834],[0.3312766,46.6327787],[0.3309936,46.6327731],[0.3305278,46.6327429],[0.3302747,46.6330642],[0.3304746,46.6330668],[0.3306985,46.6330699],[0.3309091,46.6330727],[0.3310472,46.633073]]],[[[0.3015689,46.626084],[0.3014875,46.6261202],[0.3016596,46.6263026],[0.3017068,46.6262764],[0.3016464,46.6262115],[0.3015689,46.626084]]],[[[0.3180159,46.5635644],[0.3180189,46.5636218],[0.318093,46.5641633],[0.3181004,46.5642186],[0.3181298,46.5643153],[0.3183866,46.564854],[0.318426,46.5649194],[0.3185289,46.5650587],[0.3185363,46.5652429],[0.318538,46.5652716],[0.3185619,46.565448],[0.3185678,46.5654788],[0.3186187,46.5657029],[0.318664,46.5658092],[0.3191806,46.566635],[0.3191835,46.5666401],[0.3194616,46.5670718],[0.3197216,46.5674746],[0.3197425,46.5675038],[0.319856,46.5676097],[0.320855,46.5683017],[0.3214088,46.5686999],[0.3215043,46.5687809],[0.3216195,46.5688777],[0.3217606,46.5689657],[0.3221127,46.5691284],[0.3233052,46.5698636],[0.3236528,46.5701508],[0.3236887,46.5701773],[0.3238721,46.5703062],[0.3252118,46.5712453],[0.3252346,46.5712581],[0.3252448,46.5712676],[0.3256303,46.5715015],[0.3257171,46.5715464],[0.3258691,46.571594],[0.3263252,46.5716925],[0.3263295,46.5716937],[0.326695,46.5717685],[0.3268202,46.5718441],[0.3268374,46.5718537],[0.3270753,46.5719881],[0.3271419,46.5720203],[0.3271885,46.5720387],[0.3274874,46.5721449],[0.3278588,46.5722763],[0.3284484,46.5725608],[0.3284771,46.5725739],[0.3285048,46.5725857],[0.3289503,46.5726595],[0.3294194,46.5727951],[0.3294678,46.5727114],[0.3295179,46.572625],[0.3295183,46.572625],[0.329562,46.5726372],[0.3296024,46.5726921],[0.3297809,46.5725623],[0.3300929,46.5725124],[0.3303986,46.5725369],[0.3309468,46.5727878],[0.3317833,46.5731681],[0.332417,46.5733945],[0.3329513,46.5735604],[0.3333847,46.5736982],[0.334409,46.5740309],[0.3356656,46.5744383],[0.3372752,46.5749767],[0.3385254,46.5753727],[0.3383613,46.5752983],[0.3381641,46.57521],[0.3380009,46.5751488],[0.337812,46.5750781],[0.3374546,46.5749553],[0.3373274,46.5749195],[0.3371561,46.5748716],[0.3366827,46.5747021],[0.3361021,46.5745128],[0.3359595,46.5744563],[0.3358797,46.5744197],[0.335803,46.5743862],[0.3358101,46.5743609],[0.3358234,46.574305],[0.3358436,46.5742533],[0.3358865,46.574194],[0.3359581,46.5740914],[0.3359472,46.5740093],[0.3358897,46.573919],[0.3354658,46.5738284],[0.3345759,46.5735593],[0.3337606,46.573201],[0.3328862,46.5729219],[0.3324499,46.5727861],[0.3320705,46.5726259],[0.3317597,46.5725635],[0.3315126,46.5727908],[0.331467,46.5728736],[0.3314863,46.572967],[0.3313169,46.5728578],[0.3312538,46.572841],[0.3306566,46.5725673],[0.3305356,46.572494],[0.3304507,46.572442],[0.3303775,46.5723913],[0.3303476,46.57237],[0.3302152,46.5723138],[0.3300371,46.5722606],[0.3298185,46.5721543],[0.3297376,46.5721105],[0.3296569,46.572125],[0.3291359,46.5718633],[0.3288028,46.5716798],[0.3286626,46.571605],[0.3286265,46.5716471],[0.3285431,46.5717177],[0.3284149,46.5718209],[0.3282648,46.5717971],[0.3280833,46.5717509],[0.3278521,46.5716862],[0.327601,46.5716108],[0.3274951,46.5715655],[0.3274064,46.5715266],[0.3272996,46.5714995],[0.3271803,46.5714539],[0.3270185,46.5713662],[0.3268145,46.5713297],[0.3265184,46.5712626],[0.3261198,46.5711664],[0.3259799,46.5710864],[0.3260909,46.5709725],[0.326113,46.5709464],[0.3260938,46.5709387],[0.3260446,46.5709182],[0.3259965,46.5708997],[0.3260092,46.5708816],[0.3258226,46.5707853],[0.3258143,46.57078],[0.3256673,46.5706927],[0.3256934,46.5706709],[0.3255193,46.5705707],[0.3252935,46.5704273],[0.3254023,46.5703277],[0.3256147,46.5701353],[0.3251884,46.5698227],[0.3248952,46.5699918],[0.3248412,46.569917],[0.3247894,46.5699198],[0.3244671,46.570082],[0.3244212,46.5701055],[0.324249,46.5699982],[0.3242951,46.5699604],[0.3241546,46.569862],[0.3237772,46.5695506],[0.3225155,46.5687728],[0.3221257,46.568593],[0.3220106,46.5684963],[0.3218996,46.5684027],[0.3213239,46.5679875],[0.3212024,46.5679008],[0.3210487,46.567799],[0.3208881,46.567686],[0.3208706,46.5676825],[0.3208566,46.5676647],[0.3207296,46.5676239],[0.3206355,46.5675543],[0.3205437,46.5674836],[0.3205348,46.5674906],[0.3204248,46.5674073],[0.3203666,46.5673251],[0.3203192,46.5672924],[0.3201659,46.5670946],[0.3200932,46.5670029],[0.3200146,46.5668252],[0.3200094,46.5668108],[0.3198524,46.5665679],[0.3197807,46.5664569],[0.3192657,46.5656311],[0.3192128,46.565408],[0.3192109,46.5653896],[0.3191906,46.5652307],[0.3191977,46.5650856],[0.3192032,46.565006],[0.3192072,46.5649254],[0.3192076,46.5649162],[0.3192039,46.5648077],[0.3189967,46.564441],[0.3189401,46.5642925],[0.3188654,46.5641538],[0.3186699,46.5635797],[0.3187274,46.563018],[0.3192082,46.5622543],[0.3193521,46.5619183],[0.319692,46.5611269],[0.3200634,46.5605621],[0.3203873,46.5602476],[0.3205722,46.5599229],[0.3205726,46.5599224],[0.3205738,46.5599209],[0.3205948,46.5598844],[0.3206939,46.55971],[0.3209179,46.5594035],[0.3214304,46.5590137],[0.322357,46.5584333],[0.3227693,46.5581608],[0.3227436,46.5581418],[0.3227005,46.5581101],[0.3226019,46.5580352],[0.3225218,46.5579751],[0.3223373,46.5578706],[0.3223088,46.5578526],[0.3225454,46.5578295],[0.3227459,46.557824],[0.3229503,46.5578266],[0.3232234,46.5578413],[0.3233849,46.5578737],[0.3234621,46.5578734],[0.3237618,46.5579213],[0.3241028,46.5580141],[0.3243111,46.5580251],[0.3244699,46.557991],[0.3245276,46.5579894],[0.3247353,46.5579257],[0.3248254,46.557846],[0.325175,46.5575178],[0.3252278,46.5575273],[0.3253793,46.5577291],[0.3254263,46.5577691],[0.325546,46.5577729],[0.325677,46.5578178],[0.3258186,46.5578403],[0.325898,46.5578496],[0.3259843,46.5578413],[0.3262182,46.5578499],[0.3263133,46.557843],[0.3264028,46.5578318],[0.3264414,46.5578276],[0.3264866,46.5578244],[0.3264864,46.5578132],[0.3265395,46.5577286],[0.3265424,46.5576937],[0.3268442,46.5576836],[0.3268775,46.5577007],[0.3269098,46.5576719],[0.3270683,46.5575253],[0.3270995,46.5574965],[0.3271327,46.5575135],[0.3271542,46.5575241],[0.3271801,46.5575392],[0.3272528,46.5575746],[0.3272569,46.5575777],[0.3273123,46.557622],[0.3273179,46.5576283],[0.3273365,46.557648],[0.3273665,46.5576355],[0.3275756,46.5576077],[0.3278123,46.5576459],[0.3278685,46.5576739],[0.3279213,46.5576617],[0.3279398,46.5576756],[0.3279856,46.5577082],[0.328033,46.55774],[0.3280587,46.557664],[0.3281296,46.5576084],[0.3282172,46.5574827],[0.3282911,46.5573668],[0.3281904,46.5572796],[0.3281586,46.5572645],[0.3279612,46.5572077],[0.3277244,46.5571695],[0.3275976,46.5571584],[0.3274519,46.5571662],[0.3272432,46.5571941],[0.3270584,46.5572388],[0.3270193,46.5572543],[0.3268723,46.5573183],[0.3268304,46.5573265],[0.3266498,46.5573571],[0.3264397,46.5573756],[0.3263729,46.5573803],[0.3263193,46.5573862],[0.3262968,46.5573888],[0.3262089,46.5573999],[0.3260579,46.5574036],[0.3259864,46.5574059],[0.3259013,46.5573916],[0.325837,46.5573698],[0.325574,46.5573238],[0.3252218,46.5573135],[0.325216,46.5573133],[0.3248858,46.5573659],[0.3248662,46.5573737],[0.32465,46.5574606],[0.3243433,46.5575537],[0.3242748,46.5575612],[0.3242431,46.5575686],[0.3240018,46.5575026],[0.3239095,46.5574831],[0.3236094,46.5574352],[0.3234842,46.557424],[0.3234575,46.5574234],[0.3232071,46.5574248],[0.3229036,46.557478],[0.3227896,46.5575317],[0.3224661,46.5577203],[0.3223883,46.5577736],[0.3222691,46.5578711],[0.3222148,46.5579229],[0.3219108,46.5581039],[0.3209906,46.5586813],[0.3209461,46.558711],[0.3204331,46.5591018],[0.3203618,46.5591656],[0.3203322,46.5592016],[0.3201094,46.5595082],[0.3200853,46.5595454],[0.3198082,46.5600327],[0.3195308,46.5603012],[0.3195094,46.5603232],[0.319468,46.5603754],[0.3190965,46.5609412],[0.3190638,46.5609998],[0.3187255,46.5617912],[0.3185919,46.5621008],[0.3181273,46.5628382],[0.3180753,46.5629863],[0.3180159,46.5635644]]]]}}]}