{"type":"FeatureCollection","features":[{"type":"Feature","properties":{"id_map":86000001,"id_zone":"RNAT00000000001","id_gaspar":"86DDT20110001","nom":"Zone bleue : zone urbanisée soumise à un aléa faible à moyen, constructibilité sous conditions","codezone":"Zone bleue","typereg":"02","soumisalea":"oui","nomfic":null,"urlfic":"http://www.vienne.gouv.fr/Politiques-publiques/Environnement-risques-naturels-et-technologiques/Risques-naturels-et-technologiques-majeurs/Les-risques-naturels/Le-PPRI-de-la-vallee-du-Clain","srce_geom":"Plan cadastral informatisé assemblé au 1:5 000","srce_annee":"2012","precision":"M"},"geometry":{"type":"MultiPolygon","coordinates":[[[[0.3849088,46.6907253],[0.3850097,46.6907921],[0.3852381,46.6909189],[0.3860304,46.6912763],[0.3861323,46.6913227],[0.3865506,46.6915172],[0.3866638,46.691574],[0.3870751,46.6917928],[0.3874229,46.6919766],[0.3875798,46.6920211],[0.3882851,46.6915915],[0.388893,46.6922646],[0.3889337,46.6922512],[0.3894988,46.6920249],[0.3895144,46.6920109],[0.3895257,46.6919969],[0.3895263,46.6919836],[0.3895168,46.6919599],[0.3888774,46.6912329],[0.3884365,46.6907311],[0.3884446,46.6908387],[0.38849,46.6909491],[0.3886822,46.6911835],[0.3887953,46.6912985],[0.3889276,46.6916092],[0.3889194,46.6916908],[0.3888604,46.6917405],[0.3887799,46.6917499],[0.388606,46.6917152],[0.3883471,46.6915694],[0.3882268,46.6914808],[0.3879551,46.6912252],[0.3874242,46.690749],[0.3872034,46.6905221],[0.3871619,46.6904201],[0.3871607,46.6903229],[0.3871899,46.6902142],[0.3872568,46.6901226],[0.3873407,46.6900112],[0.3874568,46.6898185],[0.3874917,46.6896803],[0.3872622,46.6894226],[0.3869665,46.6890867],[0.386769,46.6888635],[0.3865676,46.688635],[0.3864818,46.6886872],[0.3864322,46.6886391],[0.3865199,46.6885797],[0.3863647,46.6884096],[0.3862291,46.6882573],[0.3860926,46.6881059],[0.3860628,46.6880736],[0.3860429,46.688022],[0.3860518,46.687968],[0.3860747,46.6879492],[0.3861211,46.6879461],[0.3862103,46.6879716],[0.3862825,46.6880122],[0.3860557,46.6877544],[0.3857519,46.6874082],[0.385715,46.6873665],[0.3855557,46.6871922],[0.3854484,46.6870722],[0.3852906,46.6868989],[0.3851752,46.6867675],[0.3851774,46.6867205],[0.3852123,46.686706],[0.3852525,46.6867027],[0.3853427,46.6867386],[0.3852447,46.6866443],[0.3850015,46.6863944],[0.3846123,46.6859941],[0.3845816,46.6859555],[0.3845679,46.6859859],[0.3845332,46.6859974],[0.3844932,46.6859965],[0.3843128,46.6857951],[0.3841876,46.6856542],[0.38399,46.6854361],[0.3838278,46.6852566],[0.3837604,46.6851804],[0.383649,46.6850543],[0.383543,46.6849394],[0.3833896,46.6847651],[0.3833416,46.6847089],[0.383222,46.6845763],[0.3831359,46.6844802],[0.3830498,46.6843833],[0.3830117,46.6843108],[0.3830301,46.6842713],[0.3830925,46.6842728],[0.3831656,46.684295],[0.3831083,46.68422],[0.3830598,46.6841515],[0.3830527,46.6841442],[0.38298,46.6840475],[0.3829355,46.6839851],[0.3827487,46.6837294],[0.3825883,46.6835131],[0.3824971,46.6833761],[0.3824609,46.683321],[0.3824209,46.6832609],[0.382414,46.6832494],[0.382393,46.6832225],[0.3823197,46.6831124],[0.3823057,46.6830926],[0.3822918,46.6830729],[0.3822239,46.6829732],[0.3820406,46.6827023],[0.3820833,46.6826808],[0.3820496,46.6826135],[0.3820253,46.6826201],[0.3819995,46.6826021],[0.3818944,46.6824445],[0.3818294,46.6823427],[0.3818264,46.6823397],[0.3818155,46.682322],[0.3817765,46.6823314],[0.3816513,46.682127],[0.3815781,46.6820068],[0.3814454,46.6818024],[0.3813637,46.6817464],[0.3813172,46.6816932],[0.3812715,46.6815572],[0.3812169,46.6814588],[0.3811841,46.6813998],[0.3809988,46.6812106],[0.3805717,46.6804567],[0.3805425,46.6805655],[0.3807765,46.6810154],[0.3813871,46.6820925],[0.3814593,46.6821022],[0.3815017,46.6821421],[0.381519,46.6821578],[0.3816409,46.6823661],[0.3816661,46.6824065],[0.3816703,46.6824403],[0.3816914,46.6825829],[0.381681,46.6826757],[0.3817015,46.6827149],[0.3818443,46.6827428],[0.3819273,46.682903],[0.3819232,46.682954],[0.3817681,46.6828729],[0.3816758,46.6828493],[0.381651,46.6828425],[0.3815561,46.6828057],[0.3814209,46.6828332],[0.3812471,46.6828702],[0.3809651,46.6829272],[0.3807386,46.682974],[0.3806981,46.6829762],[0.3806573,46.6829018],[0.3807023,46.6828885],[0.3810429,46.6828206],[0.3811135,46.6828068],[0.3811894,46.6827717],[0.3812533,46.6827416],[0.3812438,46.6827178],[0.3813048,46.6826906],[0.3813485,46.6826721],[0.3814542,46.6826071],[0.3814612,46.68255],[0.3814047,46.6824353],[0.3812398,46.6821903],[0.3811206,46.6821048],[0.3809839,46.6820087],[0.3808916,46.6818941],[0.3807545,46.6815945],[0.3806772,46.6814373],[0.3806385,46.6812882],[0.3805984,46.6810767],[0.3805293,46.6808729],[0.3804472,46.680695],[0.3803699,46.6805461],[0.3803265,46.6804602],[0.3802762,46.6803641],[0.3802763,46.6803621],[0.3802545,46.6802277],[0.3802705,46.6801064],[0.3802902,46.6799514],[0.3802912,46.6798984],[0.3802918,46.6798534],[0.3801646,46.6796],[0.3799773,46.6792666],[0.3798725,46.6790617],[0.3795551,46.6784372],[0.3793553,46.678084],[0.3793796,46.678012],[0.3794235,46.6778761],[0.3794386,46.6777741],[0.3793986,46.6776516],[0.3793209,46.677568],[0.3793086,46.6774482],[0.3792838,46.6773535],[0.379214,46.6771056],[0.3791316,46.6771221],[0.3791193,46.677311],[0.3791689,46.6775769],[0.3791819,46.6777714],[0.3791769,46.6778765],[0.3791492,46.6779852],[0.3789574,46.6780534],[0.3788437,46.6780989],[0.378806,46.6781726],[0.3787771,46.6783079],[0.3788117,46.678551],[0.3788123,46.6786287],[0.3787917,46.6787141],[0.3787316,46.6787945],[0.3785988,46.6788375],[0.3784343,46.6788613],[0.3782533,46.6788531],[0.3781018,46.6788261],[0.3779463,46.678753],[0.3778665,46.6786571],[0.3777089,46.678163],[0.376835,46.6782073],[0.3769494,46.6786361],[0.3770357,46.6788488],[0.3771879,46.6791128],[0.3773324,46.6792838],[0.3775124,46.6795261],[0.3778036,46.6799611],[0.3780207,46.6802615],[0.3781785,46.6804991],[0.3782332,46.6806598],[0.3782397,46.6808909],[0.3782308,46.6809205],[0.3782285,46.6809368],[0.3782162,46.6809804],[0.3781987,46.6810342],[0.3780883,46.6813199],[0.3780302,46.6816028],[0.3780209,46.6816731],[0.3779963,46.6818085],[0.3780023,46.6819292],[0.378025,46.6819881],[0.3780373,46.6820424],[0.3781446,46.6821543],[0.3783902,46.6823306],[0.3785002,46.682419],[0.378567,46.6826628],[0.3786137,46.6828663],[0.3786566,46.6829296],[0.3787595,46.6830179],[0.3788599,46.683063],[0.3789548,46.6830652],[0.3792039,46.6830709],[0.379425,46.68308],[0.3796087,46.6831466],[0.3796731,46.6831951],[0.3796728,46.6833228],[0.3795715,46.6835505],[0.3795162,46.6836464],[0.3794884,46.6837591],[0.3797293,46.6836665],[0.3798587,46.6836296],[0.3801266,46.683556],[0.3801062,46.6835474],[0.3800543,46.6835145],[0.3800104,46.6834082],[0.3800198,46.6833349],[0.3800795,46.6832698],[0.3801735,46.6832014],[0.380357,46.6831514],[0.380488,46.6831463],[0.3805818,46.6832046],[0.380772,46.6833561],[0.3809541,46.6835545],[0.3809994,46.6835361],[0.3812609,46.6836014],[0.3814203,46.6836509],[0.381695,46.6840794],[0.3820378,46.6839667],[0.3818595,46.6836569],[0.3821016,46.683596],[0.3821459,46.6836635],[0.3821883,46.6837114],[0.3823306,46.6838731],[0.3823559,46.6839023],[0.3823783,46.6839263],[0.3824739,46.6840359],[0.3825766,46.6841537],[0.3826667,46.684258],[0.382781,46.6843874],[0.3828866,46.6845094],[0.3832474,46.6849121],[0.3829022,46.6850422],[0.3830254,46.6852004],[0.3828663,46.6852653],[0.3829693,46.6854098],[0.3835006,46.6852001],[0.3846544,46.6865061],[0.3837166,46.6868885],[0.3838537,46.6870348],[0.3842367,46.6874411],[0.3840424,46.6876493],[0.3845346,46.6880971],[0.384585,46.688136],[0.3843549,46.6882809],[0.384999,46.6887556],[0.3853481,46.6885429],[0.385754,46.6888424],[0.385932,46.6889701],[0.3859864,46.6890153],[0.3853636,46.6894223],[0.3850122,46.6896544],[0.3848695,46.6897484],[0.3847255,46.6898421],[0.3846521,46.6898825],[0.384498,46.6899668],[0.3844517,46.6900383],[0.3844237,46.6901235],[0.3844091,46.6902131],[0.3844423,46.6903232],[0.3845114,46.6904301],[0.3847071,46.690591],[0.3849088,46.6907253]],[[0.3802332,46.6819629],[0.3802839,46.6819548],[0.3803983,46.6819604],[0.3804809,46.6819981],[0.3806108,46.6821064],[0.3807394,46.6823384],[0.380748,46.6824367],[0.3807602,46.6825259],[0.3806951,46.6826061],[0.380574,46.6826585],[0.3804274,46.6826766],[0.3802267,46.6826854],[0.3800656,46.6826388],[0.3799876,46.6825869],[0.3799115,46.6824134],[0.3798999,46.682312],[0.3799203,46.6822306],[0.3799704,46.6821112],[0.3800428,46.682027],[0.3801644,46.6819745],[0.3802332,46.6819629]],[[0.3780358,46.6790546],[0.3780894,46.6789934],[0.3782952,46.6789685],[0.3787182,46.6789179],[0.3790972,46.6788765],[0.3791677,46.6788637],[0.3791899,46.6789256],[0.3791573,46.6790219],[0.3790557,46.6790605],[0.3781429,46.6791705],[0.3780542,46.6791368],[0.3780173,46.6790971],[0.3780358,46.6790546]]],[[[0.3814102,46.6890346],[0.3819377,46.6893442],[0.3822411,46.689486],[0.3824309,46.689525],[0.3827206,46.6895204],[0.3831639,46.6892954],[0.3834518,46.6891487],[0.3838235,46.6889588],[0.3835576,46.6887698],[0.3831596,46.6884879],[0.3830239,46.6884673],[0.3828722,46.6884455],[0.3827556,46.6884285],[0.3826553,46.6884139],[0.3825549,46.6884024],[0.3824748,46.6883955],[0.38237,46.6883859],[0.3821971,46.6883954],[0.3820404,46.6884111],[0.3820388,46.6884111],[0.381939,46.6884211],[0.3818448,46.6884364],[0.3816559,46.6884668],[0.3812745,46.6885255],[0.3811873,46.6885737],[0.3811667,46.6886355],[0.3811698,46.6886938],[0.3812475,46.6888326],[0.381354,46.688971],[0.3814102,46.6890346]]],[[[0.3849032,46.6458604],[0.3848573,46.6460709],[0.3851524,46.6460725],[0.3851578,46.6458702],[0.3849032,46.6458604]]],[[[0.3832258,46.6613114],[0.383272,46.6614596],[0.3833274,46.6616377],[0.3833884,46.6617577],[0.3833652,46.6618389],[0.3833246,46.661974],[0.3833193,46.6619861],[0.3836408,46.6620027],[0.3838798,46.6620041],[0.3839198,46.662005],[0.3839324,46.6617435],[0.3839324,46.6617098],[0.3838488,46.6616609],[0.3838037,46.6611795],[0.3833214,46.6612001],[0.3832384,46.6612043],[0.3832258,46.6613114]]],[[[0.3819795,46.6883463],[0.3814777,46.687602],[0.3820479,46.6873584],[0.3817904,46.6870378],[0.381127,46.6870809],[0.3811532,46.687155],[0.3811292,46.6872874],[0.3810392,46.6875154],[0.3809463,46.6878127],[0.3809318,46.6879913],[0.3809238,46.6881587],[0.380939,46.6883001],[0.380981,46.68839],[0.3810219,46.6884615],[0.3810777,46.6884782],[0.3811861,46.6884765],[0.3813686,46.6884479],[0.3816097,46.6884075],[0.3819795,46.6883463]]],[[[0.3830313,46.6575811],[0.38304,46.6576436],[0.3830965,46.6579229],[0.3831571,46.6580174],[0.3833429,46.6579817],[0.3832954,46.657859],[0.3832386,46.6577104],[0.3831815,46.6575436],[0.3830313,46.6575811]]],[[[0.3803631,46.6853952],[0.3805697,46.6857352],[0.3805889,46.6858256],[0.3805687,46.6858794],[0.3805101,46.685921],[0.3804697,46.6859599],[0.3804501,46.6860014],[0.3804578,46.6860526],[0.3804884,46.6861269],[0.3809206,46.6867746],[0.3809622,46.6868328],[0.3815744,46.6867691],[0.3814878,46.6866598],[0.3814025,46.6867008],[0.3811794,46.6867663],[0.3810704,46.6867791],[0.3809741,46.6867728],[0.38091,46.6867172],[0.380907,46.6866578],[0.3809395,46.6865696],[0.3810335,46.686494],[0.3811382,46.6864249],[0.3811485,46.6864231],[0.3811501,46.6864221],[0.3813898,46.6863774],[0.381653,46.6863436],[0.3817642,46.6863441],[0.381743,46.6863192],[0.3816671,46.6862305],[0.3816024,46.6861554],[0.381563,46.6861095],[0.3814522,46.6859802],[0.381376,46.6858916],[0.3812551,46.6857508],[0.3811975,46.6856832],[0.3811355,46.6857053],[0.3809238,46.6854142],[0.3807985,46.6852427],[0.3803631,46.6853952]]],[[[0.3822364,46.6656331],[0.3823373,46.6656415],[0.3823405,46.6656324],[0.3824011,46.6656369],[0.3823991,46.6656451],[0.382664,46.6656633],[0.3826859,46.6656167],[0.3822475,46.6655894],[0.3822364,46.6656331]]],[[[0.381624,46.6661129],[0.3817255,46.6660998],[0.3817396,46.6660511],[0.3818515,46.6659208],[0.3819051,46.6658842],[0.3819543,46.6658495],[0.3819176,46.6658455],[0.3817191,46.6658656],[0.381391,46.6658315],[0.381339,46.6660798],[0.381624,46.6661129]]],[[[0.3814195,46.6453689],[0.381372,46.6453934],[0.3814032,46.6454308],[0.3814467,46.6454799],[0.3814834,46.6455165],[0.3815502,46.6454915],[0.3814195,46.6453689]]],[[[0.380672,46.6444941],[0.3805423,46.6442868],[0.3804729,46.6443097],[0.3804922,46.6443746],[0.3805333,46.6444419],[0.380577,46.6445206],[0.380672,46.6444941]]],[[[0.3788854,46.6528262],[0.3789437,46.6529102],[0.3789828,46.6530205],[0.379099,46.6531101],[0.3792481,46.6531503],[0.379285,46.653191],[0.3792906,46.6531973],[0.3793137,46.6531814],[0.3796601,46.65317],[0.3798181,46.6530591],[0.3795358,46.6528502],[0.3793266,46.6529711],[0.3790006,46.6527491],[0.3788854,46.6528262]]],[[[0.3761443,46.6502856],[0.3763028,46.650417],[0.3763441,46.6504567],[0.3763715,46.650441],[0.3762827,46.6503695],[0.376399,46.6503027],[0.3763847,46.6502911],[0.37628,46.6502141],[0.3761443,46.6502856]]],[[[0.3714923,46.6473138],[0.3716255,46.6473833],[0.3720105,46.6475863],[0.372225,46.6476864],[0.3728384,46.6479887],[0.3732789,46.6482687],[0.3738825,46.6486832],[0.3742234,46.6489076],[0.3746571,46.6492069],[0.374993,46.6494446],[0.3753798,46.6497079],[0.3755669,46.6498246],[0.3756218,46.6498566],[0.3756252,46.6498526],[0.3756769,46.6497975],[0.3756421,46.6497794],[0.3755334,46.6497206],[0.375344,46.6496192],[0.3750745,46.6494464],[0.3749712,46.6493419],[0.3749361,46.6493062],[0.3747662,46.6492237],[0.3746731,46.649151],[0.3745987,46.6490676],[0.3745621,46.6490289],[0.374467,46.6489654],[0.374388,46.6489114],[0.3742774,46.6488363],[0.3741756,46.6487594],[0.3737876,46.6484633],[0.3735052,46.6482555],[0.3732121,46.6480606],[0.373082,46.647982],[0.3730809,46.6479809],[0.3730157,46.6479417],[0.3726994,46.6477943],[0.3721425,46.6475515],[0.3716391,46.6473655],[0.3714935,46.6473118],[0.3714923,46.6473138]]],[[[0.3631593,46.6403922],[0.3634413,46.6406705],[0.3636105,46.6408217],[0.3637241,46.6409306],[0.3638472,46.6408691],[0.3634565,46.6404451],[0.3631056,46.6401548],[0.3629844,46.6402022],[0.3631593,46.6403922]]],[[[0.3637476,46.6266724],[0.3639244,46.6266039],[0.3639953,46.626581],[0.3640898,46.6265331],[0.3638609,46.6264491],[0.363793,46.6264087],[0.3637358,46.6263665],[0.3636965,46.6263185],[0.3636597,46.6262523],[0.3635759,46.6261451],[0.3634871,46.626051],[0.3634015,46.6259796],[0.3633266,46.6259288],[0.3632387,46.6258737],[0.3631798,46.6258345],[0.3630922,46.6258038],[0.3630486,46.6257885],[0.3629913,46.6257728],[0.3628202,46.6257577],[0.3627193,46.6257513],[0.3626366,46.6257494],[0.3629878,46.626153],[0.3632806,46.6264818],[0.3634522,46.6265512],[0.3637461,46.6266724],[0.3637476,46.6266724]]],[[[0.3619215,46.6390196],[0.362012,46.6390553],[0.3620805,46.6391397],[0.3620998,46.6391698],[0.3621777,46.6390939],[0.3623525,46.63892],[0.3620948,46.6388129],[0.3619215,46.6390196]]],[[[0.3623846,46.6235131],[0.3621908,46.6230119],[0.3621343,46.6228899],[0.3619201,46.62238],[0.3618231,46.6221815],[0.3617808,46.6220415],[0.3617575,46.6218754],[0.3613163,46.6220104],[0.3614161,46.6221844],[0.3615739,46.6224497],[0.361765,46.6227956],[0.3618506,46.622957],[0.3619309,46.623105],[0.3616388,46.6231893],[0.3616717,46.6232472],[0.3617291,46.6233509],[0.3617645,46.623414],[0.3619931,46.6234468],[0.3620524,46.6234472],[0.3620897,46.6234367],[0.3621377,46.623492],[0.3621845,46.6235699],[0.3623395,46.6235213],[0.3623846,46.6235131]]],[[[0.3604972,46.6198132],[0.3605472,46.6197592],[0.3606126,46.6196983],[0.3605541,46.6196826],[0.3605102,46.6196652],[0.3604244,46.6196643],[0.3603945,46.6196646],[0.3603418,46.6196521],[0.3603789,46.6197757],[0.3604383,46.6198374],[0.3604972,46.6198132]]],[[[0.359167,46.6319305],[0.3593004,46.6319632],[0.3594152,46.6320149],[0.3594409,46.6320338],[0.3595906,46.6319811],[0.3597006,46.6316718],[0.3597442,46.6315338],[0.3597501,46.6314768],[0.3597283,46.6314333],[0.3597655,46.6313687],[0.3598268,46.6313364],[0.35985,46.6312542],[0.3597947,46.6309533],[0.3590285,46.631179],[0.3590421,46.6312069],[0.3591225,46.6312303],[0.3591667,46.6312987],[0.3591724,46.6313591],[0.3591639,46.6315103],[0.3591515,46.6317001],[0.35914,46.6318808],[0.3591529,46.6319148],[0.359167,46.6319305]]],[[[0.3590277,46.6339092],[0.3589201,46.6339283],[0.3588332,46.6339477],[0.3587161,46.6339768],[0.358607,46.6340171],[0.358634,46.634074],[0.3590666,46.6339664],[0.3590277,46.6339092]]],[[[0.357882,46.6370273],[0.3579095,46.6371066],[0.3579808,46.6371655],[0.3580366,46.6372116],[0.3580917,46.6372324],[0.3581605,46.6372544],[0.3583039,46.6372679],[0.3583418,46.6371002],[0.358119,46.6370675],[0.3579676,46.6370405],[0.357882,46.6370273]]],[[[0.3572301,46.637191],[0.3571899,46.6371952],[0.3570421,46.6372164],[0.3566528,46.637281],[0.3563352,46.6373175],[0.3563191,46.6372773],[0.3562325,46.6372907],[0.3561827,46.6373048],[0.3554705,46.6374581],[0.3560377,46.6373915],[0.3566777,46.6374155],[0.3571316,46.6372961],[0.3572301,46.637191]]],[[[0.3582491,46.6150878],[0.3581591,46.6149538],[0.3581357,46.6149196],[0.3581145,46.6149273],[0.3582329,46.6150915],[0.3582328,46.6150926],[0.3582491,46.6150878]]],[[[0.3547139,46.6377258],[0.3548844,46.6376654],[0.3547878,46.6375794],[0.354626,46.637638],[0.3547139,46.6377258]]],[[[0.35458,46.6150676],[0.3545951,46.6150944],[0.3546194,46.6151124],[0.3546649,46.6151278],[0.3547409,46.6151459],[0.3548195,46.6151753],[0.3548458,46.6151902],[0.3548754,46.6152195],[0.3549496,46.615306],[0.3550288,46.6153876],[0.3550899,46.615479],[0.3551904,46.6156622],[0.3553338,46.6159793],[0.3553658,46.6160567],[0.3553837,46.6161482],[0.3554021,46.6162539],[0.3554118,46.616297],[0.3554912,46.6166157],[0.3555099,46.616658],[0.3555895,46.6167949],[0.3556074,46.6168229],[0.3557197,46.616804],[0.3557198,46.6168019],[0.3551897,46.6149753],[0.355149,46.6149007],[0.35458,46.6150676]]],[[[0.3549046,46.610288],[0.35495,46.61033],[0.3549967,46.610378],[0.3550461,46.6104272],[0.3550924,46.6104825],[0.3551261,46.6105231],[0.3551538,46.6105585],[0.3551778,46.6105897],[0.3552252,46.610647],[0.355288,46.6107262],[0.3553512,46.6108063],[0.3553745,46.6108427],[0.3554898,46.6110364],[0.3555509,46.6111513],[0.3555963,46.6111933],[0.3556451,46.6112547],[0.3556848,46.6113262],[0.3557078,46.6113686],[0.355741,46.6113888],[0.355827,46.6113622],[0.3558483,46.6113514],[0.3556938,46.6110442],[0.3556327,46.6109304],[0.3555498,46.6107466],[0.3555095,46.6106567],[0.3553337,46.610488],[0.3551341,46.6102953],[0.3549659,46.6101566],[0.3547939,46.6100319],[0.3547354,46.6100162],[0.354836,46.6101095],[0.3549013,46.6101693],[0.3549554,46.6102197],[0.3549809,46.6102438],[0.3549046,46.610288]]],[[[0.3556022,46.611404],[0.3556354,46.6114548],[0.3557108,46.611428],[0.3556593,46.6113583],[0.3556434,46.6113783],[0.3556022,46.611404]]],[[[0.3539917,46.6380762],[0.3540638,46.6380308],[0.354174,46.6379597],[0.3540693,46.6378623],[0.3539495,46.6379126],[0.3538535,46.6379575],[0.3539917,46.6380762]]],[[[0.3532149,46.5773397],[0.3532223,46.5773643],[0.3532358,46.5773606],[0.3533355,46.5773577],[0.353421,46.5773638],[0.3534595,46.5773953],[0.3534762,46.5774459],[0.3534936,46.5774922],[0.3535168,46.5775879],[0.3535666,46.5777884],[0.3536259,46.5779716],[0.3536861,46.5781356],[0.3537899,46.5784028],[0.3538052,46.5784593],[0.353857,46.5786446],[0.353882,46.5787657],[0.3539026,46.5788909],[0.35393,46.5789722],[0.3539667,46.5790407],[0.3540703,46.5791013],[0.3541123,46.5791565],[0.3541389,46.5792142],[0.35416,46.579273],[0.3541628,46.5793364],[0.3541814,46.5794443],[0.3541781,46.5795137],[0.3541776,46.5795229],[0.3541673,46.5796064],[0.3541612,46.5796748],[0.3541513,46.5797574],[0.3541579,46.5798648],[0.354171,46.5799572],[0.3541984,46.5800385],[0.3542092,46.5800909],[0.3542232,46.5801096],[0.3542579,46.5801534],[0.3543173,46.5801814],[0.354375,46.5802206],[0.3544176,46.5802552],[0.3543997,46.5804378],[0.3543783,46.5806693],[0.3543243,46.5808602],[0.3542839,46.5809892],[0.3542774,46.581035],[0.3542494,46.5810936],[0.3542066,46.5811755],[0.3541747,46.5812279],[0.3541506,46.5812631],[0.3541498,46.5811926],[0.3541686,46.5810468],[0.354175,46.5809477],[0.3541784,46.580814],[0.3541644,46.5804323],[0.3541461,46.5801723],[0.3541415,46.5801364],[0.3541265,46.5801156],[0.3541106,46.580104],[0.3540945,46.5801037],[0.3540776,46.5801125],[0.3540651,46.5801274],[0.3540612,46.5801437],[0.3540548,46.5801865],[0.3540553,46.5802652],[0.354058,46.5803307],[0.354063,46.5804136],[0.3540684,46.5804883],[0.3540718,46.5805395],[0.3540737,46.5805887],[0.3540845,46.5807055],[0.3540914,46.5808048],[0.3539965,46.5808047],[0.3539507,46.5808046],[0.3539827,46.5809045],[0.3539699,46.5809257],[0.3539565,46.5809274],[0.3539662,46.5810013],[0.3539886,46.5810007],[0.3539956,46.5810101],[0.353987,46.5812419],[0.3539807,46.581436],[0.3539795,46.5814615],[0.3539787,46.5814789],[0.3539976,46.5814845],[0.3539709,46.5815738],[0.3539504,46.5816336],[0.3539366,46.5816987],[0.3539288,46.5817384],[0.3539197,46.5817719],[0.3539124,46.5818014],[0.353917,46.5820132],[0.3539258,46.5821074],[0.3539244,46.5821677],[0.3539728,46.5822362],[0.35405,46.5822922],[0.3540777,46.5823685],[0.3541382,46.5824629],[0.3542228,46.5825528],[0.3542941,46.5827312],[0.3543307,46.5828322],[0.3543387,46.5829419],[0.3543285,46.5830306],[0.3543374,46.5831555],[0.3543155,46.5832674],[0.3543287,46.5833985],[0.3543304,46.5834835],[0.3543115,46.5835352],[0.3543069,46.583629],[0.3543398,46.583686],[0.3543667,46.5837132],[0.3544215,46.5837461],[0.3544594,46.5837583],[0.3545143,46.5837576],[0.3545633,46.5837576],[0.3546117,46.5837383],[0.3546772,46.5837603],[0.3547118,46.5837835],[0.3546895,46.5838147],[0.3546498,46.5838333],[0.3546337,46.5838585],[0.3546081,46.5839007],[0.3545722,46.5839368],[0.3545485,46.5839649],[0.3545188,46.5839958],[0.3544984,46.5840199],[0.3544487,46.5840341],[0.3544166,46.5840261],[0.3543754,46.584018],[0.3543142,46.5840034],[0.3542676,46.5840095],[0.3542414,46.5840324],[0.354271,46.5840922],[0.3544104,46.5841201],[0.3545582,46.5841602],[0.3546956,46.5842044],[0.3547657,46.5842223],[0.3547675,46.5842183],[0.3548335,46.584232],[0.354832,46.5842371],[0.3548024,46.5842989],[0.3548082,46.5842999],[0.3548013,46.5843213],[0.3548071,46.5843225],[0.3548017,46.5843367],[0.3548064,46.5843368],[0.3548223,46.5843412],[0.3548497,46.5843255],[0.3548894,46.584306],[0.354912,46.5842696],[0.3549155,46.5842544],[0.3549228,46.5842249],[0.3549251,46.5842097],[0.3549676,46.5840369],[0.3549435,46.5839525],[0.3548999,46.5838176],[0.3548606,46.5836725],[0.3547968,46.5834615],[0.3547608,46.5833483],[0.3547368,46.5832689],[0.3547045,46.583166],[0.3546741,46.5830016],[0.3546316,46.5828689],[0.3545747,46.5827245],[0.3545483,46.582598],[0.3545216,46.5825105],[0.3544835,46.5824075],[0.3544567,46.5823466],[0.354464,46.5822926],[0.3544906,46.5821971],[0.3545084,46.5821362],[0.3545328,46.5820621],[0.3545451,46.5819939],[0.3545557,46.5819308],[0.3545612,46.5818736],[0.3545531,46.5817988],[0.3545371,46.5817637],[0.3544909,46.5817382],[0.3544791,46.5817317],[0.3544417,46.5817104],[0.3544235,46.5816896],[0.3544091,46.5816483],[0.3544123,46.5816136],[0.3544277,46.581571],[0.3544545,46.5815369],[0.354491,46.5815194],[0.3544993,46.5815012],[0.3544953,46.5813978],[0.3545119,46.5811855],[0.3545182,46.5810794],[0.3545266,46.5808833],[0.3545556,46.5806816],[0.3545631,46.5806818],[0.3546296,46.5806834],[0.3546385,46.5806538],[0.3546506,46.5806153],[0.3546712,46.5805616],[0.3546979,46.5805611],[0.3546983,46.5804886],[0.3546581,46.5804918],[0.3546243,46.5804532],[0.3545756,46.580448],[0.3545704,46.5803783],[0.3545598,46.5802575],[0.3545239,46.5801718],[0.3544844,46.5800738],[0.3544458,46.5799808],[0.3544186,46.5798402],[0.3546424,46.5798393],[0.3546344,46.579786],[0.354657,46.5797803],[0.3546545,46.5797762],[0.3546477,46.5797637],[0.3546135,46.5797006],[0.3546059,46.5794622],[0.3546062,46.5794561],[0.3546307,46.579379],[0.354639,46.5793617],[0.3546426,46.5793435],[0.3546422,46.579231],[0.3545845,46.5790785],[0.3545428,46.5790825],[0.3544565,46.5790918],[0.3544511,46.5790733],[0.3544346,46.5790177],[0.3544309,46.5790064],[0.3544082,46.579013],[0.3543979,46.5790148],[0.3543723,46.5790265],[0.3543659,46.5790293],[0.3543037,46.5790341],[0.3542893,46.5789601],[0.3542624,46.5788746],[0.3542462,46.5788375],[0.3542332,46.5788065],[0.3542318,46.5788045],[0.3542467,46.5788037],[0.354282,46.5788025],[0.3542848,46.5788088],[0.3544052,46.5788004],[0.354542,46.5787922],[0.3545523,46.5786453],[0.3544852,46.578654],[0.3544342,46.5786629],[0.3544418,46.5786928],[0.354394,46.5786998],[0.3543759,46.5787025],[0.3543823,46.5787242],[0.3542767,46.5787339],[0.3542499,46.5787375],[0.3542409,46.5787382],[0.3541798,46.5787439],[0.3540903,46.5787542],[0.354047,46.5787594],[0.3540105,46.5787523],[0.35399,46.5787467],[0.353976,46.5786953],[0.3539621,46.5786428],[0.3539499,46.5785946],[0.3539373,46.5785473],[0.353922,46.5784927],[0.3538925,46.578398],[0.3538753,46.5783322],[0.3538612,46.5782828],[0.3538283,46.5781696],[0.3538258,46.5781561],[0.3538318,46.5781543],[0.3537957,46.5780737],[0.3537914,46.5780747],[0.3537703,46.5780169],[0.3537506,46.5779622],[0.3536988,46.5778098],[0.3536913,46.5778117],[0.3536682,46.5777386],[0.3536761,46.5777285],[0.3536565,46.5776729],[0.3536291,46.5775659],[0.3536269,46.5775567],[0.3536177,46.5774951],[0.3535983,46.5774436],[0.3535745,46.5773837],[0.3535368,46.5773297],[0.353501,46.5773064],[0.3534646,46.5772902],[0.3534353,46.5772875],[0.3533646,46.5773083],[0.353336,46.5773159],[0.3532149,46.5773397]]],[[[0.3524149,46.6127707],[0.3524973,46.6128103],[0.3525923,46.6128729],[0.3526449,46.6129201],[0.352699,46.6129684],[0.3527297,46.6130385],[0.3527657,46.6131222],[0.3527752,46.6131685],[0.3527872,46.6131626],[0.3528269,46.6131451],[0.353013,46.6130697],[0.3531354,46.6130194],[0.3533747,46.6129217],[0.3534047,46.6129101],[0.3530553,46.6125064],[0.3530265,46.6125179],[0.3524149,46.6127707]]],[[[0.3437115,46.5912067],[0.3437129,46.5912099],[0.3437205,46.5912387],[0.3437395,46.5913086],[0.3437918,46.5913282],[0.3439875,46.591296],[0.3440412,46.591287],[0.3440578,46.5912844],[0.3441357,46.5912708],[0.3441971,46.5912589],[0.3443225,46.5912352],[0.3444693,46.591208],[0.3445499,46.5911955],[0.3446233,46.591185],[0.3447367,46.5911671],[0.3447426,46.5911663],[0.3448308,46.591152],[0.3448684,46.5911446],[0.3448708,46.5911519],[0.3448771,46.5911511],[0.3449664,46.5911357],[0.3449665,46.5911346],[0.3450697,46.5911157],[0.3450998,46.5911112],[0.3451089,46.5911094],[0.3451508,46.5911021],[0.345167,46.5910994],[0.3452405,46.5910869],[0.3452776,46.5910816],[0.3452883,46.5910798],[0.3453164,46.5910753],[0.3453705,46.5910674],[0.3454435,46.5910568],[0.3454869,46.5910507],[0.3455225,46.5910453],[0.3456034,46.591034],[0.345704,46.59107],[0.3461474,46.5910619],[0.3465064,46.5911213],[0.3465334,46.5911147],[0.3465662,46.5911085],[0.3466004,46.5911071],[0.3466689,46.5911015],[0.3466678,46.5910985],[0.3467267,46.5910743],[0.3468583,46.5910201],[0.3470639,46.5909451],[0.3474521,46.5909194],[0.3474843,46.5908946],[0.3474151,46.5908255],[0.3474617,46.5907774],[0.3476022,46.5906949],[0.3477038,46.5906778],[0.3477266,46.5906682],[0.3478077,46.590621],[0.347829,46.5906103],[0.3479406,46.5905974],[0.3479465,46.5905976],[0.3480624,46.5905349],[0.3482884,46.5903959],[0.348263,46.5903698],[0.3482718,46.5903424],[0.3482913,46.5903357],[0.3484094,46.5902934],[0.3484317,46.5902858],[0.348447,46.5902779],[0.3485077,46.5902793],[0.3485505,46.5902855],[0.3486914,46.5902509],[0.3487803,46.5902213],[0.3488118,46.5901862],[0.3489136,46.5901324],[0.3489997,46.5901364],[0.3490266,46.5900665],[0.3491046,46.5899621],[0.3491246,46.5899778],[0.3491521,46.589961],[0.3492284,46.5899157],[0.3492651,46.5898942],[0.3493093,46.5898634],[0.3493693,46.589824],[0.3493962,46.5898502],[0.3494414,46.5898972],[0.3494688,46.5898825],[0.3495378,46.589834],[0.3495531,46.5898242],[0.3496159,46.5897827],[0.3496281,46.5897747],[0.3496587,46.589757],[0.3496692,46.5897512],[0.3497318,46.5897148],[0.3497686,46.5896911],[0.3498441,46.5896305],[0.3498751,46.5896046],[0.3498795,46.5896027],[0.3499319,46.5895661],[0.3499992,46.5895196],[0.3501298,46.5894317],[0.3500968,46.5893768],[0.3501292,46.5893458],[0.3501725,46.58931],[0.3501602,46.5892658],[0.3501812,46.5892529],[0.3502014,46.5892401],[0.3503147,46.5891917],[0.3503166,46.5891539],[0.3504108,46.5890783],[0.3507037,46.5888766],[0.3508872,46.5887633],[0.3509071,46.5887485],[0.3509745,46.5887091],[0.3509927,46.5886972],[0.3510096,46.5886884],[0.3510141,46.5886844],[0.3513578,46.5884787],[0.3523957,46.5879589],[0.3529138,46.5875528],[0.3529616,46.587512],[0.3530941,46.5873833],[0.3533073,46.5871755],[0.3534046,46.5870602],[0.3535281,46.5869313],[0.3537029,46.5867799],[0.3538786,46.5865836],[0.3539968,46.5864678],[0.3540686,46.5863692],[0.3542254,46.586104],[0.3543006,46.5859525],[0.354411,46.5857607],[0.3545,46.5856075],[0.3545709,46.5854873],[0.354606,46.5853799],[0.3546174,46.5853219],[0.3546546,46.5851705],[0.3546864,46.5850076],[0.3546888,46.5849586],[0.3547062,46.5848087],[0.3546975,46.5847144],[0.354691,46.584607],[0.3546871,46.5845334],[0.3546891,46.5844914],[0.3546883,46.5844761],[0.3545324,46.5844501],[0.3543683,46.584438],[0.354284,46.5844392],[0.3542569,46.5846245],[0.3542504,46.5846694],[0.3542337,46.5848049],[0.3542336,46.584806],[0.3542301,46.5848467],[0.3542252,46.5848824],[0.3542233,46.5848896],[0.354223,46.5848956],[0.3542012,46.5850127],[0.3541969,46.5850372],[0.354189,46.5850778],[0.3541531,46.5852682],[0.3541358,46.5853178],[0.3541154,46.5853737],[0.3539846,46.5856865],[0.3539812,46.5856916],[0.3539669,46.5857116],[0.3539128,46.5858495],[0.3539079,46.5858606],[0.3538539,46.5859635],[0.3538509,46.5859696],[0.3538414,46.5859786],[0.3537683,46.5860802],[0.3536843,46.5861866],[0.3536418,46.5862377],[0.3535835,46.5863079],[0.35343,46.5864812],[0.3533719,46.5865474],[0.3533169,46.5866075],[0.3532621,46.5866696],[0.3532058,46.5867315],[0.3531837,46.5867587],[0.3531256,46.5868248],[0.3530941,46.5868588],[0.3530708,46.5868869],[0.3529202,46.5870582],[0.3529377,46.5870933],[0.3529274,46.5871188],[0.3529033,46.587155],[0.3528746,46.5871982],[0.3528458,46.5872415],[0.3528243,46.587288],[0.352786,46.5873106],[0.3526837,46.5874054],[0.3526212,46.5874428],[0.3525626,46.5874864],[0.3525083,46.5875384],[0.3524614,46.5875833],[0.3524152,46.5876221],[0.352368,46.5876752],[0.3523278,46.5877121],[0.35225,46.5877869],[0.3518865,46.5879747],[0.3516151,46.5880339],[0.3515866,46.5880475],[0.3514587,46.588112],[0.3512287,46.5883593],[0.3511887,46.5884166],[0.3511684,46.5884385],[0.3511055,46.5884821],[0.3510521,46.5885177],[0.350994,46.5885511],[0.3509323,46.5885701],[0.3508283,46.5886045],[0.350706,46.5886529],[0.3506098,46.5887037],[0.3505591,46.5887455],[0.350502,46.5887922],[0.3504272,46.588863],[0.350347,46.5889246],[0.3502758,46.5889843],[0.3502092,46.5890165],[0.350126,46.5890503],[0.3500225,46.5891072],[0.349912,46.5891864],[0.3498084,46.5892678],[0.3496756,46.5893793],[0.3495494,46.5894754],[0.3493522,46.5895956],[0.3492423,46.5896627],[0.3490771,46.589762],[0.3487765,46.589937],[0.3487473,46.5899558],[0.3486196,46.5900183],[0.34843,46.590112],[0.3482551,46.590202],[0.3481101,46.5902569],[0.3480193,46.5902926],[0.3479377,46.5903264],[0.3478403,46.5903783],[0.3477604,46.5904327],[0.3477268,46.5904545],[0.3476944,46.5904762],[0.3476607,46.5905009],[0.3476152,46.5905254],[0.3475694,46.5905479],[0.3474959,46.5905677],[0.3474503,46.590585],[0.3474005,46.5906013],[0.3473541,46.5906134],[0.347312,46.5906248],[0.3472599,46.5906318],[0.3471958,46.5906344],[0.3471341,46.5906309],[0.3470435,46.5906298],[0.3469216,46.5906372],[0.3468436,46.5906538],[0.3467713,46.5906736],[0.3466927,46.5907085],[0.3466305,46.5907378],[0.3465687,46.5907589],[0.3465041,46.5907738],[0.3464194,46.5907748],[0.3463601,46.5907765],[0.3463109,46.5907805],[0.3462626,46.5907978],[0.3462005,46.5908259],[0.3460855,46.5908754],[0.345968,46.5909136],[0.3458668,46.590946],[0.3457952,46.5909607],[0.3456666,46.5909833],[0.3454632,46.5910153],[0.3452348,46.5910519],[0.344856,46.591126],[0.3447631,46.5911413],[0.3447108,46.5911513],[0.3446021,46.591161],[0.3444534,46.5911719],[0.3442694,46.5911983],[0.3441446,46.5912096],[0.3440173,46.5912302],[0.3439194,46.5912362],[0.3438404,46.5912415],[0.3437695,46.5912398],[0.3437347,46.5912216],[0.3437115,46.5912067]]],[[[0.3512098,46.6401013],[0.3512937,46.6401514],[0.3514531,46.6400774],[0.3515095,46.6400162],[0.3515292,46.6399738],[0.3515403,46.6398994],[0.3513628,46.6400395],[0.3513067,46.6400617],[0.3512098,46.6401013]]],[[[0.3539786,46.5546465],[0.3539834,46.5546365],[0.353987,46.5546283],[0.3539869,46.5546294],[0.3540636,46.5544789],[0.3540979,46.5544172],[0.3539493,46.5543638],[0.3539269,46.5543969],[0.3538911,46.5544319],[0.3537623,46.5545505],[0.3539786,46.5546465]]],[[[0.3537727,46.5543698],[0.3538121,46.554381],[0.3538295,46.5543866],[0.3538619,46.5543965],[0.3539032,46.554337],[0.3538126,46.5543064],[0.3537849,46.55436],[0.3537727,46.5543698]]],[[[0.3500551,46.5847492],[0.3502572,46.5848019],[0.3502648,46.5847664],[0.3503126,46.584703],[0.3503515,46.5846365],[0.3503875,46.5845657],[0.3504458,46.5844956],[0.3505031,46.584412],[0.3505456,46.5843292],[0.3505936,46.5842618],[0.3506278,46.5841952],[0.3506293,46.5841952],[0.3507167,46.5841961],[0.3507272,46.5841657],[0.3507286,46.5841617],[0.3507444,46.5841099],[0.3510063,46.5839401],[0.3510461,46.5839451],[0.3510685,46.5838557],[0.3510741,46.5838293],[0.3510759,46.5838242],[0.3510812,46.5838039],[0.351087,46.583804],[0.3510982,46.5837604],[0.3511018,46.5837502],[0.3510367,46.5837426],[0.3510351,46.5837446],[0.3510012,46.5837397],[0.3508879,46.5837228],[0.3509444,46.5836341],[0.3510305,46.5835973],[0.3512617,46.5835413],[0.3514872,46.5835087],[0.3516157,46.5834861],[0.3517063,46.5834513],[0.3517934,46.5834257],[0.3518187,46.5833988],[0.3517386,46.5833683],[0.3516186,46.5833614],[0.3515261,46.583345],[0.3514687,46.5833396],[0.3514617,46.5833312],[0.3515503,46.58309],[0.3515997,46.5830481],[0.3516533,46.5830178],[0.351726,46.5829836],[0.3518093,46.5829457],[0.3518527,46.5829088],[0.3519225,46.582843],[0.3519757,46.5827247],[0.3520026,46.5825996],[0.3520368,46.5825411],[0.3521653,46.5822773],[0.3521996,46.5822075],[0.3523087,46.5821323],[0.3523795,46.5820482],[0.3525247,46.5819564],[0.3524465,46.5819505],[0.3523903,46.5819461],[0.3523834,46.5819357],[0.3523257,46.5819365],[0.3523661,46.5817749],[0.3523512,46.5817745],[0.3523626,46.5817257],[0.3523743,46.5817269],[0.3523992,46.5816417],[0.3524149,46.581594],[0.3524291,46.5815432],[0.3524174,46.581542],[0.352433,46.5814953],[0.3523645,46.5815663],[0.3522262,46.5819669],[0.3520201,46.5821185],[0.3518226,46.5822468],[0.3515479,46.5825022],[0.3514834,46.5825466],[0.3514036,46.5826328],[0.3513162,46.5827197],[0.3512624,46.582794],[0.3512248,46.5828985],[0.3511598,46.5830738],[0.3511408,46.5831909],[0.3511501,46.5833291],[0.35116,46.5833999],[0.3511351,46.5834279],[0.3510477,46.5834597],[0.3509869,46.5834859],[0.3508959,46.5835277],[0.3508306,46.5835885],[0.3507749,46.5836373],[0.3507292,46.5836976],[0.3506762,46.5837813],[0.3506053,46.5839237],[0.3505681,46.5839873],[0.3505398,46.5840541],[0.3504851,46.5841386],[0.350446,46.5842165],[0.3504207,46.5843089],[0.3503996,46.5843156],[0.3503328,46.5843436],[0.3502925,46.5843825],[0.3502577,46.5844299],[0.3501968,46.5844887],[0.3501489,46.5845622],[0.3500551,46.5847492]]],[[[0.3462964,46.5744767],[0.3463636,46.5743761],[0.3463831,46.5743458],[0.3463911,46.5743348],[0.346398,46.574337],[0.3464551,46.574324],[0.3465067,46.5743026],[0.346556,46.5742967],[0.3465927,46.5742996],[0.3466585,46.5743175],[0.3466742,46.5743649],[0.3465878,46.5745203],[0.3465843,46.5745928],[0.3465617,46.5746627],[0.3467587,46.5748186],[0.3472842,46.5750445],[0.3474357,46.575097],[0.3476749,46.5751823],[0.3476696,46.5752281],[0.3480501,46.5753586],[0.3494,46.5758234],[0.349626,46.5759083],[0.3503663,46.5762566],[0.3504397,46.5762461],[0.3505472,46.5762271],[0.3506144,46.5762153],[0.3506681,46.5762073],[0.3507412,46.576205],[0.3508231,46.5762212],[0.3508831,46.5762358],[0.350944,46.5762659],[0.3510108,46.576293],[0.3510674,46.576322],[0.3510832,46.5763294],[0.3512205,46.5764073],[0.3513361,46.576464],[0.3513881,46.5764898],[0.3514099,46.5765006],[0.3515074,46.5765365],[0.3515602,46.5765552],[0.3517355,46.5763915],[0.3523053,46.5766501],[0.3516567,46.577189],[0.3517764,46.5772583],[0.3518023,46.5772743],[0.3518171,46.5772767],[0.3518345,46.5772811],[0.3518494,46.5772804],[0.3518729,46.57728],[0.352166,46.5770485],[0.3526424,46.5766987],[0.3526649,46.5766645],[0.3526664,46.5766318],[0.35263,46.5765911],[0.3525718,46.5765387],[0.3525249,46.5764957],[0.3524327,46.5764414],[0.3523019,46.5763914],[0.3521607,46.5763359],[0.3520359,46.5763075],[0.3519082,46.5762821],[0.3517873,46.5762374],[0.351681,46.5761992],[0.3515974,46.576184],[0.3514581,46.5761235],[0.3513856,46.5760911],[0.3512244,46.5760199],[0.3511011,46.5759609],[0.3510339,46.5759409],[0.3509741,46.575921],[0.3509108,46.5759175],[0.3508303,46.5759188],[0.3507424,46.57593],[0.3506768,46.5759398],[0.350601,46.5759431],[0.3505232,46.5759311],[0.3503313,46.5758806],[0.3501836,46.5758384],[0.3501176,46.5758266],[0.3500334,46.5758165],[0.3495311,46.5756036],[0.3475084,46.5749811],[0.3474067,46.574848],[0.3473898,46.574825],[0.3473813,46.5747891],[0.3473797,46.5747584],[0.3473919,46.574726],[0.3474123,46.5747009],[0.3474429,46.574675],[0.3474847,46.5746473],[0.3473932,46.5746349],[0.3473161,46.5746322],[0.3472472,46.5746224],[0.3472031,46.5746101],[0.3471359,46.5745891],[0.3470792,46.5745705],[0.3470313,46.574549],[0.3469721,46.5745158],[0.3468825,46.5744658],[0.3468253,46.5744246],[0.3467782,46.5743866],[0.3467312,46.5743457],[0.3467058,46.5743186],[0.3467069,46.5742971],[0.3466752,46.5742789],[0.3466449,46.5742659],[0.3466065,46.5742569],[0.3465564,46.5742558],[0.3464966,46.5742616],[0.3464327,46.5742682],[0.3463777,46.5742721],[0.346319,46.574285],[0.3462848,46.5742873],[0.3462405,46.5742883],[0.3461875,46.574283],[0.3460146,46.5742432],[0.3458952,46.5741914],[0.3457329,46.5741211],[0.3456113,46.574057],[0.3455194,46.5740293],[0.3453828,46.5740017],[0.3452039,46.5739648],[0.3448984,46.5738729],[0.344811,46.5738402],[0.3447343,46.5738384],[0.3446359,46.5738453],[0.3445594,46.5738639],[0.3444841,46.5738897],[0.3444406,46.5738959],[0.3444175,46.5738872],[0.3443928,46.5738795],[0.3443274,46.5738473],[0.3442682,46.5738143],[0.3442165,46.5737834],[0.3441705,46.5737538],[0.3441011,46.5737225],[0.3440154,46.5736786],[0.3439461,46.5736452],[0.3438483,46.5736174],[0.3437853,46.5735996],[0.3436946,46.573571],[0.3435351,46.5735295],[0.3434349,46.5735179],[0.3433445,46.5734923],[0.3431024,46.573409],[0.3429165,46.5733566],[0.3427322,46.5733095],[0.3425051,46.5732572],[0.3424843,46.5732567],[0.3406684,46.5728342],[0.3404349,46.5727603],[0.3392123,46.5723536],[0.339226,46.5723785],[0.3392606,46.5724324],[0.3393184,46.572492],[0.3394191,46.5725496],[0.3396731,46.5726281],[0.340106,46.5727844],[0.3401989,46.5728143],[0.3405769,46.5729169],[0.3412557,46.5730942],[0.3419277,46.5732673],[0.3420595,46.573304],[0.3422569,46.5733556],[0.3424515,46.5734062],[0.342642,46.5734556],[0.3428277,46.5735038],[0.3436785,46.5737229],[0.3446152,46.5739644],[0.3462964,46.5744767]]],[[[0.3516484,46.5786088],[0.351654,46.5788],[0.3517388,46.5788521],[0.3517356,46.5788551],[0.3518293,46.5789104],[0.3519374,46.5789763],[0.3521503,46.5791366],[0.3522701,46.5790821],[0.3522839,46.5790732],[0.3522783,46.579068],[0.3516484,46.5786088]]],[[[0.3522032,46.5502917],[0.3522104,46.5504502],[0.3523172,46.5507185],[0.3523227,46.5507258],[0.3526854,46.5512832],[0.3528358,46.5515061],[0.35319,46.5520584],[0.3532518,46.552157],[0.3533046,46.5522317],[0.3534667,46.5522162],[0.3534468,46.5521114],[0.3533464,46.5519516],[0.3532953,46.5516897],[0.3533677,46.5515463],[0.3531349,46.5511769],[0.3528193,46.5505676],[0.352594,46.5502056],[0.3525933,46.5501556],[0.3525173,46.5501731],[0.3524443,46.5499017],[0.3523214,46.5499643],[0.3522331,46.550136],[0.3522032,46.5502917]]],[[[0.3527024,46.5534649],[0.3530022,46.5537295],[0.3531224,46.5537221],[0.3532169,46.5536732],[0.3533013,46.5535483],[0.3533262,46.5534631],[0.3533016,46.5531793],[0.3531371,46.552783],[0.3528719,46.5524436],[0.3528675,46.5524456],[0.3527651,46.5525045],[0.3527486,46.552547],[0.3528057,46.552622],[0.3528501,46.5527079],[0.35294,46.5528724],[0.3528991,46.5531015],[0.3528882,46.5533027],[0.3527024,46.5534649]]],[[[0.3490471,46.6096762],[0.3490934,46.6096988],[0.3494039,46.6098706],[0.3495399,46.6099452],[0.3496721,46.6100014],[0.34964,46.6099607],[0.3495902,46.6099116],[0.3495422,46.6098655],[0.3494463,46.6097907],[0.3493891,46.6097486],[0.3491748,46.6096147],[0.3490487,46.6096753],[0.3490471,46.6096762]]],[[[0.341008,46.5759497],[0.341056,46.5759712],[0.3413995,46.5761356],[0.3414138,46.5761401],[0.3416053,46.5761997],[0.3417616,46.5762432],[0.3421536,46.5763535],[0.3421553,46.5763504],[0.3422358,46.5763717],[0.3425734,46.5764419],[0.3426823,46.5764587],[0.3429708,46.5764992],[0.3430459,46.5765101],[0.3430841,46.5765151],[0.3432947,46.5765435],[0.3433403,46.5765497],[0.3436261,46.5765879],[0.3437739,46.5765965],[0.343853,46.5765882],[0.3439631,46.5765744],[0.3440527,46.5765611],[0.3441282,46.5765639],[0.3441819,46.5765569],[0.3442265,46.576558],[0.3442615,46.5765721],[0.3442605,46.5765925],[0.3442594,46.576614],[0.3442984,46.5766353],[0.3443429,46.5766619],[0.344373,46.576681],[0.3444077,46.5767319],[0.3444293,46.5767723],[0.3445069,46.5768527],[0.3445454,46.5768905],[0.3445898,46.57692],[0.3446392,46.5769366],[0.3447044,46.5769411],[0.3447697,46.5769365],[0.3449036,46.576955],[0.345072,46.5769997],[0.345154,46.5770211],[0.3452216,46.5770339],[0.345279,46.5770455],[0.3453392,46.577057],[0.3454822,46.5770993],[0.3454954,46.5771025],[0.3456256,46.5771414],[0.3457876,46.5771932],[0.3459279,46.5772353],[0.3460286,46.5772683],[0.3461803,46.5773148],[0.3463012,46.5773604],[0.3464321,46.5774095],[0.3465107,46.5774441],[0.3465252,46.5774444],[0.3466039,46.5774789],[0.3467177,46.5775163],[0.3468289,46.5775435],[0.3468918,46.5775622],[0.3469469,46.5775819],[0.3470123,46.5775834],[0.3470654,46.5775878],[0.3471076,46.5775755],[0.3471645,46.5775656],[0.3472099,46.577542],[0.3472468,46.5775183],[0.3472938,46.5774949],[0.3473439,46.5774706],[0.3474086,46.5774557],[0.3474576,46.5774476],[0.347478,46.5774542],[0.3475092,46.5774569],[0.3475633,46.5774725],[0.3476305,46.5774935],[0.3476548,46.5775105],[0.3477122,46.5775465],[0.3477776,46.5776033],[0.3478323,46.5776393],[0.3478621,46.5776635],[0.3478943,46.5776795],[0.3479748,46.5777009],[0.3480486,46.5777291],[0.348148,46.5777662],[0.3482508,46.5778105],[0.3483123,46.5778283],[0.3483684,46.5778347],[0.3484365,46.5778372],[0.3485951,46.5778328],[0.3486662,46.5778374],[0.3486745,46.5777323],[0.3486846,46.5777336],[0.3486928,46.5776848],[0.3486948,46.5776766],[0.3487026,46.577638],[0.3487105,46.5775952],[0.348732,46.5774924],[0.348705,46.5774674],[0.348831,46.5774958],[0.3489041,46.5775159],[0.3491239,46.5775976],[0.3491645,46.5775607],[0.3491944,46.5775277],[0.349223,46.5775121],[0.3492586,46.5775129],[0.3494027,46.5775386],[0.3496185,46.5775835],[0.3496959,46.5776037],[0.3500392,46.5777088],[0.3501899,46.5777777],[0.3502856,46.5778259],[0.3503746,46.5778566],[0.3504419,46.5778756],[0.3505265,46.577901],[0.3506014,46.577916],[0.3507089,46.5779308],[0.3508035,46.577935],[0.3508626,46.5779384],[0.3509231,46.5779439],[0.3509718,46.5779481],[0.3509161,46.5779345],[0.3508439,46.5778961],[0.3507243,46.5778882],[0.3506255,46.5778798],[0.3505329,46.5778593],[0.3504511,46.5778308],[0.3503903,46.577809],[0.3502981,46.5777536],[0.3501952,46.5777021],[0.3501104,46.5776491],[0.3500052,46.57762],[0.3498702,46.5775904],[0.3497658,46.5775685],[0.3497219,46.5775614],[0.3493039,46.5774678],[0.3490026,46.5774098],[0.3488357,46.5773681],[0.3482046,46.5772074],[0.3480959,46.5771854],[0.3480338,46.5771891],[0.3479687,46.5772131],[0.3479536,46.5772495],[0.3479642,46.5772744],[0.3479869,46.5773219],[0.3480199,46.5773778],[0.3480233,46.5774035],[0.3480054,46.5774337],[0.3479645,46.5774522],[0.3479059,46.5774652],[0.3478504,46.5774527],[0.347769,46.577418],[0.3477062,46.5773961],[0.3476493,46.5773825],[0.3475782,46.5773758],[0.3475086,46.5773742],[0.3474475,46.5773809],[0.3473773,46.5773967],[0.3473083,46.5774145],[0.3472416,46.5774395],[0.3471705,46.5774675],[0.3471104,46.5774846],[0.347055,46.5774966],[0.3470071,46.5775067],[0.3469436,46.5775063],[0.3468743,46.5774955],[0.346801,46.5774795],[0.3467159,46.577456],[0.3466076,46.5774279],[0.3464471,46.5773741],[0.3462124,46.5773001],[0.345852,46.5771764],[0.3456766,46.5771313],[0.3450855,46.5769714],[0.3449714,46.5769403],[0.3448959,46.5769047],[0.3448451,46.5768852],[0.3447985,46.576836],[0.344765,46.5767923],[0.3446979,46.5767375],[0.344673,46.5767013],[0.3446128,46.5766579],[0.3445893,46.5765939],[0.344542,46.5765019],[0.3441311,46.5765374],[0.3440226,46.576544],[0.3437746,46.5765495],[0.3435924,46.5765473],[0.3432345,46.5765002],[0.342687,46.576419],[0.3425962,46.5763996],[0.3425962,46.5764005],[0.3425549,46.5763944],[0.342486,46.5763765],[0.3422781,46.5763237],[0.3422224,46.576309],[0.3419467,46.5762158],[0.3414807,46.5760465],[0.341319,46.5759876],[0.341054,46.5758914],[0.341008,46.5759497]]],[[[0.3494617,46.5858251],[0.3495641,46.5859124],[0.3497255,46.5860357],[0.3496641,46.5860802],[0.3496612,46.5860833],[0.3495682,46.5861669],[0.3495247,46.5862069],[0.3498495,46.5863228],[0.3500351,46.5861032],[0.3500352,46.5861011],[0.3500127,46.5860148],[0.3500036,46.5859277],[0.3499957,46.5858814],[0.3499792,46.5858248],[0.3499301,46.5857634],[0.3499254,46.5857378],[0.3497519,46.5856458],[0.3496522,46.5855924],[0.3496112,46.585614],[0.3495984,46.5856341],[0.3495701,46.5857009],[0.3495239,46.5857643],[0.3494829,46.5858164],[0.3494617,46.5858251]]],[[[0.3509115,46.5544243],[0.350945,46.554467],[0.3509546,46.5544549],[0.3509881,46.554468],[0.3511042,46.5545126],[0.3512428,46.5545648],[0.3513403,46.5544434],[0.3511769,46.5543957],[0.3510585,46.5543581],[0.3510331,46.5543964],[0.3509115,46.5544243]]],[[[0.3505061,46.5540192],[0.3502359,46.553783],[0.3500113,46.5540733],[0.3501211,46.5541923],[0.3501698,46.5541986],[0.3502668,46.5541548],[0.3505017,46.5540437],[0.3504864,46.5540281],[0.3505061,46.5540192]]],[[[0.3477646,46.5881839],[0.3477546,46.5882123],[0.3477421,46.5882499],[0.3477407,46.5882796],[0.3477575,46.5883044],[0.3477818,46.5883214],[0.3477912,46.5883379],[0.347771,46.5883569],[0.3477554,46.5883718],[0.3477328,46.5883847],[0.3476915,46.5883806],[0.3476527,46.5883551],[0.3475414,46.5882657],[0.3474448,46.5882052],[0.3474001,46.5881817],[0.3473518,46.5881672],[0.3472878,46.588176],[0.3472273,46.588195],[0.3471793,46.5882062],[0.3471462,46.5882177],[0.3471056,46.5882311],[0.3470906,46.5882328],[0.3470389,46.5882571],[0.3469995,46.5882757],[0.3469615,46.5882992],[0.3469345,46.5883304],[0.3469109,46.5883646],[0.346898,46.5884124],[0.346879,46.5884957],[0.3468567,46.5885595],[0.3468564,46.5885984],[0.3468499,46.5886433],[0.3468112,46.5890348],[0.3467856,46.5891099],[0.3467789,46.5891272],[0.3468581,46.589175],[0.3469119,46.5891333],[0.3470088,46.5890589],[0.3471212,46.5889726],[0.3474113,46.588739],[0.3477555,46.588467],[0.3478448,46.5883965],[0.3479475,46.5883242],[0.3479051,46.5882854],[0.3478652,46.5882507],[0.3478483,46.5882595],[0.3477646,46.5881839]]],[[[0.347371,46.5877159],[0.347393,46.5877481],[0.3474357,46.587789],[0.3474782,46.5878247],[0.3475146,46.5878428],[0.3473711,46.5877138],[0.347371,46.5877159]]],[[[0.3441915,46.6028273],[0.3442643,46.602879],[0.3442947,46.6028992],[0.3444139,46.6029807],[0.3448412,46.6033678],[0.3450111,46.6035026],[0.3452862,46.6036765],[0.345153,46.603513],[0.3451754,46.6033908],[0.3454156,46.6035713],[0.3454818,46.6036136],[0.3455044,46.6036408],[0.3455551,46.6036613],[0.3455934,46.6036653],[0.3456281,46.6036528],[0.345659,46.60363],[0.3457086,46.6035851],[0.3457974,46.6035014],[0.3458807,46.6034348],[0.3458881,46.6034033],[0.3458299,46.6033498],[0.3457206,46.6032839],[0.3455629,46.6031974],[0.3454599,46.6031215],[0.3453787,46.6030255],[0.3450365,46.6028613],[0.3448807,46.6027993],[0.3448436,46.6027719],[0.3448348,46.6027677],[0.3447829,46.6027398],[0.3447306,46.6027171],[0.3446909,46.6027122],[0.3446597,46.6027166],[0.3446147,46.6027216],[0.3445808,46.6027177],[0.3445515,46.6027078],[0.3445182,46.6026907],[0.3444575,46.6026321],[0.3443056,46.6025223],[0.3442014,46.6024411],[0.3440347,46.6022972],[0.3438763,46.602175],[0.3438276,46.602137],[0.3438004,46.6021159],[0.3437704,46.6020969],[0.3437501,46.6020852],[0.3437323,46.6020807],[0.3437104,46.6020802],[0.3436977,46.6020911],[0.3436911,46.6021053],[0.3437229,46.6021531],[0.3437841,46.6022096],[0.3438955,46.602296],[0.3440132,46.6024071],[0.3440567,46.6024572],[0.3441201,46.6025231],[0.3441903,46.6026045],[0.3442478,46.6026701],[0.3443193,46.6027239],[0.3443472,46.6027645],[0.3441915,46.6028273]]],[[[0.3452199,46.6053955],[0.3451551,46.6054451],[0.3451748,46.6054997],[0.3451875,46.6055695],[0.3451975,46.6056147],[0.3452111,46.6056958],[0.3452182,46.6057368],[0.3452064,46.6059778],[0.3451928,46.6059826],[0.3451937,46.6060531],[0.3452105,46.6060699],[0.345473,46.606349],[0.3455096,46.6063866],[0.3455645,46.6064512],[0.3455842,46.6064741],[0.3455659,46.6064226],[0.3454983,46.6063137],[0.3454357,46.6061723],[0.3454272,46.6060749],[0.3454272,46.6059768],[0.3454342,46.6058666],[0.3454434,46.6057431],[0.3454391,46.6057103],[0.3453113,46.6057737],[0.3452412,46.605441],[0.3452199,46.6053955]]],[[[0.3449253,46.6050196],[0.3450573,46.604992],[0.3450116,46.6048355],[0.3450336,46.6047134],[0.3451429,46.6045146],[0.3451418,46.6043836],[0.3450568,46.6043337],[0.3449692,46.6042723],[0.3447358,46.6040738],[0.3445395,46.6039015],[0.3444325,46.6038112],[0.3443439,46.6037467],[0.3442842,46.6036922],[0.3442426,46.6036299],[0.3442439,46.603819],[0.3442439,46.6038436],[0.3442399,46.603869],[0.3442333,46.6038832],[0.3442203,46.6039095],[0.3442051,46.6039397],[0.3441763,46.6039831],[0.3441525,46.6040204],[0.3441448,46.604057],[0.3441355,46.6041201],[0.3441361,46.6041712],[0.3441362,46.6042335],[0.3441357,46.6042438],[0.3441393,46.6042593],[0.3441429,46.6042726],[0.3441483,46.604283],[0.3441582,46.6042985],[0.3441723,46.6043141],[0.3447054,46.6047201],[0.3447615,46.6048492],[0.344856,46.6049536],[0.3449253,46.6050196]]],[[[0.3404306,46.5897087],[0.3404395,46.5899276],[0.3404436,46.5900535],[0.3406151,46.5901218],[0.34068,46.5901643],[0.340897,46.5900885],[0.3412703,46.5901279],[0.3417412,46.5901674],[0.3418771,46.5901778],[0.3419865,46.5901864],[0.3420958,46.5901951],[0.3422157,46.590204],[0.3423248,46.5902117],[0.3424341,46.5902203],[0.3425685,46.5902306],[0.3426985,46.5902408],[0.3428774,46.5902541],[0.3430735,46.5902781],[0.3430942,46.5902786],[0.343086,46.590262],[0.3434493,46.5902644],[0.3434542,46.5902522],[0.3434337,46.5902477],[0.3434212,46.590231],[0.3434206,46.5902105],[0.3434308,46.5901863],[0.343447,46.59016],[0.3434583,46.5901378],[0.3434701,46.5901126],[0.3434859,46.5900944],[0.3434914,46.590069],[0.3434972,46.5900395],[0.3435193,46.5900114],[0.3435526,46.5899958],[0.343603,46.5899683],[0.3436505,46.589943],[0.3436839,46.5899252],[0.3437301,46.5898855],[0.3437691,46.5898496],[0.3437939,46.5898247],[0.3439845,46.5898056],[0.343972,46.5897327],[0.3441149,46.5897206],[0.3441149,46.5897217],[0.3441459,46.5897203],[0.3442337,46.5897122],[0.3442586,46.5898446],[0.3446065,46.5897934],[0.344595,46.5897573],[0.3446579,46.5897455],[0.3447339,46.5897381],[0.3447308,46.5897053],[0.3447131,46.5897058],[0.3446275,46.5896702],[0.3446072,46.5895388],[0.3447231,46.5895343],[0.344852,46.5895363],[0.3449863,46.5895466],[0.3451007,46.5895728],[0.3452542,46.5896162],[0.3453126,46.5896646],[0.3453564,46.5897085],[0.3453627,46.5897628],[0.3453518,46.5898024],[0.3453338,46.5898409],[0.3453056,46.589873],[0.3452695,46.589914],[0.3452504,46.589936],[0.3452577,46.589972],[0.345247,46.5900055],[0.3452695,46.5900356],[0.3453054,46.5900549],[0.3453522,46.5900682],[0.3453843,46.5900853],[0.3455535,46.5900156],[0.3455436,46.5899766],[0.3455205,46.5899608],[0.3454943,46.5898957],[0.3454681,46.5897009],[0.3454497,46.5895625],[0.3454463,46.5895358],[0.3454295,46.5895191],[0.345399,46.5895092],[0.3453753,46.5895046],[0.3453457,46.5895018],[0.3452905,46.5894842],[0.3452352,46.5894594],[0.3451725,46.5894345],[0.34511,46.5894135],[0.345067,46.5894115],[0.3449711,46.5894001],[0.3448946,46.5893931],[0.34458,46.5893981],[0.3444852,46.5893959],[0.3443913,46.5894],[0.3442583,46.5894254],[0.3441714,46.5894469],[0.3441367,46.5894512],[0.3440385,46.5894633],[0.3439232,46.5894872],[0.3438129,46.589499],[0.3436932,46.5895166],[0.3435725,46.5895333],[0.3434869,46.5895517],[0.343397,46.5895691],[0.3433179,46.5895836],[0.3431848,46.589604],[0.3430342,46.5896209],[0.3429512,46.5896262],[0.3428396,46.5896317],[0.3426885,46.5896282],[0.3426249,46.5896298],[0.3425684,46.5896296],[0.3425014,46.5896382],[0.3424518,46.5896493],[0.3423993,46.5896563],[0.3423343,46.5896548],[0.3422761,46.589635],[0.3422249,46.5896154],[0.3421565,46.5895954],[0.342074,46.5895823],[0.3420018,46.5895745],[0.3419451,46.5895803],[0.3418827,46.5895819],[0.3416324,46.5896099],[0.3414046,46.5896577],[0.3412667,46.5896872],[0.3411708,46.5897096],[0.3411095,46.5897203],[0.3409989,46.5897372],[0.340912,46.5897495],[0.3408425,46.589753],[0.3407828,46.5897537],[0.3407282,46.5897484],[0.3406636,46.5897386],[0.3405959,46.5897269],[0.3405313,46.5897172],[0.3404856,46.5897058],[0.340444,46.589707],[0.3404306,46.5897087]]],[[[0.3414751,46.6017216],[0.341569,46.6017963],[0.3417936,46.6019681],[0.3418439,46.601998],[0.3418657,46.6020087],[0.3419034,46.6019993],[0.3419496,46.6019933],[0.3419987,46.6019914],[0.342048,46.6019854],[0.3420983,46.6019835],[0.3421229,46.6019932],[0.3421653,46.6020095],[0.3422013,46.6020349],[0.3422565,46.6020852],[0.3422984,46.6021097],[0.3423419,46.6021578],[0.3423775,46.6022168],[0.3423866,46.6022477],[0.3424053,46.6022584],[0.3424235,46.6022793],[0.342408,46.6022912],[0.3423571,46.6023053],[0.3423283,46.6023158],[0.3423011,46.6023266],[0.3422869,46.6023456],[0.3423016,46.6023725],[0.3423261,46.6023935],[0.3423633,46.602419],[0.3423981,46.6024361],[0.3424199,46.6024489],[0.3424485,46.6024659],[0.3424772,46.602488],[0.3425,46.6025028],[0.3425216,46.6025176],[0.342543,46.6025365],[0.3425734,46.6025495],[0.3425986,46.6025552],[0.3426277,46.602561],[0.3426515,46.6025647],[0.3426709,46.602561],[0.3427068,46.6025557],[0.3427399,46.6025453],[0.3427617,46.6025243],[0.3427898,46.602527],[0.3428224,46.6025257],[0.3429156,46.6024716],[0.3428892,46.6024668],[0.3427816,46.6024766],[0.3427493,46.6024729],[0.3427194,46.6023536],[0.342711,46.6023176],[0.3427068,46.6023073],[0.3426877,46.6023049],[0.3426658,46.6023044],[0.3426386,46.6023057],[0.3426327,46.6023056],[0.3426178,46.6023073],[0.3426016,46.60231],[0.3425831,46.6022953],[0.3425736,46.6022725],[0.3425713,46.6022632],[0.3425649,46.6022407],[0.3425607,46.6022079],[0.3425456,46.6021799],[0.3425272,46.602163],[0.3425169,46.6021567],[0.3424922,46.602149],[0.3424672,46.6021464],[0.3424431,46.6021499],[0.342425,46.6021586],[0.3424052,46.6021715],[0.342399,46.6021775],[0.3422204,46.6020374],[0.3421502,46.6019887],[0.3418748,46.6018862],[0.3415453,46.6016803],[0.3414751,46.6017216]]],[[[0.338269,46.639967],[0.3385037,46.6400871],[0.3387009,46.6401468],[0.339024,46.6401615],[0.339302,46.6402374],[0.3395654,46.640403],[0.3398857,46.6404738],[0.3402445,46.6405445],[0.3403671,46.6406117],[0.3404694,46.6405834],[0.3404206,46.6405547],[0.3402862,46.6404779],[0.3402774,46.6404727],[0.340243,46.6404453],[0.340291,46.640379],[0.3402961,46.6403628],[0.3403028,46.6403231],[0.3402999,46.6402861],[0.340295,46.6402646],[0.3402787,46.6402376],[0.3402537,46.6402033],[0.3402348,46.6401896],[0.3402111,46.6401604],[0.3401777,46.6401126],[0.3400486,46.6399685],[0.3397473,46.6397509],[0.3396204,46.6398902],[0.3395275,46.6399349],[0.3394545,46.6399762],[0.3393828,46.6400144],[0.3393033,46.6400575],[0.3392645,46.6400658],[0.3391093,46.6401103],[0.3389406,46.6401329],[0.3386351,46.6400645],[0.3385556,46.6399011],[0.338269,46.639967]]],[[[0.3404373,46.5921233],[0.3404403,46.592149],[0.3404507,46.592185],[0.340479,46.5922081],[0.3405063,46.5922262],[0.3405412,46.5922433],[0.3405781,46.5922493],[0.3406194,46.5922483],[0.340648,46.5922407],[0.3406763,46.5922393],[0.3407077,46.5922369],[0.3407371,46.5922376],[0.340775,46.5922252],[0.3408124,46.5922138],[0.3408532,46.5921964],[0.3408971,46.5921801],[0.3409707,46.5921582],[0.3410414,46.5921405],[0.341116,46.5921299],[0.3411786,46.5921242],[0.3412378,46.5921245],[0.3413194,46.5921234],[0.341391,46.5921179],[0.3414489,46.5921141],[0.3415367,46.5921141],[0.3416063,46.5921106],[0.3416676,46.5920997],[0.3417429,46.5920831],[0.3418042,46.5920722],[0.3418774,46.5920587],[0.3419181,46.5920442],[0.3420082,46.5920208],[0.3420983,46.5919984],[0.3421657,46.5919825],[0.3422286,46.5919707],[0.3422728,46.5919493],[0.3423271,46.5919291],[0.3423665,46.5919095],[0.3423986,46.591895],[0.3424289,46.5918773],[0.3424645,46.5918781],[0.3424787,46.5918928],[0.3424928,46.5919084],[0.34252,46.5919222],[0.342536,46.5919308],[0.3425551,46.5919333],[0.3425687,46.5919285],[0.3425854,46.5919237],[0.3426007,46.5919149],[0.3426099,46.5919039],[0.3426152,46.5918908],[0.3426185,46.5918806],[0.3426191,46.5918683],[0.3426168,46.5918581],[0.3425735,46.5917978],[0.3425251,46.5917281],[0.3425182,46.5917179],[0.3425224,46.5916965],[0.3425383,46.5916753],[0.3425458,46.5916652],[0.3425913,46.591649],[0.3426339,46.5916285],[0.3426644,46.5916066],[0.3426851,46.5915827],[0.342688,46.5915796],[0.3426938,46.5915573],[0.3427034,46.5915381],[0.3427223,46.5915201],[0.3427611,46.5915119],[0.342618,46.5915289],[0.3426182,46.5915238],[0.3424584,46.5915456],[0.3424525,46.5915466],[0.3422996,46.5915768],[0.3421726,46.5916014],[0.3421603,46.5916114],[0.3420266,46.5916451],[0.342019,46.5916469],[0.342015,46.5916408],[0.3419473,46.5916545],[0.3419517,46.5916606],[0.3418031,46.591693],[0.3418039,46.5917094],[0.3418092,46.5917198],[0.3418175,46.5917343],[0.341832,46.5917427],[0.3418677,46.5917436],[0.3418871,46.59174],[0.3419409,46.5917289],[0.3420831,46.5916995],[0.3422614,46.5916607],[0.3423615,46.5916508],[0.3423979,46.5916598],[0.3424299,46.5916717],[0.3424516,46.5916836],[0.3424719,46.5916942],[0.3424876,46.59171],[0.3424943,46.5917254],[0.3424921,46.5917386],[0.3424882,46.5917549],[0.3424817,46.591767],[0.3424751,46.5917802],[0.3424519,46.5917981],[0.3424336,46.5918129],[0.3424119,46.5918308],[0.3423847,46.5918415],[0.342088,46.5919368],[0.3418892,46.5920016],[0.3417114,46.5920537],[0.3416591,46.5920648],[0.3416035,46.5920789],[0.3415631,46.5920881],[0.341517,46.5920922],[0.3414739,46.5920923],[0.3414326,46.5920862],[0.3413992,46.5920711],[0.3413695,46.5920449],[0.3413335,46.5920194],[0.3412869,46.5920031],[0.3412503,46.5919982],[0.3411964,46.5920019],[0.3411399,46.5920109],[0.3410961,46.5920242],[0.3410387,46.5920433],[0.3409826,46.5920675],[0.3409463,46.5920881],[0.3409111,46.5921108],[0.3408793,46.5921193],[0.3408481,46.5921248],[0.3408178,46.5921353],[0.3408019,46.5921309],[0.3407651,46.5921228],[0.3407273,46.5921097],[0.3406938,46.5920966],[0.340673,46.5920972],[0.3406683,46.5920971],[0.3406313,46.5920992],[0.3405937,46.5921075],[0.3405651,46.5921151],[0.340534,46.5921175],[0.3404957,46.5921144],[0.3404618,46.5921116],[0.3404422,46.5921102],[0.3404373,46.5921233]]],[[[0.3439036,46.5516398],[0.3439124,46.5516778],[0.3439243,46.5517292],[0.3439369,46.5517765],[0.3439385,46.5517766],[0.3441815,46.5517423],[0.3441563,46.5515926],[0.3441237,46.5514742],[0.3440905,46.5513671],[0.3440537,46.5512702],[0.3438269,46.5513017],[0.3437888,46.5513202],[0.3438334,46.5514419],[0.3438516,46.5514944],[0.3438595,46.5515171],[0.3438712,46.551549],[0.3439009,46.5516306],[0.3439036,46.5516398]]],[[[0.3400528,46.5496356],[0.3401055,46.5497351],[0.3401388,46.5497276],[0.3402046,46.5497108],[0.3402379,46.5496635],[0.3404547,46.5495632],[0.3407482,46.5495956],[0.3412723,46.5497253],[0.3417707,46.5498923],[0.3420369,46.5500569],[0.3423436,46.5500252],[0.3424375,46.5500449],[0.3426636,46.5501482],[0.3431041,46.5503536],[0.3432707,46.55052],[0.343471,46.5508477],[0.3434877,46.5508736],[0.3434987,46.5508902],[0.343522,46.5509256],[0.3436063,46.550901],[0.3437786,46.550862],[0.3439164,46.5508315],[0.3439098,46.550814],[0.3439101,46.5508079],[0.3438464,46.5506848],[0.3437467,46.5505434],[0.3436974,46.5502785],[0.3436901,46.5502415],[0.3436805,46.550231],[0.3434965,46.550052],[0.343393,46.5499004],[0.3433078,46.5498228],[0.3429872,46.5497376],[0.3428626,46.5496816],[0.3428455,46.549672],[0.3427991,46.5496504],[0.3424915,46.5496351],[0.342205,46.5495906],[0.3419466,46.5495069],[0.3417451,46.5494214],[0.3415987,46.5493537],[0.3415138,46.5492709],[0.3410955,46.5492786],[0.3409233,46.5492818],[0.340487,46.5494249],[0.3402112,46.5495197],[0.3400528,46.5496356]]],[[[0.3412249,46.5906962],[0.3412859,46.5906905],[0.341291,46.5906099],[0.3413067,46.590417],[0.341172,46.5904057],[0.3411914,46.5904113],[0.341207,46.5904198],[0.3412182,46.5904313],[0.3412297,46.5904459],[0.3412314,46.5904664],[0.3412249,46.5906962]]],[[[0.3404124,46.5913572],[0.3407777,46.5912307],[0.3408351,46.5912024],[0.34093,46.5911146],[0.3409096,46.5910753],[0.3408881,46.5910901],[0.3408314,46.5911031],[0.3407553,46.5911116],[0.3406405,46.5911181],[0.3406183,46.5911217],[0.3405378,46.5911331],[0.3404628,46.5911754],[0.3404198,46.5912049],[0.3404103,46.5912477],[0.3404124,46.5913572]]],[[[0.3400401,46.5924852],[0.3400627,46.5924795],[0.3401139,46.5924594],[0.340142,46.5924283],[0.3401925,46.5923671],[0.3402207,46.5923116],[0.3402486,46.5922529],[0.340248,46.5921772],[0.3402473,46.5921599],[0.3402448,46.5920268],[0.3402429,46.592034],[0.3402068,46.5920495],[0.3401766,46.592058],[0.3401522,46.5920677],[0.3400956,46.5920786],[0.3400568,46.5920777],[0.3400351,46.5920732],[0.3400401,46.5924852]]],[[[0.3313207,46.5814844],[0.3313195,46.5814783],[0.3313029,46.5814237],[0.3312497,46.581302],[0.3312285,46.5812473],[0.3311591,46.5810882],[0.3311471,46.5810613],[0.3311037,46.5809785],[0.3310657,46.580906],[0.331047,46.5808709],[0.3309238,46.5806585],[0.3308936,46.5806108],[0.3308588,46.5806243],[0.3308809,46.5806533],[0.3310388,46.5809105],[0.3311406,46.5811368],[0.3312273,46.5813586],[0.3313656,46.5817759],[0.3314915,46.582023],[0.3317142,46.5823492],[0.3319712,46.5826967],[0.3322836,46.5831047],[0.3326493,46.5836263],[0.333071,46.5842209],[0.3336002,46.5848537],[0.333855,46.5851337],[0.3341037,46.5853868],[0.3345433,46.5857354],[0.335253,46.5861649],[0.335871,46.5866822],[0.3360229,46.5868227],[0.3361555,46.5869014],[0.3363314,46.5869433],[0.3364762,46.5869569],[0.3366528,46.5869519],[0.3367772,46.5871019],[0.3368507,46.5870913],[0.337456,46.5866823],[0.3376175,46.5866585],[0.3378395,46.5867607],[0.3381716,46.5870311],[0.3384942,46.5873443],[0.3385309,46.5874442],[0.338639,46.5879589],[0.338725,46.5883565],[0.3389337,46.5891812],[0.3390129,46.5893242],[0.3391181,46.5893858],[0.3393895,46.5895045],[0.339731,46.5896475],[0.3401453,46.5897543],[0.3401426,46.5896008],[0.3401526,46.5895162],[0.3397598,46.5893885],[0.3395623,46.5893052],[0.3393694,46.5891851],[0.3392744,46.5890675],[0.3392249,46.5889907],[0.3391738,46.588824],[0.3390229,46.5882695],[0.3389317,46.5879227],[0.3389447,46.5877443],[0.3389839,46.5875765],[0.3389874,46.587416],[0.3389002,46.5872606],[0.3387665,46.5871166],[0.3383463,46.5867939],[0.3380967,46.5865592],[0.3377655,46.586301],[0.3375248,46.5860378],[0.337419,46.585924],[0.3373595,46.5857784],[0.337366,46.5854596],[0.3374028,46.5852846],[0.3373799,46.5851768],[0.3372763,46.5850834],[0.3369725,46.5848105],[0.3368602,46.5847743],[0.3365275,46.5846918],[0.336158,46.5844543],[0.3345492,46.5833425],[0.3341343,46.5831529],[0.333573,46.5828966],[0.3332754,46.5827138],[0.3329368,46.5824227],[0.3324448,46.5818081],[0.3324376,46.5816822],[0.332704,46.5813337],[0.3327555,46.5809465],[0.3327013,46.580478],[0.3326278,46.5800091],[0.3323295,46.5794738],[0.3319275,46.5787509],[0.3304951,46.578698],[0.330034,46.5786689],[0.3298962,46.5785216],[0.3298021,46.5785602],[0.3299843,46.5787465],[0.3314444,46.5788674],[0.3317422,46.5791156],[0.3321951,46.5799777],[0.3323527,46.5803606],[0.3322809,46.5808006],[0.3320909,46.5810782],[0.3321033,46.5813382],[0.3321104,46.5814977],[0.3321777,46.5818121],[0.3323268,46.5820395],[0.3324214,46.5822532],[0.3324889,46.5824848],[0.3325171,46.5826613],[0.3325252,46.5828639],[0.3326083,46.583103],[0.3328122,46.58339],[0.3332786,46.5841603],[0.3341716,46.5851451],[0.3345141,46.5854822],[0.3348827,46.5857382],[0.3354235,46.5861013],[0.3361379,46.586716],[0.3362242,46.5867712],[0.3363085,46.5867701],[0.3363216,46.5867827],[0.3364481,46.5868009],[0.3365183,46.5867933],[0.3365671,46.5867658],[0.336681,46.5868574],[0.3367019,46.5868865],[0.3366084,46.586915],[0.3365755,46.5869225],[0.3365427,46.5869278],[0.3364178,46.5869321],[0.3363384,46.586921],[0.3362049,46.5868933],[0.3361582,46.5868779],[0.3361321,46.5868672],[0.3360828,46.5868405],[0.3360554,46.5868235],[0.3358138,46.5866094],[0.3351853,46.5860673],[0.3345927,46.5857191],[0.334363,46.5855349],[0.3342547,46.5854485],[0.3341554,46.5853542],[0.3339618,46.5851627],[0.333721,46.5848995],[0.3336942,46.5848713],[0.3336106,46.5847681],[0.3335951,46.5847483],[0.3334542,46.5845999],[0.3334303,46.5845677],[0.3334064,46.5845436],[0.3333816,46.5845061],[0.3332883,46.5843864],[0.3332544,46.5843499],[0.3332279,46.5843144],[0.3331863,46.5842829],[0.3331604,46.5842353],[0.333127,46.5841976],[0.3331103,46.5841707],[0.3330835,46.5841496],[0.3330287,46.5840829],[0.3329971,46.5840322],[0.3329706,46.5839967],[0.332961,46.5839843],[0.3329126,46.5839086],[0.3327927,46.5837564],[0.3327755,46.5837152],[0.3327408,46.5836949],[0.3327292,46.5836589],[0.3326972,46.5836162],[0.3325979,46.5834677],[0.3325789,46.5834305],[0.3325259,46.5833598],[0.3325157,46.5832962],[0.3325132,46.5832838],[0.3324473,46.5832128],[0.3323882,46.583147],[0.3323487,46.5831042],[0.3323307,46.5831129],[0.3322219,46.5829734],[0.3321577,46.5828901],[0.3321367,46.5828631],[0.3320685,46.5827756],[0.3319446,46.5826071],[0.3319003,46.5825437],[0.3318228,46.5824305],[0.3316647,46.5822091],[0.3316163,46.5821406],[0.3315275,46.5820167],[0.3314475,46.5818903],[0.3313898,46.5817703],[0.3313564,46.5816918],[0.3313401,46.5816342],[0.3313368,46.5816127],[0.3313353,46.5815472],[0.3313281,46.5815173],[0.3313207,46.5814844]]],[[[0.337489,46.6376173],[0.3376256,46.6375856],[0.3376561,46.63757],[0.3376448,46.6375605],[0.3376131,46.6375118],[0.3376078,46.6375005],[0.3375178,46.6375177],[0.3374742,46.637527],[0.337489,46.6376173]]],[[[0.3380113,46.5943721],[0.3382047,46.5943224],[0.3382726,46.5943036],[0.338269,46.594282],[0.3382802,46.5942045],[0.3383176,46.5941053],[0.3383847,46.5939534],[0.3385999,46.5936088],[0.3388,46.5932782],[0.3390394,46.5929925],[0.3391614,46.5928614],[0.3392714,46.5928026],[0.339312,46.5927903],[0.3393873,46.5927961],[0.3394643,46.5927928],[0.3395458,46.5927947],[0.339585,46.592812],[0.3395713,46.5927299],[0.3395362,46.5926616],[0.3394061,46.5926217],[0.3394044,46.5926228],[0.3390305,46.5928123],[0.3388689,46.5929026],[0.3386724,46.5930729],[0.3385556,46.5931836],[0.338391,46.5934303],[0.3381677,46.5938115],[0.3380898,46.5939783],[0.3380229,46.5941905],[0.3380189,46.5943375],[0.3380113,46.5943721]]],[[[0.3391945,46.5490096],[0.3392641,46.5490674],[0.3393053,46.5490417],[0.3394857,46.5489263],[0.339638,46.5488481],[0.3398766,46.5487842],[0.3400755,46.5487142],[0.3402418,46.5486128],[0.3404196,46.5485586],[0.3411606,46.5483704],[0.341494,46.5483382],[0.3414997,46.5483415],[0.3415089,46.548402],[0.3417181,46.5483618],[0.3416716,46.5482779],[0.3415078,46.5482711],[0.3412814,46.5482617],[0.3410928,46.548242],[0.3409669,46.5482698],[0.3408202,46.5483042],[0.3407091,46.5483332],[0.3406612,46.5483444],[0.3406282,46.5483539],[0.3405246,46.5483822],[0.3404673,46.5484002],[0.3404025,46.5484192],[0.3403381,46.5484391],[0.3402626,46.5484671],[0.3401766,46.5484957],[0.3401479,46.5485072],[0.3400467,46.5485499],[0.3400086,46.5485664],[0.3399498,46.5485926],[0.3398723,46.5486298],[0.3398053,46.5486639],[0.3395829,46.5487886],[0.3394094,46.5488837],[0.3392416,46.548982],[0.3391945,46.5490096]]],[[[0.3368492,46.5932084],[0.3368879,46.5932358],[0.3369416,46.5932912],[0.336938,46.5933332],[0.3369653,46.5932888],[0.3371566,46.5930489],[0.3373065,46.5928612],[0.3374591,46.5927411],[0.3375961,46.5925756],[0.3377674,46.592416],[0.3379535,46.5922435],[0.3380895,46.5921332],[0.3381737,46.5920228],[0.3382514,46.5919489],[0.3383437,46.591816],[0.3385049,46.5916706],[0.3386544,46.5915565],[0.3388293,46.5914123],[0.3389945,46.5913037],[0.3390967,46.5912438],[0.3391786,46.5911792],[0.3393395,46.5910716],[0.3392993,46.5908601],[0.339293,46.5907802],[0.3392595,46.5907681],[0.3392225,46.5907949],[0.3391384,46.5908788],[0.3391025,46.5909158],[0.3390666,46.5909517],[0.3389887,46.5910307],[0.3389651,46.5910557],[0.3389074,46.5911137],[0.3388607,46.5911617],[0.3388277,46.5911956],[0.3388264,46.5911976],[0.338795,46.5912307],[0.3387419,46.5912826],[0.3386265,46.5913984],[0.3385971,46.5914304],[0.3384905,46.5915415],[0.3384174,46.5916164],[0.3383128,46.5917192],[0.3382567,46.5917752],[0.3381539,46.5918822],[0.3381303,46.5919072],[0.3381006,46.5919371],[0.3380462,46.5919912],[0.3379537,46.5920881],[0.337784,46.5920464],[0.3377017,46.5921498],[0.3375487,46.5923364],[0.3375341,46.5923298],[0.3374317,46.5924582],[0.3373921,46.5925075],[0.3373132,46.5926048],[0.3372594,46.5926699],[0.3371855,46.5927623],[0.3371554,46.5928014],[0.3371158,46.5928496],[0.337029,46.592957],[0.3369722,46.5930272],[0.3369534,46.5930513],[0.336905,46.5931259],[0.3368763,46.5931681],[0.3368492,46.5932084]]],[[[0.3390571,46.5961178],[0.3390609,46.5960729],[0.3390476,46.596039],[0.3390453,46.5960307],[0.3390217,46.5959923],[0.3389785,46.5959371],[0.338854,46.5958136],[0.3385415,46.5958698],[0.3385882,46.5960037],[0.3385912,46.5960069],[0.338605,46.5960225],[0.3388039,46.5961395],[0.3388684,46.5962483],[0.3388851,46.5963203],[0.3388884,46.5963195],[0.3388981,46.5962501],[0.3389416,46.5962101],[0.3390571,46.5961178]]],[[[0.3353086,46.6327796],[0.3355682,46.6328132],[0.3357304,46.6328344],[0.3362257,46.6329358],[0.3362737,46.6328296],[0.3362077,46.6328157],[0.3359749,46.6327776],[0.3358616,46.6327597],[0.33585,46.6327881],[0.335807,46.632784],[0.3357688,46.632779],[0.3357315,46.6327802],[0.3356593,46.6327714],[0.3355405,46.6327462],[0.3355454,46.632734],[0.3355206,46.6327283],[0.3354336,46.6327099],[0.3353442,46.6326935],[0.3353086,46.6327796]]],[[[0.3394426,46.5505702],[0.3396113,46.550573],[0.3396174,46.550568],[0.3397092,46.5503259],[0.339748,46.5502286],[0.3398663,46.5501731],[0.339982,46.5500828],[0.3401075,46.5498476],[0.3400927,46.5498451],[0.3400615,46.5498495],[0.3399768,46.5498598],[0.3399186,46.5498636],[0.3398801,46.5498668],[0.3397738,46.5498847],[0.339762,46.5498865],[0.3396494,46.5500341],[0.3395191,46.5503112],[0.3394426,46.5505702]]],[[[0.3382725,46.5722092],[0.3382912,46.5722432],[0.3383239,46.5722716],[0.3383645,46.57229],[0.338413,46.5723003],[0.3384767,46.5723038],[0.3385382,46.5722889],[0.3385609,46.5722813],[0.3385278,46.572261],[0.3385153,46.5722444],[0.3385033,46.5722175],[0.3384905,46.5721426],[0.3384681,46.5721125],[0.3384078,46.5721019],[0.338365,46.5721285],[0.338355,46.5721558],[0.3383463,46.5721811],[0.3383078,46.5721752],[0.3382744,46.5721693],[0.3382544,46.5721545],[0.3382725,46.5722092]]],[[[0.3375122,46.5746284],[0.3376562,46.5746809],[0.3377823,46.5747144],[0.3380238,46.5747773],[0.3381258,46.5748072],[0.3381683,46.5748196],[0.3381971,46.5748089],[0.3382741,46.5748362],[0.3383559,46.5748627],[0.3383783,46.5748305],[0.3382137,46.5747746],[0.3382078,46.5747735],[0.3380532,46.5747207],[0.3378117,46.574659],[0.3377686,46.5746262],[0.3375665,46.5745429],[0.3375122,46.5746284]]],[[[0.3354149,46.5715937],[0.3357137,46.5716701],[0.337422,46.5721055],[0.3379272,46.5722328],[0.3380708,46.5719335],[0.3380263,46.5719365],[0.3379425,46.571952],[0.3378952,46.5719816],[0.3378474,46.5720143],[0.3377472,46.5720344],[0.3376376,46.5720328],[0.3374732,46.5720269],[0.3356986,46.5715788],[0.3356137,46.5715585],[0.3354949,46.5715679],[0.3354149,46.5715937]]],[[[0.3364085,46.5956679],[0.3364821,46.5958862],[0.3365663,46.596018],[0.336616,46.5961878],[0.3367482,46.5962431],[0.336792,46.596284],[0.3368281,46.5963318],[0.3368539,46.5963824],[0.336797,46.5961829],[0.3367934,46.5961684],[0.3366813,46.5957589],[0.3366324,46.595579],[0.3366198,46.5955337],[0.3366189,46.595455],[0.3366201,46.5954305],[0.3364486,46.5954254],[0.336373,46.5954236],[0.3363587,46.5954755],[0.3363607,46.5955225],[0.3363646,46.5955636],[0.3364085,46.5956679]]],[[[0.3393146,46.5295029],[0.3393254,46.5295543],[0.3393477,46.5295548],[0.3396658,46.5295622],[0.3396576,46.529609],[0.339674,46.5296105],[0.3397386,46.5300434],[0.3397608,46.5301973],[0.3400416,46.5301741],[0.3399583,46.5295772],[0.3400221,46.5289684],[0.3400313,46.5285086],[0.3399802,46.52807],[0.3398888,46.5275455],[0.3398609,46.5270808],[0.339787,46.527079],[0.3397862,46.5270963],[0.339661,46.5270863],[0.3396629,46.527166],[0.339645,46.5278382],[0.3395591,46.5284414],[0.339437,46.5288486],[0.3393146,46.5295029]]],[[[0.3365274,46.5943857],[0.3366942,46.5942525],[0.3367057,46.5941393],[0.3365504,46.5941643],[0.3365134,46.594191],[0.336495,46.594206],[0.3364782,46.5942455],[0.336479,46.5942598],[0.3364743,46.5942913],[0.3364838,46.5943376],[0.3365274,46.5943857]]],[[[0.3364068,46.5949737],[0.3364105,46.5949871],[0.3364892,46.5949898],[0.336494,46.594948],[0.336499,46.5948767],[0.3364136,46.5948675],[0.3364081,46.5949154],[0.3364082,46.5949451],[0.3364068,46.5949737]]],[[[0.3365671,46.5475889],[0.3365955,46.547616],[0.3367879,46.5476471],[0.3368293,46.5476818],[0.3371052,46.5479203],[0.3371777,46.5479843],[0.3372174,46.54802],[0.3375665,46.5483327],[0.3376797,46.5484448],[0.3377686,46.5485338],[0.3378106,46.5485796],[0.3379393,46.548736],[0.3379771,46.5487799],[0.3380726,46.5487422],[0.3381403,46.5488399],[0.338207,46.5489335],[0.3382799,46.5490127],[0.3383267,46.5490579],[0.3383598,46.5490453],[0.3383583,46.5490443],[0.3382308,46.5488635],[0.3379819,46.548505],[0.3378737,46.5483226],[0.3376069,46.548115],[0.3372695,46.547829],[0.3371494,46.5477456],[0.3369918,46.5476344],[0.3368716,46.5475785],[0.3366797,46.5475597],[0.3365671,46.5475889]]],[[[0.3338562,46.5715543],[0.3340817,46.5716066],[0.3341316,46.571619],[0.3343069,46.571666],[0.3345441,46.5717289],[0.334577,46.5716652],[0.3344866,46.5716293],[0.3343033,46.5715638],[0.334151,46.5715204],[0.3340791,46.5715084],[0.3340356,46.5714911],[0.3339721,46.5714835],[0.3339175,46.5714791],[0.3338682,46.5714851],[0.3338329,46.5714843],[0.3337741,46.5714686],[0.3337083,46.57142],[0.3336978,46.5713952],[0.3336994,46.5713625],[0.333691,46.5713245],[0.3336664,46.5712749],[0.333591,46.5711832],[0.3334963,46.5711473],[0.3334536,46.5711483],[0.3334133,46.5711545],[0.3333546,46.5711686],[0.3332714,46.5712034],[0.3332276,46.5712167],[0.3331782,46.5712319],[0.3331329,46.5712451],[0.3330853,46.5712492],[0.333028,46.5712436],[0.3329663,46.571231],[0.3329067,46.5712061],[0.3328415,46.571177],[0.3327818,46.571148],[0.3327272,46.5711192],[0.332676,46.5711006],[0.3326147,46.5710868],[0.3325482,46.5710772],[0.3324686,46.5710702],[0.33241,46.5710586],[0.3323518,46.5710368],[0.3321787,46.5709714],[0.3320303,46.5709128],[0.3319473,46.570878],[0.3318783,46.5708622],[0.3318464,46.5708492],[0.3317796,46.570821],[0.3317337,46.5707913],[0.3316896,46.5707546],[0.3316085,46.5707149],[0.3315475,46.5706868],[0.3314912,46.57066],[0.3314389,46.5706393],[0.33136,46.570611],[0.3312861,46.5705836],[0.3312444,46.570555],[0.3312498,46.5705961],[0.3312541,46.5706278],[0.3312626,46.5706629],[0.3312705,46.5706864],[0.3313503,46.5707528],[0.3314516,46.5708053],[0.3315587,46.5708517],[0.3316943,46.5708988],[0.3318674,46.5709652],[0.33207,46.5710701],[0.3323915,46.5711634],[0.3328297,46.5712912],[0.3329295,46.5713181],[0.3329711,46.5713077],[0.3330122,46.5713169],[0.3331666,46.5713501],[0.333196,46.5713499],[0.3332335,46.5713436],[0.3332871,46.5713693],[0.3333726,46.5714082],[0.333546,46.5714694],[0.3338562,46.5715543]]],[[[0.3346873,46.5218817],[0.3347461,46.5218882],[0.3349874,46.5219501],[0.3351708,46.522075],[0.3352865,46.5221994],[0.3353396,46.5223549],[0.3353307,46.5225366],[0.3353543,46.5226221],[0.3354865,46.5225536],[0.3358046,46.5224138],[0.3359617,46.5225657],[0.3361756,46.5224909],[0.3361497,46.5224433],[0.3361407,46.5224431],[0.3359574,46.5223172],[0.3357454,46.5220791],[0.3354781,46.5217653],[0.3353972,46.5217777],[0.3353879,46.5217601],[0.33532,46.5216031],[0.3353363,46.5215983],[0.3352722,46.5215222],[0.3350379,46.5211897],[0.3347208,46.5207407],[0.3344461,46.5209684],[0.3344458,46.5209755],[0.3344226,46.5209933],[0.3343557,46.5210634],[0.3342306,46.5212281],[0.3342995,46.521332],[0.3343911,46.5214609],[0.3344878,46.521598],[0.3345931,46.5217487],[0.3346873,46.5218817]]],[[[0.3334896,46.5199984],[0.333509,46.5200593],[0.3335231,46.5201311],[0.3337057,46.520304],[0.3337788,46.5203865],[0.3338546,46.5203494],[0.3339265,46.5202724],[0.3339554,46.5202261],[0.3339257,46.5201364],[0.3337818,46.5200442],[0.3336365,46.5199568],[0.3336244,46.5199321],[0.3335321,46.5199781],[0.3334896,46.5199984]]],[[[0.3276582,46.6307993],[0.3276948,46.6308143],[0.3277997,46.6308516],[0.3279652,46.6308912],[0.3279955,46.6309134],[0.3281417,46.6310211],[0.3281309,46.631026],[0.3282868,46.6311175],[0.3283182,46.6311428],[0.3283632,46.6311275],[0.3282298,46.6310078],[0.3280157,46.6308934],[0.3278522,46.6308365],[0.3278333,46.6308299],[0.3276709,46.6307882],[0.3276582,46.6307993]]],[[[0.3285613,46.5696216],[0.3285628,46.5696216],[0.3287957,46.5697711],[0.3288708,46.5698076],[0.3288897,46.5697896],[0.3289395,46.5698277],[0.3290569,46.5698804],[0.3291611,46.5699361],[0.3294044,46.5700511],[0.3295631,46.5701059],[0.3297046,46.5701542],[0.3299471,46.5702273],[0.3299823,46.5702384],[0.3299806,46.5702404],[0.3299221,46.5703147],[0.3298982,46.5703468],[0.3300656,46.570409],[0.3303203,46.5705059],[0.3304358,46.5705403],[0.3305501,46.5705675],[0.3306408,46.570588],[0.330712,46.5705896],[0.3307865,46.5705812],[0.3308728,46.5705474],[0.3309286,46.5705201],[0.3308778,46.5705025],[0.3307976,46.570474],[0.3305591,46.5703837],[0.3297951,46.5700909],[0.3296397,46.5700555],[0.329384,46.5699555],[0.329214,46.56988],[0.3289317,46.5697487],[0.3287692,46.5696734],[0.3287298,46.5696295],[0.3287045,46.5695696],[0.3286984,46.5695502],[0.3286813,46.5695312],[0.3286555,46.5695143],[0.3286184,46.5695114],[0.3286084,46.5695705],[0.3285613,46.5696216]]],[[[0.3266134,46.6317091],[0.3267373,46.6317581],[0.3268522,46.6318007],[0.3271481,46.6319107],[0.3275445,46.632059],[0.3276735,46.6318463],[0.3273947,46.631754],[0.3269669,46.6316141],[0.3268002,46.6315325],[0.326651,46.6316712],[0.3266134,46.6317091]]],[[[0.3312686,46.5461109],[0.3312746,46.5461161],[0.3313438,46.5461822],[0.3313692,46.5462084],[0.3314009,46.5461917],[0.3315805,46.5461008],[0.3314375,46.5459901],[0.3312686,46.5461109]]],[[[0.332121,46.5191528],[0.3321828,46.5192821],[0.3322693,46.5193321],[0.3324491,46.5193219],[0.3325686,46.5192727],[0.3326463,46.5191334],[0.332714,46.5190215],[0.3327478,46.5189396],[0.3325807,46.5183294],[0.3324791,46.5179488],[0.3323363,46.5180272],[0.3322957,46.5181286],[0.3323414,46.5183463],[0.3323423,46.5184168],[0.3323321,46.5185373],[0.3322552,46.5186203],[0.3321726,46.518739],[0.3321413,46.518955],[0.332121,46.5191528]]],[[[0.3301617,46.5413674],[0.3301967,46.5412292],[0.33025,46.5411099],[0.3302784,46.5410501],[0.3304895,46.5408497],[0.3307132,46.5406096],[0.3308663,46.5405077],[0.3308559,46.5404799],[0.330859,46.5404484],[0.3308265,46.5404394],[0.3306406,46.5404596],[0.3305805,46.5404726],[0.3303713,46.5405116],[0.3303385,46.540518],[0.3303328,46.5405394],[0.3303104,46.5406359],[0.3303244,46.5406853],[0.3301045,46.5407292],[0.3300613,46.5407875],[0.3300344,46.5408258],[0.3300795,46.5410885],[0.3300219,46.5413509],[0.3300144,46.5414733],[0.3300518,46.5415571],[0.330075,46.5416035],[0.3301493,46.541773],[0.3302734,46.5418474],[0.330418,46.5418845],[0.3307169,46.5418364],[0.3305972,46.5417702],[0.3305505,46.5417557],[0.3305308,46.5417573],[0.3303929,46.541791],[0.3303023,46.5417683],[0.3302121,46.5417315],[0.33014,46.5416675],[0.3301323,46.5415773],[0.3301617,46.5413674]]],[[[0.3276734,46.5692338],[0.327675,46.56929],[0.327677,46.5693371],[0.3276786,46.5693362],[0.3277707,46.5693597],[0.3279635,46.5694481],[0.3281355,46.5695134],[0.3282125,46.5695408],[0.3282561,46.5694989],[0.3282732,46.5694778],[0.3281357,46.5694439],[0.3280385,46.5694058],[0.3278946,46.5693422],[0.3277529,46.5692674],[0.3276734,46.5692338]]],[[[0.3207211,46.5748755],[0.320897,46.5749175],[0.3214961,46.5750889],[0.3220159,46.5752543],[0.3225352,46.5754546],[0.3230554,46.5757326],[0.3235587,46.5759876],[0.3242835,46.5762243],[0.3248496,46.5763818],[0.3251506,46.5765012],[0.3254239,46.5766425],[0.3258887,46.5769008],[0.3262378,46.577094],[0.3265768,46.5772226],[0.3269858,46.577412],[0.327372,46.5776326],[0.3276368,46.5778279],[0.3278212,46.5779354],[0.3275915,46.5777511],[0.3273178,46.5775311],[0.3272648,46.5774931],[0.3272098,46.5774632],[0.3270653,46.5773892],[0.3269539,46.5773335],[0.3265155,46.5771464],[0.3260265,46.5769275],[0.3250616,46.5764143],[0.3249246,46.5763631],[0.3248575,46.576341],[0.3246051,46.5762605],[0.3245973,46.5762686],[0.3245826,46.576264],[0.324581,46.576264],[0.3242656,46.5761657],[0.3242706,46.5761597],[0.3237407,46.575993],[0.3235921,46.5759373],[0.3233807,46.5758363],[0.3228511,46.5755428],[0.322726,46.5754653],[0.3225042,46.5753609],[0.322468,46.5753468],[0.3223646,46.5753055],[0.3223081,46.5752827],[0.3222396,46.5752576],[0.3221319,46.5752162],[0.3220618,46.57519],[0.3219952,46.575166],[0.3219104,46.5751365],[0.3218348,46.5751121],[0.3217457,46.5750836],[0.3216285,46.5750511],[0.3215247,46.5750251],[0.3214484,46.575007],[0.3212098,46.5749503],[0.3209474,46.57489],[0.3208549,46.5748663],[0.3206383,46.5747519],[0.3202092,46.5745824],[0.3197042,46.5743621],[0.3195429,46.5742949],[0.3194309,46.5744926],[0.3192385,46.5744605],[0.3190436,46.5744458],[0.3188739,46.5744295],[0.3185314,46.574396],[0.318734,46.5740153],[0.3187297,46.5740141],[0.3183009,46.573903],[0.316702,46.5735343],[0.3165182,46.5738919],[0.316639,46.5739375],[0.317243,46.5741664],[0.3176107,46.574309],[0.3176631,46.5743286],[0.3178627,46.5744058],[0.3179751,46.5744392],[0.3183423,46.5744794],[0.3186656,46.5745371],[0.31923,46.5745994],[0.3196503,46.5746766],[0.3204266,46.5748073],[0.3207211,46.5748755]]],[[[0.3264415,46.5687501],[0.3264544,46.5687914],[0.3264507,46.5688014],[0.3264923,46.5688658],[0.3265204,46.5688357],[0.3266064,46.5687437],[0.3265588,46.5686843],[0.3265319,46.5686561],[0.3264415,46.5687501]]],[[[0.3246527,46.5673886],[0.3247614,46.5674658],[0.3248144,46.5675038],[0.3249049,46.5675683],[0.3249292,46.5675852],[0.3249899,46.5675529],[0.3250538,46.5675217],[0.3250954,46.5675206],[0.3251406,46.567534],[0.3252129,46.5675684],[0.3252528,46.567602],[0.325309,46.5676401],[0.325376,46.5676877],[0.3254442,46.5677199],[0.3255114,46.5677389],[0.325566,46.5677442],[0.3256225,46.5677435],[0.325695,46.5677442],[0.3256273,46.5677968],[0.3256526,46.567825],[0.3256865,46.5678605],[0.3256903,46.5679025],[0.3256963,46.5679558],[0.3257067,46.5680164],[0.3257163,46.5680677],[0.3257077,46.5681227],[0.3256973,46.5681511],[0.3256954,46.5681572],[0.3260212,46.5684019],[0.3260811,46.5684196],[0.326142,46.5684477],[0.3262156,46.5684904],[0.3262554,46.5685249],[0.326264,46.5685334],[0.3263098,46.5685027],[0.326382,46.5684544],[0.326382,46.5684533],[0.3263358,46.5684287],[0.326256,46.5683941],[0.3261762,46.5683596],[0.3261166,46.5683357],[0.3260688,46.5683121],[0.3260102,46.5682995],[0.3259446,46.5682796],[0.3259003,46.5682714],[0.3258669,46.5682573],[0.3258498,46.5682456],[0.3258389,46.568228],[0.32584,46.5682066],[0.3258266,46.5681756],[0.3258261,46.5680672],[0.3258286,46.5680386],[0.3258353,46.5679662],[0.3258247,46.5678801],[0.3258064,46.5678295],[0.3257861,46.5677872],[0.3257475,46.5677598],[0.3254443,46.5675973],[0.3253221,46.5675483],[0.3252816,46.567527],[0.3251777,46.5675031],[0.3250341,46.5674997],[0.3249371,46.5675108],[0.3247792,46.5674069],[0.3247295,46.5673342],[0.3246915,46.5672935],[0.3246698,46.5673124],[0.3246527,46.5673886]]],[[[0.321426,46.5673857],[0.3217306,46.5676464],[0.3219466,46.5678058],[0.322056,46.5678666],[0.3223602,46.5680168],[0.3225047,46.5680918],[0.3225668,46.5680308],[0.3224958,46.5679699],[0.3223978,46.5679145],[0.3223061,46.5678816],[0.3221058,46.5677636],[0.3219427,46.5676697],[0.3218868,46.5676337],[0.3217421,46.5675322],[0.3215269,46.5673574],[0.321426,46.5673857]]],[[[0.3218398,46.5650043],[0.3219029,46.5650763],[0.3223708,46.5656904],[0.3224139,46.565714],[0.3224496,46.5657761],[0.3224828,46.5658189],[0.3225207,46.565925],[0.3225463,46.5660667],[0.322549,46.5661618],[0.3225671,46.5660652],[0.3225982,46.5657367],[0.3224999,46.5656229],[0.322361,46.5654674],[0.3222833,46.5653572],[0.3221667,46.5651714],[0.3221213,46.5650989],[0.3221076,46.565073],[0.3220484,46.5649541],[0.3218398,46.5650043]]],[[[0.3183946,46.6256158],[0.3189219,46.6258468],[0.3190202,46.6257541],[0.318532,46.6255116],[0.3183946,46.6256158]]],[[[0.3144941,46.6248304],[0.3148475,46.6247926],[0.3148481,46.6247568],[0.3148457,46.6246862],[0.3148409,46.6246003],[0.3148392,46.6245726],[0.3146545,46.6245867],[0.3142054,46.6246089],[0.3142038,46.6246088],[0.3141516,46.6247364],[0.3141239,46.6248195],[0.31415,46.6248325],[0.3142069,46.6248799],[0.3144269,46.6248421],[0.3144941,46.6248304]]],[[[0.3116987,46.6316433],[0.311782,46.6316096],[0.3119544,46.6314878],[0.3117095,46.6313073],[0.3115588,46.6314183],[0.3116987,46.6316433]]],[[[0.3107579,46.6270887],[0.3108438,46.6271449],[0.3108969,46.627277],[0.3109778,46.6274414],[0.311002,46.6274921],[0.3113871,46.6274152],[0.3111456,46.6270467],[0.3111615,46.6269633],[0.3107579,46.6270887]]],[[[0.3109411,46.6267077],[0.3110264,46.6266656],[0.3110206,46.6266625],[0.3109561,46.6265556],[0.3110294,46.6265165],[0.3110645,46.6264969],[0.3111648,46.626444],[0.3111989,46.6264213],[0.3113145,46.6263617],[0.3112864,46.6263273],[0.3112753,46.6263117],[0.3112517,46.6262825],[0.3112265,46.6262533],[0.3111799,46.6262031],[0.3111419,46.6261614],[0.310987,46.6260494],[0.3109372,46.6260104],[0.3108483,46.6259745],[0.3107793,46.6260853],[0.3107587,46.6261126],[0.310695,46.6262276],[0.3106746,46.6263068],[0.3106569,46.6264883],[0.3106046,46.6264922],[0.3103199,46.626552],[0.3103296,46.6266585],[0.3103492,46.6268011],[0.3103738,46.6268425],[0.3106209,46.6267645],[0.3106893,46.6267621],[0.3109411,46.6267077]]],[[[0.3033359,46.6292715],[0.3035197,46.6294251],[0.3036888,46.6295446],[0.3038258,46.6296215],[0.3039588,46.629693],[0.3040788,46.629702],[0.3042767,46.6296586],[0.3044719,46.6296703],[0.304615,46.6297218],[0.3047135,46.6296495],[0.3046391,46.6295915],[0.3047829,46.6294763],[0.3047956,46.6294582],[0.3049068,46.6292789],[0.3048605,46.6292552],[0.3047011,46.62918],[0.3046635,46.6291617],[0.3045526,46.6291192],[0.304675,46.6289861],[0.3046799,46.6289811],[0.3047037,46.6289765],[0.30481,46.6290476],[0.304836,46.6290615],[0.3049449,46.6291683],[0.3050164,46.6292211],[0.3050565,46.6292507],[0.3051002,46.6292732],[0.3052504,46.6293524],[0.3052607,46.6293578],[0.3053118,46.6293732],[0.3053518,46.6294038],[0.3053536,46.6294008],[0.3053807,46.6293606],[0.3054286,46.629287],[0.3054655,46.6292327],[0.3054978,46.6291824],[0.3055252,46.629136],[0.3055668,46.6290797],[0.3055306,46.6290584],[0.3054301,46.6289886],[0.3053845,46.6289507],[0.3052862,46.628932],[0.3050286,46.6288247],[0.304881,46.6287231],[0.3047829,46.6286688],[0.304594,46.6285856],[0.3043887,46.6285082],[0.3042956,46.6284702],[0.3042837,46.6284658],[0.3042262,46.6285493],[0.3043413,46.6286256],[0.3045787,46.6287437],[0.3046804,46.62879],[0.3046104,46.6288793],[0.3044413,46.6290931],[0.3043417,46.6292186],[0.3042689,46.6293098],[0.3042199,46.6293649],[0.3039709,46.6292753],[0.3038465,46.6293857],[0.3036644,46.6292916],[0.3033696,46.6292477],[0.3033359,46.6292715]]],[[[0.2892901,46.627835],[0.2894139,46.6278769],[0.2895042,46.6279075],[0.289524,46.6278733],[0.2897483,46.627481],[0.2895288,46.6273909],[0.2894959,46.6274524],[0.2893716,46.6276878],[0.2892901,46.627835]]],[[[0.2814186,46.6273807],[0.2815039,46.6275412],[0.2815975,46.6277182],[0.2816097,46.62774],[0.2816127,46.6277441],[0.281659,46.6278209],[0.2818672,46.6281693],[0.2820001,46.6284218],[0.2820027,46.6284332],[0.282013,46.6284324],[0.2821028,46.6281503],[0.2821135,46.6281158],[0.2819392,46.6277099],[0.2818699,46.6275499],[0.2818463,46.627488],[0.2817887,46.6273384],[0.2817874,46.6273322],[0.281702,46.626906],[0.2816582,46.6266831],[0.2816283,46.6263634],[0.2816063,46.6261207],[0.2813522,46.6261586],[0.2813622,46.6264041],[0.2813622,46.6264052],[0.2813687,46.6265975],[0.2813686,46.6265985],[0.2813526,46.6268865],[0.2813496,46.6269467],[0.2813443,46.6270293],[0.2813699,46.6272865],[0.2814186,46.6273807]]],[[[0.2722518,46.6225831],[0.2723177,46.6226297],[0.2724738,46.6226549],[0.2726372,46.6226812],[0.2728193,46.6227194],[0.2728938,46.6227364],[0.2729569,46.6226357],[0.2729775,46.6226393],[0.2729964,46.6225836],[0.2727377,46.6225385],[0.272316,46.6224845],[0.2722924,46.6225392],[0.2722518,46.6225831]]],[[[0.2717445,46.6224351],[0.2719551,46.6224596],[0.271841,46.622374],[0.2716878,46.6223233],[0.2716775,46.6223477],[0.2716475,46.6224135],[0.2716491,46.6224135],[0.2717445,46.6224351]]],[[[0.2703717,46.6245102],[0.2705657,46.6245139],[0.2707086,46.6243006],[0.2705232,46.6242655],[0.2703717,46.6245102]]],[[[0.2638679,46.6239002],[0.2638675,46.6239329],[0.2638674,46.6239422],[0.2638664,46.623985],[0.2640351,46.6239933],[0.2640574,46.6239938],[0.2640402,46.6238053],[0.2639566,46.6238134],[0.2639107,46.6238143],[0.2638749,46.6238156],[0.2638679,46.6239002]]]]}},{"type":"Feature","properties":{"id_map":86000004,"id_zone":"RNAT00000000004","id_gaspar":"86DDT20110001","nom":"Zone violette : zone urbanisée en dehors des centres urbains soumise à un aléa fort à très fort, constructibilité fortement limitée","codezone":"Zone violette","typereg":"03","soumisalea":"oui","nomfic":null,"urlfic":"http://www.vienne.gouv.fr/Politiques-publiques/Environnement-risques-naturels-et-technologiques/Risques-naturels-et-technologiques-majeurs/Les-risques-naturels/Le-PPRI-de-la-vallee-du-Clain","srce_geom":"Plan cadastral informatisé assemblé au 1:5 000","srce_annee":"2012","precision":"M"},"geometry":{"type":"MultiPolygon","coordinates":[[[[0.3851774,46.6867205],[0.3851752,46.6867675],[0.3852906,46.6868989],[0.3854484,46.6870722],[0.3855557,46.6871922],[0.385715,46.6873665],[0.3857519,46.6874082],[0.3860557,46.6877544],[0.3863114,46.6876325],[0.3857331,46.6871134],[0.3856095,46.6869982],[0.3855824,46.686972],[0.3853656,46.6867606],[0.3853427,46.6867386],[0.3852525,46.6867027],[0.3852123,46.686706],[0.3851774,46.6867205]]],[[[0.3845816,46.6859555],[0.3845446,46.6859159],[0.3842695,46.6856183],[0.3841581,46.6854921],[0.3840428,46.6853586],[0.3839723,46.6852803],[0.3838443,46.6851342],[0.3838398,46.6851291],[0.3838372,46.685126],[0.38375,46.6850207],[0.3836885,46.6849447],[0.3835326,46.6847551],[0.3832734,46.6844303],[0.3831656,46.684295],[0.3830925,46.6842728],[0.3830301,46.6842713],[0.3830117,46.6843108],[0.3830498,46.6843833],[0.3831359,46.6844802],[0.383222,46.6845763],[0.3833416,46.6847089],[0.3833896,46.6847651],[0.383543,46.6849394],[0.383649,46.6850543],[0.3837604,46.6851804],[0.3838278,46.6852566],[0.38399,46.6854361],[0.3841876,46.6856542],[0.3843128,46.6857951],[0.3844932,46.6859965],[0.3845332,46.6859974],[0.3845679,46.6859859],[0.3845816,46.6859555]]],[[[0.3828988,46.6656298],[0.3826859,46.6656167],[0.382664,46.6656633],[0.3823991,46.6656451],[0.3824011,46.6656369],[0.3823405,46.6656324],[0.3823373,46.6656415],[0.3822364,46.6656331],[0.3822363,46.6656342],[0.3822309,46.6656565],[0.3822234,46.6656901],[0.3821788,46.665875],[0.3819543,46.6658495],[0.3819051,46.6658842],[0.3818515,46.6659208],[0.3817396,46.6660511],[0.3817255,46.6660998],[0.3822377,46.6660369],[0.3826829,46.6660778],[0.3828915,46.6660926],[0.3828826,46.6661549],[0.3829608,46.6661607],[0.382976,46.6660988],[0.3830257,46.6659548],[0.3831029,46.6657131],[0.3831161,46.6656839],[0.3831269,46.6656463],[0.3828988,46.6656298]]],[[[0.3794739,46.6768877],[0.3796245,46.6773398],[0.37973,46.6776755],[0.3797779,46.6776674],[0.3798354,46.677681],[0.3800834,46.6777418],[0.3801105,46.6777323],[0.380086,46.6776877],[0.3801979,46.6776463],[0.3807711,46.6775848],[0.3807575,46.6774925],[0.3807402,46.6774278],[0.3807233,46.6773712],[0.3807074,46.677333],[0.3806883,46.6772987],[0.3806743,46.677278],[0.3806472,46.6772548],[0.3806203,46.6772349],[0.3805953,46.6772231],[0.3805603,46.6772161],[0.3804325,46.6772438],[0.3803735,46.677174],[0.3803424,46.6771426],[0.3802676,46.6771216],[0.3802207,46.6771082],[0.3802152,46.6771009],[0.3801833,46.6770858],[0.3801076,46.6770525],[0.3800413,46.6770111],[0.3800231,46.6769892],[0.3799518,46.6769292],[0.3799372,46.6768563],[0.3799259,46.6768132],[0.3794739,46.6768877]]],[[[0.3798725,46.6790617],[0.3799773,46.6792666],[0.3801646,46.6796],[0.3802918,46.6798534],[0.3802912,46.6798984],[0.3804848,46.6798905],[0.3803132,46.6795645],[0.3802015,46.6793566],[0.3801512,46.6792593],[0.3801321,46.6792242],[0.3800152,46.6790016],[0.3799879,46.6789479],[0.3799758,46.6788659],[0.379981,46.6787567],[0.3797989,46.6784059],[0.3798065,46.6783693],[0.3796744,46.6780883],[0.3796288,46.6779921],[0.3795451,46.6778124],[0.3796092,46.6777791],[0.379593,46.677749],[0.3795556,46.6777503],[0.3794812,46.6776004],[0.3794533,46.6775343],[0.3794414,46.6775043],[0.3794015,46.6774043],[0.3793949,46.6773868],[0.3793896,46.6773743],[0.3792798,46.6770928],[0.379214,46.6771056],[0.3792838,46.6773535],[0.3793086,46.6774482],[0.3793209,46.677568],[0.3793986,46.6776516],[0.3794386,46.6777741],[0.3794235,46.6778761],[0.3793796,46.678012],[0.3793553,46.678084],[0.3795551,46.6784372],[0.3798725,46.6790617]]],[[[0.3754613,46.6493377],[0.3755955,46.6494512],[0.3756333,46.6494326],[0.3757116,46.649502],[0.3758315,46.6496038],[0.3758695,46.6496456],[0.3759863,46.6497208],[0.3760451,46.649763],[0.3761353,46.6497079],[0.3762866,46.6496153],[0.3762873,46.6495999],[0.3763487,46.6495636],[0.3763768,46.6495356],[0.376446,46.6494839],[0.3761531,46.6492411],[0.3759426,46.6493335],[0.3758005,46.649415],[0.3756917,46.6493369],[0.3756124,46.649287],[0.3755728,46.6492708],[0.3754613,46.6493377]]],[[[0.3750745,46.6494464],[0.375344,46.6496192],[0.3755334,46.6497206],[0.3756421,46.6497794],[0.3756762,46.6497474],[0.3755808,46.6496912],[0.3753876,46.6495783],[0.3752891,46.6495219],[0.3751908,46.6494675],[0.3750682,46.6493982],[0.3749712,46.6493419],[0.3750745,46.6494464]]],[[[0.3741756,46.6487594],[0.3742774,46.6488363],[0.374388,46.6489114],[0.374467,46.6489654],[0.3744702,46.6489645],[0.3745313,46.648927],[0.3742461,46.648713],[0.3741756,46.6487594]]],[[[0.3714935,46.6473118],[0.3716391,46.6473655],[0.3716443,46.6473602],[0.3717055,46.647287],[0.3717465,46.647242],[0.3716081,46.6471836],[0.3714997,46.6473058],[0.3714935,46.6473118]]],[[[0.3690714,46.646142],[0.3691551,46.6461951],[0.3692475,46.6462493],[0.3694469,46.6461107],[0.3693844,46.6460562],[0.369304,46.645997],[0.3690714,46.646142]]],[[[0.3630065,46.6262618],[0.3630501,46.6263088],[0.3632433,46.6265146],[0.363684,46.6266976],[0.3636856,46.6266976],[0.3637476,46.6266724],[0.3637461,46.6266724],[0.3634522,46.6265512],[0.3632806,46.6264818],[0.3629878,46.626153],[0.3626366,46.6257494],[0.3626018,46.6257649],[0.3625986,46.6257658],[0.3626813,46.6258965],[0.3629822,46.6262367],[0.3630065,46.6262618]]],[[[0.3620779,46.635431],[0.3618888,46.6352622],[0.3616939,46.635364],[0.3614994,46.6356376],[0.3611576,46.6358311],[0.3612279,46.6359431],[0.3613179,46.635891],[0.3615032,46.6357766],[0.3615901,46.6357245],[0.3620779,46.635431]]],[[[0.3601796,46.6278833],[0.3612751,46.6275078],[0.3611739,46.6273308],[0.3607929,46.6274446],[0.3606631,46.6272822],[0.3603496,46.6273792],[0.3604195,46.6275557],[0.3600342,46.6276705],[0.3601796,46.6278833]]],[[[0.3594491,46.6283838],[0.3596451,46.6283229],[0.3595157,46.6281114],[0.3593318,46.6281746],[0.3594491,46.6283838]]],[[[0.3578423,46.6367778],[0.357882,46.6370262],[0.357882,46.6370273],[0.3579676,46.6370405],[0.358119,46.6370675],[0.3583418,46.6371002],[0.3583494,46.6370645],[0.3584202,46.6370702],[0.3587045,46.6371137],[0.3587852,46.6371339],[0.3590068,46.637184],[0.3590099,46.637185],[0.3591204,46.6369853],[0.3590631,46.6369696],[0.3590442,46.6369641],[0.3590415,46.6369629],[0.3589683,46.6369419],[0.3589503,46.6369404],[0.3588764,46.6369367],[0.3587985,46.6369246],[0.3584655,46.636873],[0.3581076,46.6368168],[0.3578852,46.6367819],[0.3578423,46.6367778]]],[[[0.3578224,46.6364288],[0.357835,46.6366847],[0.3579444,46.6366955],[0.3581895,46.636747],[0.3582027,46.6367484],[0.3582038,46.6366708],[0.3582272,46.6363994],[0.3578224,46.6364288]]],[[[0.3577947,46.6354643],[0.3578035,46.6357753],[0.3579672,46.6357657],[0.3580505,46.6357626],[0.358046,46.6356132],[0.3582366,46.6355676],[0.358237,46.6354939],[0.3579078,46.6354628],[0.3578484,46.6354645],[0.3577947,46.6354643]]],[[[0.3574743,46.6367203],[0.3574593,46.6366003],[0.3573885,46.6364986],[0.3574196,46.6363766],[0.3571609,46.6363543],[0.3570985,46.6363539],[0.3570696,46.6364973],[0.3570701,46.6368491],[0.3572557,46.6368492],[0.3572507,46.6367346],[0.3574743,46.6367203]]],[[[0.3563921,46.6340652],[0.3564274,46.6342265],[0.3564771,46.6342134],[0.3569174,46.6341305],[0.3570083,46.6341245],[0.3570952,46.634105],[0.3572238,46.6340824],[0.3573682,46.6340428],[0.3573682,46.63401],[0.3575116,46.6338458],[0.357513,46.6337518],[0.3574762,46.6337182],[0.3571561,46.6337966],[0.3570334,46.6338521],[0.3569126,46.6338912],[0.3567249,46.6339339],[0.356731,46.6339626],[0.3564985,46.6339828],[0.3563921,46.6340652]]],[[[0.3581573,46.6151132],[0.358162,46.6151124],[0.3582101,46.6150992],[0.3582328,46.6150926],[0.3582329,46.6150915],[0.3581145,46.6149273],[0.3580604,46.6149444],[0.3579519,46.6149808],[0.35804,46.6151464],[0.3581573,46.6151132]]],[[[0.3575811,46.6143936],[0.3576737,46.6145388],[0.3577775,46.6145105],[0.3578299,46.6144965],[0.3577257,46.6143489],[0.3576775,46.6143642],[0.3575811,46.6143936]]],[[[0.3567908,46.6131988],[0.3566688,46.6132399],[0.3566792,46.6132688],[0.3567088,46.6133288],[0.3567248,46.6133619],[0.3567275,46.6133722],[0.3567414,46.6134246],[0.3567609,46.6135069],[0.3569616,46.6134379],[0.3569994,46.6134255],[0.357043,46.6134091],[0.356883,46.6131886],[0.3568706,46.613172],[0.3568694,46.613172],[0.3567908,46.6131988]]],[[[0.3561223,46.6122747],[0.3561768,46.6122504],[0.3562254,46.612228],[0.35621,46.6122051],[0.3561649,46.6121326],[0.3561333,46.6120808],[0.3561082,46.6120392],[0.3560481,46.6119366],[0.3560128,46.6118724],[0.3559702,46.6117958],[0.3558843,46.6118296],[0.3558267,46.6118529],[0.3556603,46.6119196],[0.3557668,46.6120518],[0.3558816,46.6121914],[0.355949,46.6122972],[0.3559827,46.6123378],[0.3560662,46.6122999],[0.3561223,46.6122747]]],[[[0.3553897,46.6111998],[0.3552452,46.6112444],[0.3553361,46.61136],[0.3553878,46.6114246],[0.3553305,46.6114427],[0.3552282,46.6114731],[0.3552374,46.6114937],[0.3552862,46.6115623],[0.3553117,46.6115537],[0.3553766,46.6115337],[0.3556354,46.6114548],[0.3556022,46.611404],[0.3556434,46.6113783],[0.3556593,46.6113583],[0.3556848,46.6113262],[0.3556451,46.6112547],[0.3555963,46.6111933],[0.3555509,46.6111513],[0.3554439,46.6111836],[0.3553897,46.6111998]]],[[[0.3548072,46.6103379],[0.3547252,46.6103799],[0.3547568,46.6104308],[0.3548081,46.6104739],[0.3548489,46.6105147],[0.3549768,46.6106668],[0.3551427,46.6107545],[0.3551698,46.6107786],[0.355221,46.6108555],[0.3551848,46.6108741],[0.3551839,46.6109149],[0.3550159,46.6108937],[0.354911,46.6107932],[0.3547648,46.6108715],[0.3548906,46.6110032],[0.3551554,46.6110513],[0.3551343,46.6111458],[0.3553389,46.6110831],[0.3554898,46.6110364],[0.3553745,46.6108427],[0.3553512,46.6108063],[0.355288,46.6107262],[0.3552252,46.610647],[0.3551778,46.6105897],[0.3551538,46.6105585],[0.3551261,46.6105231],[0.3550924,46.6104825],[0.3550461,46.6104272],[0.3549967,46.610378],[0.35495,46.61033],[0.3549046,46.610288],[0.3548072,46.6103379]]],[[[0.3509764,46.639964],[0.3512098,46.6401013],[0.3513067,46.6400617],[0.3513628,46.6400395],[0.3515403,46.6398994],[0.3515421,46.6398626],[0.3515419,46.6398095],[0.3515635,46.6397619],[0.35162,46.6396396],[0.3517454,46.6394676],[0.3517898,46.6394094],[0.3518091,46.6393843],[0.3518405,46.6393441],[0.3519037,46.6392618],[0.351946,46.6392484],[0.3520172,46.6391887],[0.3523131,46.6389696],[0.3525508,46.6388106],[0.3525861,46.6387859],[0.352649,46.6387433],[0.3527025,46.6387089],[0.3527885,46.6386505],[0.3528392,46.6385851],[0.3525596,46.6385338],[0.3524095,46.6386345],[0.3521178,46.6388312],[0.3519367,46.6387146],[0.3518074,46.638871],[0.3517924,46.638928],[0.3517898,46.6390464],[0.3517682,46.6391523],[0.3517765,46.6391668],[0.3517697,46.6391861],[0.3517505,46.6392092],[0.3517238,46.6392413],[0.351705,46.6392644],[0.3516717,46.6393044],[0.3516404,46.6393426],[0.3516022,46.6393294],[0.3515145,46.6393008],[0.3514389,46.6392746],[0.3514369,46.6392837],[0.3514086,46.639372],[0.351327,46.6394366],[0.351334,46.6394776],[0.3514026,46.6395282],[0.3514171,46.6395357],[0.3514372,46.6395822],[0.3513474,46.6396854],[0.3512407,46.6397422],[0.3511372,46.6398277],[0.3509764,46.639964]]],[[[0.3537727,46.5543698],[0.3537849,46.55436],[0.3538126,46.5543064],[0.353747,46.5542844],[0.3536951,46.5543456],[0.3537218,46.5543523],[0.3537711,46.5543689],[0.3537727,46.5543698]]],[[[0.3533046,46.5522317],[0.3532518,46.552157],[0.35319,46.5520584],[0.3531734,46.5520938],[0.3530758,46.5521191],[0.3530944,46.5522923],[0.3531255,46.5523216],[0.3533046,46.5522317]]],[[[0.3457663,46.6063251],[0.3458359,46.6062653],[0.3460548,46.6061589],[0.3460472,46.6060423],[0.3460433,46.6060012],[0.3460286,46.6059652],[0.3460816,46.6059409],[0.3460324,46.6058885],[0.3460096,46.6058716],[0.3459761,46.6058832],[0.3458945,46.6058853],[0.345745,46.6059105],[0.3456481,46.6058879],[0.3456359,46.6058641],[0.3456798,46.6058476],[0.345722,46.6058038],[0.345731,46.605804],[0.3457326,46.6057385],[0.3457356,46.6057089],[0.3457187,46.6056933],[0.3457072,46.6056796],[0.3456653,46.605598],[0.3454391,46.6057103],[0.3454434,46.6057431],[0.3454342,46.6058666],[0.3454272,46.6059768],[0.3454272,46.6060749],[0.3454357,46.6061723],[0.3454983,46.6063137],[0.3455659,46.6064226],[0.3455842,46.6064741],[0.3457149,46.6066162],[0.3458599,46.6065367],[0.3457361,46.6064306],[0.3457404,46.6064298],[0.3457393,46.606397],[0.3457663,46.6063251]]],[[[0.3381786,46.593132],[0.3382952,46.5932011],[0.3383134,46.5931974],[0.3383591,46.5932005],[0.3384005,46.5931412],[0.3386197,46.5929633],[0.3387029,46.5928978],[0.3387885,46.5928476],[0.3388282,46.5928282],[0.3392198,46.5926389],[0.3392652,46.5926247],[0.3394212,46.5925537],[0.3395999,46.5924504],[0.3395497,46.5922335],[0.3394519,46.592261],[0.3393736,46.5922827],[0.3392305,46.5923632],[0.3388928,46.5925352],[0.3389412,46.5925782],[0.3386961,46.5927075],[0.3385726,46.5927802],[0.3383137,46.5929757],[0.3381512,46.593115],[0.3381786,46.593132]]],[[[0.3379299,46.5943937],[0.3380113,46.5943721],[0.3380189,46.5943375],[0.3380229,46.5941905],[0.3380898,46.5939783],[0.3381677,46.5938115],[0.338391,46.5934303],[0.3385556,46.5931836],[0.3386724,46.5930729],[0.3388689,46.5929026],[0.3390305,46.5928123],[0.3394044,46.5926228],[0.3394061,46.5926217],[0.3394045,46.5926217],[0.3393237,46.5926383],[0.3388316,46.5928793],[0.3387405,46.5929222],[0.3384471,46.5931576],[0.338347,46.5932954],[0.3381026,46.5937169],[0.3380402,46.5938372],[0.3380234,46.5938756],[0.337986,46.5939759],[0.337972,46.5940206],[0.3379246,46.5942607],[0.3379086,46.59438],[0.3379299,46.5943937]]],[[[0.3385912,46.5960069],[0.3385882,46.5960037],[0.338713,46.5963623],[0.3388851,46.5963203],[0.3388684,46.5962483],[0.3388039,46.5961395],[0.338605,46.5960225],[0.3385912,46.5960069]]],[[[0.3399396,46.5738241],[0.3399698,46.5737829],[0.3399321,46.5737616],[0.3398715,46.5737582],[0.3396318,46.5737219],[0.3394691,46.5737161],[0.3392888,46.5736987],[0.3390908,46.5737165],[0.3388221,46.573698],[0.338593,46.5736539],[0.3385494,46.5736385],[0.3384715,46.5735897],[0.3383964,46.5735541],[0.3382516,46.5735089],[0.3381649,46.5734394],[0.337921,46.5734808],[0.3379534,46.5735807],[0.3380435,46.5738547],[0.3378895,46.5739737],[0.3378489,46.5740189],[0.3377566,46.5741179],[0.3376816,46.5741939],[0.3379413,46.5743093],[0.3384779,46.5745477],[0.3385696,46.5745886],[0.3391554,46.5748558],[0.3391841,46.5748145],[0.3392432,46.5747525],[0.3399396,46.5738241]]],[[[0.3375747,46.5946237],[0.337859,46.5946006],[0.3378552,46.5945004],[0.3378554,46.5944645],[0.3378589,46.5943298],[0.3378859,46.5942016],[0.3375803,46.5942057],[0.3374795,46.5942065],[0.3374722,46.5943882],[0.3374749,46.5944843],[0.3374838,46.5946308],[0.3375747,46.5946237]]],[[[0.3375665,46.5745429],[0.3377686,46.5746262],[0.3378117,46.574659],[0.3380532,46.5747207],[0.3382078,46.5747735],[0.3382137,46.5747746],[0.3383783,46.5748305],[0.3384277,46.574758],[0.3380843,46.5746622],[0.3378125,46.5746098],[0.3375665,46.5745429]]],[[[0.3370262,46.5970111],[0.3370364,46.5970512],[0.3370811,46.5972118],[0.3370954,46.5972631],[0.3371209,46.5972637],[0.3371673,46.5972535],[0.3371911,46.597248],[0.337221,46.5972139],[0.337167,46.5970757],[0.3371587,46.5970592],[0.3371387,46.5970208],[0.3371129,46.5970028],[0.3370889,46.5970043],[0.3370546,46.5970077],[0.3370262,46.5970111]]],[[[0.3368539,46.5963824],[0.3369199,46.596611],[0.3369799,46.5965961],[0.3370116,46.5965885],[0.3370076,46.5965741],[0.3369932,46.5965084],[0.3369884,46.5964225],[0.336919,46.5962379],[0.3368962,46.5961821],[0.3368904,46.5961564],[0.3368632,46.5961598],[0.3367961,46.5961685],[0.3367934,46.5961684],[0.336797,46.5961829],[0.3368539,46.5963824]]],[[[0.3392641,46.5490674],[0.3391945,46.5490096],[0.3390997,46.5490656],[0.3390142,46.5491147],[0.3389108,46.5491705],[0.3388806,46.5491873],[0.3390589,46.549266],[0.3391182,46.5492],[0.3391479,46.5491444],[0.3392031,46.5491048],[0.3392641,46.5490674]]],[[[0.3366324,46.595579],[0.3367345,46.5955845],[0.3367803,46.5955865],[0.3367521,46.5954335],[0.336709,46.5954325],[0.3366201,46.5954305],[0.3366189,46.595455],[0.3366198,46.5955337],[0.3366324,46.595579]]],[[[0.3370776,46.5739375],[0.3370883,46.5739266],[0.337504,46.5740977],[0.3375294,46.5740912],[0.3375741,46.5740595],[0.337591,46.5740415],[0.3375872,46.573976],[0.3375802,46.5738695],[0.3375706,46.5738581],[0.3375502,46.5738504],[0.3374944,46.5738368],[0.3374458,46.5738306],[0.3373927,46.5738262],[0.3373454,46.5738231],[0.3372691,46.5738121],[0.3371968,46.5737992],[0.3371529,46.573791],[0.337135,46.5737886],[0.3371211,46.5738015],[0.3370327,46.5739181],[0.3370776,46.5739375]]],[[[0.3385743,46.5291699],[0.3385713,46.5291985],[0.3385655,46.5291983],[0.3385601,46.5292759],[0.3385718,46.5292762],[0.338566,46.5295151],[0.33893,46.529496],[0.3389178,46.5295284],[0.3389046,46.5295272],[0.3388419,46.5297526],[0.3386891,46.5297531],[0.3386875,46.5297869],[0.3386742,46.5297866],[0.3386742,46.5298509],[0.3388354,46.5298526],[0.3388812,46.5298527],[0.3389558,46.5295457],[0.3390117,46.529547],[0.3393254,46.5295543],[0.3393146,46.5295029],[0.339437,46.5288486],[0.3395591,46.5284414],[0.339645,46.5278382],[0.3396629,46.527166],[0.339661,46.5270863],[0.3396165,46.5270822],[0.3393806,46.5270624],[0.3392864,46.5276827],[0.3392647,46.5276791],[0.3391146,46.5276563],[0.3390159,46.5276498],[0.3389953,46.5277669],[0.3389794,46.5278442],[0.3389645,46.527939],[0.3388612,46.5279304],[0.3387304,46.5280021],[0.3385946,46.5280816],[0.338594,46.5281255],[0.3386576,46.5281291],[0.3386547,46.5282456],[0.3386513,46.5284673],[0.3386455,46.5284978],[0.3386167,46.5285749],[0.3385662,46.5285737],[0.3385301,46.5287988],[0.3384336,46.528955],[0.338386,46.5290152],[0.3383652,46.5290168],[0.3383474,46.5290531],[0.3385817,46.5291067],[0.3385743,46.5291699]]],[[[0.3387523,46.5168519],[0.3381093,46.5166458],[0.3379851,46.5168555],[0.3378396,46.5171016],[0.3384882,46.5172885],[0.3386349,46.5170424],[0.3387523,46.5168519]]],[[[0.3351945,46.5153308],[0.335948,46.5153892],[0.3359195,46.5156441],[0.3364659,46.5156722],[0.3369814,46.5156025],[0.3371795,46.5156111],[0.3373124,46.5156223],[0.3374494,46.5156307],[0.3374758,46.5156447],[0.3375307,46.5156653],[0.3375856,46.5156972],[0.3376338,46.5157117],[0.3376603,46.5157133],[0.3377547,46.5156899],[0.3377881,46.5156703],[0.3378149,46.5156423],[0.337852,46.515638],[0.3379322,46.5156296],[0.3379911,46.5156106],[0.3380189,46.5155868],[0.3380476,46.5155772],[0.3380788,46.5155145],[0.3380839,46.5154667],[0.338138,46.5151519],[0.3381492,46.5150991],[0.3381624,46.5150768],[0.3382173,46.5150118],[0.338221,46.5149924],[0.3382121,46.5149656],[0.3382069,46.5149511],[0.3382889,46.5149081],[0.3382961,46.5149124],[0.3383103,46.5148943],[0.3382644,46.5148319],[0.3380964,46.5147534],[0.3380342,46.51476],[0.3379883,46.5147294],[0.3379571,46.5147287],[0.3378876,46.514725],[0.3378153,46.5147222],[0.3377599,46.5147333],[0.3376897,46.5147439],[0.337635,46.5147487],[0.3376111,46.5147502],[0.3375132,46.514751],[0.3374424,46.5147483],[0.3374071,46.5147414],[0.3373827,46.5147296],[0.3373612,46.5147117],[0.3371783,46.5146644],[0.3369965,46.5146286],[0.3368674,46.5146021],[0.3367393,46.5145868],[0.3366469,46.5145714],[0.3363749,46.514561],[0.3363539,46.5145666],[0.3363024,46.5145623],[0.3363044,46.5145224],[0.3363095,46.5145053],[0.3363344,46.5144854],[0.3363636,46.5144881],[0.3364074,46.5144728],[0.3364464,46.5144594],[0.336454,46.514434],[0.3364504,46.5144114],[0.3364114,46.5143921],[0.3363674,46.514387],[0.3363447,46.5143619],[0.336322,46.5143461],[0.3362958,46.5143372],[0.3362992,46.5142914],[0.336325,46.5142848],[0.3362943,46.5142729],[0.3362939,46.5142473],[0.3363593,46.5142488],[0.3364092,46.5141958],[0.3363979,46.5141873],[0.3363742,46.5141827],[0.3361132,46.5142196],[0.3356659,46.5143124],[0.3354388,46.5145688],[0.3351945,46.5153308]]],[[[0.3361593,46.547748],[0.3364511,46.5477179],[0.3364589,46.5476865],[0.336564,46.5476267],[0.3365854,46.5476149],[0.3365955,46.547616],[0.3365671,46.5475889],[0.3364623,46.5476171],[0.3363659,46.5476485],[0.3362481,46.5475978],[0.3361254,46.5475918],[0.3361593,46.547748]]],[[[0.3334975,46.5730036],[0.3334959,46.5730046],[0.3335646,46.5730267],[0.3341265,46.5732043],[0.3341832,46.5732231],[0.3345991,46.5734229],[0.3346676,46.573448],[0.3347579,46.5733254],[0.3347422,46.5733179],[0.3347055,46.5733058],[0.3346777,46.5732969],[0.3344632,46.5731723],[0.3343595,46.5731363],[0.3343115,46.5731166],[0.3342721,46.5731045],[0.3342721,46.5730483],[0.3342123,46.5730285],[0.3338563,46.5729436],[0.3338066,46.572927],[0.3335628,46.5729101],[0.3335325,46.5729533],[0.3334975,46.5730036]]],[[[0.336785,46.5172334],[0.336776,46.5172323],[0.3367761,46.5172312],[0.3368318,46.5170607],[0.336448,46.5170078],[0.3365777,46.5166531],[0.3366336,46.5164786],[0.3366993,46.5162553],[0.3364202,46.516213],[0.3364077,46.5162525],[0.3364196,46.5162589],[0.3364057,46.5162709],[0.3363194,46.5165141],[0.3362768,46.5166645],[0.336215,46.5168644],[0.3361554,46.5170573],[0.336198,46.5171226],[0.336202,46.5171289],[0.3362001,46.5171452],[0.3361979,46.5171564],[0.3360713,46.517593],[0.3362893,46.5176512],[0.3366354,46.5177462],[0.336785,46.5172334]]],[[[0.3350182,46.5466328],[0.3349528,46.5464892],[0.3348524,46.5464193],[0.3346121,46.546151],[0.3346146,46.5461317],[0.3346159,46.546104],[0.3343928,46.5462134],[0.3346136,46.5463913],[0.3346535,46.5464259],[0.334427,46.5465474],[0.3345312,46.5465938],[0.3350805,46.5468417],[0.3350182,46.5466328]]],[[[0.3330249,46.5715135],[0.3330219,46.5715185],[0.3331095,46.57154],[0.3333733,46.5716033],[0.3336316,46.5716584],[0.3336346,46.5716524],[0.333667,46.571599],[0.3336815,46.5715748],[0.3337122,46.5715254],[0.3338562,46.5715543],[0.333546,46.5714694],[0.3333726,46.5714082],[0.3332871,46.5713693],[0.3332335,46.5713436],[0.333196,46.5713499],[0.3331666,46.5713501],[0.3330122,46.5713169],[0.3329711,46.5713077],[0.3329295,46.5713181],[0.3328297,46.5712912],[0.3323915,46.5711634],[0.33207,46.5710701],[0.3318674,46.5709652],[0.3316943,46.5708988],[0.3315587,46.5708517],[0.3314516,46.5708053],[0.3313503,46.5707528],[0.3312705,46.5706864],[0.3312626,46.5706629],[0.3312541,46.5706278],[0.3312498,46.5705961],[0.3312444,46.570555],[0.3312077,46.5705205],[0.3311777,46.5704912],[0.3311659,46.5704602],[0.3311474,46.5704465],[0.3310425,46.5704676],[0.330978,46.5704874],[0.3309455,46.5705124],[0.3309286,46.5705201],[0.3308728,46.5705474],[0.3307865,46.5705812],[0.330712,46.5705896],[0.3306408,46.570588],[0.3305501,46.5705675],[0.3304358,46.5705403],[0.3303203,46.5705059],[0.3300656,46.570409],[0.3298982,46.5703468],[0.3298383,46.5704252],[0.329794,46.5704813],[0.3299307,46.5705295],[0.3300842,46.570573],[0.3299969,46.5707232],[0.3301432,46.5707614],[0.3302277,46.5706121],[0.3306151,46.5707193],[0.3310536,46.5708491],[0.3315128,46.5709712],[0.3326614,46.571277],[0.3329133,46.5713433],[0.3330773,46.5713798],[0.3330615,46.5714316],[0.3330394,46.5714893],[0.3330249,46.5715135]]],[[[0.3354781,46.5217653],[0.3357454,46.5220791],[0.3359574,46.5223172],[0.3361407,46.5224431],[0.3361497,46.5224433],[0.3360394,46.5222404],[0.3359275,46.5220477],[0.33569,46.5217313],[0.3354781,46.5217653]]],[[[0.3353842,46.5206182],[0.3353191,46.5205871],[0.3352412,46.5206108],[0.3348231,46.520739],[0.3347039,46.5205727],[0.3346499,46.5204998],[0.3346455,46.5204946],[0.334566,46.5205183],[0.334489,46.5204522],[0.3344081,46.5203858],[0.334317,46.5203102],[0.3342441,46.5202563],[0.3342111,46.520233],[0.3341362,46.5201638],[0.3339267,46.5200209],[0.3338752,46.5199839],[0.3338632,46.5199888],[0.3338208,46.5199438],[0.33374,46.5198755],[0.3336244,46.5199321],[0.3336365,46.5199568],[0.3337818,46.5200442],[0.3339257,46.5201364],[0.3339554,46.5202261],[0.3339265,46.5202724],[0.3338546,46.5203494],[0.3337788,46.5203865],[0.3338459,46.5204636],[0.3340133,46.5206118],[0.3340452,46.5207516],[0.3340726,46.5207921],[0.3341208,46.5207758],[0.3342653,46.520727],[0.3343573,46.5206955],[0.3344385,46.5206676],[0.3346253,46.5206036],[0.3347083,46.520724],[0.3347208,46.5207407],[0.3350379,46.5211897],[0.3352722,46.5215222],[0.3353363,46.5215983],[0.3356324,46.5215163],[0.3355448,46.5213057],[0.3354654,46.5211762],[0.3352623,46.5209649],[0.3351296,46.5208279],[0.3352559,46.5208226],[0.3354043,46.5208149],[0.3354916,46.5208149],[0.3356072,46.5208135],[0.3356006,46.5207959],[0.3355934,46.5207671],[0.3355704,46.520693],[0.3355384,46.5206759],[0.3354605,46.5206343],[0.3353842,46.5206182]]],[[[0.3344344,46.5185178],[0.334761,46.5185572],[0.3349571,46.5182141],[0.3351248,46.5178111],[0.3352675,46.5174639],[0.3352844,46.5173897],[0.3354932,46.5172994],[0.3355705,46.5172092],[0.3356174,46.5171551],[0.3356252,46.5171461],[0.3357303,46.5170229],[0.3356938,46.5170178],[0.335688,46.5170157],[0.33565,46.5169995],[0.3355932,46.5169839],[0.3355859,46.5169817],[0.3353697,46.5169193],[0.3352689,46.5168904],[0.3351859,46.5168671],[0.3351421,46.5168497],[0.3350702,46.5169267],[0.3350264,46.5169738],[0.3350033,46.5169988],[0.3349905,46.5170117],[0.334816,46.5171938],[0.33473,46.5172857],[0.3346894,46.5173236],[0.3346522,46.5173636],[0.3346207,46.5173998],[0.3345831,46.5174408],[0.3345469,46.5174829],[0.334514,46.517523],[0.3344518,46.5176104],[0.3344052,46.5176911],[0.334388,46.5177377],[0.3343744,46.5178326],[0.3343689,46.5178896],[0.334369,46.5179418],[0.3343667,46.5179898],[0.3343628,46.5180368],[0.3343609,46.5180755],[0.3343601,46.5181236],[0.3343611,46.5181685],[0.3343495,46.5182542],[0.3343382,46.5183009],[0.3343208,46.5183516],[0.3342979,46.518395],[0.3342803,46.5184273],[0.3342529,46.5184757],[0.3342402,46.5184857],[0.3342457,46.518495],[0.3344344,46.5185178]]],[[[0.3322571,46.5721213],[0.3323458,46.5719751],[0.3322727,46.571956],[0.3322342,46.571949],[0.3321016,46.5719367],[0.3319598,46.5719272],[0.3317661,46.5719125],[0.3315802,46.5718989],[0.3313439,46.5718821],[0.331214,46.5718699],[0.3310752,46.5718544],[0.3308998,46.571835],[0.3308305,46.5718262],[0.3307939,46.5718213],[0.3307676,46.5718136],[0.3307064,46.5717917],[0.3306786,46.5717828],[0.3306507,46.5717761],[0.3306436,46.5718004],[0.3306481,46.5718046],[0.3306362,46.5718329],[0.330623,46.5718613],[0.330608,46.5718957],[0.330595,46.5719209],[0.330583,46.5719503],[0.3305697,46.5719817],[0.3305576,46.5720131],[0.3305253,46.5720962],[0.3305172,46.5721164],[0.3305172,46.5721175],[0.3305118,46.5721306],[0.330507,46.5721417],[0.3304837,46.5721924],[0.330535,46.5722334],[0.3306356,46.5722685],[0.3307101,46.5723233],[0.3307592,46.5723766],[0.3309026,46.5724178],[0.3312559,46.5725271],[0.3314024,46.5725592],[0.3315139,46.5725884],[0.3315305,46.5726092],[0.3315295,46.5726287],[0.3315041,46.5726608],[0.3314835,46.5726879],[0.3314494,46.5727209],[0.3314668,46.5727253],[0.3314887,46.5727341],[0.3315254,46.5727461],[0.3315742,46.5727493],[0.3316133,46.5727348],[0.3316364,46.5727201],[0.3316433,46.5726988],[0.3316519,46.5726745],[0.3316673,46.5726574],[0.331686,46.5726425],[0.3318486,46.5723806],[0.3320602,46.5724458],[0.3320666,46.5724336],[0.3321088,46.5723662],[0.3322571,46.5721213]]],[[[0.3317761,46.5400783],[0.3318072,46.540082],[0.3318235,46.540197],[0.3324863,46.5401889],[0.3332432,46.5402505],[0.3332506,46.5402506],[0.333303,46.540029],[0.3332691,46.5400242],[0.3328826,46.5399906],[0.3328413,46.5399865],[0.3328477,46.5399519],[0.3327603,46.5399438],[0.3327178,46.5399397],[0.3327087,46.5399742],[0.3325155,46.5399513],[0.3320096,46.5398761],[0.3318714,46.539827],[0.3318656,46.5398248],[0.331806,46.5398039],[0.3317374,46.5398678],[0.3317761,46.5400783]]],[[[0.3283182,46.6311428],[0.3282868,46.6311175],[0.3281309,46.631026],[0.3280338,46.6310686],[0.3279685,46.6311049],[0.3279683,46.6311091],[0.3279722,46.6311173],[0.3279864,46.6311319],[0.3280812,46.631222],[0.3283182,46.6311428]]],[[[0.3333108,46.5190845],[0.3333705,46.5192883],[0.3333893,46.5193521],[0.3334059,46.5193494],[0.3333984,46.5193503],[0.3334386,46.519345],[0.3334517,46.5193178],[0.3337851,46.5192805],[0.3337713,46.5192036],[0.3337592,46.519146],[0.3337668,46.5191432],[0.3337623,46.5191155],[0.3337567,46.5191092],[0.3337536,46.5191091],[0.3337421,46.5190486],[0.333693,46.518802],[0.3336873,46.5187989],[0.3336302,46.5188211],[0.3335472,46.5188539],[0.3335184,46.5188664],[0.3334091,46.5189151],[0.3333108,46.5190845]]],[[[0.3268002,46.6315325],[0.3269669,46.6316141],[0.3273947,46.631754],[0.3276735,46.6318463],[0.3276897,46.6318191],[0.3276783,46.6318117],[0.3276639,46.6318022],[0.3276467,46.6317915],[0.3276204,46.6317837],[0.3276073,46.6317794],[0.3275747,46.6317714],[0.3275591,46.631763],[0.3275327,46.6317572],[0.3275063,46.6317515],[0.3274902,46.6317439],[0.3274639,46.6317361],[0.327455,46.6317339],[0.327434,46.6317365],[0.327415,46.631733],[0.3273902,46.6317273],[0.327373,46.6317177],[0.3273535,46.6317152],[0.3273289,46.6317043],[0.3273143,46.631699],[0.3272956,46.6316883],[0.3272865,46.6316881],[0.3272723,46.6316826],[0.3272446,46.6316717],[0.3271993,46.6316594],[0.3271889,46.6316551],[0.3271584,46.6316442],[0.3271538,46.631642],[0.3271511,46.631641],[0.3271234,46.631631],[0.3270986,46.6316244],[0.3270675,46.6316185],[0.3270338,46.6316085],[0.3270165,46.631603],[0.3269913,46.6315953],[0.3269671,46.6315783],[0.3269451,46.6315697],[0.3269298,46.6315539],[0.3269155,46.6315424],[0.3268953,46.6315296],[0.3268595,46.6315084],[0.3268359,46.6315007],[0.3268002,46.6315325]]],[[[0.3316215,46.5460803],[0.3317477,46.5460147],[0.3317376,46.5460042],[0.3317244,46.546003],[0.3317085,46.5459986],[0.3316825,46.5459856],[0.3316592,46.5459739],[0.3316391,46.54596],[0.3316175,46.5459443],[0.3316078,46.5459348],[0.3315991,46.5459295],[0.3315893,46.5459221],[0.3315794,46.5459076],[0.3315621,46.5459011],[0.3315378,46.5458851],[0.3315127,46.5458784],[0.3315013,46.5458699],[0.3314778,46.5458613],[0.3314447,46.5458431],[0.3314231,46.5458345],[0.3312697,46.5457276],[0.3312349,46.5457105],[0.3311974,46.5456922],[0.3311785,46.5456856],[0.3311644,46.545671],[0.3311369,46.545657],[0.3311048,46.5456481],[0.3310757,46.5456331],[0.3310589,46.5456163],[0.3310388,46.5456026],[0.3310189,46.5455868],[0.3310267,46.5455788],[0.3310274,46.5455645],[0.3310083,46.5455621],[0.3309671,46.5455549],[0.3309195,46.5455916],[0.3307929,46.5456899],[0.3308959,46.54577],[0.3309528,46.5458152],[0.3310186,46.5458649],[0.3312686,46.5461109],[0.3314375,46.5459901],[0.3315805,46.5461008],[0.3316215,46.5460803]]],[[[0.3298457,46.5436193],[0.3300097,46.5438388],[0.3305532,46.5442338],[0.3307046,46.5441657],[0.3303236,46.5437223],[0.3306829,46.5435846],[0.3307192,46.5435721],[0.330683,46.5435192],[0.3306695,46.5434983],[0.3308396,46.543442],[0.3308694,46.5434325],[0.3308983,46.5434188],[0.3309286,46.5434074],[0.3308675,46.5433527],[0.3307741,46.5432351],[0.3306805,46.5430591],[0.3305966,46.5429242],[0.3304953,46.5428176],[0.3303315,46.5427157],[0.3301623,46.5425379],[0.3299275,46.5423985],[0.3303599,46.5431354],[0.3302228,46.5431741],[0.3302635,46.5432548],[0.3303676,46.5434249],[0.3298457,46.5436193]]],[[[0.3298809,46.5617269],[0.3298802,46.5617085],[0.3298764,46.5616981],[0.3298652,46.5616866],[0.3298521,46.5616812],[0.3298358,46.5616788],[0.3298132,46.5616834],[0.3297981,46.5616882],[0.3297858,46.5617002],[0.3297788,46.5617225],[0.3297944,46.5617403],[0.3298114,46.5617519],[0.329832,46.5617555],[0.3298591,46.5617469],[0.3298809,46.5617269]]],[[[0.329816,46.5618113],[0.3298169,46.5617919],[0.3298086,46.5617784],[0.3297942,46.5617678],[0.3297725,46.5617633],[0.3297516,46.5617658],[0.3297333,46.5617705],[0.3297212,46.5617784],[0.3297114,46.5617935],[0.3297154,46.5618079],[0.3297233,46.5618224],[0.3297292,46.5618308],[0.3297435,46.5618352],[0.3297599,46.5618365],[0.3297776,46.5618349],[0.329796,46.5618272],[0.329816,46.5618113]]],[[[0.3289395,46.5698277],[0.3291531,46.5699471],[0.3293199,46.5700225],[0.3294044,46.5700511],[0.3291611,46.5699361],[0.3290569,46.5698804],[0.3289395,46.5698277]]],[[[0.329782,46.5616571],[0.3297259,46.5616272],[0.3296724,46.5616873],[0.3297276,46.5617121],[0.329782,46.5616571]]],[[[0.3283861,46.5698137],[0.3285405,46.5699246],[0.3286282,46.5699829],[0.3286542,46.5699958],[0.3286698,46.5700044],[0.3288708,46.5698076],[0.3287957,46.5697711],[0.3285628,46.5696216],[0.3285613,46.5696216],[0.3285235,46.5696635],[0.3284908,46.5696996],[0.3284424,46.5697516],[0.3283889,46.5698106],[0.3283861,46.5698137]]],[[[0.3276892,46.5694233],[0.3277512,46.5694288],[0.3277599,46.569429],[0.3277875,46.5694409],[0.3278689,46.5694744],[0.3279081,46.5694917],[0.3279515,46.5695162],[0.3279584,46.5695195],[0.3280777,46.5695959],[0.3281236,46.5696277],[0.3281503,46.5696017],[0.3282125,46.5695408],[0.3281355,46.5695134],[0.3279635,46.5694481],[0.3277707,46.5693597],[0.3276786,46.5693362],[0.327677,46.5693371],[0.3276821,46.569417],[0.3276892,46.5694233]]],[[[0.3264923,46.5688658],[0.3264507,46.5688014],[0.3264544,46.5687914],[0.3264415,46.5687501],[0.32639,46.568802],[0.3264923,46.5688658]]],[[[0.326264,46.5685334],[0.3262554,46.5685249],[0.3262156,46.5684904],[0.326142,46.5684477],[0.3260811,46.5684196],[0.3260212,46.5684019],[0.3262288,46.568557],[0.326264,46.5685334]]],[[[0.3256954,46.5681572],[0.3256973,46.5681511],[0.3257077,46.5681227],[0.3257163,46.5680677],[0.3257067,46.5680164],[0.3256963,46.5679558],[0.3256903,46.5679025],[0.3256865,46.5678605],[0.3256526,46.567825],[0.3256273,46.5677968],[0.325695,46.5677442],[0.3256225,46.5677435],[0.325566,46.5677442],[0.3255114,46.5677389],[0.3254442,46.5677199],[0.325376,46.5676877],[0.325309,46.5676401],[0.3252528,46.567602],[0.3252129,46.5675684],[0.3251406,46.567534],[0.3250954,46.5675206],[0.3250538,46.5675217],[0.3249899,46.5675529],[0.3249292,46.5675852],[0.3249049,46.5675683],[0.3248144,46.5675038],[0.3247614,46.5674658],[0.3246527,46.5673886],[0.324619,46.5674134],[0.3248942,46.5676028],[0.3250197,46.5676098],[0.3252096,46.5676368],[0.325551,46.567843],[0.3256334,46.5679451],[0.3256533,46.5680488],[0.3256784,46.5681445],[0.3256954,46.5681572]]],[[[0.3237098,46.567245],[0.3235388,46.5671601],[0.3234291,46.5670718],[0.3231857,46.5669301],[0.3229262,46.5667799],[0.3227923,46.5666745],[0.3227121,46.566552],[0.3226157,46.5663759],[0.3226143,46.5663729],[0.3225761,46.5662718],[0.322549,46.5661618],[0.3225463,46.5660667],[0.3225207,46.565925],[0.3224828,46.5658189],[0.3224496,46.5657761],[0.3224139,46.565714],[0.3223708,46.5656904],[0.3219029,46.5650763],[0.3218398,46.5650043],[0.321684,46.5650416],[0.3216529,46.5651002],[0.3217249,46.5652287],[0.3218286,46.565415],[0.3218419,46.5654399],[0.3219769,46.5656832],[0.3220968,46.5658997],[0.3221469,46.565995],[0.3221616,46.5660229],[0.3221616,46.5660239],[0.3221929,46.5660809],[0.3222241,46.5661399],[0.322278,46.5662455],[0.3223309,46.5663509],[0.3223568,46.5663965],[0.3223786,46.5664317],[0.3224385,46.5665129],[0.3225067,46.5665994],[0.3225545,46.5666567],[0.3226191,46.5667287],[0.3227426,46.5668389],[0.3228365,46.5669148],[0.3229371,46.5669815],[0.3230255,46.5670561],[0.3231401,46.5671315],[0.3232233,46.5671926],[0.3234391,46.5673235],[0.3235571,46.5673946],[0.3236796,46.5674691],[0.3237298,46.5674999],[0.3239905,46.5676511],[0.3241353,46.5677271],[0.3242768,46.5676231],[0.3243475,46.5675706],[0.3243114,46.5675473],[0.3243043,46.567542],[0.3237098,46.567245]]],[[[0.3195429,46.5742949],[0.3197042,46.5743621],[0.3202092,46.5745824],[0.3206383,46.5747519],[0.3208549,46.5748663],[0.3209474,46.57489],[0.3210444,46.5748136],[0.3211893,46.574546],[0.3196211,46.5741557],[0.3195429,46.5742949]]],[[[0.3116987,46.6316433],[0.31193,46.6320127],[0.312021,46.6319985],[0.3120378,46.6320234],[0.3122399,46.6319586],[0.3122251,46.6319255],[0.3122818,46.631889],[0.3123285,46.6318728],[0.312508,46.6318137],[0.3125939,46.6317911],[0.3126102,46.6317854],[0.3126957,46.6317699],[0.3128161,46.6317084],[0.3128365,46.6316536],[0.3129439,46.6315202],[0.3127159,46.6314812],[0.3124203,46.6316112],[0.3120346,46.631547],[0.3119544,46.6314878],[0.311782,46.6316096],[0.3116987,46.6316433]]],[[[0.3118448,46.5716027],[0.310947,46.5722184],[0.311189,46.5724052],[0.3113072,46.5724954],[0.311426,46.5725753],[0.3116647,46.5727167],[0.3118124,46.572798],[0.3124165,46.5731127],[0.3124417,46.5731102],[0.312464,46.5730791],[0.3124891,46.5730244],[0.3125105,46.5729799],[0.3125266,46.5729548],[0.3125426,46.5729327],[0.3126821,46.5727418],[0.3127348,46.5726683],[0.3128742,46.5724876],[0.312949,46.5723861],[0.3129661,46.572364],[0.3127523,46.572313],[0.3127244,46.5723063],[0.3124309,46.5721317],[0.3123288,46.5720076],[0.3122112,46.5718658],[0.3118448,46.5716027]]],[[[0.3108278,46.5721175],[0.3110533,46.5719634],[0.3108016,46.5717745],[0.310707,46.571856],[0.3106857,46.5719303],[0.3106354,46.5719566],[0.3106185,46.5719664],[0.3107129,46.5720398],[0.3108205,46.5721218],[0.3108278,46.5721175]]]]}},{"type":"Feature","properties":{"id_map":86000002,"id_zone":"RNAT00000000002","id_gaspar":"86DDT20110001","nom":"Zone orange : zone urbanisée de type centre urbain soumise à un aléa fort à très fort, constructibilité sous conditions et liée au renouvellement urbain","codezone":"Zone orange","typereg":"02","soumisalea":"oui","nomfic":null,"urlfic":"http://www.vienne.gouv.fr/Politiques-publiques/Environnement-risques-naturels-et-technologiques/Risques-naturels-et-technologiques-majeurs/Les-risques-naturels/Le-PPRI-de-la-vallee-du-Clain","srce_geom":"Plan cadastral informatisé assemblé au 1:5 000","srce_annee":"2012","precision":"M"},"geometry":{"type":"MultiPolygon","coordinates":[[[[0.381519,46.6821578],[0.3815017,46.6821421],[0.3814593,46.6821022],[0.3813871,46.6820925],[0.3807765,46.6810154],[0.3805425,46.6805655],[0.3805717,46.6804567],[0.3803747,46.6801047],[0.3803927,46.6800723],[0.3804061,46.6800399],[0.3804183,46.6800075],[0.3804401,46.6799855],[0.3804612,46.6799728],[0.380466,46.6799698],[0.3804935,46.6799541],[0.380524,46.6799404],[0.3805212,46.6799323],[0.3805665,46.6799148],[0.3805665,46.6799138],[0.3805543,46.67989],[0.3805066,46.6798941],[0.3805025,46.6798898],[0.3804848,46.6798905],[0.3802912,46.6798984],[0.3802902,46.6799514],[0.3802705,46.6801064],[0.3802545,46.6802277],[0.3802763,46.6803621],[0.3802762,46.6803641],[0.3803265,46.6804602],[0.3803699,46.6805461],[0.3804472,46.680695],[0.3805293,46.6808729],[0.3805984,46.6810767],[0.3806385,46.6812882],[0.3806772,46.6814373],[0.3807545,46.6815945],[0.3808916,46.6818941],[0.3809839,46.6820087],[0.3811206,46.6821048],[0.3812398,46.6821903],[0.3814047,46.6824353],[0.3814612,46.68255],[0.3814542,46.6826071],[0.3813485,46.6826721],[0.3813048,46.6826906],[0.3812438,46.6827178],[0.3812533,46.6827416],[0.3811894,46.6827717],[0.3811135,46.6828068],[0.3810429,46.6828206],[0.3807023,46.6828885],[0.3806573,46.6829018],[0.3806981,46.6829762],[0.3807386,46.682974],[0.3809651,46.6829272],[0.3812471,46.6828702],[0.3814209,46.6828332],[0.3815561,46.6828057],[0.381651,46.6828425],[0.3816758,46.6828493],[0.3817681,46.6828729],[0.3819232,46.682954],[0.3819273,46.682903],[0.3818443,46.6827428],[0.3817015,46.6827149],[0.381681,46.6826757],[0.3816914,46.6825829],[0.3816703,46.6824403],[0.3816661,46.6824065],[0.3816409,46.6823661],[0.381519,46.6821578]]],[[[0.3539795,46.5814615],[0.3539807,46.581436],[0.3539242,46.5814378],[0.3538662,46.5814447],[0.3538381,46.5814429],[0.3538233,46.5814733],[0.3537562,46.5816036],[0.3537399,46.5816012],[0.3537082,46.581672],[0.3536867,46.5817523],[0.3537011,46.581818],[0.3536956,46.5819303],[0.353697,46.5820224],[0.3536994,46.5821266],[0.3537037,46.5821922],[0.3535979,46.5822081],[0.3535972,46.5823104],[0.3537123,46.5822895],[0.3537422,46.5823749],[0.3537695,46.5824268],[0.3537963,46.5825132],[0.3538128,46.5825994],[0.3538179,46.5827366],[0.3538113,46.5828499],[0.3536052,46.5828461],[0.3536025,46.5829034],[0.3535876,46.5829357],[0.3538689,46.5829453],[0.3538627,46.5830422],[0.3537321,46.5830423],[0.3537225,46.583176],[0.3537596,46.5831778],[0.35376,46.583324],[0.35361,46.5833277],[0.3536328,46.583408],[0.3536316,46.5834324],[0.3535751,46.5834342],[0.3535401,46.5834191],[0.3535128,46.5834339],[0.3534578,46.5834356],[0.3534261,46.5834185],[0.3533986,46.5834364],[0.3533586,46.5834364],[0.3533444,46.5834217],[0.353324,46.5834468],[0.3533393,46.5834707],[0.3533408,46.5834953],[0.3533854,46.5834973],[0.3533868,46.583526],[0.3534668,46.5835238],[0.3534998,46.5835234],[0.3535826,46.5835224],[0.3536085,46.5835127],[0.3535991,46.5834553],[0.3536394,46.5834583],[0.3536594,46.5835302],[0.3537115,46.5835233],[0.3538293,46.5835097],[0.3538544,46.5836646],[0.3536545,46.5836957],[0.3536601,46.5837337],[0.3536654,46.5837696],[0.3535521,46.5837853],[0.3535076,46.5837895],[0.3534712,46.5838367],[0.3534647,46.5838416],[0.3534377,46.5839126],[0.3534132,46.5839252],[0.3534145,46.5839315],[0.3534261,46.5839665],[0.3534149,46.5839866],[0.353409,46.5839876],[0.3534102,46.5840203],[0.3534245,46.5840962],[0.3537862,46.5840351],[0.3538358,46.5841435],[0.3538493,46.5841398],[0.3539184,46.584121],[0.3541811,46.5840565],[0.3542318,46.5840116],[0.3542414,46.5840324],[0.3542676,46.5840095],[0.3543142,46.5840034],[0.3543754,46.584018],[0.3544166,46.5840261],[0.3544487,46.5840341],[0.3544984,46.5840199],[0.3545188,46.5839958],[0.3545485,46.5839649],[0.3545722,46.5839368],[0.3546081,46.5839007],[0.3546337,46.5838585],[0.3546498,46.5838333],[0.3546895,46.5838147],[0.3547118,46.5837835],[0.3546772,46.5837603],[0.3546117,46.5837383],[0.3545633,46.5837576],[0.3545143,46.5837576],[0.3544594,46.5837583],[0.3544215,46.5837461],[0.3543667,46.5837132],[0.3543398,46.583686],[0.3543069,46.583629],[0.3543115,46.5835352],[0.3543304,46.5834835],[0.3543287,46.5833985],[0.3543155,46.5832674],[0.3543374,46.5831555],[0.3543285,46.5830306],[0.3543387,46.5829419],[0.3543307,46.5828322],[0.3542941,46.5827312],[0.3542228,46.5825528],[0.3541382,46.5824629],[0.3540777,46.5823685],[0.35405,46.5822922],[0.3539728,46.5822362],[0.3539244,46.5821677],[0.3539258,46.5821074],[0.353917,46.5820132],[0.3539124,46.5818014],[0.3539197,46.5817719],[0.3539288,46.5817384],[0.3539366,46.5816987],[0.3539504,46.5816336],[0.3539709,46.5815738],[0.3539976,46.5814845],[0.3539787,46.5814789],[0.3539795,46.5814615]]],[[[0.3542569,46.5846245],[0.354284,46.5844392],[0.3542824,46.5844391],[0.3542569,46.5846245]]],[[[0.3532403,46.577421],[0.3533339,46.5777206],[0.3534388,46.5780941],[0.353457,46.5781476],[0.3535633,46.5784047],[0.3535815,46.5784573],[0.3536298,46.5785923],[0.3536468,46.5786386],[0.3537016,46.5787933],[0.3536506,46.5788013],[0.3536775,46.5788929],[0.3536987,46.5789731],[0.3537001,46.5791306],[0.3537009,46.5792011],[0.3537267,46.5793407],[0.3534641,46.5793489],[0.3534653,46.5793796],[0.3534703,46.5794942],[0.3534822,46.5794915],[0.3534821,46.5794945],[0.3534853,46.5795487],[0.3534959,46.579548],[0.3535033,46.5795738],[0.3538034,46.5795612],[0.3538123,46.5796268],[0.3538642,46.579624],[0.3538634,46.579673],[0.3538622,46.5797211],[0.3538631,46.5797671],[0.3538606,46.5799081],[0.3538575,46.5800685],[0.3537347,46.5800626],[0.3537348,46.5801812],[0.353735,46.580266],[0.3537348,46.5803345],[0.3537342,46.5804029],[0.3537329,46.580494],[0.3537376,46.5805512],[0.3537382,46.5805953],[0.353812,46.5806665],[0.3538861,46.5806651],[0.3538868,46.5808042],[0.3538888,46.5808287],[0.3539565,46.5809274],[0.3539699,46.5809257],[0.3539827,46.5809045],[0.3539507,46.5808046],[0.3539965,46.5808047],[0.3540914,46.5808048],[0.3540845,46.5807055],[0.3540737,46.5805887],[0.3540718,46.5805395],[0.3540684,46.5804883],[0.354063,46.5804136],[0.354058,46.5803307],[0.3540553,46.5802652],[0.3540548,46.5801865],[0.3540612,46.5801437],[0.3540651,46.5801274],[0.3540776,46.5801125],[0.3540945,46.5801037],[0.3541106,46.580104],[0.3541265,46.5801156],[0.3541415,46.5801364],[0.3541461,46.5801723],[0.3541644,46.5804323],[0.3541784,46.580814],[0.354175,46.5809477],[0.3541686,46.5810468],[0.3541498,46.5811926],[0.3541506,46.5812631],[0.3541747,46.5812279],[0.3542066,46.5811755],[0.3542494,46.5810936],[0.3542774,46.581035],[0.3542839,46.5809892],[0.3543243,46.5808602],[0.3543783,46.5806693],[0.3543997,46.5804378],[0.3544176,46.5802552],[0.354375,46.5802206],[0.3543173,46.5801814],[0.3542579,46.5801534],[0.3542232,46.5801096],[0.3542092,46.5800909],[0.3541984,46.5800385],[0.354171,46.5799572],[0.3541579,46.5798648],[0.3541513,46.5797574],[0.3541612,46.5796748],[0.3541673,46.5796064],[0.3541776,46.5795229],[0.3541781,46.5795137],[0.3541814,46.5794443],[0.3541628,46.5793364],[0.35416,46.579273],[0.3541389,46.5792142],[0.3541123,46.5791565],[0.3540703,46.5791013],[0.3539667,46.5790407],[0.35393,46.5789722],[0.3539026,46.5788909],[0.353882,46.5787657],[0.353857,46.5786446],[0.3538052,46.5784593],[0.3537899,46.5784028],[0.3536861,46.5781356],[0.3536259,46.5779716],[0.3535666,46.5777884],[0.3535168,46.5775879],[0.3534936,46.5774922],[0.3534762,46.5774459],[0.3534595,46.5773953],[0.353421,46.5773638],[0.3533355,46.5773577],[0.3532358,46.5773606],[0.3532223,46.5773643],[0.3532403,46.577421]]],[[[0.3541531,46.5852682],[0.3541154,46.5853737],[0.3541358,46.5853178],[0.3541531,46.5852682]]],[[[0.3436672,46.5910852],[0.3436702,46.5911773],[0.343671,46.5911854],[0.3436708,46.5911894],[0.3436751,46.5911978],[0.3436838,46.5912031],[0.3436908,46.5912053],[0.3437115,46.5912067],[0.3437347,46.5912216],[0.3437695,46.5912398],[0.3438404,46.5912415],[0.3439194,46.5912362],[0.3440173,46.5912302],[0.3441446,46.5912096],[0.3442694,46.5911983],[0.3444534,46.5911719],[0.3446021,46.591161],[0.3447108,46.5911513],[0.3447631,46.5911413],[0.344856,46.591126],[0.3452348,46.5910519],[0.3454632,46.5910153],[0.3456666,46.5909833],[0.3457952,46.5909607],[0.3458668,46.590946],[0.345968,46.5909136],[0.3460855,46.5908754],[0.3462005,46.5908259],[0.3462626,46.5907978],[0.3463109,46.5907805],[0.3463601,46.5907765],[0.3464194,46.5907748],[0.3465041,46.5907738],[0.3465687,46.5907589],[0.3466305,46.5907378],[0.3466927,46.5907085],[0.3467713,46.5906736],[0.3468436,46.5906538],[0.3469216,46.5906372],[0.3470435,46.5906298],[0.3471341,46.5906309],[0.3471958,46.5906344],[0.3472599,46.5906318],[0.347312,46.5906248],[0.3473541,46.5906134],[0.3474005,46.5906013],[0.3474503,46.590585],[0.3474959,46.5905677],[0.3475694,46.5905479],[0.3476152,46.5905254],[0.3476607,46.5905009],[0.3476944,46.5904762],[0.3477268,46.5904545],[0.3477604,46.5904327],[0.3478403,46.5903783],[0.3479377,46.5903264],[0.3480193,46.5902926],[0.3481101,46.5902569],[0.3482551,46.590202],[0.34843,46.590112],[0.3486196,46.5900183],[0.3487473,46.5899558],[0.3487765,46.589937],[0.3490771,46.589762],[0.3492423,46.5896627],[0.3493522,46.5895956],[0.3495494,46.5894754],[0.3496756,46.5893793],[0.3498084,46.5892678],[0.349912,46.5891864],[0.3500225,46.5891072],[0.350126,46.5890503],[0.3502092,46.5890165],[0.3502758,46.5889843],[0.350347,46.5889246],[0.3504272,46.588863],[0.350502,46.5887922],[0.3505591,46.5887455],[0.3506098,46.5887037],[0.350706,46.5886529],[0.3508283,46.5886045],[0.3509323,46.5885701],[0.350994,46.5885511],[0.3510521,46.5885177],[0.3511055,46.5884821],[0.3511684,46.5884385],[0.3511887,46.5884166],[0.3512287,46.5883593],[0.3514587,46.588112],[0.3515866,46.5880475],[0.3516151,46.5880339],[0.3518865,46.5879747],[0.35225,46.5877869],[0.3523278,46.5877121],[0.352368,46.5876752],[0.3524152,46.5876221],[0.3524614,46.5875833],[0.3525083,46.5875384],[0.3525626,46.5874864],[0.3526212,46.5874428],[0.3526837,46.5874054],[0.352786,46.5873106],[0.3528243,46.587288],[0.3528458,46.5872415],[0.3528746,46.5871982],[0.3529033,46.587155],[0.3529274,46.5871188],[0.3529377,46.5870933],[0.3529202,46.5870582],[0.3528994,46.5870823],[0.3528853,46.5870748],[0.3527603,46.5870166],[0.3525709,46.5872505],[0.3526878,46.5873227],[0.3526658,46.5873477],[0.3525676,46.587416],[0.3525262,46.5874437],[0.3524784,46.5874764],[0.3524328,46.5875038],[0.3522648,46.5873947],[0.3521927,46.5874411],[0.3521424,46.5874686],[0.3520129,46.5873592],[0.352135,46.5872814],[0.3520992,46.58726],[0.3521359,46.5872078],[0.3520281,46.5872001],[0.3519743,46.5872663],[0.3519251,46.5872459],[0.3518593,46.5873158],[0.3518678,46.5873201],[0.3518615,46.5873271],[0.351873,46.5873325],[0.351822,46.5873815],[0.3518945,46.5874148],[0.3519166,46.5873888],[0.3519586,46.5874039],[0.3520981,46.587492],[0.352051,46.5875176],[0.3520266,46.5875273],[0.3520058,46.587536],[0.3519893,46.5875376],[0.351955,46.5875409],[0.3518805,46.5875821],[0.3518745,46.587585],[0.3518572,46.5876009],[0.3518556,46.587603],[0.3518458,46.5876192],[0.3518197,46.5876399],[0.3517226,46.5877174],[0.3518699,46.5878231],[0.3518715,46.5878241],[0.3517624,46.5878748],[0.3517504,46.5878797],[0.3516338,46.5879219],[0.3515827,46.5879412],[0.3513604,46.5880311],[0.3513136,46.5880504],[0.3512451,46.5880785],[0.3510942,46.5881344],[0.3510567,46.5881477],[0.3510264,46.5881584],[0.3510036,46.588169],[0.3506169,46.5883482],[0.3506017,46.5883549],[0.3503767,46.5884663],[0.3501003,46.588603],[0.3497688,46.5887701],[0.349697,46.5888186],[0.348851,46.5894696],[0.3487896,46.5895141],[0.3487637,46.5895309],[0.3487301,46.5895536],[0.3486884,46.5895813],[0.3486579,46.5896021],[0.3486045,46.5896376],[0.3485692,46.5896603],[0.3483664,46.5898008],[0.3482852,46.5898582],[0.3482621,46.589872],[0.3482391,46.5898868],[0.3480602,46.5899684],[0.3478906,46.5900464],[0.3476922,46.5901265],[0.3476726,46.5901343],[0.3475922,46.5901672],[0.3474262,46.5902267],[0.3473642,46.5902519],[0.3472533,46.5901307],[0.3472418,46.5901181],[0.3471988,46.5900906],[0.3471317,46.5901248],[0.3471075,46.5901376],[0.3471235,46.5901482],[0.3471303,46.5901534],[0.3470957,46.5901628],[0.3469724,46.5901988],[0.3469967,46.5902474],[0.3470027,46.5902537],[0.3469606,46.5902639],[0.3469159,46.5902967],[0.3469143,46.5902977],[0.3468946,46.5903064],[0.3468873,46.5903042],[0.3468565,46.5903014],[0.3468194,46.5902975],[0.3467659,46.5903014],[0.3467627,46.5903023],[0.3463707,46.590558],[0.3460249,46.5907208],[0.3456905,46.5908244],[0.3454307,46.5908602],[0.3448471,46.5909704],[0.3445614,46.5910241],[0.3441458,46.5910891],[0.3439882,46.5911038],[0.343963,46.591043],[0.3437103,46.591079],[0.3436672,46.5910852]]],[[[0.3508603,46.58496],[0.3508618,46.5849601],[0.3508837,46.5850903],[0.3511153,46.5849946],[0.3515183,46.5844151],[0.3518714,46.5839897],[0.351956,46.5840153],[0.3520328,46.5840252],[0.3524246,46.5840782],[0.3524349,46.5840437],[0.3524776,46.5838985],[0.3524453,46.5838948],[0.3524337,46.5838914],[0.3524265,46.5838861],[0.3524235,46.583882],[0.3524179,46.5838778],[0.3523787,46.5838278],[0.352345,46.5837872],[0.3523285,46.5837653],[0.352316,46.5837466],[0.3523049,46.583733],[0.3524088,46.5837007],[0.3524532,46.583579],[0.3524586,46.5834105],[0.3524932,46.5833039],[0.3525419,46.5832448],[0.3525747,46.5831188],[0.3526088,46.5830307],[0.352674,46.5830373],[0.3526814,46.5830057],[0.3526851,46.5828965],[0.3526958,46.5828629],[0.3524025,46.5828245],[0.3526103,46.5822426],[0.3526841,46.5820317],[0.3529664,46.5820781],[0.3530567,46.5818981],[0.3531158,46.5817554],[0.3530889,46.5817271],[0.3530831,46.5817249],[0.3529842,46.5816869],[0.3530234,46.5814537],[0.3530965,46.581024],[0.3529759,46.5810274],[0.3529793,46.5809917],[0.3529781,46.5809834],[0.3529738,46.5809506],[0.3530064,46.5809494],[0.3530215,46.5809201],[0.3530496,46.580891],[0.3530854,46.5807917],[0.353088,46.5807714],[0.3531009,46.5806265],[0.3531097,46.5805338],[0.3531304,46.5805352],[0.3531465,46.5804538],[0.3531639,46.5803059],[0.3531626,46.5803008],[0.3531623,46.580219],[0.3531624,46.580217],[0.3531554,46.5801422],[0.3531535,46.5801247],[0.3531397,46.5800375],[0.353113,46.5800391],[0.3531111,46.5800216],[0.3530946,46.5800222],[0.3530969,46.5800396],[0.3529705,46.5800439],[0.3528485,46.5800523],[0.3527939,46.5796841],[0.3527912,46.5796758],[0.3527831,46.5796337],[0.3527567,46.5795953],[0.3527373,46.5795682],[0.3526375,46.5794279],[0.3525295,46.5792937],[0.3525213,46.5792863],[0.3523029,46.5791095],[0.3524574,46.5790118],[0.352482,46.5789971],[0.3524492,46.5789718],[0.3522734,46.5788297],[0.3511719,46.57801],[0.3511287,46.5780427],[0.3511963,46.5782088],[0.3513104,46.5783045],[0.3514443,46.5784119],[0.3516034,46.5785269],[0.3516484,46.5786088],[0.3522783,46.579068],[0.3522839,46.5790732],[0.3522701,46.5790821],[0.3521503,46.5791366],[0.3517994,46.5792511],[0.3517632,46.5792616],[0.3517459,46.5792877],[0.3517513,46.5792961],[0.3517567,46.5793065],[0.3517578,46.5793166],[0.3517525,46.5793288],[0.3517795,46.5794183],[0.3520026,46.579585],[0.3520568,46.5796558],[0.3521936,46.5798338],[0.3521951,46.5798358],[0.3522503,46.5799168],[0.3524121,46.5798858],[0.3524478,46.5798775],[0.3524523,46.5798827],[0.3524716,46.5798811],[0.3524732,46.580057],[0.3524839,46.5801114],[0.3525212,46.5805927],[0.3525201,46.5806796],[0.3525083,46.5808019],[0.3523235,46.581184],[0.3523185,46.5811972],[0.3523238,46.5812106],[0.3523323,46.5812211],[0.3523513,46.5812256],[0.3524074,46.581232],[0.3524412,46.5813831],[0.352425,46.5813857],[0.3524372,46.5814412],[0.352433,46.5814953],[0.3524174,46.581542],[0.3524291,46.5815432],[0.3524149,46.581594],[0.3523992,46.5816417],[0.3523743,46.5817269],[0.3523626,46.5817257],[0.3523512,46.5817745],[0.3523661,46.5817749],[0.3523257,46.5819365],[0.3523834,46.5819357],[0.3523903,46.5819461],[0.3524465,46.5819505],[0.3525247,46.5819564],[0.3523795,46.5820482],[0.3523087,46.5821323],[0.3521996,46.5822075],[0.3521653,46.5822773],[0.3520368,46.5825411],[0.3520026,46.5825996],[0.3519757,46.5827247],[0.3519225,46.582843],[0.3518527,46.5829088],[0.3518093,46.5829457],[0.351726,46.5829836],[0.3516533,46.5830178],[0.3515997,46.5830481],[0.3515503,46.58309],[0.3514617,46.5833312],[0.3514687,46.5833396],[0.3515261,46.583345],[0.3516186,46.5833614],[0.3517386,46.5833683],[0.3518187,46.5833988],[0.3517934,46.5834257],[0.3517063,46.5834513],[0.3516157,46.5834861],[0.3514872,46.5835087],[0.3512617,46.5835413],[0.3510305,46.5835973],[0.3509444,46.5836341],[0.3508879,46.5837228],[0.3510012,46.5837397],[0.3510351,46.5837446],[0.3510367,46.5837426],[0.3511018,46.5837502],[0.3510982,46.5837604],[0.351087,46.583804],[0.3510812,46.5838039],[0.3510759,46.5838242],[0.3510741,46.5838293],[0.3510685,46.5838557],[0.3510461,46.5839451],[0.3510063,46.5839401],[0.3507444,46.5841099],[0.3507286,46.5841617],[0.3507272,46.5841657],[0.3507167,46.5841961],[0.3506293,46.5841952],[0.3506278,46.5841952],[0.3505936,46.5842618],[0.3505456,46.5843292],[0.3505031,46.584412],[0.3504458,46.5844956],[0.3503875,46.5845657],[0.3503515,46.5846365],[0.3503126,46.584703],[0.3502648,46.5847664],[0.3502572,46.5848019],[0.3508502,46.5849578],[0.3508603,46.58496]]],[[[0.3519783,46.5775564],[0.3520386,46.5775976],[0.352077,46.5776292],[0.352098,46.5776583],[0.3522109,46.5777366],[0.3522731,46.5777728],[0.352386,46.5777396],[0.3523313,46.5775829],[0.3522598,46.5775291],[0.3522102,46.5775096],[0.3521627,46.5775127],[0.3521246,46.5775383],[0.3519783,46.5775564]]],[[[0.3513095,46.5767037],[0.3513704,46.5767327],[0.3513877,46.5767167],[0.3515602,46.5765552],[0.3515074,46.5765365],[0.3514099,46.5765006],[0.3513881,46.5764898],[0.3513361,46.576464],[0.3512205,46.5764073],[0.3510832,46.5763294],[0.3510674,46.576322],[0.3510108,46.576293],[0.350944,46.5762659],[0.3508831,46.5762358],[0.3508231,46.5762212],[0.3507412,46.576205],[0.3506681,46.5762073],[0.3506144,46.5762153],[0.3505472,46.5762271],[0.3504397,46.5762461],[0.3503663,46.5762566],[0.3504564,46.5762985],[0.3506102,46.5763675],[0.3513095,46.5767037]]],[[[0.3509718,46.5779481],[0.3504561,46.577608],[0.3503931,46.5775667],[0.350441,46.5775239],[0.3505527,46.5774273],[0.3504565,46.5773576],[0.3503634,46.5772901],[0.350093,46.5771519],[0.3498049,46.5770073],[0.3496346,46.576946],[0.3493563,46.5768752],[0.3488157,46.5767481],[0.3481877,46.5765476],[0.3482354,46.5764547],[0.3475977,46.57631],[0.3475829,46.5763383],[0.3472661,46.5762687],[0.3470456,46.5767164],[0.3466228,46.5766003],[0.3465838,46.5766688],[0.3463828,46.5766263],[0.3465316,46.5763722],[0.3461664,46.5762667],[0.3461071,46.5763572],[0.346094,46.5763775],[0.3459195,46.576313],[0.3457885,46.5762589],[0.3455995,46.5761882],[0.3455075,46.5761533],[0.3455703,46.5760238],[0.3456659,46.5758247],[0.3456919,46.5757803],[0.3454518,46.5757778],[0.3453166,46.5757287],[0.3452988,46.5756363],[0.345263,46.5756068],[0.3451238,46.5755433],[0.3448771,46.5758033],[0.3445507,46.5756812],[0.3444793,46.5757788],[0.3447911,46.5758944],[0.345035,46.5759971],[0.3449202,46.5760446],[0.344756,46.5761572],[0.3446704,46.5761758],[0.3445513,46.5761597],[0.3445846,46.5764477],[0.3440675,46.5765307],[0.3440191,46.5765267],[0.3440467,46.5764117],[0.3437742,46.5763799],[0.3437491,46.5764702],[0.3437368,46.5765036],[0.3437368,46.5765047],[0.3436408,46.5764953],[0.3433655,46.5764582],[0.3430741,46.5764147],[0.3426193,46.576352],[0.342614,46.5763642],[0.3425962,46.5763996],[0.342687,46.576419],[0.3432345,46.5765002],[0.3435924,46.5765473],[0.3437746,46.5765495],[0.3440226,46.576544],[0.3441311,46.5765374],[0.344542,46.5765019],[0.3445893,46.5765939],[0.3446128,46.5766579],[0.344673,46.5767013],[0.3446979,46.5767375],[0.344765,46.5767923],[0.3447985,46.576836],[0.3448451,46.5768852],[0.3448959,46.5769047],[0.3449714,46.5769403],[0.3450855,46.5769714],[0.3456766,46.5771313],[0.345852,46.5771764],[0.3462124,46.5773001],[0.3464471,46.5773741],[0.3466076,46.5774279],[0.3467159,46.577456],[0.346801,46.5774795],[0.3468743,46.5774955],[0.3469436,46.5775063],[0.3470071,46.5775067],[0.347055,46.5774966],[0.3471104,46.5774846],[0.3471705,46.5774675],[0.3472416,46.5774395],[0.3473083,46.5774145],[0.3473773,46.5773967],[0.3474475,46.5773809],[0.3475086,46.5773742],[0.3475782,46.5773758],[0.3476493,46.5773825],[0.3477062,46.5773961],[0.347769,46.577418],[0.3478504,46.5774527],[0.3479059,46.5774652],[0.3479645,46.5774522],[0.3480054,46.5774337],[0.3480233,46.5774035],[0.3480199,46.5773778],[0.3479869,46.5773219],[0.3479642,46.5772744],[0.3479536,46.5772495],[0.3479687,46.5772131],[0.3480338,46.5771891],[0.3480959,46.5771854],[0.3482046,46.5772074],[0.3488357,46.5773681],[0.3490026,46.5774098],[0.3493039,46.5774678],[0.3497219,46.5775614],[0.3497658,46.5775685],[0.3498702,46.5775904],[0.3500052,46.57762],[0.3501104,46.5776491],[0.3501952,46.5777021],[0.3502981,46.5777536],[0.3503903,46.577809],[0.3504511,46.5778308],[0.3505329,46.5778593],[0.3506255,46.5778798],[0.3507243,46.5778882],[0.3508439,46.5778961],[0.3509161,46.5779345],[0.3509718,46.5779481]]],[[[0.3500352,46.5861011],[0.3500351,46.5861032],[0.3500637,46.5860702],[0.3502147,46.5858916],[0.3499254,46.5857378],[0.3499301,46.5857634],[0.3499792,46.5858248],[0.3499957,46.5858814],[0.3500036,46.5859277],[0.3500127,46.5860148],[0.3500352,46.5861011]]],[[[0.3489821,46.5878166],[0.3488645,46.5878895],[0.348663,46.5880985],[0.3491522,46.5884369],[0.3491651,46.5884464],[0.3491799,46.5884151],[0.349517,46.5881909],[0.3489821,46.5878166]]],[[[0.347552,46.5897226],[0.3475615,46.5897351],[0.3476004,46.5897902],[0.3477686,46.5897175],[0.3477354,46.5896676],[0.3476352,46.5896878],[0.347599,46.5896992],[0.347552,46.5897226]]],[[[0.3472622,46.5895228],[0.3473112,46.5894912],[0.3473682,46.5895364],[0.3474145,46.5895906],[0.3474746,46.5895716],[0.3475256,46.589588],[0.3476501,46.5895266],[0.3476362,46.5894833],[0.3474796,46.5893489],[0.3473126,46.5894299],[0.3472223,46.5894891],[0.3472505,46.5895122],[0.3472622,46.5895228]]],[[[0.3459125,46.5756617],[0.3457971,46.5756335],[0.3457008,46.5757825],[0.3462435,46.5758994],[0.3462469,46.5758944],[0.3463332,46.5757635],[0.3459125,46.5756617]]],[[[0.343086,46.590262],[0.3430942,46.5902786],[0.343331,46.5902881],[0.343504,46.5902942],[0.3436559,46.5903458],[0.3437583,46.5903441],[0.3439163,46.5903528],[0.3442151,46.590368],[0.3445927,46.5903174],[0.3448821,46.5902526],[0.3450894,46.5901992],[0.3453267,46.5901086],[0.3453843,46.5900853],[0.3453522,46.5900682],[0.3453054,46.5900549],[0.3452695,46.5900356],[0.345247,46.5900055],[0.3452577,46.589972],[0.3452504,46.589936],[0.3452695,46.589914],[0.3453056,46.589873],[0.3453338,46.5898409],[0.3453518,46.5898024],[0.3453627,46.5897628],[0.3453564,46.5897085],[0.3453126,46.5896646],[0.3452542,46.5896162],[0.3451007,46.5895728],[0.3449863,46.5895466],[0.344852,46.5895363],[0.3447231,46.5895343],[0.3446072,46.5895388],[0.3446275,46.5896702],[0.3447131,46.5897058],[0.3447308,46.5897053],[0.3447339,46.5897381],[0.3446579,46.5897455],[0.344595,46.5897573],[0.3446065,46.5897934],[0.3442586,46.5898446],[0.3442337,46.5897122],[0.3441459,46.5897203],[0.3441149,46.5897217],[0.3441149,46.5897206],[0.343972,46.5897327],[0.3439845,46.5898056],[0.3437939,46.5898247],[0.3437691,46.5898496],[0.3437301,46.5898855],[0.3436839,46.5899252],[0.3436505,46.589943],[0.343603,46.5899683],[0.3435526,46.5899958],[0.3435193,46.5900114],[0.3434972,46.5900395],[0.3434914,46.590069],[0.3434859,46.5900944],[0.3434701,46.5901126],[0.3434583,46.5901378],[0.343447,46.59016],[0.3434308,46.5901863],[0.3434206,46.5902105],[0.3434212,46.590231],[0.3434337,46.5902477],[0.3434542,46.5902522],[0.3434493,46.5902644],[0.343086,46.590262]]],[[[0.3428787,46.5741949],[0.3432266,46.574293],[0.3432807,46.5741879],[0.3449617,46.5746399],[0.3448431,46.5748284],[0.3450911,46.5749118],[0.3451956,46.5747139],[0.3460253,46.5748997],[0.3461133,46.5747669],[0.3447051,46.574405],[0.3430053,46.57397],[0.3428787,46.5741949]]],[[[0.3404228,46.5920576],[0.3404423,46.5921091],[0.3404422,46.5921102],[0.3404618,46.5921116],[0.3404957,46.5921144],[0.340534,46.5921175],[0.3405651,46.5921151],[0.3405937,46.5921075],[0.3406313,46.5920992],[0.3406683,46.5920971],[0.340673,46.5920972],[0.3406938,46.5920966],[0.3407273,46.5921097],[0.3407651,46.5921228],[0.3408019,46.5921309],[0.3408178,46.5921353],[0.3408481,46.5921248],[0.3408793,46.5921193],[0.3409111,46.5921108],[0.3409463,46.5920881],[0.3409826,46.5920675],[0.3410387,46.5920433],[0.3410961,46.5920242],[0.3411399,46.5920109],[0.3411964,46.5920019],[0.3412503,46.5919982],[0.3412869,46.5920031],[0.3413335,46.5920194],[0.3413695,46.5920449],[0.3413992,46.5920711],[0.3414326,46.5920862],[0.3414739,46.5920923],[0.341517,46.5920922],[0.3415631,46.5920881],[0.3416035,46.5920789],[0.3416591,46.5920648],[0.3417114,46.5920537],[0.3418892,46.5920016],[0.342088,46.5919368],[0.3423847,46.5918415],[0.3424119,46.5918308],[0.3424336,46.5918129],[0.3424519,46.5917981],[0.3424751,46.5917802],[0.3424817,46.591767],[0.3424882,46.5917549],[0.3424921,46.5917386],[0.3424943,46.5917254],[0.3424876,46.59171],[0.3424719,46.5916942],[0.3424516,46.5916836],[0.3424299,46.5916717],[0.3423979,46.5916598],[0.3423615,46.5916508],[0.3422614,46.5916607],[0.3420831,46.5916995],[0.3419409,46.5917289],[0.3418871,46.59174],[0.3418677,46.5917436],[0.341832,46.5917427],[0.3418175,46.5917343],[0.3418092,46.5917198],[0.3418039,46.5917094],[0.3418031,46.591693],[0.3419517,46.5916606],[0.3419473,46.5916545],[0.342015,46.5916408],[0.342019,46.5916469],[0.3420266,46.5916451],[0.3421603,46.5916114],[0.3421726,46.5916014],[0.3422996,46.5915768],[0.3424525,46.5915466],[0.3424584,46.5915456],[0.3426182,46.5915238],[0.342618,46.5915289],[0.3427611,46.5915119],[0.343097,46.5914655],[0.3431524,46.5914555],[0.3432106,46.5914446],[0.3433035,46.5914284],[0.3433676,46.5914166],[0.3434052,46.5914092],[0.343551,46.5913696],[0.3435057,46.5912951],[0.3435057,46.591294],[0.3435283,46.5912884],[0.3435106,46.5912583],[0.3435172,46.5912114],[0.3435426,46.5912048],[0.3435583,46.591189],[0.3435605,46.5910878],[0.3435077,46.5910998],[0.3433956,46.5911167],[0.3433597,46.591128],[0.3433762,46.5911837],[0.3430317,46.5912534],[0.3429284,46.5912745],[0.3429207,46.5912477],[0.342861,46.5912566],[0.3428282,46.591263],[0.3428534,46.5913566],[0.342522,46.5913979],[0.3424811,46.5912968],[0.3423733,46.5913138],[0.3423719,46.591373],[0.3423858,46.5914265],[0.3422304,46.5914443],[0.3418206,46.5915523],[0.3417611,46.5915245],[0.3415654,46.591253],[0.3414995,46.5912628],[0.3414514,46.591275],[0.3413661,46.59132],[0.3413578,46.5913371],[0.3413572,46.5913505],[0.3413616,46.5913557],[0.3413404,46.5913644],[0.3414259,46.5914932],[0.3411855,46.5915897],[0.3408238,46.5917715],[0.3406166,46.5918791],[0.340542,46.5919224],[0.3404177,46.5920421],[0.3404228,46.5920576]]],[[[0.3411602,46.5910178],[0.3411766,46.591011],[0.3411798,46.591009],[0.3411969,46.5909951],[0.3412033,46.590985],[0.3412108,46.5909842],[0.3412597,46.5909791],[0.3412816,46.5907467],[0.3413617,46.5907443],[0.3414449,46.5907422],[0.3414409,46.5906073],[0.3413385,46.5906089],[0.341291,46.5906099],[0.3412859,46.5906905],[0.3412249,46.5906962],[0.3412314,46.5904664],[0.3412297,46.5904459],[0.3412182,46.5904313],[0.341207,46.5904198],[0.3411914,46.5904113],[0.341172,46.5904057],[0.3411029,46.5904001],[0.3410865,46.5903986],[0.3409757,46.5903889],[0.3409482,46.5908942],[0.3410578,46.5908988],[0.3410654,46.5909184],[0.3410792,46.5909413],[0.341073,46.5909472],[0.3410648,46.5909634],[0.3410656,46.5909787],[0.3410724,46.5909932],[0.3410851,46.5910047],[0.3411039,46.5910144],[0.341126,46.591019],[0.3411602,46.5910178]]],[[[0.339985,46.5495073],[0.3400528,46.5496356],[0.3402112,46.5495197],[0.340487,46.5494249],[0.3409233,46.5492818],[0.3410955,46.5492786],[0.3415138,46.5492709],[0.3415987,46.5493537],[0.3417451,46.5494214],[0.3419466,46.5495069],[0.342205,46.5495906],[0.3424915,46.5496351],[0.3427991,46.5496504],[0.3428455,46.549672],[0.3427993,46.5496463],[0.3425777,46.54954],[0.3424919,46.5495391],[0.3423428,46.5495274],[0.3423722,46.5493186],[0.3425177,46.5493157],[0.34259,46.5493512],[0.3426388,46.5494106],[0.3426744,46.5494441],[0.3427556,46.5493867],[0.342687,46.5493391],[0.3426999,46.5492514],[0.3427083,46.5491434],[0.3426821,46.5491029],[0.3425879,46.549026],[0.3425586,46.5490233],[0.3425622,46.5490061],[0.3427666,46.5490088],[0.3428184,46.5490376],[0.3429764,46.5491721],[0.3430419,46.5491398],[0.343143,46.5492189],[0.3431976,46.5492558],[0.3432283,46.5492372],[0.3432401,46.5492355],[0.3432571,46.5492245],[0.3432602,46.5492165],[0.3432772,46.5492057],[0.3431284,46.5490918],[0.3430186,46.5490055],[0.342971,46.5489787],[0.3429347,46.5489666],[0.3427989,46.5489563],[0.3426994,46.548956],[0.3427072,46.5488601],[0.3422993,46.5488701],[0.3422947,46.5488761],[0.3422901,46.5489057],[0.3422708,46.5489093],[0.3422557,46.548913],[0.3422505,46.5489303],[0.3422504,46.5489334],[0.3422475,46.5489609],[0.3421973,46.5489526],[0.3421857,46.5489503],[0.3421199,46.5489334],[0.3421052,46.54893],[0.3420889,46.5489266],[0.3420688,46.548921],[0.3420085,46.5489043],[0.3419896,46.5488987],[0.3419575,46.5488897],[0.3419081,46.5488753],[0.3415115,46.5487731],[0.3414594,46.5487167],[0.3413893,46.5486364],[0.3413481,46.5486538],[0.3412634,46.5486957],[0.3413496,46.5488071],[0.3414237,46.5489019],[0.3412666,46.5489596],[0.3412912,46.5490001],[0.3412809,46.5490039],[0.3401043,46.5493998],[0.3399797,46.5494305],[0.3399757,46.5494253],[0.3399654,46.5494199],[0.3399522,46.5494176],[0.3399447,46.5494185],[0.3399403,46.5494204],[0.3399298,46.5494263],[0.3399247,46.5494355],[0.3399274,46.5494437],[0.3399344,46.5494519],[0.3399428,46.5494563],[0.3399487,46.5494574],[0.3399562,46.5494555],[0.339985,46.5495073]]],[[[0.3400392,46.5732131],[0.3395762,46.5730951],[0.3393684,46.5730412],[0.3388431,46.5729062],[0.3387274,46.5728769],[0.3387026,46.5729265],[0.3386124,46.5731033],[0.3386535,46.5731135],[0.3387815,46.5731328],[0.3387895,46.5731545],[0.3387986,46.5731751],[0.3388091,46.573202],[0.3388363,46.5732219],[0.3388333,46.5732281],[0.3388316,46.573231],[0.3388216,46.5732513],[0.3388199,46.5732533],[0.3388361,46.5732588],[0.3389311,46.5732875],[0.3389485,46.5732603],[0.3390636,46.5732784],[0.3395876,46.5734071],[0.3396809,46.573263],[0.3403181,46.5734169],[0.3403876,46.573303],[0.3400392,46.5732131]]],[[[0.3381001,46.5923409],[0.3381827,46.5923838],[0.3382707,46.5923071],[0.3384679,46.5921],[0.3385293,46.5920545],[0.3384558,46.5920099],[0.338296,46.591911],[0.3383842,46.5918395],[0.3385698,46.591716],[0.3388191,46.5915552],[0.339067,46.5914005],[0.3391982,46.5915078],[0.3392582,46.5915573],[0.339345,46.5916247],[0.3393863,46.5915981],[0.3393981,46.5915094],[0.3394146,46.5913891],[0.3393574,46.5911629],[0.3393395,46.5910716],[0.3391786,46.5911792],[0.3390967,46.5912438],[0.3389945,46.5913037],[0.3388293,46.5914123],[0.3386544,46.5915565],[0.3385049,46.5916706],[0.3383437,46.591816],[0.3382514,46.5919489],[0.3381737,46.5920228],[0.3380895,46.5921332],[0.3379535,46.5922435],[0.3377674,46.592416],[0.3375961,46.5925756],[0.3374591,46.5927411],[0.3373065,46.5928612],[0.3371566,46.5930489],[0.3369653,46.5932888],[0.336938,46.5933332],[0.3369202,46.5933603],[0.336877,46.5934257],[0.3368886,46.5934301],[0.3367847,46.593582],[0.336769,46.5936072],[0.3367633,46.5936582],[0.3367531,46.593659],[0.3367501,46.5936885],[0.3367141,46.5940557],[0.3367057,46.5941393],[0.3366942,46.5942525],[0.3367847,46.5942557],[0.3367987,46.5940577],[0.3368438,46.5938963],[0.3368618,46.5937699],[0.3368558,46.5937073],[0.3368521,46.5936633],[0.3368857,46.5936099],[0.336961,46.5934645],[0.337011,46.5933562],[0.3370416,46.5933079],[0.337048,46.5932979],[0.3371643,46.5931319],[0.3371689,46.5931258],[0.3371836,46.5931302],[0.3372481,46.5930541],[0.337308,46.5929839],[0.3372964,46.5929805],[0.3373258,46.5929485],[0.3373682,46.5929076],[0.3374334,46.5928406],[0.3374742,46.5927997],[0.3375087,46.5927596],[0.3376178,46.5926538],[0.3376481,46.5926677],[0.3376669,46.5926764],[0.3376806,46.5926676],[0.3377021,46.5926537],[0.3377134,46.5926397],[0.3376973,46.592631],[0.3376599,46.5926109],[0.3378262,46.5924255],[0.3378491,46.5924383],[0.3379479,46.5923578],[0.3380175,46.5922982],[0.3381001,46.5923409]]],[[[0.3379272,46.5722328],[0.3380062,46.572253],[0.3384235,46.5723578],[0.3396794,46.5726834],[0.340106,46.5727844],[0.3396731,46.5726281],[0.3394191,46.5725496],[0.3393184,46.572492],[0.3392606,46.5724324],[0.339226,46.5723785],[0.3391822,46.5723038],[0.3391165,46.5722205],[0.3390232,46.572157],[0.3389417,46.5721],[0.338867,46.5720501],[0.3387993,46.5720384],[0.3387663,46.5720489],[0.338728,46.5720796],[0.338699,46.5721506],[0.3386555,46.5722221],[0.338606,46.5722649],[0.3385609,46.5722813],[0.3385382,46.5722889],[0.3384767,46.5723038],[0.338413,46.5723003],[0.3383645,46.57229],[0.3383239,46.5722716],[0.3382912,46.5722432],[0.3382725,46.5722092],[0.3382544,46.5721545],[0.3382495,46.5721012],[0.3382339,46.5720528],[0.3382069,46.5720041],[0.3381973,46.5719825],[0.3381702,46.5719593],[0.3381163,46.5719408],[0.3380708,46.5719335],[0.3379272,46.5722328]]],[[[0.3391744,46.5500221],[0.3392098,46.5502662],[0.3393101,46.5502512],[0.3393845,46.5505473],[0.3393862,46.5505688],[0.3394426,46.5505702],[0.3395191,46.5503112],[0.3396494,46.5500341],[0.339762,46.5498865],[0.3396423,46.5499073],[0.3395884,46.5499193],[0.3395227,46.5499331],[0.3395098,46.5499563],[0.339441,46.549969],[0.3394138,46.5499735],[0.339338,46.549985],[0.3391744,46.5500221]]],[[[0.3321033,46.5813382],[0.3320909,46.5810782],[0.3322809,46.5808006],[0.3323527,46.5803606],[0.3321951,46.5799777],[0.3317422,46.5791156],[0.3314444,46.5788674],[0.3299843,46.5787465],[0.3298021,46.5785602],[0.329575,46.5785959],[0.3293221,46.5786769],[0.3293245,46.578685],[0.3292701,46.5787073],[0.329997,46.5796054],[0.3308588,46.5806243],[0.3308936,46.5806108],[0.3309238,46.5806585],[0.331047,46.5808709],[0.3310657,46.580906],[0.3311037,46.5809785],[0.3311471,46.5810613],[0.3311591,46.5810882],[0.3312285,46.5812473],[0.3312497,46.581302],[0.3313029,46.5814237],[0.3313195,46.5814783],[0.3313207,46.5814844],[0.3313281,46.5815173],[0.3313353,46.5815472],[0.3313368,46.5816127],[0.3313401,46.5816342],[0.3313564,46.5816918],[0.3313898,46.5817703],[0.3314475,46.5818903],[0.3315275,46.5820167],[0.3316163,46.5821406],[0.3316647,46.5822091],[0.3318228,46.5824305],[0.3319003,46.5825437],[0.3319446,46.5826071],[0.3320685,46.5827756],[0.3321367,46.5828631],[0.3321577,46.5828901],[0.3322219,46.5829734],[0.3323307,46.5831129],[0.3323487,46.5831042],[0.3323882,46.583147],[0.3324473,46.5832128],[0.3325132,46.5832838],[0.3325157,46.5832962],[0.3325259,46.5833598],[0.3325789,46.5834305],[0.3325979,46.5834677],[0.3326972,46.5836162],[0.3327292,46.5836589],[0.3327408,46.5836949],[0.3327755,46.5837152],[0.3327927,46.5837564],[0.3329126,46.5839086],[0.332961,46.5839843],[0.3329706,46.5839967],[0.3329971,46.5840322],[0.3330287,46.5840829],[0.3330835,46.5841496],[0.3331103,46.5841707],[0.333127,46.5841976],[0.3331604,46.5842353],[0.3331863,46.5842829],[0.3332279,46.5843144],[0.3332544,46.5843499],[0.3332883,46.5843864],[0.3333816,46.5845061],[0.3334064,46.5845436],[0.3334303,46.5845677],[0.3334542,46.5845999],[0.3335951,46.5847483],[0.3336106,46.5847681],[0.3336942,46.5848713],[0.333721,46.5848995],[0.3339618,46.5851627],[0.3341554,46.5853542],[0.3342547,46.5854485],[0.334363,46.5855349],[0.3345927,46.5857191],[0.3351853,46.5860673],[0.3358138,46.5866094],[0.3360554,46.5868235],[0.3360828,46.5868405],[0.3361321,46.5868672],[0.3361582,46.5868779],[0.3362049,46.5868933],[0.3363384,46.586921],[0.3364178,46.5869321],[0.3365427,46.5869278],[0.3365755,46.5869225],[0.3366084,46.586915],[0.3367019,46.5868865],[0.336681,46.5868574],[0.3365671,46.5867658],[0.3365183,46.5867933],[0.3364481,46.5868009],[0.3363216,46.5867827],[0.3363085,46.5867701],[0.3362242,46.5867712],[0.3361379,46.586716],[0.3354235,46.5861013],[0.3348827,46.5857382],[0.3345141,46.5854822],[0.3341716,46.5851451],[0.3332786,46.5841603],[0.3328122,46.58339],[0.3326083,46.583103],[0.3325252,46.5828639],[0.3325171,46.5826613],[0.3324889,46.5824848],[0.3324214,46.5822532],[0.3323268,46.5820395],[0.3321777,46.5818121],[0.3321104,46.5814977],[0.3321033,46.5813382]]],[[[0.3373062,46.5726293],[0.3373307,46.5725205],[0.3372839,46.5725092],[0.3371008,46.5724619],[0.3370218,46.5724417],[0.337009,46.5725518],[0.3373062,46.5726293]]],[[[0.3358765,46.5723067],[0.3358085,46.5724247],[0.3359724,46.5724694],[0.3360688,46.5724952],[0.3361875,46.5725286],[0.3362395,46.5725216],[0.33629,46.5724267],[0.3363719,46.5722754],[0.3362926,46.572254],[0.3361916,46.5722271],[0.3361537,46.572217],[0.3361258,46.5722103],[0.3359576,46.5721645],[0.3358765,46.5723067]]],[[[0.3310061,46.5778278],[0.3310713,46.577771],[0.3310209,46.5777106],[0.3305479,46.5776208],[0.3300916,46.5776787],[0.3299568,46.5777328],[0.3299113,46.5778124],[0.3298656,46.5780813],[0.3298493,46.5781749],[0.3296119,46.5782675],[0.3293991,46.5783463],[0.3291627,46.5780588],[0.3289247,46.5777514],[0.3287736,46.5775562],[0.3287403,46.5775132],[0.3285814,46.5772458],[0.3285399,46.5771575],[0.3283032,46.5766542],[0.3282036,46.5764424],[0.3281761,46.5763838],[0.3282037,46.5762433],[0.3281467,46.5762227],[0.3281127,46.5761984],[0.3280859,46.576168],[0.3279881,46.5759807],[0.3279726,46.5759702],[0.3279484,46.5759746],[0.3279382,46.5759428],[0.3279253,46.5759036],[0.3278215,46.5759329],[0.3278307,46.5759618],[0.3278425,46.5759937],[0.3277962,46.5760008],[0.3277412,46.5760047],[0.3276952,46.5759994],[0.3276145,46.5759832],[0.3274143,46.5759254],[0.3266976,46.5756735],[0.3262987,46.5755202],[0.3257402,46.5753026],[0.3253977,46.5751822],[0.3248058,46.5749527],[0.3243792,46.5747955],[0.32408,46.5746954],[0.3235559,46.5756778],[0.3240498,46.5758826],[0.3248589,46.5761295],[0.3250019,46.5761777],[0.3251399,46.5762322],[0.3253709,46.5763346],[0.3254504,46.5763763],[0.3258506,46.5765819],[0.3263163,46.5768219],[0.3267109,46.5769987],[0.3268722,46.5770658],[0.3271238,46.5771628],[0.3271001,46.5771907],[0.3272398,46.577243],[0.3272678,46.5772152],[0.3284007,46.5779398],[0.3287663,46.5781895],[0.3288551,46.5782581],[0.3288762,46.5782739],[0.3288849,46.5782803],[0.3289982,46.5783616],[0.3290816,46.5784422],[0.3291445,46.5785193],[0.3291589,46.5785279],[0.3294185,46.5784296],[0.3294533,46.5784161],[0.3310061,46.5778278]]],[[[0.3209474,46.57489],[0.3212098,46.5749503],[0.3214484,46.575007],[0.3215247,46.5750251],[0.3216285,46.5750511],[0.3217457,46.5750836],[0.3218348,46.5751121],[0.3219104,46.5751365],[0.3219952,46.575166],[0.3220618,46.57519],[0.3221319,46.5752162],[0.3222396,46.5752576],[0.3223081,46.5752827],[0.3223646,46.5753055],[0.322468,46.5753468],[0.3225035,46.5752863],[0.3225132,46.5752731],[0.3224201,46.5752046],[0.3223068,46.5750945],[0.3220338,46.5748276],[0.3219672,46.5747707],[0.3219382,46.5747548],[0.321909,46.5747438],[0.3218285,46.5747216],[0.3211893,46.574546],[0.3210444,46.5748136],[0.3209474,46.57489]]],[[[0.3046104,46.6288793],[0.3046804,46.62879],[0.3045787,46.6287437],[0.3043413,46.6286256],[0.3042262,46.6285493],[0.3041895,46.6286016],[0.3041544,46.6286529],[0.3042158,46.6287045],[0.3042861,46.6287501],[0.3044031,46.6288122],[0.3044581,46.628842],[0.3045536,46.6288933],[0.3044971,46.6289564],[0.3044413,46.6290931],[0.3046104,46.6288793]]],[[[0.3039709,46.6292753],[0.3042199,46.6293649],[0.3042689,46.6293098],[0.3042415,46.6292928],[0.3042042,46.6292624],[0.3042016,46.6292592],[0.3041643,46.6292276],[0.3040842,46.6291747],[0.3039709,46.6292753]]]]}},{"type":"Feature","properties":{"id_map":86000003,"id_zone":"RNAT00000000003","id_gaspar":"86DDT20110001","nom":"Zone rouge : zone peu ou non urbanisée soumise à un aléa inondation (toute catégorie), la règle générale est l inconstructibilité","codezone":"Zone rouge","typereg":"03","soumisalea":"oui","nomfic":null,"urlfic":"http://www.vienne.gouv.fr/Politiques-publiques/Environnement-risques-naturels-et-technologiques/Risques-naturels-et-technologiques-majeurs/Les-risques-naturels/Le-PPRI-de-la-vallee-du-Clain","srce_geom":"Plan cadastral informatisé assemblé au 1:5 000","srce_annee":"2012","precision":"M"},"geometry":{"type":"MultiPolygon","coordinates":[[[[0.4072006,46.6954754],[0.407471,46.6951826],[0.4075319,46.6951175],[0.4077589,46.6948717],[0.407871,46.6949165],[0.4081077,46.6946159],[0.4081299,46.6945878],[0.4083578,46.6942894],[0.4083991,46.6942382],[0.4084748,46.6941418],[0.4084782,46.6941369],[0.4086411,46.6941547],[0.4087287,46.6941641],[0.4087361,46.6941569],[0.4087408,46.6941324],[0.408749,46.694118],[0.4087747,46.6940804],[0.4089538,46.6938173],[0.4090501,46.6936752],[0.4090872,46.6936232],[0.4091818,46.6935014],[0.409247,46.6934189],[0.4093057,46.6933493],[0.4093936,46.6932512],[0.4094467,46.6931922],[0.4094961,46.693138],[0.4095361,46.6930967],[0.4095526,46.6930798],[0.4095687,46.6930639],[0.409614,46.6930203],[0.4096829,46.6929587],[0.4097264,46.6929199],[0.4097251,46.6929142],[0.4096725,46.692888],[0.409645,46.6928731],[0.4095643,46.6928273],[0.4095632,46.6928255],[0.4095627,46.6928122],[0.4095694,46.6928019],[0.4095928,46.6927732],[0.409715,46.692666],[0.4098037,46.6925914],[0.409846,46.6925614],[0.4099125,46.6925192],[0.4099578,46.6924905],[0.4099773,46.6924779],[0.4100042,46.6924571],[0.4100098,46.6924541],[0.4100389,46.6924287],[0.4100589,46.6924378],[0.4101416,46.6924754],[0.4102951,46.6925429],[0.4103196,46.6925483],[0.4103259,46.6925461],[0.4103475,46.6925315],[0.4103764,46.6925105],[0.4104225,46.6924493],[0.4105365,46.6922736],[0.4105891,46.6921918],[0.4107261,46.6920129],[0.4107708,46.6919555],[0.410895,46.6917983],[0.4110108,46.6916517],[0.4110312,46.6916267],[0.4110488,46.6916044],[0.4110853,46.6915563],[0.4110915,46.691548],[0.4110987,46.6915375],[0.4111284,46.6914826],[0.4111579,46.6914333],[0.4111611,46.6914241],[0.411173,46.6913958],[0.4112038,46.6913096],[0.4112199,46.6912527],[0.4112385,46.6911673],[0.411252,46.6911072],[0.4112743,46.690977],[0.4113075,46.6907907],[0.4113348,46.6906392],[0.4113615,46.6904905],[0.4113669,46.6904601],[0.4113689,46.6904512],[0.4113837,46.6903869],[0.4114135,46.6902898],[0.4114554,46.6902011],[0.4103019,46.690126],[0.4100596,46.6903812],[0.4097925,46.6905622],[0.409177,46.6906699],[0.4087966,46.6906981],[0.4084958,46.6907475],[0.4082064,46.690835],[0.4080397,46.6909059],[0.4079114,46.6910431],[0.4078484,46.6912092],[0.4078289,46.6913396],[0.4077414,46.6914594],[0.4074565,46.6914805],[0.4068752,46.6914305],[0.4061201,46.6913102],[0.405075,46.6910536],[0.4036025,46.6906277],[0.4020452,46.6902654],[0.399553,46.6896027],[0.3987261,46.6892845],[0.397596,46.6888112],[0.3970021,46.6884613],[0.3961739,46.6878916],[0.3951188,46.6869713],[0.3945257,46.6863321],[0.394105,46.6857532],[0.3937259,46.6854452],[0.393331,46.6851939],[0.3927629,46.6848723],[0.3925809,46.6847282],[0.392476,46.6846235],[0.3922582,46.6843661],[0.3920475,46.6842397],[0.391662,46.6840724],[0.3914103,46.6839645],[0.3912356,46.6839227],[0.3912259,46.6838376],[0.3914615,46.6838889],[0.3915106,46.6838544],[0.3915147,46.6837706],[0.3913329,46.6835978],[0.3909157,46.6832153],[0.3897694,46.6819472],[0.3893473,46.6814234],[0.389132,46.6810823],[0.3889626,46.6806858],[0.3889042,46.6804791],[0.3887415,46.6804642],[0.3886798,46.6801387],[0.3882876,46.6787804],[0.3881,46.6780832],[0.3877076,46.6771972],[0.3875771,46.676448],[0.3874775,46.6757434],[0.3874573,46.6751103],[0.3875714,46.6746222],[0.3876883,46.6740127],[0.3877309,46.6736824],[0.387815,46.6733531],[0.3879236,46.6730705],[0.3879265,46.6728558],[0.3878558,46.6726938],[0.3877631,46.6725802],[0.3877718,46.6724883],[0.3878621,46.6724057],[0.3880005,46.6721491],[0.3881393,46.6718589],[0.388222,46.6715276],[0.388314,46.6711893],[0.3884322,46.6708301],[0.388602,46.670419],[0.3887157,46.6699728],[0.3887772,46.6695592],[0.3888105,46.6693883],[0.3889112,46.6692055],[0.3890651,46.6689678],[0.3891716,46.6686707],[0.3892317,46.6682867],[0.3893024,46.6678621],[0.3893976,46.6672775],[0.3894123,46.6669723],[0.3894014,46.6666674],[0.3893606,46.6664701],[0.3892617,46.6663637],[0.388923,46.6662129],[0.3888682,46.6661778],[0.3883747,46.6659408],[0.3878217,46.6656767],[0.3873356,46.6654407],[0.3869874,46.6652682],[0.3863243,46.6649516],[0.3847168,46.6642301],[0.3840656,46.6639995],[0.3837444,46.6638859],[0.3836915,46.6638755],[0.3826576,46.6636698],[0.3826441,46.663738],[0.3826288,46.6638349],[0.3825543,46.6639067],[0.3824468,46.6640106],[0.3823876,46.6641646],[0.38236,46.664306],[0.3823378,46.6644896],[0.3822974,46.6646439],[0.3822307,46.6647642],[0.3820947,46.6650288],[0.3818995,46.6652912],[0.3818154,46.665464],[0.3817682,46.6655805],[0.3817341,46.6657085],[0.3817236,46.6657717],[0.3817191,46.6658656],[0.3819176,46.6658455],[0.3819543,46.6658495],[0.3821788,46.665875],[0.3822234,46.6656901],[0.3822309,46.6656565],[0.3822363,46.6656342],[0.3822364,46.6656331],[0.3822475,46.6655894],[0.3826859,46.6656167],[0.3828988,46.6656298],[0.3831269,46.6656463],[0.3831161,46.6656839],[0.3831029,46.6657131],[0.3830257,46.6659548],[0.382976,46.6660988],[0.3829608,46.6661607],[0.3828826,46.6661549],[0.3828915,46.6660926],[0.3826829,46.6660778],[0.3822377,46.6660369],[0.3817255,46.6660998],[0.381624,46.6661129],[0.3813132,46.6663368],[0.3813182,46.666389],[0.3813033,46.666453],[0.3812522,46.6665275],[0.3811758,46.6665983],[0.3810753,46.6666543],[0.3809594,46.6666803],[0.3807559,46.6667155],[0.3805942,46.6667476],[0.3804265,46.6667745],[0.3802695,46.6668291],[0.3802183,46.6669066],[0.3801142,46.6670617],[0.3799606,46.6673168],[0.3798096,46.667622],[0.3796441,46.6679127],[0.3796175,46.6680326],[0.3796077,46.6681377],[0.3795936,46.6686168],[0.3794795,46.6687031],[0.3794227,46.6686528],[0.3793893,46.6686039],[0.3793651,46.6684951],[0.3793522,46.6683874],[0.3793571,46.6682547],[0.3793474,46.6681543],[0.3793013,46.6680601],[0.3792094,46.6680275],[0.3791149,46.6679855],[0.379013,46.6679411],[0.3789193,46.6679461],[0.3788183,46.6679807],[0.3787053,46.6680435],[0.3785914,46.6681841],[0.3785286,46.6682879],[0.378473,46.6684573],[0.378424,46.6686096],[0.3784411,46.6687755],[0.37844,46.6691087],[0.378478,46.6694601],[0.378548,46.6698236],[0.3786013,46.6699476],[0.3786604,46.6700173],[0.3787026,46.6700377],[0.378743,46.6700285],[0.3788236,46.6699863],[0.3789417,46.6698817],[0.3790972,46.6697677],[0.3792021,46.6696516],[0.3792474,46.6695442],[0.3792524,46.6694155],[0.3792872,46.6693377],[0.3793206,46.6692872],[0.3794171,46.6692332],[0.3794853,46.6692348],[0.3795364,46.6692493],[0.3795525,46.6692824],[0.3795098,46.6695247],[0.3794962,46.6695631],[0.3794729,46.6696475],[0.3794183,46.6697934],[0.3793335,46.6700133],[0.3792448,46.6702494],[0.3791467,46.6704915],[0.3790409,46.6707477],[0.3789232,46.6710313],[0.3788037,46.6713271],[0.3786147,46.6717929],[0.3785396,46.6719986],[0.3785013,46.6721184],[0.3784826,46.6721957],[0.3784725,46.6722517],[0.3784722,46.6723222],[0.3784817,46.6724593],[0.378487,46.6725689],[0.3784881,46.6726026],[0.3784852,46.6726312],[0.3784648,46.672688],[0.3789372,46.6727427],[0.379091,46.6727626],[0.3791494,46.6728376],[0.3792421,46.6729837],[0.3793145,46.6732328],[0.3792578,46.6735198],[0.3791771,46.6738102],[0.3790516,46.674157],[0.3789675,46.6744914],[0.3789414,46.6747473],[0.3789738,46.6750701],[0.3794739,46.6768877],[0.3799259,46.6768132],[0.3799372,46.6768563],[0.3799518,46.6769292],[0.3800231,46.6769892],[0.3800413,46.6770111],[0.3801076,46.6770525],[0.3801833,46.6770858],[0.3802152,46.6771009],[0.3802207,46.6771082],[0.3802676,46.6771216],[0.3803424,46.6771426],[0.3803735,46.677174],[0.3804325,46.6772438],[0.3805603,46.6772161],[0.3805953,46.6772231],[0.3806203,46.6772349],[0.3806472,46.6772548],[0.3806743,46.677278],[0.3806883,46.6772987],[0.3807074,46.677333],[0.3807233,46.6773712],[0.3807402,46.6774278],[0.3807575,46.6774925],[0.3807711,46.6775848],[0.3801979,46.6776463],[0.380086,46.6776877],[0.3801105,46.6777323],[0.3800834,46.6777418],[0.3798354,46.677681],[0.3797779,46.6776674],[0.37973,46.6776755],[0.3797405,46.6777033],[0.379701,46.6777229],[0.3797159,46.677756],[0.3797676,46.6777601],[0.3798214,46.6777829],[0.3798711,46.6778935],[0.3799516,46.6780721],[0.3800312,46.6782385],[0.380073,46.6782905],[0.3801,46.6783177],[0.3808279,46.6793944],[0.3810918,46.6798349],[0.3813907,46.6802577],[0.3819904,46.6811862],[0.3822502,46.6818412],[0.382394,46.6820919],[0.3824897,46.6823557],[0.3825487,46.6823949],[0.3826368,46.6824153],[0.3827195,46.6824284],[0.3827915,46.6824086],[0.3831302,46.6823162],[0.38341,46.6822459],[0.3834316,46.6822536],[0.3834513,46.6822765],[0.383495,46.6822662],[0.3834942,46.682251],[0.3834997,46.6822347],[0.383509,46.6822206],[0.3835245,46.6822087],[0.3836118,46.682182],[0.3838486,46.6821088],[0.3838668,46.6821061],[0.3838844,46.6821065],[0.383902,46.6821089],[0.3839242,46.6821125],[0.3839493,46.6821131],[0.3839719,46.6821096],[0.3845346,46.6819302],[0.3845796,46.6819179],[0.3848532,46.6818556],[0.3850748,46.6818116],[0.3851485,46.681798],[0.3856594,46.6817003],[0.385867,46.6816467],[0.3861031,46.6815877],[0.3862061,46.6817321],[0.3860289,46.6817742],[0.385829,46.6818247],[0.3855445,46.681902],[0.3853754,46.6819555],[0.3853154,46.6820021],[0.3852107,46.6819833],[0.3848607,46.6820981],[0.3847459,46.6821333],[0.3840422,46.6822225],[0.384057,46.6822587],[0.3840455,46.6822768],[0.3840222,46.6822957],[0.3838303,46.6823332],[0.3836189,46.6823764],[0.383271,46.6824492],[0.3826421,46.6825831],[0.3824655,46.6826128],[0.3824315,46.6826335],[0.3824494,46.6827597],[0.3824985,46.6829714],[0.3826904,46.6832434],[0.3828585,46.6834886],[0.3830062,46.6836902],[0.3831942,46.683947],[0.3833575,46.6841675],[0.3834632,46.6843141],[0.3835225,46.6843777],[0.3836158,46.68448],[0.3836435,46.6845153],[0.383729,46.6846247],[0.3838312,46.6847538],[0.3838525,46.6847756],[0.3838734,46.6848068],[0.3838917,46.6848267],[0.3839366,46.6848799],[0.3839872,46.6849382],[0.3840351,46.6849955],[0.3841151,46.6850893],[0.384156,46.6851364],[0.3841898,46.6851759],[0.3842613,46.6852573],[0.3843205,46.6853251],[0.3843528,46.6853637],[0.3844753,46.6855034],[0.384526,46.6855598],[0.3845909,46.6856318],[0.3846359,46.6856828],[0.3846617,46.6857101],[0.384749,46.685805],[0.3847942,46.6858551],[0.3848225,46.6858855],[0.3848703,46.6859386],[0.3849114,46.6859816],[0.3849453,46.6860191],[0.3849733,46.6860493],[0.3850245,46.6861037],[0.3850852,46.6861654],[0.3851334,46.6862155],[0.3852128,46.6862951],[0.3852649,46.6863473],[0.3853164,46.6863965],[0.3853897,46.6864718],[0.3854224,46.6865032],[0.3855061,46.6865838],[0.3855744,46.6866487],[0.3856637,46.6867367],[0.3857347,46.6868037],[0.3858372,46.6869021],[0.3858853,46.6869472],[0.3859408,46.6870006],[0.386151,46.6871955],[0.3863863,46.6874063],[0.3866352,46.6876297],[0.3867753,46.6877453],[0.3869208,46.6878733],[0.3870434,46.6879773],[0.3872289,46.688139],[0.3888611,46.6893486],[0.3888839,46.6893655],[0.3889859,46.6894414],[0.3889931,46.6894466],[0.3890648,46.6895004],[0.3902392,46.6902825],[0.3903299,46.6903408],[0.3902726,46.6903569],[0.3903428,46.6904157],[0.3904162,46.6904001],[0.3905027,46.6904572],[0.3905042,46.6904583],[0.3905243,46.690472],[0.3905659,46.6904975],[0.3906052,46.6905209],[0.3906311,46.6905378],[0.3907838,46.6906313],[0.3910178,46.6907715],[0.391142,46.6908428],[0.3912434,46.6909003],[0.3913187,46.6909429],[0.3913332,46.6909513],[0.3914805,46.6910335],[0.3915356,46.6910634],[0.3915386,46.6910655],[0.3915398,46.6910665],[0.3917036,46.691155],[0.3920221,46.691328],[0.3922479,46.6914516],[0.3923566,46.6915114],[0.3927345,46.6917142],[0.3929475,46.6918263],[0.3930909,46.6919001],[0.3932026,46.6919548],[0.3933346,46.6920181],[0.393358,46.6920298],[0.3934974,46.6920974],[0.3936397,46.6921681],[0.3936832,46.6921875],[0.3937124,46.6922004],[0.3938911,46.6922831],[0.3939303,46.6923015],[0.3939318,46.6923015],[0.394099,46.6923779],[0.3943155,46.6924748],[0.3944596,46.6925415],[0.3946865,46.6926427],[0.3948828,46.6927269],[0.3950125,46.6927829],[0.3952292,46.6928748],[0.3954391,46.6929624],[0.3956694,46.6930565],[0.3962919,46.6933047],[0.3965602,46.6934028],[0.3966245,46.6934298],[0.3968598,46.6935108],[0.3970567,46.6935827],[0.3972877,46.6936636],[0.3975052,46.6937401],[0.3977362,46.693821],[0.3978255,46.6938515],[0.3979568,46.6938986],[0.3980358,46.6939218],[0.3981982,46.6939746],[0.3983623,46.6940273],[0.3985407,46.6940825],[0.3986768,46.6941265],[0.3988758,46.6941882],[0.3990192,46.6942364],[0.3991935,46.6942884],[0.3994072,46.6943536],[0.3995084,46.6943814],[0.3995932,46.6944058],[0.3997181,46.6944404],[0.3998661,46.6944816],[0.3999864,46.6945139],[0.4000834,46.6945385],[0.4001977,46.6945708],[0.4003734,46.6946177],[0.4005906,46.6946748],[0.4006496,46.6946895],[0.4008429,46.6947459],[0.401051,46.6948059],[0.4012691,46.69487],[0.4014409,46.6949169],[0.4016095,46.6949636],[0.4028486,46.6953131],[0.4028825,46.6952694],[0.403046,46.6950691],[0.4033822,46.6946766],[0.4033993,46.6946557],[0.4036063,46.6947379],[0.4036886,46.6947753],[0.4039116,46.6948675],[0.4040878,46.6949453],[0.4042742,46.6950302],[0.4043451,46.6950503],[0.4045149,46.6949252],[0.4045402,46.6949065],[0.4046068,46.6948611],[0.4046523,46.6948278],[0.4048428,46.6946894],[0.4053693,46.6943086],[0.4053992,46.6943318],[0.405396,46.6943154],[0.4053992,46.6943312],[0.4054453,46.6944268],[0.405448,46.6944607],[0.4054387,46.6944837],[0.4054122,46.694537],[0.4053886,46.6945773],[0.4053552,46.6946277],[0.4053563,46.6946537],[0.4054288,46.6947721],[0.405562,46.6949438],[0.4058091,46.6948445],[0.4058517,46.6948242],[0.4059223,46.694795],[0.4059755,46.6947831],[0.4061785,46.6947753],[0.4061895,46.6947757],[0.4064046,46.6947711],[0.4064039,46.6949342],[0.4064108,46.6949942],[0.4064262,46.6950836],[0.4064392,46.6951398],[0.406452,46.6951848],[0.406485,46.6952836],[0.4065149,46.6953492],[0.4065514,46.6954157],[0.4065641,46.6954366],[0.4065784,46.6954576],[0.4065902,46.6954746],[0.4065997,46.6954881],[0.4066208,46.6955162],[0.4066263,46.6955237],[0.4066333,46.6955331],[0.4066389,46.6955403],[0.4066939,46.6956064],[0.406728,46.6956396],[0.4067525,46.6956616],[0.4067781,46.6956848],[0.4067947,46.6956985],[0.4068253,46.6957242],[0.4068291,46.6957273],[0.4068295,46.6957278],[0.4068333,46.6957306],[0.4068367,46.6957333],[0.4068393,46.6957351],[0.4068866,46.695766],[0.4069095,46.6957796],[0.4069389,46.6957972],[0.4070414,46.695856],[0.4070991,46.6958819],[0.4072513,46.6959347],[0.4073571,46.6959731],[0.4074311,46.695994],[0.4074843,46.6958748],[0.4074784,46.6958597],[0.4074489,46.6958197],[0.4073131,46.6956355],[0.4072006,46.6954754]]],[[[0.392707,46.6919108],[0.3923738,46.6917335],[0.3921973,46.6916395],[0.3920178,46.6915414],[0.3918105,46.6914325],[0.3916095,46.6913236],[0.3914514,46.6912382],[0.3912532,46.6911284],[0.391175,46.6910879],[0.391039,46.691008],[0.3908716,46.6909133],[0.390802,46.6908729],[0.3907833,46.6908613],[0.3906405,46.6907772],[0.3905594,46.6907314],[0.3904308,46.6906539],[0.3903214,46.6905839],[0.390174,46.6904958],[0.3901918,46.6904369],[0.390141,46.6904071],[0.389979,46.6903768],[0.3888517,46.6896019],[0.3885659,46.6894042],[0.3884652,46.6893335],[0.388185,46.6891319],[0.3879369,46.6889493],[0.3878467,46.6888819],[0.3876458,46.6887311],[0.3874754,46.6885995],[0.387261,46.6884259],[0.3870449,46.6882564],[0.3868406,46.6880862],[0.3866307,46.6879097],[0.386581,46.6878667],[0.3863114,46.6876325],[0.3860557,46.6877544],[0.3862825,46.6880122],[0.3866772,46.6884545],[0.3869933,46.6888073],[0.3877434,46.689641],[0.3880266,46.6899593],[0.3882734,46.6902347],[0.3884736,46.690458],[0.3884812,46.690544],[0.3884714,46.6906257],[0.3884365,46.6907311],[0.3888774,46.6912329],[0.3895168,46.6919599],[0.3895263,46.6919836],[0.3895257,46.6919969],[0.3895144,46.6920109],[0.3894988,46.6920249],[0.3889337,46.6922512],[0.388893,46.6922646],[0.3882851,46.6915915],[0.3875798,46.6920211],[0.3874229,46.6919766],[0.3875337,46.6920496],[0.3876547,46.6921312],[0.3877215,46.6921623],[0.3876621,46.6922212],[0.387587,46.6921827],[0.3871765,46.6919474],[0.3870807,46.69193],[0.3870295,46.69194],[0.3869909,46.6919759],[0.3869851,46.692031],[0.3869856,46.6920852],[0.3870098,46.6921615],[0.3871804,46.6923882],[0.3874619,46.6926757],[0.3877731,46.6929117],[0.3887911,46.6936484],[0.3893265,46.6939099],[0.3898272,46.6940921],[0.3902404,46.6942149],[0.3905945,46.694269],[0.3907873,46.6942703],[0.3912996,46.6942195],[0.3914912,46.6941871],[0.3916992,46.69415],[0.3917554,46.6941593],[0.3918389,46.6942431],[0.3920291,46.6944621],[0.3922044,46.694649],[0.3924459,46.6947557],[0.3926713,46.6948886],[0.3931349,46.6952549],[0.3939336,46.6955807],[0.3946227,46.6958305],[0.3940622,46.6959608],[0.3938793,46.6960568],[0.3938556,46.6961176],[0.3940388,46.6962935],[0.3942415,46.6964084],[0.39463,46.6965144],[0.3948953,46.6965858],[0.3950424,46.6965892],[0.3951367,46.6965402],[0.3951927,46.6964291],[0.3951557,46.6962412],[0.3950919,46.6960812],[0.3951618,46.6960819],[0.3955162,46.6962514],[0.3960775,46.6964747],[0.3967364,46.6966767],[0.3975597,46.6968824],[0.3983235,46.6969774],[0.399184,46.6970287],[0.4008108,46.6970257],[0.4022506,46.6968671],[0.4022656,46.6968658],[0.4022717,46.6968034],[0.4022823,46.6967956],[0.4022846,46.6967806],[0.4022785,46.69672],[0.4021638,46.6966958],[0.401907,46.6966354],[0.4017757,46.6966125],[0.4019431,46.6964073],[0.4021853,46.6961216],[0.4022121,46.6960884],[0.4024136,46.6958497],[0.4027475,46.6954555],[0.4006485,46.6948938],[0.4002849,46.6947926],[0.400043,46.6947257],[0.3996911,46.6946268],[0.399574,46.6945945],[0.3992781,46.6945061],[0.3990323,46.6944309],[0.3987861,46.6943548],[0.3986954,46.6943292],[0.3986046,46.6942985],[0.3983498,46.6942213],[0.3980455,46.6941214],[0.3978613,46.694063],[0.397791,46.6940388],[0.3977167,46.6940158],[0.3974562,46.693926],[0.3972461,46.6938518],[0.397151,46.6938189],[0.3969422,46.6937416],[0.3966636,46.6936392],[0.3963671,46.6935313],[0.3961747,46.6934554],[0.3959817,46.6933835],[0.3957311,46.6932859],[0.3954687,46.6931797],[0.3952184,46.6930748],[0.3950202,46.6929907],[0.3948312,46.6929096],[0.3946387,46.6928286],[0.3944499,46.6927446],[0.3943713,46.6927111],[0.3943145,46.6926843],[0.3941503,46.6926111],[0.3939057,46.6925013],[0.3937083,46.6924078],[0.393547,46.6923315],[0.3933845,46.6922564],[0.3931942,46.692162],[0.3930231,46.6920764],[0.3928564,46.6919908],[0.392707,46.6919108]]],[[[0.3582996,46.615179],[0.3582491,46.6150878],[0.3582328,46.6150926],[0.3582101,46.6150992],[0.358162,46.6151124],[0.3581573,46.6151132],[0.35804,46.6151464],[0.3579519,46.6149808],[0.3580604,46.6149444],[0.3581145,46.6149273],[0.3581357,46.6149196],[0.3579422,46.6146554],[0.3578299,46.6144965],[0.3577775,46.6145105],[0.3576737,46.6145388],[0.3575811,46.6143936],[0.3576775,46.6143642],[0.3577257,46.6143489],[0.3577117,46.6143302],[0.3576982,46.6143095],[0.3577311,46.6141497],[0.3575586,46.6139126],[0.3575435,46.6139174],[0.3574559,46.6137989],[0.3573421,46.6136388],[0.3572251,46.6134798],[0.3571208,46.6133343],[0.3570096,46.6131844],[0.3569066,46.6130431],[0.3568341,46.6129463],[0.3567061,46.6127717],[0.3566201,46.6126522],[0.3565298,46.6125887],[0.3564219,46.6124859],[0.3563105,46.6123393],[0.3562254,46.612228],[0.3561768,46.6122504],[0.3561223,46.6122747],[0.3560662,46.6122999],[0.3559827,46.6123378],[0.355949,46.6122972],[0.3558816,46.6121914],[0.3557668,46.6120518],[0.3556603,46.6119196],[0.3558267,46.6118529],[0.3558843,46.6118296],[0.3559702,46.6117958],[0.3559249,46.6117273],[0.3558833,46.611664],[0.3557918,46.6115381],[0.3557108,46.611428],[0.3556354,46.6114548],[0.3553766,46.6115337],[0.3553117,46.6115537],[0.3552862,46.6115623],[0.3552374,46.6114937],[0.3552282,46.6114731],[0.3553305,46.6114427],[0.3553878,46.6114246],[0.3553361,46.61136],[0.3552452,46.6112444],[0.3553897,46.6111998],[0.3554439,46.6111836],[0.3555509,46.6111513],[0.3554898,46.6110364],[0.3553389,46.6110831],[0.3551343,46.6111458],[0.3551554,46.6110513],[0.3548906,46.6110032],[0.3547648,46.6108715],[0.354911,46.6107932],[0.3550159,46.6108937],[0.3551839,46.6109149],[0.3551848,46.6108741],[0.355221,46.6108555],[0.3551698,46.6107786],[0.3551427,46.6107545],[0.3549768,46.6106668],[0.3548489,46.6105147],[0.3548081,46.6104739],[0.3547568,46.6104308],[0.3547252,46.6103799],[0.3548072,46.6103379],[0.3549046,46.610288],[0.3549809,46.6102438],[0.3549554,46.6102197],[0.3549013,46.6101693],[0.354836,46.6101095],[0.3547354,46.6100162],[0.3546591,46.6099961],[0.354589,46.6100037],[0.3545123,46.6099354],[0.3544767,46.6099019],[0.3544401,46.6098632],[0.3544169,46.6098239],[0.3543401,46.6097249],[0.3542467,46.6095982],[0.3541331,46.609435],[0.3540169,46.6092677],[0.3539487,46.6091691],[0.3538834,46.6090848],[0.3537844,46.609015],[0.3536458,46.6088739],[0.3534434,46.6086728],[0.3533245,46.6085536],[0.3532091,46.6084273],[0.3530142,46.6082255],[0.3527177,46.6079181],[0.3524907,46.6077074],[0.3523741,46.6075737],[0.3520921,46.6072984],[0.3518155,46.6070764],[0.3516258,46.6069217],[0.3512362,46.6066029],[0.3507069,46.6061727],[0.3505309,46.606009],[0.3499989,46.6055154],[0.3496207,46.6051805],[0.3493659,46.6049937],[0.3490921,46.6047358],[0.3487823,46.6044863],[0.3484458,46.60427],[0.347984,46.6039139],[0.3478212,46.6037865],[0.3477244,46.6036728],[0.3476165,46.603608],[0.3473525,46.6033606],[0.3472812,46.6033037],[0.3471805,46.6033024],[0.3470926,46.6033432],[0.3470726,46.6034144],[0.3470953,46.6035294],[0.3470803,46.6035955],[0.3470802,46.6035965],[0.347046,46.6036223],[0.3470927,46.6036704],[0.3472038,46.6036443],[0.3472553,46.6036486],[0.3473479,46.6036958],[0.3473743,46.6037341],[0.3474511,46.6038637],[0.3477835,46.6042291],[0.3479072,46.604363],[0.3481968,46.6047529],[0.3482926,46.604887],[0.3484128,46.6050688],[0.3485721,46.6053321],[0.3486556,46.605478],[0.3487234,46.6056064],[0.3487547,46.6056655],[0.3488269,46.6058255],[0.3492458,46.6067582],[0.3494106,46.6072711],[0.3494356,46.6073617],[0.3494007,46.6073773],[0.3493239,46.607401],[0.349289,46.607392],[0.3492304,46.607404],[0.3492999,46.6075947],[0.3493478,46.6077379],[0.3493663,46.6077863],[0.3494225,46.6077825],[0.3495169,46.6077929],[0.3495622,46.6078133],[0.3495903,46.6078406],[0.3498981,46.6087442],[0.3502874,46.6099788],[0.350329,46.6101547],[0.35035,46.6102399],[0.3503525,46.6102513],[0.3504043,46.6104682],[0.3505647,46.6106139],[0.350711,46.6107829],[0.3508437,46.6108851],[0.3509682,46.6110423],[0.3510252,46.6111766],[0.3511186,46.6113055],[0.351229,46.6114134],[0.3513553,46.6115267],[0.3514682,46.6116162],[0.3515373,46.6116944],[0.3516044,46.6117175],[0.351684,46.6117274],[0.3518083,46.6117589],[0.3518467,46.6117681],[0.3518862,46.6117782],[0.3519049,46.6117898],[0.3519479,46.6118174],[0.3519901,46.6119002],[0.3520211,46.6119652],[0.3520063,46.6120508],[0.3520034,46.6121427],[0.3520011,46.6122214],[0.352009,46.6123023],[0.3520409,46.612436],[0.3521011,46.6125447],[0.352196,46.6126338],[0.3523063,46.6127129],[0.3524149,46.6127707],[0.3530265,46.6125179],[0.3530553,46.6125064],[0.3534047,46.6129101],[0.3533747,46.6129217],[0.3531354,46.6130194],[0.353013,46.6130697],[0.3528269,46.6131451],[0.3527872,46.6131626],[0.3527752,46.6131685],[0.352772,46.6132666],[0.352788,46.6133323],[0.3527833,46.6133638],[0.3528213,46.6134138],[0.3528205,46.6134547],[0.3528502,46.6134892],[0.3528662,46.6135232],[0.3528887,46.6135524],[0.3529277,46.6135717],[0.3529538,46.6135846],[0.3530125,46.613594],[0.353062,46.613586],[0.3531044,46.6135686],[0.3531657,46.6135588],[0.353213,46.6135292],[0.3532806,46.6134857],[0.3533461,46.6134454],[0.3533992,46.6133935],[0.3534882,46.6133628],[0.3535661,46.6133492],[0.3536613,46.6133443],[0.3537455,46.6133462],[0.3538268,46.613385],[0.3538919,46.6134488],[0.3539157,46.6135076],[0.3539316,46.6135448],[0.3539686,46.6135825],[0.353986,46.6135869],[0.3540509,46.6136558],[0.3541803,46.6137692],[0.3542934,46.6138558],[0.3544502,46.6139851],[0.3545184,46.6140521],[0.354565,46.6141022],[0.3545952,46.6141734],[0.3546482,46.6143095],[0.3546966,46.6144109],[0.3547104,46.614491],[0.3547554,46.6145738],[0.3547558,46.6146535],[0.3547363,46.6147246],[0.3546847,46.6148093],[0.3546232,46.6149121],[0.3545787,46.6150042],[0.3545728,46.6150367],[0.35458,46.6150676],[0.355149,46.6149007],[0.3551897,46.6149753],[0.3557198,46.6168019],[0.3557197,46.616804],[0.3556074,46.6168229],[0.3556555,46.6168996],[0.355677,46.6169808],[0.3557356,46.6171468],[0.355752,46.6172045],[0.3557911,46.6173771],[0.355847,46.6175092],[0.3559121,46.617663],[0.3559615,46.6177766],[0.3559697,46.6177941],[0.355975,46.6178056],[0.355983,46.6178262],[0.3560787,46.6179889],[0.3561688,46.6181534],[0.3562489,46.6182718],[0.3562513,46.6183435],[0.3563259,46.6184637],[0.3563688,46.6185578],[0.3564844,46.6185278],[0.356648,46.6184865],[0.3566707,46.6184799],[0.3567322,46.618465],[0.3568284,46.6186798],[0.3569103,46.6189168],[0.3568909,46.6189194],[0.3571204,46.6197834],[0.3570848,46.6197898],[0.3570187,46.6198015],[0.3565606,46.619889],[0.3565008,46.6198999],[0.3564154,46.6199153],[0.3563915,46.6199209],[0.3563742,46.6199399],[0.3563156,46.6200142],[0.356137,46.6202421],[0.3558649,46.6205865],[0.3557826,46.6206908],[0.3557485,46.6207218],[0.3557234,46.6207856],[0.3557114,46.6208487],[0.3557195,46.6208907],[0.3557359,46.6209811],[0.3557777,46.6211292],[0.3558356,46.6212553],[0.3558667,46.6213481],[0.3559891,46.621631],[0.3560475,46.6217775],[0.3559935,46.6218478],[0.3559288,46.6219925],[0.3558295,46.6221712],[0.3558032,46.6222523],[0.3558238,46.6223529],[0.3558843,46.6225127],[0.3559791,46.6226929],[0.3561021,46.6228163],[0.356554,46.623899],[0.3566919,46.6239922],[0.356762,46.6240173],[0.3568231,46.6240678],[0.3568858,46.6241255],[0.356937,46.624236],[0.3569469,46.624274],[0.3570293,46.624467],[0.3570646,46.6245722],[0.3572728,46.6250431],[0.3575268,46.6255887],[0.3576964,46.6260383],[0.3579464,46.6266983],[0.3579461,46.6268566],[0.3579449,46.6270918],[0.3579638,46.6271965],[0.3581391,46.6278598],[0.3581143,46.6279083],[0.3582521,46.6284073],[0.3582616,46.6285761],[0.3582301,46.6287646],[0.3582354,46.629423],[0.3582329,46.6294402],[0.3581703,46.6298733],[0.3581639,46.6299161],[0.3582298,46.6299002],[0.3584068,46.6298675],[0.3585822,46.6298592],[0.3588525,46.6298839],[0.3592257,46.6299294],[0.3593497,46.629971],[0.3594546,46.6300164],[0.3595138,46.6301046],[0.3595277,46.6301908],[0.3595163,46.6302713],[0.3594409,46.6303861],[0.3592789,46.6305714],[0.3590709,46.6307915],[0.3589401,46.6310113],[0.3589749,46.6311196],[0.3590285,46.631179],[0.3597947,46.6309533],[0.35985,46.6312542],[0.3598268,46.6313364],[0.3597655,46.6313687],[0.3597283,46.6314333],[0.3597501,46.6314768],[0.3597442,46.6315338],[0.3597006,46.6316718],[0.3595906,46.6319811],[0.3594409,46.6320338],[0.3594852,46.6320676],[0.3595055,46.6321428],[0.3594788,46.632232],[0.3594399,46.6323303],[0.3595178,46.6325039],[0.3595739,46.6326257],[0.3597089,46.6331164],[0.359743,46.6331826],[0.3597535,46.6332412],[0.359785,46.6332633],[0.3598187,46.6332712],[0.3598479,46.6332761],[0.3599286,46.633239],[0.360043,46.6331783],[0.3601511,46.6331492],[0.3602386,46.6331819],[0.360261,46.6332691],[0.3602562,46.6333682],[0.3602424,46.6334355],[0.3601849,46.6335189],[0.3601529,46.6335969],[0.3600939,46.6336569],[0.3599923,46.6336965],[0.3599035,46.6337231],[0.3598517,46.6337566],[0.3598311,46.6338082],[0.3598286,46.6338603],[0.3598264,46.6339379],[0.359864,46.6339869],[0.3601254,46.6343813],[0.3602356,46.634342],[0.3607043,46.6341933],[0.3611705,46.6340047],[0.3612899,46.6339624],[0.361933,46.6337349],[0.3619859,46.6337137],[0.3627237,46.633468],[0.3635498,46.6331967],[0.3637525,46.6331186],[0.3638145,46.6331261],[0.3638697,46.633154],[0.3638763,46.6331951],[0.363848,46.6332056],[0.3638098,46.6332558],[0.3635279,46.633373],[0.363279,46.6334889],[0.36324,46.6335003],[0.3630183,46.6336067],[0.3627157,46.6336896],[0.3620292,46.6339846],[0.361392,46.6343328],[0.3612959,46.6343572],[0.3611954,46.6343824],[0.3608656,46.6344832],[0.3605907,46.6345761],[0.3603734,46.6346814],[0.3602886,46.634745],[0.360433,46.6349803],[0.3611362,46.6359972],[0.3614736,46.6364762],[0.3614569,46.6365453],[0.3614863,46.6365777],[0.3614204,46.6365935],[0.3615529,46.6367652],[0.3616151,46.6367381],[0.3616858,46.6367846],[0.3617101,46.6368015],[0.3617586,46.6369018],[0.3620208,46.6372483],[0.3628909,46.6384019],[0.3638,46.6396096],[0.364011,46.6398782],[0.3642221,46.6401458],[0.3643256,46.640278],[0.3645171,46.6405195],[0.3645709,46.6405769],[0.3648938,46.6409892],[0.3649174,46.6410205],[0.3651714,46.6413831],[0.3652408,46.6414817],[0.3652562,46.6415035],[0.3655714,46.641892],[0.3658336,46.6422375],[0.3660233,46.6424851],[0.3664479,46.6430376],[0.3666209,46.6432644],[0.3667144,46.6433852],[0.3671278,46.6439242],[0.3671319,46.6439294],[0.3683013,46.6454385],[0.3683943,46.6454784],[0.3685797,46.6455726],[0.3687166,46.6456554],[0.3687974,46.6457361],[0.3688585,46.645854],[0.3689186,46.6459904],[0.3689937,46.6460922],[0.3690714,46.646142],[0.369304,46.645997],[0.3693844,46.6460562],[0.3694469,46.6461107],[0.3692475,46.6462493],[0.3695317,46.6464184],[0.3697473,46.6465276],[0.370154,46.6467128],[0.3709495,46.647054],[0.3714804,46.6473074],[0.3714923,46.6473138],[0.3714935,46.6473118],[0.3714997,46.6473058],[0.3716081,46.6471836],[0.3717465,46.647242],[0.3717055,46.647287],[0.3716443,46.6473602],[0.3716391,46.6473655],[0.3721425,46.6475515],[0.3726994,46.6477943],[0.3730157,46.6479417],[0.3730809,46.6479809],[0.373082,46.647982],[0.3732121,46.6480606],[0.3735052,46.6482555],[0.3737876,46.6484633],[0.3741756,46.6487594],[0.3742461,46.648713],[0.3745313,46.648927],[0.3744702,46.6489645],[0.374467,46.6489654],[0.3745621,46.6490289],[0.3745987,46.6490676],[0.3746731,46.649151],[0.3747662,46.6492237],[0.3749361,46.6493062],[0.3749712,46.6493419],[0.3750682,46.6493982],[0.3751908,46.6494675],[0.3752891,46.6495219],[0.3753876,46.6495783],[0.3755808,46.6496912],[0.3756762,46.6497474],[0.3756421,46.6497794],[0.3756769,46.6497975],[0.3756252,46.6498526],[0.3756218,46.6498566],[0.375694,46.6498981],[0.3758208,46.6498888],[0.3758728,46.6498542],[0.3758876,46.6498566],[0.3758983,46.6498537],[0.3760451,46.649763],[0.3759863,46.6497208],[0.3758695,46.6496456],[0.3758315,46.6496038],[0.3757116,46.649502],[0.3756333,46.6494326],[0.3755955,46.6494512],[0.3754613,46.6493377],[0.3755728,46.6492708],[0.3756124,46.649287],[0.3756917,46.6493369],[0.3758005,46.649415],[0.3759426,46.6493335],[0.3761531,46.6492411],[0.376446,46.6494839],[0.3767738,46.6492379],[0.376783,46.6492351],[0.3770108,46.6491002],[0.3770811,46.649059],[0.3772955,46.6489188],[0.3774432,46.6488097],[0.3776143,46.6487133],[0.3777666,46.648631],[0.3779602,46.648524],[0.3781332,46.6484432],[0.3782155,46.6484052],[0.3782319,46.6483994],[0.3782509,46.6484029],[0.3782702,46.6484105],[0.3782814,46.6484231],[0.3782952,46.6484458],[0.378288,46.6484651],[0.3782709,46.6484851],[0.3782518,46.6485071],[0.3782363,46.6485273],[0.3780773,46.6486177],[0.3778732,46.6487326],[0.3769444,46.6493625],[0.3769031,46.6493891],[0.3759695,46.649883],[0.3759701,46.6499034],[0.3759701,46.649927],[0.3759418,46.6499927],[0.37593,46.6500589],[0.3759742,46.6501273],[0.3760392,46.6501942],[0.3760846,46.6502373],[0.3761443,46.6502856],[0.37628,46.6502141],[0.3763847,46.6502911],[0.376399,46.6503027],[0.3762827,46.6503695],[0.3763715,46.650441],[0.3763441,46.6504567],[0.3765197,46.6506325],[0.3769762,46.6509814],[0.3775527,46.6514382],[0.3777197,46.6516045],[0.377735,46.6516223],[0.3778265,46.6517265],[0.3779519,46.6519002],[0.3780688,46.6520234],[0.3780759,46.6520307],[0.3781819,46.6521456],[0.3783922,46.6523089],[0.3785986,46.6524659],[0.3787261,46.6525885],[0.3788062,46.6526853],[0.3788698,46.6528074],[0.3788854,46.6528262],[0.3790006,46.6527491],[0.3793266,46.6529711],[0.3795358,46.6528502],[0.3798181,46.6530591],[0.3796601,46.65317],[0.3793137,46.6531814],[0.3792906,46.6531973],[0.3793255,46.653238],[0.3793232,46.6533513],[0.3793691,46.6534413],[0.3793907,46.6535235],[0.3794713,46.6535766],[0.3795965,46.6536265],[0.3796642,46.6536719],[0.3797588,46.6537364],[0.3798552,46.6537713],[0.3800236,46.6537548],[0.3801651,46.6537181],[0.3803032,46.653711],[0.3804119,46.6537361],[0.3805243,46.6538072],[0.380634,46.653876],[0.380793,46.6539318],[0.3808741,46.6539766],[0.3808243,46.6540235],[0.3807018,46.6540657],[0.3805407,46.6541193],[0.380393,46.6541946],[0.3803701,46.6542707],[0.3804154,46.6543485],[0.3804601,46.6544302],[0.3805145,46.6544755],[0.3806102,46.6545245],[0.3806849,46.6545477],[0.3808423,46.6544808],[0.3809916,46.65443],[0.3811244,46.6544188],[0.3812657,46.6544434],[0.3813077,46.6544997],[0.3813706,46.6545808],[0.3814358,46.6546681],[0.381521,46.6548152],[0.3816056,46.6549981],[0.3816522,46.655082],[0.3818592,46.6553392],[0.3819878,46.6556355],[0.3821198,46.6558532],[0.3821616,46.6560278],[0.382238,46.6562361],[0.3822542,46.656356],[0.3822285,46.6564905],[0.3822043,46.6566248],[0.3822012,46.6567219],[0.3822415,46.6568066],[0.382283,46.6568668],[0.3823598,46.6569105],[0.3824366,46.6569449],[0.3824984,46.6569903],[0.3826704,46.6571189],[0.3828143,46.6572122],[0.3829682,46.6573179],[0.3829953,46.6573993],[0.3830173,46.6574632],[0.3830269,46.6575492],[0.3830313,46.6575811],[0.3831815,46.6575436],[0.3832386,46.6577104],[0.3832954,46.657859],[0.3833429,46.6579817],[0.3831571,46.6580174],[0.3832041,46.658093],[0.383284,46.6582839],[0.383328,46.6583228],[0.3833835,46.6583701],[0.3834726,46.6584671],[0.3835099,46.6586131],[0.3835592,46.6588207],[0.3835458,46.6589452],[0.3835511,46.6590546],[0.3836092,46.6591776],[0.383687,46.659347],[0.3837203,46.6594867],[0.3837335,46.6596128],[0.3837292,46.6597334],[0.3836682,46.6598587],[0.383551,46.6600994],[0.3834188,46.6603519],[0.3833308,46.6606054],[0.3832744,46.6608545],[0.3832516,46.6610758],[0.3832491,46.6611034],[0.3832384,46.6612043],[0.3833214,46.6612001],[0.3838037,46.6611795],[0.3838488,46.6616609],[0.3839324,46.6617098],[0.3839324,46.6617435],[0.3839198,46.662005],[0.3838798,46.6620041],[0.3836408,46.6620027],[0.3833193,46.6619861],[0.3832512,46.6621685],[0.3832291,46.6622284],[0.3830954,46.6623797],[0.3830075,46.6625412],[0.3829234,46.6627468],[0.3827491,46.6631629],[0.3827421,46.6633662],[0.3827505,46.663437],[0.3837697,46.6636145],[0.3838211,46.6636218],[0.3847393,46.6639494],[0.3847614,46.6639561],[0.3860279,46.6645093],[0.3865209,46.6647239],[0.3870168,46.6649437],[0.3893933,46.6660345],[0.3894556,46.6660696],[0.3895207,46.6661038],[0.3895875,46.6659152],[0.3896046,46.6655588],[0.3896281,46.6650697],[0.3896719,46.664346],[0.3896607,46.663713],[0.389491,46.6620225],[0.3893706,46.6613747],[0.3893085,46.6609359],[0.3891942,46.6605357],[0.3891576,46.6604316],[0.3892025,46.6603631],[0.3893545,46.6603206],[0.3895588,46.6602444],[0.3896044,46.6601534],[0.3896272,46.6598668],[0.3895592,46.6595483],[0.3893834,46.6588534],[0.3893228,46.6587252],[0.3891865,46.6585963],[0.3891671,46.6584693],[0.3891355,46.6579266],[0.3890411,46.6574472],[0.3890558,46.6571418],[0.3890848,46.6565384],[0.389052,46.6560194],[0.3889531,46.6554468],[0.3888824,46.6551866],[0.3887513,46.6551376],[0.3885674,46.6551334],[0.3885831,46.655052],[0.3886586,46.6549679],[0.3886561,46.6548646],[0.3885392,46.6546667],[0.3883277,46.6543797],[0.3881757,46.6540481],[0.3880861,46.6538447],[0.3880936,46.6536895],[0.3881889,46.6534381],[0.3882781,46.6531581],[0.3883077,46.6528766],[0.3882831,46.6526778],[0.3881637,46.6522304],[0.3880336,46.6519729],[0.3878476,46.6516692],[0.3875989,46.6512833],[0.3875646,46.6511394],[0.3875328,46.6509024],[0.3874747,46.6507223],[0.3873707,46.6504787],[0.3872326,46.6501986],[0.3872136,46.6500714],[0.3872781,46.6499634],[0.3873514,46.6498271],[0.3873722,46.6497355],[0.3873343,46.6496591],[0.3872603,46.6496236],[0.3871573,46.649512],[0.3870588,46.6493084],[0.3868585,46.6489347],[0.3867334,46.6485977],[0.3865291,46.6483169],[0.3863698,46.6480793],[0.3863421,46.6479702],[0.3863043,46.647768],[0.3860162,46.6475888],[0.3859057,46.6475126],[0.3855338,46.647404],[0.3853863,46.6473852],[0.3849567,46.6473335],[0.3846527,46.647297],[0.3843298,46.6472558],[0.3835915,46.6471746],[0.3834742,46.6470186],[0.383406,46.6468616],[0.3833884,46.6468296],[0.3832522,46.6467877],[0.3831184,46.6467059],[0.3827144,46.6464319],[0.3822833,46.6461338],[0.3819991,46.6459076],[0.3816422,46.6455774],[0.3815502,46.6454915],[0.3814834,46.6455165],[0.3814467,46.6454799],[0.3814032,46.6454308],[0.381372,46.6453934],[0.3814195,46.6453689],[0.3810886,46.6450281],[0.3809407,46.6448642],[0.3807203,46.6445668],[0.380672,46.6444941],[0.380577,46.6445206],[0.3805333,46.6444419],[0.3804922,46.6443746],[0.3804729,46.6443097],[0.3805423,46.6442868],[0.3804149,46.6440396],[0.380281,46.6437983],[0.3801643,46.6435064],[0.3800068,46.6432012],[0.3793687,46.6420939],[0.379254,46.6418847],[0.3791031,46.6415706],[0.3790275,46.6413808],[0.3789815,46.6412612],[0.3786949,46.6408325],[0.3782475,46.6402303],[0.3780222,46.6400044],[0.3773197,46.6391849],[0.3767716,46.6386776],[0.3765178,46.6384571],[0.3761267,46.6380801],[0.3751154,46.637318],[0.374988,46.6373151],[0.3745843,46.636948],[0.3743415,46.6366624],[0.3740631,46.6363094],[0.373793,46.6360027],[0.3735205,46.6357144],[0.373385,46.6356039],[0.3731732,46.6354069],[0.3727762,46.6351464],[0.3724787,46.6349443],[0.3721946,46.634717],[0.3719605,46.6345286],[0.3716313,46.6343013],[0.3714205,46.634181],[0.3711904,46.6340632],[0.3709647,46.6338771],[0.3707636,46.633711],[0.3705531,46.6335528],[0.370304,46.6333663],[0.3699881,46.6331156],[0.3698482,46.6329408],[0.3696764,46.6327539],[0.3694793,46.6326266],[0.3693641,46.6325176],[0.3692671,46.6324388],[0.3692086,46.6323904],[0.369096,46.6323582],[0.3689251,46.6322981],[0.3687816,46.6322303],[0.3686568,46.6321426],[0.3685443,46.6320439],[0.3684748,46.6319463],[0.3684477,46.6318578],[0.3684694,46.6317826],[0.3685204,46.6317101],[0.3685865,46.6316657],[0.3686278,46.6316391],[0.3686431,46.6315996],[0.3686099,46.6315793],[0.3685062,46.6316056],[0.368404,46.6316349],[0.3682578,46.6316796],[0.3681377,46.6316728],[0.3680557,46.6316566],[0.3680042,46.6316431],[0.3679632,46.6316637],[0.3679114,46.631687],[0.3674008,46.6319083],[0.3670854,46.6320452],[0.3670097,46.6320456],[0.3669542,46.6320575],[0.3668283,46.6321129],[0.3667235,46.6321708],[0.3660638,46.6323365],[0.3657026,46.6324704],[0.3652842,46.6326273],[0.3652446,46.6326418],[0.3651955,46.6326192],[0.3651424,46.6325812],[0.3651364,46.6325831],[0.3651396,46.6325413],[0.3660577,46.6321852],[0.3661294,46.6321163],[0.3660849,46.6320539],[0.3658397,46.6320053],[0.3659954,46.6319087],[0.3661789,46.6319518],[0.3664965,46.6319796],[0.3666173,46.6319741],[0.3669321,46.631873],[0.367233,46.6317287],[0.367773,46.6315469],[0.3677668,46.6314567],[0.3678597,46.6313454],[0.367803,46.6312347],[0.3675265,46.6309984],[0.3674238,46.6308826],[0.3672817,46.6306575],[0.3671867,46.6305377],[0.3670346,46.6303727],[0.3669036,46.6302257],[0.3668438,46.6301394],[0.3668106,46.630063],[0.3667999,46.6300085],[0.3667902,46.6299337],[0.3667667,46.6297399],[0.3667371,46.6295573],[0.3667117,46.6294403],[0.3666367,46.6293035],[0.3665448,46.6292085],[0.3664084,46.6290857],[0.366126,46.6288808],[0.3660179,46.628812],[0.3659275,46.6287179],[0.3658589,46.6286039],[0.3658063,46.6284667],[0.365766,46.6283186],[0.3657155,46.6282265],[0.3656922,46.628181],[0.3656205,46.6281303],[0.3655449,46.6281039],[0.3654751,46.6281034],[0.365417,46.6281051],[0.3653793,46.6281216],[0.3653406,46.6281176],[0.3653109,46.6280914],[0.3651633,46.6277048],[0.3650745,46.6275789],[0.365013,46.6274151],[0.3648778,46.627137],[0.3647941,46.6270573],[0.3647176,46.6270177],[0.3645937,46.6270006],[0.364507,46.6269833],[0.3644255,46.6269487],[0.3643843,46.6268833],[0.3643449,46.626774],[0.3642635,46.6266802],[0.3641863,46.6265895],[0.3640898,46.6265331],[0.3639953,46.626581],[0.3639244,46.6266039],[0.3637476,46.6266724],[0.3636856,46.6266976],[0.363684,46.6266976],[0.3632433,46.6265146],[0.3630501,46.6263088],[0.3630065,46.6262618],[0.3629822,46.6262367],[0.3626813,46.6258965],[0.3625986,46.6257658],[0.3626018,46.6257649],[0.3626366,46.6257494],[0.3625427,46.625599],[0.3623766,46.6254173],[0.3621712,46.6252183],[0.3620741,46.6251098],[0.3614792,46.6244991],[0.3613985,46.6244154],[0.3613778,46.6243486],[0.3613624,46.6242695],[0.3614049,46.6241621],[0.361482,46.6241015],[0.3616259,46.6240067],[0.3618598,46.6238997],[0.3621291,46.6238221],[0.3623167,46.6237794],[0.3623923,46.6237505],[0.3624431,46.6237056],[0.3624434,46.6236115],[0.3623846,46.6235131],[0.3623395,46.6235213],[0.3621845,46.6235699],[0.3621377,46.623492],[0.3620897,46.6234367],[0.3620524,46.6234472],[0.3619931,46.6234468],[0.3617645,46.623414],[0.3617291,46.6233509],[0.3616717,46.6232472],[0.3616388,46.6231893],[0.3619309,46.623105],[0.3618506,46.622957],[0.361765,46.6227956],[0.3615739,46.6224497],[0.3614161,46.6221844],[0.3613163,46.6220104],[0.3617575,46.6218754],[0.3611866,46.6209556],[0.3610599,46.6207533],[0.3610857,46.6206507],[0.361067,46.6205439],[0.3610695,46.6204602],[0.3610645,46.6203527],[0.3610809,46.6201997],[0.3610841,46.6200699],[0.3611439,46.6199374],[0.3612955,46.6196905],[0.361455,46.6194908],[0.3615846,46.6193833],[0.3617319,46.6192262],[0.3618867,46.6191235],[0.36208,46.6189878],[0.3623002,46.6188876],[0.3624415,46.6187876],[0.3626049,46.6186299],[0.3624019,46.6185047],[0.3623176,46.6184965],[0.362226,46.618517],[0.3620774,46.6185882],[0.3616737,46.618864],[0.3611834,46.6192187],[0.361041,46.6193401],[0.3608872,46.6194225],[0.3607709,46.6195241],[0.3606126,46.6196983],[0.3605472,46.6197592],[0.3604972,46.6198132],[0.3604383,46.6198374],[0.3603789,46.6197757],[0.3603418,46.6196521],[0.3602758,46.6196374],[0.3602353,46.619616],[0.3601978,46.6195957],[0.3601504,46.6195619],[0.3601029,46.6194984],[0.3600621,46.619426],[0.3600197,46.6193544],[0.3599222,46.6191887],[0.3598375,46.6190425],[0.3597691,46.6189254],[0.3597093,46.6188065],[0.3596146,46.6186172],[0.3594876,46.6183639],[0.3594119,46.6182099],[0.3593998,46.618184],[0.3593284,46.6180404],[0.359316,46.6180114],[0.3592859,46.6179371],[0.3592448,46.6178309],[0.3592225,46.6177721],[0.359204,46.6177267],[0.359146,46.6175791],[0.3591191,46.6175836],[0.3589931,46.617271],[0.3589206,46.6170516],[0.3588713,46.6169125],[0.3588777,46.6169003],[0.3588403,46.6167819],[0.358836,46.6167491],[0.3587878,46.616612],[0.3585832,46.6159388],[0.3585191,46.6157319],[0.3584676,46.6155958],[0.3584151,46.6154576],[0.3583651,46.6153245],[0.3583335,46.6152492],[0.3582996,46.615179]],[[0.368114,46.6379577],[0.368288,46.6379792],[0.3686638,46.6380051],[0.3689336,46.6381381],[0.3690253,46.6382956],[0.3692206,46.6385811],[0.3693423,46.6388323],[0.3693605,46.6389758],[0.3693154,46.6392344],[0.3691942,46.6394679],[0.3691391,46.6395933],[0.3691616,46.6398004],[0.3692316,46.6400728],[0.3692184,46.6401932],[0.3691754,46.6402208],[0.3690914,46.6402138],[0.3690097,46.6401832],[0.3689299,46.6401119],[0.3684835,46.6396468],[0.3682472,46.639348],[0.3679968,46.6391868],[0.3677341,46.6390939],[0.3675215,46.6389797],[0.3673965,46.6388051],[0.3672985,46.638584],[0.3672652,46.6384218],[0.3673204,46.6382851],[0.3674506,46.6382072],[0.3677939,46.6380138],[0.368114,46.6379577]],[[0.3620779,46.635431],[0.3615901,46.6357245],[0.3615032,46.6357766],[0.3613179,46.635891],[0.3612279,46.6359431],[0.3611576,46.6358311],[0.3614994,46.6356376],[0.3616939,46.635364],[0.3618888,46.6352622],[0.3620779,46.635431]],[[0.3601796,46.6278833],[0.3600342,46.6276705],[0.3604195,46.6275557],[0.3603496,46.6273792],[0.3606631,46.6272822],[0.3607929,46.6274446],[0.3611739,46.6273308],[0.3612751,46.6275078],[0.3601796,46.6278833]],[[0.3594491,46.6283838],[0.3593318,46.6281746],[0.3595157,46.6281114],[0.3596451,46.6283229],[0.3594491,46.6283838]],[[0.357043,46.6134091],[0.3569994,46.6134255],[0.3569616,46.6134379],[0.3567609,46.6135069],[0.3567414,46.6134246],[0.3567275,46.6133722],[0.3567248,46.6133619],[0.3567088,46.6133288],[0.3566792,46.6132688],[0.3566688,46.6132399],[0.3567908,46.6131988],[0.3568694,46.613172],[0.3568706,46.613172],[0.3568831,46.6131886],[0.357043,46.6134091]]],[[[0.3795528,46.6840602],[0.3803631,46.6853952],[0.3807985,46.6852427],[0.3809238,46.6854142],[0.3811355,46.6857053],[0.3811975,46.6856832],[0.3812551,46.6857508],[0.381376,46.6858916],[0.3814522,46.6859802],[0.381563,46.6861095],[0.3816024,46.6861554],[0.3816671,46.6862305],[0.381743,46.6863192],[0.3817642,46.6863441],[0.381794,46.6863438],[0.3818782,46.6863487],[0.3819171,46.6863814],[0.3819196,46.6864202],[0.3818259,46.6864805],[0.3816538,46.6865727],[0.3816139,46.6865942],[0.3815941,46.686604],[0.3815865,46.6866079],[0.3814878,46.6866598],[0.3815744,46.6867691],[0.3809622,46.6868328],[0.3810126,46.6869025],[0.3811179,46.6870572],[0.3811246,46.6870737],[0.381127,46.6870809],[0.3817904,46.6870378],[0.3820479,46.6873584],[0.3814777,46.687602],[0.3819795,46.6883463],[0.3821277,46.6883273],[0.3821276,46.6883284],[0.3821304,46.6883284],[0.3821584,46.6883985],[0.3821971,46.6883954],[0.38237,46.6883859],[0.3824748,46.6883955],[0.3825549,46.6884024],[0.3826553,46.6884139],[0.3827556,46.6884285],[0.3828722,46.6884455],[0.3830239,46.6884673],[0.3831596,46.6884879],[0.3835576,46.6887698],[0.3838235,46.6889588],[0.3834518,46.6891487],[0.3831639,46.6892954],[0.3827206,46.6895204],[0.3829425,46.6895132],[0.3835348,46.6895544],[0.3837996,46.6895757],[0.3840454,46.6896519],[0.3844868,46.689898],[0.3846061,46.6898261],[0.384724,46.6897522],[0.3848346,46.6896739],[0.3849584,46.6895981],[0.3850122,46.6896544],[0.3853636,46.6894223],[0.3859864,46.6890153],[0.385932,46.6889701],[0.385754,46.6888424],[0.3853481,46.6885429],[0.384999,46.6887556],[0.3843549,46.6882809],[0.384585,46.688136],[0.3845346,46.6880971],[0.3840424,46.6876493],[0.3842367,46.6874411],[0.3838537,46.6870348],[0.3837166,46.6868885],[0.3846544,46.6865061],[0.3835006,46.6852001],[0.3829693,46.6854098],[0.3828663,46.6852653],[0.3830254,46.6852004],[0.3829022,46.6850422],[0.3832474,46.6849121],[0.3828866,46.6845094],[0.382781,46.6843874],[0.3826667,46.684258],[0.3825766,46.6841537],[0.3824739,46.6840359],[0.3823783,46.6839263],[0.3823559,46.6839023],[0.3823306,46.6838731],[0.3821883,46.6837114],[0.3821459,46.6836635],[0.3821016,46.683596],[0.3818595,46.6836569],[0.3820378,46.6839667],[0.381695,46.6840794],[0.3814203,46.6836509],[0.3812609,46.6836014],[0.3809994,46.6835361],[0.3809541,46.6835545],[0.3811188,46.6838935],[0.3811276,46.683956],[0.3810755,46.6839938],[0.3810014,46.6839921],[0.3808868,46.6838994],[0.380582,46.6836636],[0.3804038,46.6835971],[0.3801847,46.6835808],[0.3801266,46.683556],[0.3798587,46.6836296],[0.3797293,46.6836665],[0.3794884,46.6837591],[0.3794729,46.6838365],[0.379475,46.6839142],[0.3795528,46.6840602]]],[[[0.3846823,46.6464042],[0.3846932,46.6465221],[0.3847018,46.6466204],[0.3847036,46.6466388],[0.3847076,46.646687],[0.3847274,46.6469195],[0.3847515,46.6471857],[0.3847562,46.6471858],[0.3852722,46.6472529],[0.3855821,46.6472967],[0.3856028,46.6472992],[0.3856292,46.6473049],[0.3858042,46.6473376],[0.3858085,46.6473386],[0.3857406,46.6472727],[0.3856469,46.6471817],[0.3855623,46.6471204],[0.38555,46.6470343],[0.3855072,46.6467563],[0.3853514,46.6457367],[0.3853665,46.6453567],[0.3852713,46.6449631],[0.3852431,46.6449624],[0.3851694,46.645016],[0.3851077,46.6450912],[0.3850714,46.6451701],[0.3850291,46.6453389],[0.3849851,46.6455771],[0.3849651,46.6456492],[0.3849437,46.6457284],[0.3849032,46.6458604],[0.3851578,46.6458702],[0.3851524,46.6460725],[0.3848573,46.6460709],[0.3848109,46.6462038],[0.3847267,46.646348],[0.3847015,46.6463812],[0.3846823,46.6464042]]],[[[0.3624318,46.5304841],[0.3626245,46.5309434],[0.3626597,46.5312847],[0.363363,46.532088],[0.3636114,46.5320927],[0.3637536,46.5321256],[0.3637536,46.5322452],[0.3638547,46.5325195],[0.3638578,46.532909],[0.3646969,46.5336009],[0.3647084,46.5339795],[0.3647164,46.5344847],[0.3643981,46.5352767],[0.3641086,46.5358445],[0.3640501,46.5361948],[0.3641611,46.5367177],[0.3644866,46.5371555],[0.364903,46.5375424],[0.3658673,46.5377924],[0.3671521,46.5381472],[0.3679422,46.5383564],[0.3684349,46.5386408],[0.3686332,46.5388906],[0.3686544,46.5391558],[0.36858,46.5394076],[0.368384,46.5396302],[0.3684801,46.5396998],[0.3685508,46.5397689],[0.3686426,46.5398313],[0.3688751,46.539988],[0.369127,46.5398332],[0.3692091,46.5396992],[0.3695142,46.5390499],[0.369775,46.538556],[0.3698357,46.5385003],[0.3699053,46.5384374],[0.3699948,46.5383608],[0.3700597,46.5383061],[0.3700679,46.5382909],[0.3700429,46.5382892],[0.3699207,46.5383049],[0.3698072,46.5383187],[0.3696618,46.5383296],[0.3694618,46.5382944],[0.3692523,46.5382526],[0.368008,46.5377559],[0.3660304,46.5373935],[0.365587,46.5372791],[0.3654438,46.5372032],[0.3651207,46.5369678],[0.3649957,46.5366061],[0.365008,46.5362619],[0.365289,46.535383],[0.3657559,46.5344269],[0.3659916,46.5339027],[0.3660663,46.5336448],[0.3660931,46.533399],[0.3659461,46.5330368],[0.3658117,46.5328774],[0.3650157,46.5319094],[0.3650693,46.5313832],[0.3651881,46.5308216],[0.3651544,46.5303854],[0.3648632,46.5296693],[0.3648846,46.5290727],[0.3649956,46.5286153],[0.3655445,46.5280207],[0.3656989,46.527921],[0.3660036,46.527742],[0.3669425,46.5272832],[0.3683252,46.5267487],[0.3697957,46.5262939],[0.3704496,46.5262701],[0.3711794,46.526248],[0.372131,46.5265725],[0.3727667,46.526716],[0.3731995,46.5266492],[0.3737246,46.5266653],[0.3745011,46.5267814],[0.3750165,46.5267789],[0.3753226,46.5266345],[0.3758543,46.5261735],[0.3762234,46.5256402],[0.3763992,46.5248847],[0.3763774,46.524598],[0.3760909,46.5242131],[0.3758571,46.5237734],[0.3755886,46.5233899],[0.3752475,46.5231543],[0.3748855,46.5230447],[0.3739401,46.5229596],[0.372841,46.5229987],[0.3725186,46.5229863],[0.3721783,46.5230745],[0.3718356,46.5231505],[0.3712105,46.5232107],[0.3707875,46.5231069],[0.3705787,46.5230755],[0.3701035,46.5230401],[0.3694318,46.5228498],[0.3689938,46.5225944],[0.3689279,46.5224836],[0.3691506,46.5222914],[0.3693956,46.5220333],[0.3697353,46.5213716],[0.3699387,46.5206873],[0.3701596,46.5198254],[0.3702534,46.5194146],[0.3703257,46.5187775],[0.3706588,46.5175533],[0.3709251,46.5168224],[0.3712911,46.5163544],[0.3717741,46.5161948],[0.372092,46.5161705],[0.3723615,46.5162083],[0.372925,46.5165545],[0.3731923,46.5168745],[0.3732766,46.5173743],[0.3732256,46.5179373],[0.3732452,46.5185144],[0.3735262,46.5189216],[0.3741193,46.5193379],[0.3749501,46.519729],[0.3754149,46.5198266],[0.3757422,46.5198596],[0.3764105,46.5197881],[0.3774594,46.5196905],[0.378347,46.5196434],[0.3791333,46.5196155],[0.379542,46.5196433],[0.37962,46.5196491],[0.3796268,46.5195962],[0.3796725,46.5194043],[0.3796764,46.5193878],[0.37968,46.5193709],[0.3796968,46.5193386],[0.3796915,46.5193271],[0.3797707,46.5193251],[0.3798984,46.5193314],[0.3799728,46.5193314],[0.3800357,46.5193094],[0.3800832,46.5192908],[0.380104,46.5192821],[0.3801271,46.5192726],[0.3801435,46.5192657],[0.3801852,46.5192464],[0.380248,46.5192173],[0.3802685,46.5192079],[0.3802997,46.5191922],[0.380377,46.5191656],[0.3804196,46.5191504],[0.3804944,46.5191264],[0.3806159,46.5190915],[0.3807718,46.5190395],[0.380903,46.5189898],[0.3811667,46.518929],[0.3814087,46.5188795],[0.3814698,46.5188643],[0.3815809,46.5188328],[0.3817519,46.5188186],[0.3818082,46.518812],[0.3818827,46.5187937],[0.3819345,46.518776],[0.3820525,46.5187222],[0.3820638,46.518715],[0.3820947,46.5186932],[0.3820995,46.51869],[0.3821383,46.5186643],[0.3821496,46.518657],[0.3821847,46.518636],[0.3822097,46.5186219],[0.3822619,46.5185938],[0.3824018,46.518534],[0.3824697,46.5184909],[0.3825012,46.5184622],[0.3825229,46.5184254],[0.3825465,46.5183824],[0.3825532,46.5183574],[0.3825556,46.5183315],[0.3825652,46.5182866],[0.3825828,46.5182478],[0.3826526,46.5181869],[0.3827466,46.5181459],[0.3827901,46.5181293],[0.3828273,46.5181203],[0.382871,46.5181088],[0.3829959,46.5180759],[0.3830173,46.5180703],[0.3830511,46.518059],[0.3830856,46.51805],[0.3831658,46.5180424],[0.3833627,46.5180107],[0.3833386,46.5179417],[0.3832804,46.5177441],[0.3830147,46.5173415],[0.3829345,46.5172004],[0.3829346,46.5171999],[0.3829821,46.5171813],[0.3829829,46.5171807],[0.3830083,46.5171567],[0.3830087,46.5171559],[0.3830012,46.5171005],[0.3830009,46.5170995],[0.3829365,46.5169724],[0.3829313,46.5169668],[0.3829201,46.5169467],[0.3829165,46.5169403],[0.3829024,46.5169156],[0.3828625,46.5168669],[0.3828068,46.5167472],[0.3827683,46.5166922],[0.3826441,46.5164904],[0.3826267,46.5164517],[0.3826071,46.5164128],[0.3826049,46.5164089],[0.3825972,46.51639],[0.3825867,46.5163485],[0.3825687,46.5162828],[0.3825496,46.5162409],[0.3825291,46.5161935],[0.3825206,46.5161758],[0.3825113,46.5161568],[0.3824886,46.5161168],[0.3823278,46.5158361],[0.3822994,46.5157434],[0.3822957,46.5156736],[0.3822834,46.5156365],[0.3822921,46.5155701],[0.3823044,46.5153694],[0.3823017,46.5153198],[0.3822977,46.5152896],[0.3822925,46.5152604],[0.3822181,46.5150391],[0.381983,46.5146846],[0.3819458,46.514595],[0.3819397,46.5145511],[0.3818808,46.5144243],[0.3818289,46.514332],[0.3817954,46.514295],[0.3817101,46.5140348],[0.3816654,46.5139126],[0.3816522,46.5138693],[0.3816248,46.5137807],[0.3815941,46.5136615],[0.3815766,46.51357],[0.3815675,46.5135152],[0.3815596,46.5134827],[0.3815423,46.5134119],[0.3815342,46.5133925],[0.3815289,46.5133815],[0.3815154,46.5133516],[0.3815099,46.5133436],[0.3815088,46.5133423],[0.3814952,46.5133243],[0.3814838,46.5133096],[0.381452,46.5132705],[0.3814096,46.5132074],[0.381406,46.513159],[0.3814095,46.5131363],[0.3814147,46.5131179],[0.3814207,46.5130825],[0.3814099,46.5130303],[0.3812754,46.5128725],[0.3812801,46.5128399],[0.381285,46.5127691],[0.3812777,46.5127259],[0.381268,46.5126829],[0.3812554,46.5126353],[0.3812373,46.5125897],[0.3812191,46.512568],[0.3812104,46.5125139],[0.3812625,46.5124809],[0.3812744,46.5124682],[0.3812911,46.5124545],[0.3812972,46.5124508],[0.3813512,46.5124178],[0.3813684,46.5124108],[0.3813821,46.5124028],[0.3814488,46.5123596],[0.3814566,46.5123514],[0.3814652,46.5123363],[0.381468,46.5123266],[0.3814665,46.5123173],[0.3814631,46.5122985],[0.3814535,46.5122618],[0.3814484,46.5122528],[0.3814241,46.5122286],[0.3813872,46.5121988],[0.3813718,46.5121765],[0.3813647,46.5121691],[0.3813498,46.5121537],[0.3813407,46.5121405],[0.3813663,46.5120884],[0.381444,46.5120677],[0.3814947,46.5120483],[0.3815567,46.5120276],[0.3815869,46.5120108],[0.3816024,46.511997],[0.3816274,46.5119664],[0.381629,46.5119414],[0.3816269,46.5119039],[0.3816192,46.5118672],[0.3816032,46.5118265],[0.3815988,46.5118191],[0.3815938,46.5117034],[0.3815957,46.5116968],[0.3816197,46.5116533],[0.3816488,46.511626],[0.3816739,46.5116089],[0.3817043,46.5115967],[0.3818095,46.5115825],[0.3818115,46.511582],[0.3818389,46.5115566],[0.3818481,46.5115437],[0.3818525,46.5115186],[0.3818582,46.5114485],[0.3818587,46.5114378],[0.3818581,46.5114101],[0.3818613,46.5113924],[0.3818995,46.5113148],[0.3819054,46.5113054],[0.3819479,46.5112608],[0.3819833,46.5112243],[0.3820252,46.5111912],[0.3820717,46.5111612],[0.382136,46.5111246],[0.3822069,46.5111084],[0.3823185,46.5111004],[0.3824206,46.5110938],[0.3824071,46.5110805],[0.3823447,46.5110515],[0.3821838,46.5109612],[0.3820596,46.5108984],[0.3820097,46.5108771],[0.3819768,46.5108544],[0.3819,46.51083],[0.381799,46.5108312],[0.3817875,46.5108494],[0.3814776,46.5112634],[0.3812493,46.5117928],[0.3811047,46.512456],[0.3810322,46.5128561],[0.3811696,46.5134766],[0.3813718,46.5138963],[0.3816007,46.5143953],[0.3814378,46.514551],[0.3816043,46.5151518],[0.3817914,46.5155119],[0.3820913,46.5160257],[0.3823358,46.5163871],[0.3823,46.5165785],[0.3822454,46.5172835],[0.3821685,46.5178091],[0.3819853,46.5181332],[0.3815407,46.5183253],[0.3810992,46.5184277],[0.3805584,46.5185277],[0.3800908,46.5186121],[0.3796213,46.5185461],[0.3791169,46.5184754],[0.3787242,46.5185419],[0.3780273,46.5186865],[0.3772481,46.5188169],[0.3763763,46.5189615],[0.3758033,46.5189891],[0.3754768,46.5189142],[0.3751398,46.5186529],[0.3750578,46.5184517],[0.3749605,46.5179536],[0.3747446,46.5171432],[0.3745421,46.5167061],[0.3741882,46.5162749],[0.3733862,46.5156216],[0.372799,46.5153914],[0.3720081,46.5152393],[0.3713533,46.5151537],[0.370795,46.5149099],[0.3704348,46.5149517],[0.3702631,46.5150449],[0.3702163,46.5152104],[0.3703054,46.515514],[0.3704724,46.5158593],[0.3703738,46.5160921],[0.3699676,46.5166563],[0.3696728,46.5170206],[0.3692743,46.5175788],[0.3690527,46.5185191],[0.3688223,46.5192457],[0.3687473,46.5196632],[0.3686164,46.5199494],[0.368294,46.520309],[0.3680841,46.5206415],[0.3678064,46.5208712],[0.3669974,46.5212134],[0.3667466,46.5212578],[0.366408,46.5212786],[0.36608,46.5212599],[0.3660657,46.5214036],[0.3663173,46.5215935],[0.3666553,46.5218261],[0.3669552,46.5220855],[0.3670944,46.5223973],[0.3671627,46.5227015],[0.3672734,46.5229228],[0.3673907,46.5230073],[0.3677285,46.5232462],[0.3681373,46.5235213],[0.3683938,46.5236427],[0.36879,46.5237745],[0.3691426,46.5238021],[0.3695239,46.523731],[0.3700061,46.5236225],[0.3705552,46.5235637],[0.3712122,46.5235471],[0.3719114,46.523511],[0.372306,46.5235282],[0.3731578,46.5234293],[0.3738561,46.5234749],[0.3745291,46.5237051],[0.3749712,46.5239074],[0.375352,46.5242371],[0.3756775,46.524771],[0.3756801,46.5250839],[0.3752014,46.525859],[0.3748992,46.5260115],[0.3739183,46.5261485],[0.3732129,46.52603],[0.3727016,46.5259222],[0.3721719,46.5256596],[0.3718612,46.5254685],[0.3715046,46.5251249],[0.3711319,46.524961],[0.3707186,46.5249321],[0.3701774,46.5250056],[0.3689321,46.5252509],[0.3678717,46.5254686],[0.3675151,46.5255791],[0.3671339,46.5256879],[0.3665973,46.5257235],[0.3659921,46.5259304],[0.3653262,46.5263791],[0.3651425,46.5268094],[0.364732,46.5272089],[0.3640544,46.5274701],[0.3636919,46.5278309],[0.3634059,46.5281412],[0.3630056,46.5284274],[0.3628572,46.5284025],[0.3625376,46.529407],[0.3624318,46.5304841]]],[[[0.3612367,46.6366506],[0.3610893,46.6364714],[0.3610893,46.6364705],[0.3610882,46.6364694],[0.360836,46.6361599],[0.3603081,46.6353873],[0.3602444,46.6352927],[0.3600852,46.6350561],[0.3599368,46.634839],[0.3597211,46.6348208],[0.3595431,46.6348176],[0.359362,46.6348554],[0.3591607,46.6348722],[0.3589675,46.6348749],[0.3588475,46.6348742],[0.3585419,46.6348405],[0.3580329,46.6348422],[0.3580344,46.6348431],[0.3578596,46.6349282],[0.3578095,46.6350149],[0.3578111,46.6353757],[0.357795,46.6354326],[0.3577947,46.6354643],[0.3578484,46.6354645],[0.3579078,46.6354628],[0.358237,46.6354939],[0.3582366,46.6355676],[0.358046,46.6356132],[0.3580505,46.6357626],[0.3579672,46.6357657],[0.3578035,46.6357753],[0.3578172,46.6362856],[0.3578224,46.6364288],[0.3582272,46.6363994],[0.3582038,46.6366708],[0.3582027,46.6367484],[0.3581895,46.636747],[0.3579444,46.6366955],[0.357835,46.6366847],[0.3578423,46.6367778],[0.3578852,46.6367819],[0.3581076,46.6368168],[0.3584655,46.636873],[0.3587985,46.6369246],[0.3588764,46.6369367],[0.3589503,46.6369404],[0.3589683,46.6369419],[0.3590415,46.6369629],[0.3590442,46.6369641],[0.3590631,46.6369696],[0.3591204,46.6369853],[0.3590099,46.637185],[0.3590068,46.637184],[0.3587852,46.6371339],[0.3587045,46.6371137],[0.3584202,46.6370702],[0.3583494,46.6370645],[0.3583418,46.6371002],[0.3583039,46.6372679],[0.3584062,46.6372694],[0.3585613,46.6372842],[0.3586891,46.6373106],[0.3588051,46.6373368],[0.3588469,46.6373582],[0.3588758,46.6373772],[0.3589509,46.6374454],[0.3589931,46.6374986],[0.3590463,46.6375661],[0.3591283,46.6376468],[0.3591989,46.6376883],[0.3592465,46.637717],[0.3593695,46.6377545],[0.3595005,46.6377719],[0.3596177,46.6377746],[0.3597888,46.6377662],[0.3599196,46.6377641],[0.3600572,46.637798],[0.3600792,46.6378056],[0.3601714,46.6378395],[0.3602642,46.6378835],[0.3603203,46.6379165],[0.3603863,46.6379957],[0.3604728,46.6380805],[0.3606013,46.63815],[0.3607276,46.638208],[0.3608436,46.6382353],[0.3609683,46.6382595],[0.3611116,46.6382751],[0.3612225,46.6382859],[0.36129,46.6383027],[0.3613774,46.6383374],[0.3614053,46.6383677],[0.3614556,46.6384384],[0.3615075,46.6385265],[0.361555,46.6386237],[0.3615662,46.6386914],[0.3615805,46.6387694],[0.3616037,46.6388394],[0.3616552,46.6389102],[0.3616797,46.6389229],[0.3617153,46.6389575],[0.361831,46.638992],[0.3619215,46.6390196],[0.3620948,46.6388129],[0.3623525,46.63892],[0.3621777,46.6390939],[0.3620998,46.6391698],[0.3621397,46.63923],[0.3622284,46.639366],[0.3622823,46.6394438],[0.3625311,46.6397266],[0.3628805,46.6400874],[0.3629844,46.6402022],[0.3631056,46.6401548],[0.3634565,46.6404451],[0.3638472,46.6408691],[0.3637241,46.6409306],[0.3637721,46.6409778],[0.3638816,46.6411387],[0.3639742,46.6412758],[0.3640567,46.6414453],[0.364143,46.6415669],[0.3642595,46.6417055],[0.3643894,46.6418424],[0.3645591,46.6420089],[0.3648005,46.6422096],[0.3649303,46.642318],[0.3650655,46.6424671],[0.3653196,46.642795],[0.3654315,46.6429407],[0.3657398,46.6433404],[0.3660193,46.6437025],[0.3662045,46.6438886],[0.3663442,46.6440441],[0.3664667,46.6441155],[0.3667265,46.6442686],[0.3669626,46.6443936],[0.3670851,46.644465],[0.3669722,46.6443172],[0.3669121,46.6442372],[0.3668704,46.644183],[0.3668143,46.6441102],[0.3666594,46.6439053],[0.366527,46.6437294],[0.3663987,46.6435578],[0.3642205,46.6406732],[0.3622041,46.6379988],[0.3622012,46.6379946],[0.36189,46.6375898],[0.3615982,46.6372079],[0.3615047,46.6370872],[0.3615048,46.6370861],[0.361401,46.6368712],[0.3614207,46.636798],[0.3613045,46.6366298],[0.3612367,46.6366506]]],[[[0.3612895,46.5427869],[0.3614175,46.5427408],[0.3614645,46.542748],[0.3614778,46.5427494],[0.3619324,46.5426309],[0.3623226,46.5425337],[0.3624584,46.5425449],[0.362483,46.542521],[0.3627641,46.542136],[0.3628187,46.5419879],[0.3629257,46.5417359],[0.3634066,46.5412532],[0.3641405,46.5408746],[0.3644641,46.5406796],[0.3648295,46.5404693],[0.3656269,46.5405276],[0.3667267,46.5407001],[0.367404,46.5407811],[0.36777,46.540721],[0.3679266,46.5406408],[0.3681197,46.5405359],[0.3686245,46.5402051],[0.3687868,46.5400646],[0.3686912,46.5399929],[0.3686225,46.5399699],[0.36848,46.5398562],[0.3684161,46.5397678],[0.3683227,46.5397063],[0.3683186,46.5397033],[0.3678885,46.5401084],[0.367745,46.5402236],[0.3675316,46.5403199],[0.3672007,46.5403031],[0.3660024,46.5400854],[0.3651618,46.5400374],[0.3642782,46.5401091],[0.3635165,46.5403338],[0.3631312,46.5405805],[0.3628149,46.5409902],[0.3626476,46.5412021],[0.3624605,46.5414901],[0.3620125,46.5419899],[0.3617965,46.5422271],[0.3614242,46.5426028],[0.3612895,46.5427869]]],[[[0.3523214,46.5499643],[0.3524443,46.5499017],[0.3525173,46.5501731],[0.3525933,46.5501556],[0.352594,46.5502056],[0.3526009,46.5500003],[0.3526896,46.5498839],[0.3526519,46.5496519],[0.352642,46.5496456],[0.3525174,46.5495588],[0.3524239,46.5493788],[0.3525959,46.5490394],[0.3530093,46.5486747],[0.3541402,46.5482409],[0.3551827,46.5480391],[0.3559782,46.5480667],[0.3565177,46.5482172],[0.3571022,46.5483227],[0.3578282,46.5485388],[0.3584777,46.5488625],[0.3591519,46.5493799],[0.3598497,46.5500574],[0.360465,46.5506594],[0.3610327,46.5512971],[0.3613155,46.5514519],[0.3613999,46.5515131],[0.3615628,46.5516108],[0.3625174,46.5520919],[0.363314,46.5521061],[0.3637378,46.5519216],[0.3637397,46.5518829],[0.3638275,46.5516885],[0.3638164,46.5515207],[0.3638025,46.5512567],[0.3638381,46.551007],[0.3641489,46.550682],[0.3645169,46.5504278],[0.364794,46.5503043],[0.3647329,46.550215],[0.364257,46.5501304],[0.3639605,46.5499846],[0.3636776,46.5493954],[0.3633916,46.5488777],[0.3629753,46.5484766],[0.3624192,46.547876],[0.3623365,46.5478108],[0.3622838,46.5477676],[0.3621668,46.5476749],[0.3617348,46.5473246],[0.3606787,46.5469199],[0.3591484,46.5463347],[0.3585935,46.5460469],[0.3581176,46.5456576],[0.3578916,46.545311],[0.3578592,46.5450904],[0.3579063,46.5449116],[0.3581292,46.5448064],[0.3586286,46.544774],[0.3591453,46.5447828],[0.3599964,46.5449211],[0.360376,46.5449135],[0.3608779,46.5447983],[0.3615081,46.544453],[0.3617253,46.5441574],[0.3619608,46.5438246],[0.3620246,46.5433313],[0.3619534,46.5433624],[0.3615448,46.543542],[0.3614919,46.5434693],[0.3612989,46.5435077],[0.361121,46.5435414],[0.3610438,46.5435499],[0.3609872,46.5435538],[0.3608943,46.5435147],[0.3606315,46.5440464],[0.3604664,46.5443891],[0.3603307,46.5444749],[0.3601566,46.544519],[0.3596914,46.5444265],[0.359253,46.5442742],[0.3586617,46.5441799],[0.3582247,46.5441861],[0.3579161,46.5442802],[0.3577196,46.5443982],[0.3573873,46.5447075],[0.3572954,46.5450765],[0.3573807,46.5454894],[0.3575758,46.545773],[0.3579436,46.54604],[0.3587624,46.5464412],[0.3592924,46.5466691],[0.3599023,46.5469531],[0.36011,46.5471041],[0.3604729,46.5471973],[0.3607466,46.5472977],[0.3619026,46.5478395],[0.3619345,46.5478862],[0.3624816,46.5486983],[0.3629584,46.5492561],[0.3632319,46.549975],[0.363319,46.5503204],[0.3632944,46.5505519],[0.3632746,46.5507427],[0.3632725,46.5507538],[0.3632652,46.5507843],[0.3632534,46.5508412],[0.3632323,46.5509451],[0.3630947,46.5510033],[0.3627999,46.550934],[0.3626119,46.5507794],[0.3625563,46.5505533],[0.3625244,46.5504197],[0.3623528,46.550015],[0.3617961,46.5496658],[0.361369,46.5493697],[0.3607839,46.5490016],[0.3606974,46.5489515],[0.3599064,46.5484927],[0.3597227,46.5483055],[0.3596294,46.5482093],[0.3595257,46.5481507],[0.3592812,46.5479652],[0.3589397,46.5478029],[0.3584784,46.5476859],[0.3580761,46.5476122],[0.3575848,46.5475723],[0.3568218,46.5475382],[0.3557173,46.5474279],[0.3554623,46.5474353],[0.3552979,46.5474326],[0.3551228,46.5474418],[0.354701,46.5474636],[0.3533731,46.5475883],[0.3524365,46.547903],[0.3516489,46.5484694],[0.3512406,46.5491245],[0.3512386,46.5491327],[0.3511046,46.5495435],[0.3511555,46.5501089],[0.3512052,46.5503994],[0.3512969,46.5505845],[0.3513614,46.5507251],[0.3514605,46.5509666],[0.3519904,46.5515891],[0.3522654,46.5519369],[0.3527486,46.552547],[0.3527651,46.5525045],[0.3528675,46.5524456],[0.3528719,46.5524436],[0.3531371,46.552783],[0.3533016,46.5531793],[0.3533262,46.5534631],[0.3533013,46.5535483],[0.3532169,46.5536732],[0.3531224,46.5537221],[0.3530022,46.5537295],[0.3527024,46.5534649],[0.3524847,46.5534936],[0.3519221,46.5533007],[0.3511747,46.5530402],[0.3497338,46.5525632],[0.3492331,46.5524983],[0.3488139,46.5525235],[0.348714,46.5525384],[0.3484455,46.5526059],[0.3481505,46.5527023],[0.3478895,46.5527912],[0.3477348,46.5528705],[0.3470276,46.5532089],[0.3467592,46.5533395],[0.346651,46.5533717],[0.3464046,46.5533794],[0.3460445,46.5533485],[0.3455716,46.5532037],[0.3450857,46.5528928],[0.3448771,46.5526141],[0.344652,46.5517031],[0.3445244,46.5508486],[0.3444198,46.5505671],[0.3442874,46.5502124],[0.3437318,46.5496373],[0.3435518,46.5494072],[0.3434647,46.5493377],[0.3433106,46.549187],[0.3429712,46.5488541],[0.3427072,46.5488601],[0.3426994,46.548956],[0.3427989,46.5489563],[0.3429347,46.5489666],[0.342971,46.5489787],[0.3430186,46.5490055],[0.3431284,46.5490918],[0.3432772,46.5492057],[0.3432602,46.5492165],[0.3432571,46.5492245],[0.3432401,46.5492355],[0.3432283,46.5492372],[0.3431976,46.5492558],[0.343143,46.5492189],[0.3430419,46.5491398],[0.3429764,46.5491721],[0.3428184,46.5490376],[0.3427666,46.5490088],[0.3425622,46.5490061],[0.3425586,46.5490233],[0.3425879,46.549026],[0.3426821,46.5491029],[0.3427083,46.5491434],[0.3426999,46.5492514],[0.342687,46.5493391],[0.3427556,46.5493867],[0.3426744,46.5494441],[0.3426388,46.5494106],[0.34259,46.5493512],[0.3425177,46.5493157],[0.3423722,46.5493186],[0.3423428,46.5495274],[0.3424919,46.5495391],[0.3425777,46.54954],[0.3427993,46.5496463],[0.3428455,46.549672],[0.3428626,46.5496816],[0.3429872,46.5497376],[0.3433078,46.5498228],[0.343393,46.5499004],[0.3434965,46.550052],[0.3436805,46.550231],[0.3436901,46.5502415],[0.3436974,46.5502785],[0.3437467,46.5505434],[0.3438464,46.5506848],[0.3439101,46.5508079],[0.3439098,46.550814],[0.3439164,46.5508315],[0.3437786,46.550862],[0.3436063,46.550901],[0.343522,46.5509256],[0.3437888,46.5513202],[0.3438269,46.5513017],[0.3440537,46.5512702],[0.3440905,46.5513671],[0.3441237,46.5514742],[0.3441563,46.5515926],[0.3441815,46.5517423],[0.3439385,46.5517766],[0.3439369,46.5517765],[0.3441904,46.5528364],[0.3442502,46.5530728],[0.3442452,46.5534162],[0.3442331,46.5536643],[0.344113,46.553821],[0.344149,46.5539587],[0.3442507,46.5541237],[0.3443396,46.5542126],[0.3445563,46.5543312],[0.3448516,46.5544147],[0.3450479,46.5544304],[0.345188,46.5544419],[0.3458462,46.554403],[0.3464041,46.5542657],[0.346793,46.5541325],[0.3480563,46.5537826],[0.3483329,46.5537594],[0.3486877,46.5537799],[0.3488309,46.5538231],[0.349172,46.5538739],[0.3492576,46.5539117],[0.3492468,46.5539809],[0.3491798,46.5540776],[0.348685,46.5547765],[0.3486912,46.5551967],[0.3489523,46.5555299],[0.3492859,46.5556725],[0.3497216,46.5557359],[0.3499063,46.5557156],[0.3499798,46.5556631],[0.3499852,46.5556172],[0.3499449,46.5555908],[0.3496913,46.5554734],[0.3493241,46.555193],[0.3492946,46.5550738],[0.349314,46.5549179],[0.349631,46.5544018],[0.349797,46.5543075],[0.3499745,46.554284],[0.3502455,46.5543506],[0.3506726,46.5541325],[0.3509115,46.5544243],[0.3510331,46.5543964],[0.3510585,46.5543581],[0.3511769,46.5543957],[0.3513403,46.5544434],[0.3512428,46.5545648],[0.3511042,46.5545126],[0.3509881,46.554468],[0.3509546,46.5544549],[0.350945,46.554467],[0.3510165,46.5545535],[0.3515611,46.5547449],[0.3517846,46.5547593],[0.3520046,46.554834],[0.352475,46.5549419],[0.3528907,46.5550149],[0.3534181,46.5550149],[0.3537125,46.5549062],[0.3539165,46.5547637],[0.3539786,46.5546465],[0.3537623,46.5545505],[0.3538911,46.5544319],[0.3539269,46.5543969],[0.3539493,46.5543638],[0.3540979,46.5544172],[0.3541307,46.5540735],[0.3541446,46.5535443],[0.3537523,46.5528381],[0.3534667,46.5522162],[0.3533046,46.5522317],[0.3531255,46.5523216],[0.3530944,46.5522923],[0.3530758,46.5521191],[0.3531734,46.5520938],[0.35319,46.5520584],[0.3528358,46.5515061],[0.3526854,46.5512832],[0.3523227,46.5507258],[0.3523172,46.5507185],[0.3522104,46.5504502],[0.3522032,46.5502917],[0.3522331,46.550136],[0.3523214,46.5499643]],[[0.3538126,46.5543064],[0.3539032,46.554337],[0.3538619,46.5543965],[0.3538295,46.5543866],[0.3538121,46.554381],[0.3537727,46.5543698],[0.3537711,46.5543689],[0.3537218,46.5543523],[0.3536951,46.5543456],[0.353747,46.5542844],[0.3538126,46.5543064]],[[0.3505061,46.5540192],[0.3504864,46.5540281],[0.3505017,46.5540437],[0.3502668,46.5541548],[0.3501698,46.5541986],[0.3501211,46.5541923],[0.3500113,46.5540733],[0.3502359,46.553783],[0.3505061,46.5540192]]],[[[0.3578752,46.6343326],[0.3578728,46.6343825],[0.357918,46.6344848],[0.357986,46.6345549],[0.3581009,46.6346055],[0.3582489,46.6346447],[0.3584289,46.6346621],[0.3586425,46.6346661],[0.3589059,46.6346486],[0.3590204,46.634641],[0.3591668,46.634624],[0.359354,46.634616],[0.3596395,46.6345459],[0.3597465,46.6345157],[0.35977,46.634461],[0.3597418,46.634396],[0.3596718,46.6343084],[0.3596099,46.6342427],[0.3595604,46.6341546],[0.3595585,46.6341055],[0.3595559,46.634037],[0.3594967,46.6339713],[0.3594288,46.6339319],[0.3593356,46.633897],[0.3591932,46.6338958],[0.3590277,46.6339092],[0.3590666,46.6339664],[0.358634,46.634074],[0.358607,46.6340171],[0.3583992,46.6340869],[0.3580175,46.6342142],[0.3579352,46.6342511],[0.3579011,46.6342841],[0.3578833,46.6343184],[0.3578752,46.6343326]]],[[[0.3573449,46.63587],[0.3573498,46.635826],[0.3573568,46.6343982],[0.3573895,46.6343714],[0.3573683,46.6340725],[0.3573682,46.6340428],[0.3572238,46.6340824],[0.3570952,46.634105],[0.3570083,46.6341245],[0.3569174,46.6341305],[0.3564771,46.6342134],[0.3564274,46.6342265],[0.3563921,46.6340652],[0.3564985,46.6339828],[0.356731,46.6339626],[0.3567249,46.6339339],[0.3569126,46.6338912],[0.3570334,46.6338521],[0.3571561,46.6337966],[0.3574762,46.6337182],[0.357513,46.6337518],[0.3574847,46.6336631],[0.3574233,46.633676],[0.3572176,46.6337255],[0.3570875,46.6337715],[0.3569586,46.6338319],[0.3568938,46.6338488],[0.3568084,46.6338715],[0.356748,46.6338864],[0.3565687,46.6339181],[0.3564777,46.6339252],[0.3564795,46.6339221],[0.3564154,46.6339247],[0.3561355,46.6340072],[0.3561187,46.6340139],[0.3557204,46.6341192],[0.3554429,46.6342109],[0.3550702,46.6343393],[0.3548278,46.6344421],[0.3545381,46.6345335],[0.3542087,46.6346251],[0.3539937,46.6347152],[0.3537933,46.6348097],[0.3536574,46.6348843],[0.3535858,46.6349848],[0.3535591,46.6350169],[0.3533967,46.6352422],[0.353306,46.6353647],[0.3533138,46.6353895],[0.3535116,46.6363242],[0.3536999,46.6372119],[0.3537376,46.6373885],[0.3538368,46.6377844],[0.3538414,46.6378754],[0.353831,46.6379692],[0.3538969,46.6381374],[0.3539917,46.6380762],[0.3538535,46.6379575],[0.3539495,46.6379126],[0.3540693,46.6378623],[0.354174,46.6379597],[0.354321,46.637865],[0.3547139,46.6377258],[0.354626,46.637638],[0.3547878,46.6375794],[0.3548844,46.6376654],[0.3554705,46.6374581],[0.3561827,46.6373048],[0.3562325,46.6372907],[0.3563191,46.6372773],[0.3563352,46.6373175],[0.3566528,46.637281],[0.3570421,46.6372164],[0.3571899,46.6371952],[0.3572301,46.637191],[0.3575307,46.6371735],[0.357499,46.6369376],[0.3574743,46.6367203],[0.3572507,46.6367346],[0.3572557,46.6368492],[0.3570701,46.6368491],[0.3570696,46.6364973],[0.3570985,46.6363539],[0.3571609,46.6363543],[0.3574196,46.6363766],[0.3574665,46.6362979],[0.3573581,46.6361473],[0.3573449,46.63587]]],[[[0.3381197,46.639891],[0.338269,46.639967],[0.3385556,46.6399011],[0.3386351,46.6400645],[0.3389406,46.6401329],[0.3391093,46.6401103],[0.3392645,46.6400658],[0.3393033,46.6400575],[0.3393828,46.6400144],[0.3394545,46.6399762],[0.3395275,46.6399349],[0.3396204,46.6398902],[0.3397473,46.6397509],[0.3400486,46.6399685],[0.3401777,46.6401126],[0.3402111,46.6401604],[0.3402348,46.6401896],[0.3402537,46.6402033],[0.3402787,46.6402376],[0.340295,46.6402646],[0.3402999,46.6402861],[0.3403028,46.6403231],[0.3402961,46.6403628],[0.340291,46.640379],[0.340243,46.6404453],[0.3402774,46.6404727],[0.3402862,46.6404779],[0.3404206,46.6405547],[0.3404694,46.6405834],[0.3403671,46.6406117],[0.34047,46.6406672],[0.3411275,46.6412417],[0.3413831,46.6414797],[0.3419694,46.6419594],[0.3421609,46.6420814],[0.3423481,46.6421696],[0.342473,46.6421898],[0.3429271,46.6421656],[0.3434876,46.6421469],[0.343784,46.6421528],[0.343903,46.6421515],[0.3442041,46.6421574],[0.3444392,46.6421393],[0.3445415,46.6421428],[0.3446255,46.6421262],[0.3448204,46.6421123],[0.3449593,46.6420962],[0.3450686,46.6420773],[0.3454157,46.6420249],[0.3457293,46.6419831],[0.3459863,46.6419451],[0.3467816,46.641706],[0.3469248,46.6416919],[0.3472335,46.641606],[0.3475876,46.641466],[0.3480145,46.6412899],[0.3483373,46.6412779],[0.3488747,46.6411533],[0.3491507,46.6410933],[0.3494819,46.6409967],[0.3499491,46.6407929],[0.350105,46.6407249],[0.3505047,46.6405359],[0.3507003,46.6404524],[0.3511584,46.6402146],[0.3512937,46.6401514],[0.3512098,46.6401013],[0.3509764,46.639964],[0.3511372,46.6398277],[0.3512407,46.6397422],[0.3513474,46.6396854],[0.3514372,46.6395822],[0.3514171,46.6395357],[0.3514026,46.6395282],[0.351334,46.6394776],[0.351327,46.6394366],[0.3514086,46.639372],[0.3514369,46.6392837],[0.3514389,46.6392746],[0.3515145,46.6393008],[0.3516022,46.6393294],[0.3516404,46.6393426],[0.3516717,46.6393044],[0.351705,46.6392644],[0.3517238,46.6392413],[0.3517505,46.6392092],[0.3517697,46.6391861],[0.3517765,46.6391668],[0.3517682,46.6391523],[0.3517898,46.6390464],[0.3517924,46.638928],[0.3518074,46.638871],[0.3519367,46.6387146],[0.3521178,46.6388312],[0.3524095,46.6386345],[0.3525596,46.6385338],[0.3528392,46.6385851],[0.3530817,46.6382719],[0.3529481,46.6377506],[0.3524146,46.63658],[0.3525256,46.6364262],[0.3521522,46.6350458],[0.3518283,46.6352345],[0.3513259,46.6354959],[0.3504701,46.636068],[0.350415,46.6361046],[0.3497525,46.6368467],[0.349672,46.6370012],[0.3494229,46.6374911],[0.3493333,46.6381065],[0.3492042,46.6382016],[0.3468367,46.6397242],[0.3462534,46.6399692],[0.3457668,46.6401461],[0.3453859,46.6402324],[0.344836,46.6403382],[0.3444518,46.640364],[0.3442456,46.6403592],[0.3438769,46.6402843],[0.3436568,46.6401371],[0.3434134,46.6399546],[0.3432425,46.6398392],[0.3430639,46.6397032],[0.3429053,46.6395124],[0.3426762,46.6391566],[0.34248,46.6388361],[0.3424452,46.6387526],[0.3424422,46.6386625],[0.3424663,46.6384749],[0.3424106,46.638305],[0.3423893,46.6381706],[0.3424011,46.638083],[0.3424462,46.6379461],[0.3424709,46.6378014],[0.3425022,46.6375313],[0.3425152,46.6374171],[0.3425128,46.637097],[0.3424777,46.6369327],[0.3424447,46.6366681],[0.3423914,46.6363941],[0.3423104,46.6362941],[0.3422307,46.6362533],[0.3421972,46.6362086],[0.3421915,46.6361083],[0.3422049,46.635987],[0.342273,46.6359026],[0.3422937,46.6358397],[0.3422697,46.6357615],[0.3422143,46.6357705],[0.3421819,46.6357921],[0.3421752,46.6358401],[0.3421001,46.6358915],[0.3419344,46.6360307],[0.3418894,46.6360113],[0.3418405,46.6359764],[0.3417914,46.6360101],[0.3418415,46.6360449],[0.3418411,46.6360848],[0.3417684,46.63612],[0.3414657,46.6363224],[0.3413181,46.6364294],[0.341117,46.6365699],[0.3410536,46.6366226],[0.3408767,46.6367493],[0.3406748,46.6368734],[0.3406336,46.6368982],[0.3403908,46.6370632],[0.3399364,46.6373766],[0.339578,46.637628],[0.3393528,46.6378037],[0.3391855,46.6379511],[0.339083,46.6380407],[0.3390188,46.6380453],[0.3389459,46.6380201],[0.3389166,46.6380492],[0.338974,46.6380873],[0.3390045,46.6381299],[0.3388464,46.6382969],[0.3387082,46.6384829],[0.3386671,46.638537],[0.3386398,46.6385732],[0.3386543,46.6385828],[0.3386495,46.6385928],[0.3386187,46.6385798],[0.3386387,46.6385731],[0.3384959,46.6385801],[0.3384588,46.6386406],[0.3384229,46.6386991],[0.338442,46.6387025],[0.338468,46.6387246],[0.3384731,46.6387401],[0.3384858,46.6387853],[0.3381197,46.639891]]],[[[0.3410194,46.599089],[0.3409903,46.5990423],[0.3409485,46.5989596],[0.3409119,46.5988902],[0.3408679,46.5988198],[0.3407997,46.5987548],[0.3406665,46.5986893],[0.3405977,46.5986448],[0.3405275,46.5985879],[0.3404096,46.5984819],[0.3402829,46.5983778],[0.3401447,46.5982294],[0.3398444,46.5978515],[0.3397627,46.597734],[0.3394974,46.5974569],[0.3393764,46.5972946],[0.3393426,46.5972561],[0.3392794,46.5971841],[0.3391761,46.5970508],[0.3390785,46.5968993],[0.3390311,46.5968328],[0.3389718,46.5967159],[0.3389298,46.5966045],[0.3389285,46.596535],[0.3389272,46.5964409],[0.3388992,46.59638],[0.3388967,46.5963665],[0.3388884,46.5963195],[0.338713,46.5963623],[0.3385882,46.5960037],[0.3385415,46.5958698],[0.338854,46.5958136],[0.3388026,46.5957726],[0.3386982,46.5956638],[0.3385832,46.5955303],[0.3384845,46.5953981],[0.3383877,46.5952528],[0.3383569,46.5951212],[0.3382798,46.5948536],[0.3382851,46.5947137],[0.338289,46.5946025],[0.3382935,46.5944778],[0.3382854,46.5943713],[0.3382807,46.5943467],[0.3382808,46.5943447],[0.3382775,46.5943241],[0.3382726,46.5943036],[0.3382047,46.5943224],[0.3380113,46.5943721],[0.3379299,46.5943937],[0.3379086,46.59438],[0.3379246,46.5942607],[0.337972,46.5940206],[0.337986,46.5939759],[0.3380234,46.5938756],[0.3380402,46.5938372],[0.3381026,46.5937169],[0.338347,46.5932954],[0.3384471,46.5931576],[0.3387405,46.5929222],[0.3388316,46.5928793],[0.3393237,46.5926383],[0.3394045,46.5926217],[0.3394061,46.5926217],[0.3395362,46.5926616],[0.3395713,46.5927299],[0.339585,46.592812],[0.3396018,46.5928359],[0.3396212,46.5928639],[0.3396377,46.5928889],[0.339662,46.5929047],[0.3396859,46.5929053],[0.3396686,46.5927454],[0.3396484,46.5926121],[0.3396568,46.5925856],[0.3397876,46.5925571],[0.3398512,46.5925554],[0.3398912,46.5925553],[0.339901,46.5927477],[0.3399055,46.5927509],[0.3399141,46.5927522],[0.3399247,46.5927524],[0.3399366,46.5927496],[0.3399456,46.5927487],[0.3399595,46.5927378],[0.3399703,46.5927259],[0.3399832,46.5927097],[0.3400019,46.5926888],[0.3400163,46.5926666],[0.3400233,46.5926432],[0.3400352,46.5925852],[0.3400352,46.5925515],[0.3400414,46.5924893],[0.3399409,46.5925094],[0.3398486,46.5925206],[0.3397835,46.592512],[0.3397353,46.5925026],[0.3397248,46.5924707],[0.3396998,46.5923485],[0.3396935,46.5922359],[0.3396942,46.5922205],[0.3396861,46.5921713],[0.3396806,46.5920986],[0.3397008,46.5920551],[0.3397205,46.5920126],[0.3397497,46.5919918],[0.3397721,46.5919923],[0.3397571,46.5919297],[0.3398168,46.591927],[0.3398196,46.5919905],[0.3398478,46.5919911],[0.3398769,46.5919979],[0.3398942,46.5920115],[0.3399089,46.5920405],[0.3399167,46.5920642],[0.3399348,46.5921515],[0.3399533,46.5922552],[0.3399729,46.5923742],[0.3399877,46.5924329],[0.339997,46.5924515],[0.340011,46.5924691],[0.3400212,46.5924776],[0.3400285,46.5924818],[0.3400357,46.5924851],[0.3400401,46.5924852],[0.3400351,46.5920732],[0.3400568,46.5920777],[0.3400956,46.5920786],[0.3401522,46.5920677],[0.3401766,46.592058],[0.3402068,46.5920495],[0.3402429,46.592034],[0.3402448,46.5920268],[0.3402433,46.5919686],[0.3402431,46.5919092],[0.3402426,46.5918868],[0.3402151,46.591423],[0.3402138,46.5913853],[0.3402154,46.5907739],[0.3402381,46.5907673],[0.3402848,46.5907511],[0.3403196,46.5907376],[0.3403575,46.5907241],[0.3404018,46.5906985],[0.3404107,46.5906936],[0.3404064,46.5906619],[0.3404392,46.5906566],[0.3404947,46.5906424],[0.3405751,46.5906105],[0.3405872,46.5906047],[0.3406085,46.5905929],[0.3406315,46.5905791],[0.3406576,46.5905593],[0.3406822,46.5905375],[0.340703,46.5905134],[0.3407186,46.5904913],[0.3407363,46.5904651],[0.3407428,46.5904529],[0.3407593,46.5904197],[0.3409745,46.5903888],[0.3409757,46.5903889],[0.3410865,46.5903986],[0.3411029,46.5904001],[0.341172,46.5904057],[0.3413067,46.590417],[0.341291,46.5906099],[0.3413385,46.5906089],[0.3414409,46.5906073],[0.3414449,46.5907422],[0.3413617,46.5907443],[0.3412816,46.5907467],[0.3412597,46.5909791],[0.3412108,46.5909842],[0.3412033,46.590985],[0.3411969,46.5909951],[0.3411798,46.591009],[0.3411766,46.591011],[0.3411602,46.5910178],[0.341126,46.591019],[0.3411039,46.5910144],[0.3410851,46.5910047],[0.3410724,46.5909932],[0.3410656,46.5909787],[0.3410648,46.5909634],[0.341073,46.5909472],[0.3410792,46.5909413],[0.3410654,46.5909184],[0.3410578,46.5908988],[0.3409482,46.5908942],[0.3409414,46.5909697],[0.3409373,46.5910207],[0.3409096,46.5910753],[0.34093,46.5911146],[0.3408351,46.5912024],[0.3407777,46.5912307],[0.3404124,46.5913572],[0.3404177,46.5920421],[0.340542,46.5919224],[0.3406166,46.5918791],[0.3408238,46.5917715],[0.3411855,46.5915897],[0.3414259,46.5914932],[0.3413404,46.5913644],[0.3413616,46.5913557],[0.3413572,46.5913505],[0.3413578,46.5913371],[0.3413661,46.59132],[0.3414514,46.591275],[0.3414995,46.5912628],[0.3415654,46.591253],[0.3417611,46.5915245],[0.3418206,46.5915523],[0.3422304,46.5914443],[0.3423858,46.5914265],[0.3423719,46.591373],[0.3423733,46.5913138],[0.3424811,46.5912968],[0.342522,46.5913979],[0.3428534,46.5913566],[0.3428282,46.591263],[0.342861,46.5912566],[0.3429207,46.5912477],[0.3429284,46.5912745],[0.3430317,46.5912534],[0.3433762,46.5911837],[0.3433597,46.591128],[0.3433956,46.5911167],[0.3435077,46.5910998],[0.3435605,46.5910878],[0.34355,46.5910854],[0.3435123,46.5905806],[0.3435124,46.5905797],[0.3437178,46.5905956],[0.3437033,46.5906199],[0.3436668,46.5910616],[0.3436672,46.5910852],[0.3437103,46.591079],[0.343963,46.591043],[0.3439882,46.5911038],[0.3441458,46.5910891],[0.3445614,46.5910241],[0.3448471,46.5909704],[0.3454307,46.5908602],[0.3456905,46.5908244],[0.3460249,46.5907208],[0.3463707,46.590558],[0.3467627,46.5903023],[0.3467659,46.5903014],[0.3468194,46.5902975],[0.3468565,46.5903014],[0.3468873,46.5903042],[0.3468946,46.5903064],[0.3469143,46.5902977],[0.3469159,46.5902967],[0.3469606,46.5902639],[0.3470027,46.5902537],[0.3469967,46.5902474],[0.3469724,46.5901988],[0.3470957,46.5901628],[0.3471303,46.5901534],[0.3471235,46.5901482],[0.3471075,46.5901376],[0.3471317,46.5901248],[0.3471988,46.5900906],[0.3472418,46.5901181],[0.3472533,46.5901307],[0.3473642,46.5902519],[0.3474262,46.5902267],[0.3475922,46.5901672],[0.3476726,46.5901343],[0.3476922,46.5901265],[0.3478906,46.5900464],[0.3480602,46.5899684],[0.3482391,46.5898868],[0.3482621,46.589872],[0.3482852,46.5898582],[0.3483664,46.5898008],[0.3485692,46.5896603],[0.3486045,46.5896376],[0.3486579,46.5896021],[0.3486884,46.5895813],[0.3487301,46.5895536],[0.3487637,46.5895309],[0.3487896,46.5895141],[0.348851,46.5894696],[0.349697,46.5888186],[0.3497688,46.5887701],[0.3501003,46.588603],[0.3503767,46.5884663],[0.3506017,46.5883549],[0.3506169,46.5883482],[0.3510036,46.588169],[0.3510264,46.5881584],[0.3510567,46.5881477],[0.3510942,46.5881344],[0.3512451,46.5880785],[0.3513136,46.5880504],[0.3513604,46.5880311],[0.3515827,46.5879412],[0.3516338,46.5879219],[0.3517504,46.5878797],[0.3517624,46.5878748],[0.3518715,46.5878241],[0.3518699,46.5878231],[0.3517226,46.5877174],[0.3518197,46.5876399],[0.3518458,46.5876192],[0.3518556,46.587603],[0.3518572,46.5876009],[0.3518745,46.587585],[0.3518805,46.5875821],[0.351955,46.5875409],[0.3519893,46.5875376],[0.3520058,46.587536],[0.3520266,46.5875273],[0.352051,46.5875176],[0.3520981,46.587492],[0.3519586,46.5874039],[0.3519166,46.5873888],[0.3518945,46.5874148],[0.351822,46.5873815],[0.351873,46.5873325],[0.3518615,46.5873271],[0.3518678,46.5873201],[0.3518593,46.5873158],[0.3519251,46.5872459],[0.3519743,46.5872663],[0.3520281,46.5872001],[0.3521359,46.5872078],[0.3520992,46.58726],[0.352135,46.5872814],[0.3520129,46.5873592],[0.3521424,46.5874686],[0.3521927,46.5874411],[0.3521944,46.5874401],[0.3522648,46.5873947],[0.3524328,46.5875038],[0.3524784,46.5874764],[0.3525262,46.5874437],[0.3525676,46.587416],[0.3526658,46.5873477],[0.3526878,46.5873227],[0.3525709,46.5872505],[0.3527603,46.5870166],[0.3528853,46.5870748],[0.3528994,46.5870823],[0.3529202,46.5870582],[0.3530708,46.5868869],[0.3530941,46.5868588],[0.3531256,46.5868248],[0.3531837,46.5867587],[0.3532058,46.5867315],[0.3532621,46.5866696],[0.3533169,46.5866075],[0.3533719,46.5865474],[0.35343,46.5864812],[0.3535835,46.5863079],[0.3536418,46.5862377],[0.3536843,46.5861866],[0.3537683,46.5860802],[0.3538414,46.5859786],[0.3538509,46.5859696],[0.3538539,46.5859635],[0.3539079,46.5858606],[0.3539128,46.5858495],[0.3539669,46.5857116],[0.3539812,46.5856916],[0.3539846,46.5856865],[0.3541154,46.5853737],[0.3541531,46.5852682],[0.354189,46.5850778],[0.3541969,46.5850372],[0.3542012,46.5850127],[0.354223,46.5848956],[0.3542233,46.5848896],[0.3542252,46.5848824],[0.3542301,46.5848467],[0.3542336,46.584806],[0.3542337,46.5848049],[0.3542504,46.5846694],[0.3542569,46.5846245],[0.3542824,46.5844391],[0.354284,46.5844392],[0.3543683,46.584438],[0.3545324,46.5844501],[0.3546883,46.5844761],[0.3546892,46.5844577],[0.3546975,46.5844405],[0.3547164,46.5844144],[0.3547337,46.5843963],[0.3547784,46.5843647],[0.3548194,46.5843432],[0.3548223,46.5843412],[0.3548064,46.5843368],[0.3548017,46.5843367],[0.3548071,46.5843225],[0.3548013,46.5843213],[0.3548082,46.5842999],[0.3548024,46.5842989],[0.354832,46.5842371],[0.3548335,46.584232],[0.3547675,46.5842183],[0.3547657,46.5842223],[0.3546956,46.5842044],[0.3545582,46.5841602],[0.3544104,46.5841201],[0.354271,46.5840922],[0.3542414,46.5840324],[0.3542318,46.5840116],[0.3541811,46.5840565],[0.3539184,46.584121],[0.3538493,46.5841398],[0.3538358,46.5841435],[0.3537862,46.5840351],[0.3534245,46.5840962],[0.3534102,46.5840203],[0.353409,46.5839876],[0.3534149,46.5839866],[0.3534261,46.5839665],[0.3534145,46.5839315],[0.3534132,46.5839252],[0.3534377,46.5839126],[0.3534647,46.5838416],[0.3534712,46.5838367],[0.3535076,46.5837895],[0.3535521,46.5837853],[0.3536654,46.5837696],[0.3536601,46.5837337],[0.3536545,46.5836957],[0.3538544,46.5836646],[0.3538293,46.5835097],[0.3537115,46.5835233],[0.3536594,46.5835302],[0.3536394,46.5834583],[0.3535991,46.5834553],[0.3536085,46.5835127],[0.3535826,46.5835224],[0.3534998,46.5835234],[0.3534668,46.5835238],[0.3533868,46.583526],[0.3533854,46.5834973],[0.3533408,46.5834953],[0.3533393,46.5834707],[0.353324,46.5834468],[0.3533444,46.5834217],[0.3533586,46.5834364],[0.3533986,46.5834364],[0.3534261,46.5834185],[0.3534578,46.5834356],[0.3535128,46.5834339],[0.3535401,46.5834191],[0.3535751,46.5834342],[0.3536316,46.5834324],[0.3536328,46.583408],[0.35361,46.5833277],[0.35376,46.583324],[0.3537596,46.5831778],[0.3537225,46.583176],[0.3537321,46.5830423],[0.3538627,46.5830422],[0.3538689,46.5829453],[0.3535876,46.5829357],[0.3536025,46.5829034],[0.3536052,46.5828461],[0.3538113,46.5828499],[0.3538179,46.5827366],[0.3538128,46.5825994],[0.3537963,46.5825132],[0.3537695,46.5824268],[0.3537422,46.5823749],[0.3537123,46.5822895],[0.3535972,46.5823104],[0.3535979,46.5822081],[0.3537037,46.5821922],[0.3536994,46.5821266],[0.353697,46.5820224],[0.3536956,46.5819303],[0.3537011,46.581818],[0.3536867,46.5817523],[0.3537082,46.581672],[0.3537399,46.5816012],[0.3537562,46.5816036],[0.3538233,46.5814733],[0.3538381,46.5814429],[0.3538662,46.5814447],[0.3539242,46.5814378],[0.3539807,46.581436],[0.353987,46.5812419],[0.3539956,46.5810101],[0.3539886,46.5810007],[0.3539662,46.5810013],[0.3530965,46.581024],[0.3530234,46.5814537],[0.3529842,46.5816869],[0.3530831,46.5817249],[0.3530889,46.5817271],[0.3531158,46.5817554],[0.3530567,46.5818981],[0.3529664,46.5820781],[0.3526841,46.5820317],[0.3526103,46.5822426],[0.3524025,46.5828245],[0.3526958,46.5828629],[0.3526851,46.5828965],[0.3526814,46.5830057],[0.352674,46.5830373],[0.3526088,46.5830307],[0.3525747,46.5831188],[0.3525419,46.5832448],[0.3524932,46.5833039],[0.3524586,46.5834105],[0.3524532,46.583579],[0.3524088,46.5837007],[0.3523049,46.583733],[0.352316,46.5837466],[0.3523285,46.5837653],[0.352345,46.5837872],[0.3523787,46.5838278],[0.3524179,46.5838778],[0.3524235,46.583882],[0.3524265,46.5838861],[0.3524337,46.5838914],[0.3524453,46.5838948],[0.3524776,46.5838985],[0.3524349,46.5840437],[0.3524246,46.5840782],[0.3520328,46.5840252],[0.351956,46.5840153],[0.3518714,46.5839897],[0.3515183,46.5844151],[0.3511153,46.5849946],[0.3508837,46.5850903],[0.3508442,46.5851375],[0.3506002,46.5854304],[0.3505922,46.5854414],[0.3503907,46.5856831],[0.3503545,46.5857251],[0.3503375,46.5857453],[0.3502147,46.5858916],[0.3500637,46.5860702],[0.3500351,46.5861032],[0.3498495,46.5863228],[0.3495247,46.5862069],[0.3495682,46.5861669],[0.3496612,46.5860833],[0.3496641,46.5860802],[0.3497255,46.5860357],[0.3495641,46.5859124],[0.3494617,46.5858251],[0.3494358,46.5858337],[0.349427,46.5858376],[0.3493636,46.5858596],[0.3493103,46.5858911],[0.3492559,46.5859379],[0.3491991,46.5860103],[0.3491006,46.586148],[0.3490323,46.5862712],[0.3490048,46.586344],[0.3490034,46.5864054],[0.3490115,46.5864495],[0.3490377,46.58649],[0.3490666,46.5865081],[0.3491166,46.5865195],[0.3493178,46.5864944],[0.3495618,46.586451],[0.3497682,46.586415],[0.349125,46.5871923],[0.3489415,46.5873383],[0.3488057,46.5873894],[0.348717,46.5873515],[0.3486814,46.5873578],[0.3486404,46.5873477],[0.3485905,46.5873322],[0.3485414,46.5873035],[0.3484874,46.5872613],[0.3484415,46.5872286],[0.3483732,46.5871984],[0.3482858,46.5871973],[0.3481888,46.5872105],[0.3480378,46.5872683],[0.3479648,46.5873014],[0.3478706,46.5873513],[0.347799,46.5873895],[0.3475571,46.5875188],[0.3475018,46.5875502],[0.3474563,46.5875758],[0.3473978,46.5876163],[0.3473928,46.5876306],[0.3473791,46.5876711],[0.3473711,46.5877138],[0.3475146,46.5878428],[0.3475642,46.5878881],[0.3475959,46.5879368],[0.3476094,46.5879657],[0.3476319,46.5880184],[0.3476666,46.5880712],[0.3476802,46.588088],[0.3477646,46.5881839],[0.3478483,46.5882595],[0.3478652,46.5882507],[0.3479051,46.5882854],[0.3479475,46.5883242],[0.3478448,46.5883965],[0.3477555,46.588467],[0.3474113,46.588739],[0.3471212,46.5889726],[0.3470088,46.5890589],[0.3469119,46.5891333],[0.3468581,46.589175],[0.3467789,46.5891272],[0.3467604,46.5891687],[0.3466987,46.5892428],[0.346663,46.5892768],[0.3465497,46.5893804],[0.3464406,46.5894638],[0.3463831,46.5895167],[0.3463383,46.5895513],[0.3462795,46.5895746],[0.3462362,46.5895797],[0.3460783,46.5895923],[0.3458746,46.5896694],[0.3456996,46.5897605],[0.3454943,46.5898957],[0.3455205,46.5899608],[0.3455436,46.5899766],[0.3455535,46.5900156],[0.3453843,46.5900853],[0.3453267,46.5901086],[0.3450894,46.5901992],[0.3448821,46.5902526],[0.3445927,46.5903174],[0.3442151,46.590368],[0.3439163,46.5903528],[0.3437583,46.5903441],[0.3436559,46.5903458],[0.343504,46.5902942],[0.343331,46.5902881],[0.3430942,46.5902786],[0.3430735,46.5902781],[0.3428774,46.5902541],[0.3426985,46.5902408],[0.3425685,46.5902306],[0.3424341,46.5902203],[0.3423248,46.5902117],[0.3422157,46.590204],[0.3420958,46.5901951],[0.3419865,46.5901864],[0.3418771,46.5901778],[0.3417412,46.5901674],[0.3412703,46.5901279],[0.340897,46.5900885],[0.34068,46.5901643],[0.3406151,46.5901218],[0.3406321,46.5901744],[0.340641,46.5902001],[0.3406322,46.5902286],[0.3406206,46.590257],[0.3405999,46.59028],[0.3405863,46.5903175],[0.3405862,46.5903512],[0.3405819,46.5903757],[0.3405724,46.5903938],[0.3405504,46.5904189],[0.3405256,46.5904367],[0.3404998,46.5904515],[0.3404876,46.5904593],[0.3404645,46.5904751],[0.3404332,46.5904826],[0.3404046,46.5904891],[0.3403836,46.5904947],[0.3403444,46.590501],[0.3402997,46.5905091],[0.3402582,46.5905082],[0.3402555,46.5905081],[0.3402153,46.5905051],[0.3401746,46.5904858],[0.3401396,46.5904492],[0.3401144,46.5904179],[0.3400926,46.5903766],[0.3400779,46.5903465],[0.340038,46.5903129],[0.3399791,46.5902748],[0.3399244,46.5902397],[0.3398548,46.5902116],[0.3397731,46.590182],[0.3397173,46.5901695],[0.3396875,46.5901688],[0.3396519,46.5901762],[0.3396216,46.5901867],[0.3395957,46.5902025],[0.3395665,46.5902222],[0.3395473,46.5902453],[0.3395466,46.5902607],[0.3395388,46.5902748],[0.339526,46.5902887],[0.3394988,46.5903004],[0.3394642,46.5903098],[0.3392626,46.5903439],[0.3392071,46.590357],[0.3391552,46.5903824],[0.3391145,46.5904305],[0.339088,46.590483],[0.3390761,46.5905747],[0.3390985,46.5906049],[0.3391192,46.5906381],[0.3391347,46.5906814],[0.3388277,46.5911956],[0.3388607,46.5911617],[0.3389074,46.5911137],[0.3389651,46.5910557],[0.3389887,46.5910307],[0.3390666,46.5909517],[0.3391025,46.5909158],[0.3391384,46.5908788],[0.3392225,46.5907949],[0.3392595,46.5907681],[0.339293,46.5907802],[0.3392993,46.5908601],[0.3393395,46.5910716],[0.3393574,46.5911629],[0.3394146,46.5913891],[0.3393981,46.5915094],[0.3393863,46.5915981],[0.339345,46.5916247],[0.3392582,46.5915573],[0.3391982,46.5915078],[0.339067,46.5914005],[0.3388191,46.5915552],[0.3385698,46.591716],[0.3383842,46.5918395],[0.338296,46.591911],[0.3384558,46.5920099],[0.3385293,46.5920545],[0.3384679,46.5921],[0.3382707,46.5923071],[0.3381827,46.5923838],[0.3381001,46.5923409],[0.3380175,46.5922982],[0.3379479,46.5923578],[0.3378491,46.5924383],[0.3378262,46.5924255],[0.3376599,46.5926109],[0.3376973,46.592631],[0.3377134,46.5926397],[0.3377021,46.5926537],[0.3376806,46.5926676],[0.3376669,46.5926764],[0.3376481,46.5926677],[0.3376178,46.5926538],[0.3375087,46.5927596],[0.3374742,46.5927997],[0.3374334,46.5928406],[0.3373682,46.5929076],[0.3373258,46.5929485],[0.3372964,46.5929805],[0.337308,46.5929839],[0.3372481,46.5930541],[0.3371836,46.5931302],[0.3371689,46.5931258],[0.3371643,46.5931319],[0.337048,46.5932979],[0.3370416,46.5933079],[0.337011,46.5933562],[0.336961,46.5934645],[0.3368857,46.5936099],[0.3368521,46.5936633],[0.3368558,46.5937073],[0.3368618,46.5937699],[0.3368438,46.5938963],[0.3367987,46.5940577],[0.3367847,46.5942557],[0.3366942,46.5942525],[0.3365274,46.5943857],[0.3365195,46.5944908],[0.3365141,46.5946],[0.3365099,46.5946868],[0.3364684,46.5947492],[0.3364136,46.5948675],[0.336499,46.5948767],[0.336494,46.594948],[0.3364892,46.5949898],[0.3364105,46.5949871],[0.336413,46.5949994],[0.3364225,46.595014],[0.3364715,46.5950785],[0.3364593,46.5951436],[0.3364537,46.5952906],[0.3364296,46.5953259],[0.3364026,46.595364],[0.336373,46.5954236],[0.3364486,46.5954254],[0.3366201,46.5954305],[0.336709,46.5954325],[0.3367521,46.5954335],[0.3367803,46.5955865],[0.3367345,46.5955845],[0.3366324,46.595579],[0.3366813,46.5957589],[0.3367934,46.5961684],[0.3367961,46.5961685],[0.3368632,46.5961598],[0.3368904,46.5961564],[0.3368962,46.5961821],[0.336919,46.5962379],[0.3369884,46.5964225],[0.3369932,46.5965084],[0.3370076,46.5965741],[0.3370116,46.5965885],[0.3369799,46.5965961],[0.3369199,46.596611],[0.3369857,46.596869],[0.3370262,46.5970111],[0.3370546,46.5970077],[0.3370889,46.5970043],[0.3371129,46.5970028],[0.3371387,46.5970208],[0.3371587,46.5970592],[0.337167,46.5970757],[0.337221,46.5972139],[0.3371911,46.597248],[0.3371673,46.5972535],[0.3371209,46.5972637],[0.3370954,46.5972631],[0.3371131,46.5973269],[0.3371908,46.5974371],[0.3373169,46.5976169],[0.337433,46.5977616],[0.3374758,46.5978229],[0.3375938,46.5979923],[0.3377217,46.5981681],[0.3377937,46.598274],[0.3379406,46.5984778],[0.3380367,46.5986057],[0.3381095,46.5986954],[0.3382221,46.5988226],[0.3383542,46.5989679],[0.338623,46.5992051],[0.3388533,46.5994108],[0.3391411,46.599676],[0.3394384,46.5999703],[0.3395317,46.600092],[0.3401352,46.6006131],[0.3404633,46.6009038],[0.3406987,46.6010934],[0.3408636,46.6012433],[0.3410018,46.6013589],[0.3413292,46.6016088],[0.3414751,46.6017216],[0.3415453,46.6016803],[0.3418748,46.6018862],[0.3421502,46.6019887],[0.3422204,46.6020374],[0.342399,46.6021775],[0.3424052,46.6021715],[0.342425,46.6021586],[0.3424431,46.6021499],[0.3424672,46.6021464],[0.3424922,46.602149],[0.3425169,46.6021567],[0.3425272,46.602163],[0.3425456,46.6021799],[0.3425607,46.6022079],[0.3425649,46.6022407],[0.3425713,46.6022632],[0.3425736,46.6022725],[0.3425831,46.6022953],[0.3426016,46.60231],[0.3426178,46.6023073],[0.3426327,46.6023056],[0.3426386,46.6023057],[0.3426658,46.6023044],[0.3426877,46.6023049],[0.3427068,46.6023073],[0.342711,46.6023176],[0.3427194,46.6023536],[0.3427493,46.6024729],[0.3427816,46.6024766],[0.3428892,46.6024668],[0.3429156,46.6024716],[0.3428224,46.6025257],[0.3428357,46.602526],[0.3428577,46.6025326],[0.342875,46.6025402],[0.342891,46.6025508],[0.343037,46.602683],[0.3430685,46.6027061],[0.3430956,46.6027293],[0.343117,46.6027492],[0.3431463,46.6027581],[0.3431784,46.602768],[0.3432135,46.6027801],[0.3432453,46.6027951],[0.3432754,46.6028132],[0.3433142,46.6028366],[0.3433338,46.6028626],[0.3433526,46.6029019],[0.3433693,46.6029299],[0.3433868,46.6029639],[0.3434136,46.6029952],[0.3434548,46.6030259],[0.3434892,46.6030532],[0.3435294,46.6030808],[0.3436446,46.6031786],[0.343709,46.6032321],[0.3437834,46.6032829],[0.3438531,46.6033172],[0.3438884,46.6033487],[0.3439141,46.6033698],[0.3439764,46.6034018],[0.3440238,46.6034358],[0.3441514,46.6035532],[0.3442082,46.6036025],[0.3442426,46.6036299],[0.3442842,46.6036922],[0.3443439,46.6037467],[0.3444325,46.6038112],[0.3445395,46.6039015],[0.3447358,46.6040738],[0.3449692,46.6042723],[0.3450568,46.6043337],[0.3451418,46.6043836],[0.3451429,46.6045146],[0.3450336,46.6047134],[0.3450116,46.6048355],[0.3450573,46.604991],[0.3451667,46.6049679],[0.3452162,46.6049578],[0.3452298,46.6050727],[0.3453414,46.6051233],[0.3453226,46.6051474],[0.345356,46.6052177],[0.3453666,46.6052435],[0.3453787,46.6052754],[0.3452708,46.6053568],[0.3452215,46.6053955],[0.3452412,46.605441],[0.3453113,46.6057737],[0.3454391,46.6057103],[0.3456653,46.605598],[0.3457072,46.6056796],[0.3457187,46.6056933],[0.3457356,46.6057089],[0.3457326,46.6057385],[0.345731,46.605804],[0.345722,46.6058038],[0.3456798,46.6058476],[0.3456359,46.6058641],[0.3456481,46.6058879],[0.345745,46.6059105],[0.3458945,46.6058853],[0.3459761,46.6058832],[0.3460096,46.6058716],[0.3460324,46.6058885],[0.3460816,46.6059409],[0.3460286,46.6059652],[0.3460433,46.6060012],[0.3460472,46.6060423],[0.3460548,46.6061589],[0.3458359,46.6062653],[0.3457663,46.6063251],[0.3457393,46.606397],[0.3457404,46.6064298],[0.3457361,46.6064306],[0.3458599,46.6065367],[0.3457149,46.6066162],[0.3455842,46.6064741],[0.3455645,46.6064512],[0.3455096,46.6063866],[0.345473,46.606349],[0.3452105,46.6060699],[0.3451937,46.6060531],[0.3451672,46.6060812],[0.3451091,46.6061146],[0.3450957,46.606149],[0.3451185,46.6061965],[0.3451946,46.606276],[0.345306,46.6063951],[0.3453327,46.6064275],[0.3453722,46.6064703],[0.3454907,46.6065967],[0.345767,46.6068904],[0.3457861,46.6068918],[0.3460713,46.6071887],[0.3462025,46.6071437],[0.3463807,46.6073492],[0.3464567,46.6073745],[0.3465409,46.6074092],[0.346686,46.6075077],[0.3467483,46.6075723],[0.3467667,46.6075882],[0.346784,46.6075967],[0.3467612,46.6076371],[0.3467322,46.6076855],[0.3469041,46.6078756],[0.3470038,46.6079872],[0.3470468,46.6080209],[0.3471095,46.6080378],[0.3471888,46.6080293],[0.3472663,46.6080168],[0.3473328,46.6080266],[0.3474108,46.6080365],[0.3474398,46.608077],[0.3474653,46.6081083],[0.3474911,46.6081519],[0.3475236,46.6081842],[0.3475509,46.6082033],[0.3476055,46.6082414],[0.3476545,46.6082742],[0.3476879,46.6083139],[0.3477255,46.6083638],[0.3477629,46.6084239],[0.3478035,46.6084678],[0.3478828,46.6085157],[0.347945,46.6085825],[0.3480854,46.6087104],[0.3481942,46.6087968],[0.3482749,46.6088713],[0.3484147,46.6089879],[0.3484632,46.6090555],[0.3484996,46.6091054],[0.3485193,46.6091509],[0.3485306,46.609193],[0.3485039,46.6092251],[0.3484878,46.6092503],[0.3484722,46.6093287],[0.3484755,46.6093819],[0.3485149,46.6094258],[0.34859,46.6094703],[0.3487149,46.6095243],[0.3489634,46.6096313],[0.3490487,46.6096753],[0.3491748,46.6096147],[0.3493891,46.6097486],[0.3494463,46.6097907],[0.3495422,46.6098655],[0.3495902,46.6099116],[0.34964,46.6099607],[0.3496721,46.6100014],[0.3496936,46.6100101],[0.3497402,46.6100051],[0.3497776,46.6099926],[0.3498047,46.6099596],[0.3498191,46.6099394],[0.3498206,46.6099067],[0.3497103,46.6096997],[0.349696,46.6096637],[0.3496179,46.6094399],[0.3494806,46.6090616],[0.3493985,46.6088227],[0.3490791,46.6079239],[0.3490845,46.6079035],[0.3490974,46.6078793],[0.3491288,46.6078463],[0.3491654,46.6078278],[0.3492449,46.6078071],[0.349234,46.6077873],[0.3492213,46.6077422],[0.3491717,46.6076029],[0.3491183,46.6074269],[0.348912,46.607458],[0.3488637,46.6072912],[0.3488237,46.6071707],[0.3487304,46.6068885],[0.3486397,46.6066237],[0.3485546,46.6063917],[0.348461,46.606179],[0.3483394,46.6059063],[0.3482652,46.6057543],[0.348219,46.6056643],[0.3481485,46.6055348],[0.3480743,46.6054074],[0.3479741,46.6052416],[0.3479221,46.6051596],[0.3477561,46.6049114],[0.3476979,46.6048262],[0.3475505,46.6046235],[0.3474348,46.6044726],[0.3472779,46.6042788],[0.3471308,46.6041036],[0.3468674,46.6038195],[0.3470048,46.6037123],[0.346955,46.6036641],[0.3469327,46.6036708],[0.3469043,46.6036415],[0.3468336,46.6036593],[0.3467851,46.6036499],[0.3467172,46.6036187],[0.3466528,46.6035396],[0.3465648,46.6034557],[0.3464974,46.6034051],[0.3464184,46.6033298],[0.3462879,46.6032061],[0.3461746,46.603093],[0.3460497,46.6030093],[0.3459015,46.6028547],[0.3458938,46.6028606],[0.3457404,46.6027262],[0.3453957,46.6024606],[0.3449758,46.6021606],[0.3446177,46.601906],[0.3445873,46.6018848],[0.3445787,46.6018775],[0.3441444,46.6015678],[0.343464,46.6011105],[0.3434198,46.6010757],[0.343302,46.6010228],[0.3432085,46.6009635],[0.3431443,46.600913],[0.3430696,46.6008366],[0.3429434,46.6007457],[0.3428368,46.6006492],[0.3426818,46.6005475],[0.342458,46.6003604],[0.3424011,46.600312],[0.3420167,46.6000424],[0.3418071,46.5999026],[0.3416529,46.5997825],[0.3415439,46.5997022],[0.3414453,46.5996254],[0.3413697,46.5995674],[0.3412878,46.5994786],[0.3412049,46.5993857],[0.3411465,46.5993056],[0.341052,46.5991439],[0.3410194,46.599089]],[[0.3517953,46.5862563],[0.3521727,46.5859922],[0.3525135,46.5857547],[0.3528595,46.5860162],[0.3523835,46.5863487],[0.3520839,46.5865349],[0.3517724,46.5866943],[0.3515474,46.5868056],[0.3513102,46.5868718],[0.3510179,46.5869324],[0.3505891,46.5870022],[0.349909,46.5870489],[0.3501476,46.5866894],[0.3505339,46.5866708],[0.3508127,46.5866385],[0.3511131,46.5865635],[0.3514861,46.586423],[0.3516768,46.5863385],[0.3517953,46.5862563]],[[0.349517,46.5881909],[0.3491799,46.5884151],[0.3491651,46.5884464],[0.3491522,46.5884369],[0.348663,46.5880985],[0.3488645,46.5878895],[0.3489821,46.5878166],[0.349517,46.5881909]],[[0.3476352,46.5896878],[0.3477354,46.5896676],[0.3477686,46.5897175],[0.3476004,46.5897902],[0.3475615,46.5897351],[0.347552,46.5897226],[0.347599,46.5896992],[0.3476352,46.5896878]],[[0.3475256,46.589588],[0.3474746,46.5895716],[0.3474145,46.5895906],[0.3473682,46.5895364],[0.3473112,46.5894912],[0.3472622,46.5895228],[0.3472505,46.5895122],[0.3472223,46.5894891],[0.3473126,46.5894299],[0.3474796,46.5893489],[0.3476362,46.5894833],[0.3476501,46.5895266],[0.3475256,46.589588]],[[0.346034,46.6033955],[0.3459792,46.603482],[0.3458293,46.6036044],[0.3456442,46.6036931],[0.3454084,46.6037192],[0.3452862,46.6036765],[0.3450111,46.6035026],[0.3448412,46.6033678],[0.3444139,46.6029807],[0.3442947,46.6028992],[0.3442643,46.602879],[0.3441915,46.6028273],[0.3439958,46.6026112],[0.3437557,46.602398],[0.3434074,46.6021171],[0.3430317,46.6018844],[0.3424433,46.6014477],[0.3424004,46.6013873],[0.3424937,46.6013302],[0.3425916,46.6012701],[0.3427307,46.6012161],[0.3428674,46.6012674],[0.3430056,46.6013839],[0.3432858,46.6015725],[0.343861,46.6019354],[0.3442613,46.6021542],[0.3445686,46.6023577],[0.3448889,46.6025439],[0.3452726,46.6027962],[0.3456293,46.6030569],[0.345976,46.6033062],[0.346034,46.6033955]],[[0.3395953,46.5906594],[0.3396295,46.5906582],[0.3396502,46.5906596],[0.3396708,46.5906622],[0.3396855,46.5906676],[0.3397001,46.5906741],[0.3397087,46.5906815],[0.3397168,46.5906929],[0.3397237,46.5907043],[0.3397516,46.5907755],[0.3397887,46.5907692],[0.3398999,46.5911664],[0.3399333,46.5913011],[0.3399346,46.5913061],[0.3399619,46.5914448],[0.3399452,46.5914496],[0.3396586,46.5915227],[0.3396243,46.5915259],[0.3396078,46.5915265],[0.3395945,46.5915252],[0.3395813,46.5915229],[0.3395654,46.5915205],[0.3395507,46.591516],[0.3395392,46.5915096],[0.3395277,46.591497],[0.3395239,46.5914867],[0.3395137,46.5914537],[0.3395225,46.5914519],[0.3394439,46.5912386],[0.3394112,46.5910661],[0.3393551,46.5907857],[0.3393559,46.5907694],[0.3393595,46.590752],[0.3393709,46.590735],[0.3393882,46.5907088],[0.3393991,46.5907029],[0.3394203,46.5906941],[0.3394398,46.5906896],[0.3395953,46.5906594]],[[0.3381786,46.593132],[0.3381512,46.593115],[0.3383137,46.5929757],[0.3385726,46.5927802],[0.3386961,46.5927075],[0.3389412,46.5925782],[0.3388928,46.5925352],[0.3392305,46.5923632],[0.3393736,46.5922827],[0.3394519,46.592261],[0.3395497,46.5922335],[0.3395999,46.5924504],[0.3394212,46.5925537],[0.3392652,46.5926247],[0.3392198,46.5926389],[0.3388282,46.5928282],[0.3387885,46.5928476],[0.3387029,46.5928978],[0.3386197,46.5929633],[0.3384005,46.5931412],[0.3383591,46.5932005],[0.3383134,46.5931974],[0.3382952,46.5932011],[0.3381786,46.593132]],[[0.3375747,46.5946237],[0.3374838,46.5946308],[0.3374749,46.5944843],[0.3374722,46.5943882],[0.3374795,46.5942065],[0.3375803,46.5942057],[0.3378859,46.5942016],[0.3378589,46.5943298],[0.3378554,46.5944645],[0.3378552,46.5945004],[0.337859,46.5946006],[0.3375747,46.5946237]]],[[[0.3523029,46.5791095],[0.3525213,46.5792863],[0.3525295,46.5792937],[0.3526375,46.5794279],[0.3527373,46.5795682],[0.3527567,46.5795953],[0.3527831,46.5796337],[0.3527912,46.5796758],[0.3527939,46.5796841],[0.3528485,46.5800523],[0.3529705,46.5800439],[0.3530969,46.5800396],[0.3530946,46.5800222],[0.3531111,46.5800216],[0.353113,46.5800391],[0.3531397,46.5800375],[0.3531535,46.5801247],[0.3531554,46.5801422],[0.3531624,46.580217],[0.3531623,46.580219],[0.3531626,46.5803008],[0.3531639,46.5803059],[0.3531465,46.5804538],[0.3531304,46.5805352],[0.3531097,46.5805338],[0.3531009,46.5806265],[0.353088,46.5807714],[0.3530854,46.5807917],[0.3530496,46.580891],[0.3530215,46.5809201],[0.3530064,46.5809494],[0.3530468,46.5809483],[0.3539565,46.5809274],[0.3538888,46.5808287],[0.3538868,46.5808042],[0.3538861,46.5806651],[0.353812,46.5806665],[0.3537382,46.5805953],[0.3537376,46.5805512],[0.3537329,46.580494],[0.3537342,46.5804029],[0.3537348,46.5803345],[0.353735,46.580266],[0.3537348,46.5801812],[0.3537347,46.5800626],[0.3538575,46.5800685],[0.3538606,46.5799081],[0.3538631,46.5797671],[0.3538622,46.5797211],[0.3538634,46.579673],[0.3538642,46.579624],[0.3538123,46.5796268],[0.3538034,46.5795612],[0.3535033,46.5795738],[0.3534959,46.579548],[0.3534853,46.5795487],[0.3534821,46.5794945],[0.3534822,46.5794915],[0.3534703,46.5794942],[0.3534653,46.5793796],[0.3534641,46.5793489],[0.3537267,46.5793407],[0.3537009,46.5792011],[0.3537001,46.5791306],[0.3536987,46.5789731],[0.3536775,46.5788929],[0.3536506,46.5788013],[0.3537016,46.5787933],[0.3536468,46.5786386],[0.3536298,46.5785923],[0.3535815,46.5784573],[0.3535633,46.5784047],[0.353457,46.5781476],[0.3534388,46.5780941],[0.3533339,46.5777206],[0.3532403,46.577421],[0.3532223,46.5773643],[0.3532149,46.5773397],[0.3530714,46.5773639],[0.3529828,46.5773813],[0.3526034,46.5774441],[0.3524965,46.5774508],[0.3524952,46.5774447],[0.3523736,46.5774705],[0.3523737,46.5774694],[0.3523725,46.5774694],[0.3523757,46.5774603],[0.3522701,46.5774722],[0.352272,46.5774895],[0.3522625,46.5775302],[0.3523313,46.5775829],[0.352386,46.5777396],[0.3522731,46.5777728],[0.3522109,46.5777366],[0.352098,46.5776583],[0.352077,46.5776292],[0.3520386,46.5775976],[0.3519783,46.5775564],[0.3518814,46.5775337],[0.3518131,46.5775351],[0.3517648,46.5775535],[0.3517516,46.5775838],[0.3511719,46.57801],[0.3522734,46.5788297],[0.3524492,46.5789718],[0.352482,46.5789971],[0.3524574,46.5790118],[0.3523029,46.5791095]]],[[[0.352714,46.577],[0.3528768,46.577159],[0.3529787,46.5771338],[0.3530778,46.5771106],[0.3532004,46.5770899],[0.3533348,46.5770664],[0.3532575,46.576947],[0.3532449,46.5769325],[0.3531891,46.5768627],[0.353159,46.5768365],[0.3531161,46.5768395],[0.353009,46.5768749],[0.3527747,46.5769696],[0.352714,46.577]]],[[[0.3395242,46.5753468],[0.33953,46.575349],[0.3395315,46.575349],[0.339707,46.5754001],[0.3398159,46.5754405],[0.339972,46.5754942],[0.3401701,46.5755643],[0.3403028,46.5756153],[0.3403912,46.5756512],[0.3405258,46.5757197],[0.3406793,46.5757958],[0.3408662,46.575885],[0.341008,46.5759497],[0.341054,46.5758914],[0.341319,46.5759876],[0.3414807,46.5760465],[0.3419467,46.5762158],[0.3422224,46.576309],[0.3422781,46.5763237],[0.342486,46.5763765],[0.3425549,46.5763944],[0.3425962,46.5764005],[0.3425962,46.5763996],[0.342614,46.5763642],[0.3426193,46.576352],[0.3430741,46.5764147],[0.3433655,46.5764582],[0.3436408,46.5764953],[0.3437368,46.5765047],[0.3437368,46.5765036],[0.3437491,46.5764702],[0.3437742,46.5763799],[0.3440467,46.5764117],[0.3440191,46.5765267],[0.3440675,46.5765307],[0.3445846,46.5764477],[0.3445513,46.5761597],[0.3446704,46.5761758],[0.344756,46.5761572],[0.3449202,46.5760446],[0.345035,46.5759971],[0.3447911,46.5758944],[0.3444793,46.5757788],[0.3445507,46.5756812],[0.3448771,46.5758033],[0.3451238,46.5755433],[0.345263,46.5756068],[0.3452988,46.5756363],[0.3453166,46.5757287],[0.3454518,46.5757778],[0.3456919,46.5757803],[0.3456659,46.5758247],[0.3455703,46.5760238],[0.3455075,46.5761533],[0.3455995,46.5761882],[0.3457885,46.5762589],[0.3459195,46.576313],[0.346094,46.5763775],[0.3461071,46.5763572],[0.3461664,46.5762667],[0.3465316,46.5763722],[0.3463828,46.5766263],[0.3465838,46.5766688],[0.3466228,46.5766003],[0.3470456,46.5767164],[0.3472661,46.5762687],[0.3475829,46.5763383],[0.3475977,46.57631],[0.3482354,46.5764547],[0.3481877,46.5765476],[0.3488157,46.5767481],[0.3493563,46.5768752],[0.3496346,46.576946],[0.3498049,46.5770073],[0.350093,46.5771519],[0.3503634,46.5772901],[0.3504565,46.5773576],[0.3505527,46.5774273],[0.350441,46.5775239],[0.3503931,46.5775667],[0.3504561,46.577608],[0.3509718,46.5779481],[0.3515795,46.577494],[0.351661,46.5774315],[0.3516825,46.5774156],[0.3516468,46.5773606],[0.3516591,46.5773496],[0.3517336,46.5772839],[0.3517764,46.5772583],[0.3516567,46.577189],[0.3523053,46.5766501],[0.3517355,46.5763915],[0.3515602,46.5765552],[0.3513877,46.5767167],[0.3513704,46.5767327],[0.3513095,46.5767037],[0.3506102,46.5763675],[0.3504564,46.5762985],[0.3503663,46.5762566],[0.349626,46.5759083],[0.3494,46.5758234],[0.3480501,46.5753586],[0.3476696,46.5752281],[0.3476749,46.5751823],[0.3474357,46.575097],[0.3472842,46.5750445],[0.3467587,46.5748186],[0.3465617,46.5746627],[0.3465843,46.5745928],[0.3465878,46.5745203],[0.3466742,46.5743649],[0.3466585,46.5743175],[0.3465927,46.5742996],[0.346556,46.5742967],[0.3465067,46.5743026],[0.3464551,46.574324],[0.346398,46.574337],[0.3463911,46.5743348],[0.3463831,46.5743458],[0.3463636,46.5743761],[0.3462964,46.5744767],[0.3446152,46.5739644],[0.3436785,46.5737229],[0.3428277,46.5735038],[0.342642,46.5734556],[0.3424515,46.5734062],[0.3422569,46.5733556],[0.3420595,46.573304],[0.3419277,46.5732673],[0.3412557,46.5730942],[0.3405769,46.5729169],[0.3401989,46.5728143],[0.340106,46.5727844],[0.3396794,46.5726834],[0.3384235,46.5723578],[0.3380062,46.572253],[0.3379272,46.5722328],[0.337422,46.5721055],[0.3357137,46.5716701],[0.3354149,46.5715937],[0.3349494,46.5717433],[0.3348073,46.5717165],[0.3347114,46.5717041],[0.3346278,46.5716838],[0.334577,46.5716652],[0.3345441,46.5717289],[0.3343069,46.571666],[0.3341316,46.571619],[0.3340817,46.5716066],[0.3338562,46.5715543],[0.3337122,46.5715254],[0.3336815,46.5715748],[0.333667,46.571599],[0.3336346,46.5716524],[0.3336316,46.5716584],[0.3333733,46.5716033],[0.3331095,46.57154],[0.3330219,46.5715185],[0.3330249,46.5715135],[0.3330394,46.5714893],[0.3330615,46.5714316],[0.3330773,46.5713798],[0.3329133,46.5713433],[0.3326614,46.571277],[0.3315128,46.5709712],[0.3310536,46.5708491],[0.3306151,46.5707193],[0.3302277,46.5706121],[0.3301432,46.5707614],[0.3299969,46.5707232],[0.3300842,46.570573],[0.3299307,46.5705295],[0.329794,46.5704813],[0.3298383,46.5704252],[0.3298982,46.5703468],[0.3299221,46.5703147],[0.3299806,46.5702404],[0.3299823,46.5702384],[0.3299471,46.5702273],[0.3297046,46.5701542],[0.3295631,46.5701059],[0.3294044,46.5700511],[0.3293199,46.5700225],[0.3291531,46.5699471],[0.3289395,46.5698277],[0.3288897,46.5697896],[0.3288708,46.5698076],[0.3286698,46.5700044],[0.3286542,46.5699958],[0.3286282,46.5699829],[0.3285405,46.5699246],[0.3283861,46.5698137],[0.3283889,46.5698106],[0.3284424,46.5697516],[0.3284908,46.5696996],[0.3285235,46.5696635],[0.3285613,46.5696216],[0.3286084,46.5695705],[0.3286184,46.5695114],[0.3285697,46.5695134],[0.3284926,46.5695116],[0.3284282,46.5694988],[0.3282732,46.5694778],[0.3282561,46.5694989],[0.3282125,46.5695408],[0.3281503,46.5696017],[0.3281236,46.5696277],[0.3280777,46.5695959],[0.3279584,46.5695195],[0.3279515,46.5695162],[0.3279081,46.5694917],[0.3278689,46.5694744],[0.3277875,46.5694409],[0.3277599,46.569429],[0.3277512,46.5694288],[0.3276892,46.5694233],[0.3276821,46.569417],[0.327677,46.5693371],[0.327675,46.56929],[0.3276734,46.5692338],[0.3276254,46.5692143],[0.327604,46.5692261],[0.3276273,46.5692941],[0.3276295,46.5693371],[0.3276167,46.5693603],[0.3275983,46.5693987],[0.3275976,46.569413],[0.3274987,46.5694393],[0.3274978,46.5694812],[0.3276212,46.5695076],[0.3277341,46.5695624],[0.3277393,46.570096],[0.3277606,46.5703797],[0.3277487,46.5703825],[0.3277278,46.5703851],[0.3277067,46.5703918],[0.3276948,46.5703956],[0.3276781,46.5704003],[0.3276603,46.5704039],[0.3276395,46.5704035],[0.3275298,46.5704029],[0.3275362,46.5707588],[0.3275375,46.5708212],[0.3275368,46.5708355],[0.3275386,46.5708632],[0.3275781,46.5708723],[0.3276361,46.5708971],[0.3276652,46.5709336],[0.3276712,46.5709961],[0.3276615,46.5710408],[0.3276961,46.5711183],[0.3277538,46.5711882],[0.3277784,46.5712316],[0.3277853,46.5712972],[0.3278186,46.5713143],[0.3278896,46.5713437],[0.3279895,46.5713695],[0.3280978,46.5713914],[0.3282671,46.5714159],[0.3282907,46.5714214],[0.3283608,46.5714385],[0.3284615,46.5714715],[0.3285719,46.5715211],[0.328585,46.5715265],[0.3287203,46.5715808],[0.328763,46.5716114],[0.3289167,46.5716508],[0.3290451,46.5716936],[0.3291962,46.5717534],[0.3292973,46.5717782],[0.3293693,46.5717962],[0.3296161,46.5718705],[0.3297004,46.5719011],[0.3297519,46.5719135],[0.3298662,46.5719417],[0.3299467,46.5719631],[0.330033,46.5719845],[0.3301325,46.5720093],[0.3301998,46.5720283],[0.3302936,46.5720498],[0.3303242,46.5720874],[0.3303823,46.5721419],[0.3304837,46.5721924],[0.330507,46.5721417],[0.3305118,46.5721306],[0.3305172,46.5721175],[0.3305172,46.5721164],[0.3305253,46.5720962],[0.3305576,46.5720131],[0.3305697,46.5719817],[0.330583,46.5719503],[0.330595,46.5719209],[0.330608,46.5718957],[0.330623,46.5718613],[0.3306362,46.5718329],[0.3306481,46.5718046],[0.3306436,46.5718004],[0.3306507,46.5717761],[0.3306786,46.5717828],[0.3307064,46.5717917],[0.3307676,46.5718136],[0.3307939,46.5718213],[0.3308305,46.5718262],[0.3308998,46.571835],[0.3310752,46.5718544],[0.331214,46.5718699],[0.3313439,46.5718821],[0.3315802,46.5718989],[0.3317661,46.5719125],[0.3319598,46.5719272],[0.3321016,46.5719367],[0.3322342,46.571949],[0.3322727,46.571956],[0.3323458,46.5719751],[0.3322571,46.5721213],[0.3321088,46.5723662],[0.3320666,46.5724336],[0.3320602,46.5724458],[0.3318486,46.5723806],[0.331686,46.5726425],[0.3317893,46.5726551],[0.3319485,46.5727007],[0.3320662,46.5727475],[0.3321579,46.5727782],[0.3322082,46.5727845],[0.3326081,46.5728848],[0.333407,46.5731539],[0.3339224,46.5733468],[0.3342258,46.573449],[0.3344225,46.5735159],[0.3345697,46.5735663],[0.3349625,46.573693],[0.3352202,46.5737848],[0.3354852,46.573881],[0.3356522,46.5739523],[0.3358365,46.574061],[0.3359493,46.5741505],[0.3360757,46.5742034],[0.3361493,46.5742461],[0.3362209,46.574263],[0.3364012,46.5742806],[0.3365548,46.5742882],[0.3367032,46.5743163],[0.3368447,46.5743644],[0.3369841,46.5743903],[0.337112,46.5744127],[0.3371776,46.5744326],[0.337409,46.5745576],[0.3375122,46.5746284],[0.3375665,46.5745429],[0.3378125,46.5746098],[0.3380843,46.5746622],[0.3384277,46.574758],[0.3383783,46.5748305],[0.3383559,46.5748627],[0.3384729,46.5749002],[0.3385619,46.5749237],[0.3386466,46.5749533],[0.3388015,46.5749999],[0.3388409,46.5750131],[0.3389236,46.5750446],[0.3389949,46.5750769],[0.3391221,46.5751688],[0.3392746,46.5752653],[0.3393719,46.5753116],[0.3394512,46.5753236],[0.3395242,46.5753468]],[[0.3463332,46.5757635],[0.3462469,46.5758944],[0.3462435,46.5758994],[0.3457008,46.5757825],[0.3457971,46.5756335],[0.3459125,46.5756617],[0.3463332,46.5757635]],[[0.3430053,46.57397],[0.3447051,46.574405],[0.3461133,46.5747669],[0.3460253,46.5748997],[0.3451956,46.5747139],[0.3450911,46.5749118],[0.3448431,46.5748284],[0.3449617,46.5746399],[0.3432807,46.5741879],[0.3432266,46.574293],[0.3428787,46.5741949],[0.3430053,46.57397]],[[0.3387026,46.5729265],[0.3387274,46.5728769],[0.3388431,46.5729062],[0.3393684,46.5730412],[0.3395762,46.5730951],[0.3400392,46.5732131],[0.3403876,46.573303],[0.3403181,46.5734169],[0.3396809,46.573263],[0.3395876,46.5734071],[0.3390636,46.5732784],[0.3389485,46.5732603],[0.3389311,46.5732875],[0.3388361,46.5732588],[0.3388199,46.5732533],[0.3388216,46.5732513],[0.3388316,46.573231],[0.3388333,46.5732281],[0.3388363,46.5732219],[0.3388091,46.573202],[0.3387986,46.5731751],[0.3387895,46.5731545],[0.3387815,46.5731328],[0.3386535,46.5731135],[0.3386124,46.5731033],[0.3387026,46.5729265]],[[0.3399396,46.5738241],[0.3392432,46.5747525],[0.3391841,46.5748145],[0.3391554,46.5748558],[0.3385696,46.5745886],[0.3384779,46.5745477],[0.3379413,46.5743093],[0.3376816,46.5741939],[0.3377566,46.5741179],[0.3378489,46.5740189],[0.3378895,46.5739737],[0.3380435,46.5738547],[0.3379534,46.5735807],[0.337921,46.5734808],[0.3381649,46.5734394],[0.3382516,46.5735089],[0.3383964,46.5735541],[0.3384715,46.5735897],[0.3385494,46.5736385],[0.338593,46.5736539],[0.3388221,46.573698],[0.3390908,46.5737165],[0.3392888,46.5736987],[0.3394691,46.5737161],[0.3396318,46.5737219],[0.3398715,46.5737582],[0.3399321,46.5737616],[0.3399698,46.5737829],[0.3399396,46.5738241]],[[0.3370327,46.5739181],[0.3371211,46.5738015],[0.337135,46.5737886],[0.3371529,46.573791],[0.3371968,46.5737992],[0.3372691,46.5738121],[0.3373454,46.5738231],[0.3373927,46.5738262],[0.3374458,46.5738306],[0.3374944,46.5738368],[0.3375502,46.5738504],[0.3375706,46.5738581],[0.3375802,46.5738695],[0.3375872,46.573976],[0.337591,46.5740415],[0.3375741,46.5740595],[0.3375294,46.5740912],[0.337504,46.5740977],[0.3370883,46.5739266],[0.3370776,46.5739375],[0.3370327,46.5739181]],[[0.3373307,46.5725205],[0.3373062,46.5726293],[0.337009,46.5725518],[0.3370218,46.5724417],[0.3371008,46.5724619],[0.3372839,46.5725092],[0.3373307,46.5725205]],[[0.3358765,46.5723067],[0.3359576,46.5721645],[0.3361258,46.5722103],[0.3361537,46.572217],[0.3361916,46.5722271],[0.3362926,46.572254],[0.3363719,46.5722754],[0.33629,46.5724267],[0.3362395,46.5725216],[0.3361875,46.5725286],[0.3360688,46.5724952],[0.3359724,46.5724694],[0.3358085,46.5724247],[0.3358765,46.5723067]],[[0.3335646,46.5730267],[0.3334959,46.5730046],[0.3334975,46.5730036],[0.3335325,46.5729533],[0.3335628,46.5729101],[0.3338066,46.572927],[0.3338563,46.5729436],[0.3342123,46.5730285],[0.3342721,46.5730483],[0.3342721,46.5731045],[0.3343115,46.5731166],[0.3343595,46.5731363],[0.3344632,46.5731723],[0.3346777,46.5732969],[0.3347055,46.5733058],[0.3347422,46.5733179],[0.3347579,46.5733254],[0.3346676,46.573448],[0.3345991,46.5734229],[0.3341832,46.5732231],[0.3341265,46.5732043],[0.3335646,46.5730267]]],[[[0.3183946,46.6256158],[0.319259,46.6259949],[0.3197349,46.626241],[0.3199944,46.626517],[0.3200761,46.6265793],[0.320118,46.6266282],[0.3201557,46.6266741],[0.3201721,46.6267011],[0.3201999,46.6267416],[0.3202494,46.6267959],[0.3203021,46.6268646],[0.320332,46.6269195],[0.32039,46.6270077],[0.3204596,46.6271003],[0.320491,46.6271317],[0.3205157,46.6271395],[0.3205229,46.6271457],[0.3205341,46.6271573],[0.320547,46.6271657],[0.3205574,46.6271691],[0.3205766,46.6272012],[0.3206025,46.6272416],[0.320613,46.6272746],[0.3206351,46.6273365],[0.320706,46.6274342],[0.3207515,46.6275058],[0.3208184,46.6275891],[0.3208702,46.6276528],[0.320926,46.6276991],[0.3210748,46.6278395],[0.3216188,46.6282969],[0.3227369,46.6293422],[0.3235635,46.6299727],[0.324687,46.6307513],[0.3256253,46.6312803],[0.3260685,46.6314767],[0.3265027,46.631726],[0.3278391,46.6322213],[0.3283772,46.632385],[0.328707,46.6324368],[0.3293697,46.6325156],[0.330019,46.632589],[0.3312053,46.6326657],[0.3320422,46.6326657],[0.3327175,46.6326324],[0.332883,46.6325872],[0.3330644,46.6325515],[0.333336,46.6325507],[0.3337697,46.632572],[0.3341599,46.6325995],[0.3346599,46.6326939],[0.3353086,46.6327796],[0.3353442,46.6326935],[0.3354336,46.6327099],[0.3355206,46.6327283],[0.3355454,46.632734],[0.3355405,46.6327462],[0.3356593,46.6327714],[0.3357315,46.6327802],[0.3357688,46.632779],[0.335807,46.632784],[0.33585,46.6327881],[0.3358616,46.6327597],[0.3359749,46.6327776],[0.3362077,46.6328157],[0.3362737,46.6328296],[0.3362257,46.6329358],[0.3363669,46.6330178],[0.3367973,46.6333539],[0.3369954,46.6336356],[0.3371145,46.6338397],[0.3373183,46.6341327],[0.3374135,46.6343761],[0.3373372,46.6344765],[0.337209,46.6347302],[0.3370198,46.6351408],[0.3370253,46.6354844],[0.3371981,46.6358666],[0.3374109,46.6363367],[0.3375149,46.6366968],[0.3375429,46.6370379],[0.3374465,46.6372432],[0.337412,46.6373701],[0.3374695,46.6375024],[0.3374742,46.637527],[0.3375178,46.6375177],[0.3376078,46.6375005],[0.3376131,46.6375118],[0.3376448,46.6375605],[0.3376561,46.63757],[0.3376256,46.6375856],[0.337489,46.6376173],[0.3374947,46.6376542],[0.3375632,46.6380729],[0.3376707,46.6387551],[0.3378522,46.6393849],[0.3382326,46.6384994],[0.3383605,46.6384042],[0.3383569,46.6383806],[0.3384334,46.6382127],[0.3384637,46.6381704],[0.3385367,46.6381067],[0.3386226,46.6380188],[0.338682,46.6379609],[0.3386973,46.6379438],[0.3387463,46.6379767],[0.3388208,46.6380029],[0.3388526,46.6380179],[0.3388822,46.63799],[0.3388505,46.637974],[0.33879,46.6379338],[0.3387303,46.6379119],[0.3387537,46.63789],[0.3387938,46.6378562],[0.3388605,46.6378015],[0.3389234,46.637758],[0.3389819,46.6377103],[0.3391408,46.6375892],[0.339227,46.6375289],[0.3393282,46.6374576],[0.3394399,46.6373866],[0.3394862,46.637356],[0.3395507,46.6373114],[0.3397041,46.6372088],[0.3399254,46.6370565],[0.3400972,46.6369368],[0.3401954,46.6368715],[0.3403168,46.6367874],[0.3404799,46.6366707],[0.3406061,46.6365764],[0.3408403,46.636402],[0.3408367,46.6363795],[0.3408249,46.6363239],[0.3408363,46.636267],[0.3408664,46.6362288],[0.3409168,46.6362024],[0.3409856,46.6361908],[0.3411279,46.636193],[0.3411743,46.6361828],[0.3413561,46.6360531],[0.3415333,46.6359193],[0.3416061,46.6358831],[0.3416385,46.6359197],[0.3416602,46.6359323],[0.3416806,46.6359411],[0.3417024,46.6359436],[0.3417519,46.6359111],[0.3417293,46.6358839],[0.3417094,46.6358333],[0.3417795,46.6357962],[0.3417855,46.6357932],[0.341994,46.635661],[0.3420134,46.6356585],[0.342029,46.635669],[0.342046,46.6356582],[0.3420161,46.635635],[0.3420754,46.6356026],[0.3423192,46.6354703],[0.3421993,46.6351946],[0.3420896,46.6349835],[0.3420016,46.6348404],[0.3418189,46.6345398],[0.3415313,46.6342274],[0.3412281,46.6338391],[0.3409118,46.6335118],[0.3407772,46.6333523],[0.3406678,46.6332219],[0.3402848,46.6329176],[0.3399263,46.6327223],[0.339627,46.6325692],[0.3390186,46.632326],[0.3380807,46.6321448],[0.3380601,46.6321402],[0.337528,46.6320931],[0.3368907,46.6320477],[0.33586,46.6320063],[0.3349272,46.6319948],[0.3346804,46.6320034],[0.3338282,46.6320112],[0.3333639,46.6320382],[0.3330512,46.6320298],[0.3328,46.6320394],[0.3325021,46.6320325],[0.3318903,46.6319477],[0.3312259,46.6318545],[0.3307296,46.6317744],[0.3300932,46.6316543],[0.3295592,46.631557],[0.329012,46.6314584],[0.3287798,46.6314091],[0.3286372,46.6313496],[0.3285564,46.6312771],[0.3283961,46.6311538],[0.3283632,46.6311275],[0.3283182,46.6311428],[0.3280812,46.631222],[0.3279864,46.6311319],[0.3279722,46.6311173],[0.3279683,46.6311091],[0.3279685,46.6311049],[0.3280338,46.6310686],[0.3281309,46.631026],[0.3281417,46.6310211],[0.3279955,46.6309134],[0.3279652,46.6308912],[0.3277997,46.6308516],[0.3276948,46.6308143],[0.3276582,46.6307993],[0.3276709,46.6307882],[0.3273617,46.6307095],[0.3267479,46.6305776],[0.3262184,46.6304457],[0.3258699,46.630321],[0.3254759,46.6301309],[0.3251465,46.6299208],[0.3244014,46.6292267],[0.3238708,46.6289117],[0.3233492,46.6286286],[0.3230418,46.6283925],[0.3227736,46.6280785],[0.3224361,46.6277302],[0.3222167,46.62731],[0.3218593,46.6266403],[0.3217019,46.6263709],[0.3214611,46.6260187],[0.3211796,46.6257679],[0.3208815,46.6254093],[0.3205255,46.6251024],[0.3200636,46.6247552],[0.3196889,46.6245247],[0.319296,46.6243684],[0.3189987,46.6242888],[0.3189985,46.6242929],[0.3182596,46.6241999],[0.3174916,46.6241656],[0.3168868,46.6240921],[0.316259,46.6240386],[0.315766,46.6240127],[0.3154842,46.6240377],[0.3149832,46.6241507],[0.3144367,46.6242545],[0.3143512,46.6243016],[0.3143355,46.624381],[0.3142523,46.6245006],[0.3142054,46.6246089],[0.3146545,46.6245867],[0.3148392,46.6245726],[0.3148409,46.6246003],[0.3148457,46.6246862],[0.3148481,46.6247568],[0.3148475,46.6247926],[0.3150504,46.6247749],[0.3150523,46.6247698],[0.3153056,46.6247482],[0.3155006,46.6247313],[0.3155601,46.6247266],[0.3159821,46.624809],[0.3162169,46.6248605],[0.3163751,46.6248969],[0.3165509,46.6249122],[0.3167609,46.6249254],[0.3169189,46.6249434],[0.3170655,46.6249785],[0.3170802,46.6249819],[0.3170861,46.624983],[0.3170919,46.6249842],[0.3171256,46.6249922],[0.3173179,46.6250397],[0.3176035,46.6251424],[0.31785,46.6252279],[0.3180414,46.6253796],[0.3181988,46.6254977],[0.3183946,46.6256158]],[[0.3183946,46.6256158],[0.318532,46.6255116],[0.3190202,46.6257541],[0.3189219,46.6258468],[0.3183946,46.6256158]],[[0.3276735,46.6318463],[0.3275445,46.632059],[0.3271481,46.6319107],[0.3268522,46.6318007],[0.3267373,46.6317581],[0.3266134,46.6317091],[0.326651,46.6316712],[0.3268002,46.6315325],[0.3268359,46.6315007],[0.3268595,46.6315084],[0.3268953,46.6315296],[0.3269155,46.6315424],[0.3269298,46.6315539],[0.3269451,46.6315697],[0.3269671,46.6315783],[0.3269913,46.6315953],[0.3270165,46.631603],[0.3270338,46.6316085],[0.3270675,46.6316185],[0.3270986,46.6316244],[0.3271234,46.631631],[0.3271511,46.631641],[0.3271538,46.631642],[0.3271584,46.6316442],[0.3271889,46.6316551],[0.3271993,46.6316594],[0.3272446,46.6316717],[0.3272723,46.6316826],[0.3272865,46.6316881],[0.3272956,46.6316883],[0.3273143,46.631699],[0.3273289,46.6317043],[0.3273535,46.6317152],[0.327373,46.6317177],[0.3273902,46.6317273],[0.327415,46.631733],[0.327434,46.6317365],[0.327455,46.6317339],[0.3274639,46.6317361],[0.3274902,46.6317439],[0.3275063,46.6317515],[0.3275327,46.6317572],[0.3275591,46.631763],[0.3275747,46.6317714],[0.3276073,46.6317794],[0.3276204,46.6317837],[0.3276467,46.6317915],[0.3276639,46.6318022],[0.3276783,46.6318117],[0.3276897,46.6318191],[0.3276735,46.6318463]]],[[[0.3258011,46.5053341],[0.3258616,46.5055447],[0.3259341,46.5057273],[0.3259392,46.5059584],[0.3258523,46.5062446],[0.3258787,46.5065214],[0.3259635,46.5068197],[0.3261853,46.5073094],[0.3263699,46.5076154],[0.3265957,46.5079058],[0.326812,46.5081726],[0.3271317,46.5084785],[0.327441,46.5086606],[0.3277443,46.5088149],[0.3279946,46.5088749],[0.3281606,46.5088983],[0.3286386,46.5089063],[0.3291858,46.5088853],[0.3300226,46.5089111],[0.3305791,46.5089803],[0.3308408,46.5092236],[0.3310412,46.5095522],[0.3313946,46.5099777],[0.3317516,46.5103693],[0.3318172,46.5105405],[0.3317055,46.5108313],[0.3315139,46.5114186],[0.3313475,46.5117869],[0.3311958,46.5120144],[0.3310272,46.5121627],[0.3308355,46.5122319],[0.330564,46.5122767],[0.330343,46.5122879],[0.3302022,46.5123184],[0.3301759,46.5123749],[0.3301859,46.5124989],[0.3303212,46.5127331],[0.3308247,46.513397],[0.3311978,46.513972],[0.3313174,46.5140648],[0.3314795,46.5140798],[0.3317273,46.5140406],[0.3318995,46.5140334],[0.3320086,46.514132],[0.3320626,46.514212],[0.3320415,46.5143076],[0.3318313,46.5144264],[0.3317173,46.5144289],[0.3315217,46.5144017],[0.3314703,46.5144516],[0.3316305,46.5147785],[0.331731,46.5149648],[0.3317821,46.5150723],[0.3321215,46.51576],[0.3323372,46.5162486],[0.3323386,46.5162527],[0.3325624,46.5167916],[0.3324565,46.5168115],[0.3324097,46.5168309],[0.3324202,46.5168577],[0.3324806,46.5168632],[0.332544,46.5168718],[0.3325905,46.5168893],[0.332603,46.5169059],[0.3330139,46.5183109],[0.3331684,46.5188419],[0.3331472,46.5188506],[0.333064,46.5188948],[0.332976,46.5189326],[0.3327478,46.5189396],[0.332714,46.5190215],[0.3328873,46.5189928],[0.3330906,46.5189823],[0.3331155,46.5189869],[0.3331448,46.5189948],[0.3331679,46.5190034],[0.3331808,46.5190129],[0.3331934,46.5190275],[0.3332112,46.5190862],[0.333366,46.5195888],[0.3333658,46.5195928],[0.3334896,46.5199984],[0.3335321,46.5199781],[0.3336244,46.5199321],[0.33374,46.5198755],[0.3338208,46.5199438],[0.3338632,46.5199888],[0.3338752,46.5199839],[0.3339267,46.5200209],[0.3341362,46.5201638],[0.3342111,46.520233],[0.3342441,46.5202563],[0.334317,46.5203102],[0.3344081,46.5203858],[0.334489,46.5204522],[0.334566,46.5205183],[0.3346455,46.5204946],[0.3346499,46.5204998],[0.3347039,46.5205727],[0.3348231,46.520739],[0.3352412,46.5206108],[0.3353191,46.5205871],[0.3353842,46.5206182],[0.3354605,46.5206343],[0.3355384,46.5206759],[0.3355704,46.520693],[0.3355934,46.5207671],[0.3356006,46.5207959],[0.3356072,46.5208135],[0.3354916,46.5208149],[0.3354043,46.5208149],[0.3352559,46.5208226],[0.3351296,46.5208279],[0.3352623,46.5209649],[0.3354654,46.5211762],[0.3355448,46.5213057],[0.3356324,46.5215163],[0.3353363,46.5215983],[0.33532,46.5216031],[0.3353879,46.5217601],[0.3353972,46.5217777],[0.3354781,46.5217653],[0.33569,46.5217313],[0.3359275,46.5220477],[0.3360394,46.5222404],[0.3361497,46.5224433],[0.3361756,46.5224909],[0.3359617,46.5225657],[0.3358046,46.5224138],[0.3354865,46.5225536],[0.3353543,46.5226221],[0.3354022,46.522797],[0.335514,46.5232085],[0.3360088,46.52414],[0.3361902,46.5245225],[0.3363581,46.5249322],[0.3364246,46.5252384],[0.3364289,46.5254869],[0.3363871,46.5256771],[0.3362242,46.5261251],[0.3360006,46.5265186],[0.3356793,46.5271234],[0.3356337,46.5275435],[0.3356784,46.527749],[0.3357777,46.5279302],[0.335896,46.5280802],[0.3360233,46.5283295],[0.336153,46.5287036],[0.3361986,46.5292516],[0.3362398,46.5292586],[0.3362032,46.5297116],[0.3362059,46.5299836],[0.3362189,46.5300862],[0.3364335,46.5310552],[0.3365427,46.5313388],[0.3367069,46.5317045],[0.337009,46.5322789],[0.3375467,46.5333995],[0.338128,46.5345998],[0.3386275,46.5351992],[0.3400235,46.5372506],[0.3404793,46.5378695],[0.3407805,46.5386799],[0.3408024,46.5390495],[0.3406692,46.5395319],[0.3406177,46.5396156],[0.3402756,46.5400686],[0.3401609,46.5401703],[0.3397951,46.5404102],[0.33964,46.5404668],[0.3392309,46.5405259],[0.3390496,46.5405411],[0.3386329,46.540516],[0.3378101,46.5404724],[0.3375716,46.5404709],[0.3374357,46.5404944],[0.3373621,46.540511],[0.3373148,46.5405722],[0.3372809,46.5406012],[0.3372261,46.5406315],[0.3371824,46.5406448],[0.3371299,46.5406537],[0.337163,46.5406495],[0.3370778,46.5406608],[0.3370039,46.540659],[0.3369403,46.5406535],[0.3368961,46.5407403],[0.3367465,46.5410119],[0.3367156,46.5410674],[0.3367291,46.5410717],[0.3368453,46.5411143],[0.3368769,46.5411334],[0.3369037,46.5411617],[0.336927,46.541197],[0.3369306,46.5412206],[0.3369305,46.5412226],[0.3369304,46.5412247],[0.3369252,46.5412664],[0.3371892,46.5413227],[0.3376685,46.5413666],[0.3384112,46.5414217],[0.3388023,46.5414501],[0.3392549,46.5414055],[0.3397044,46.5413302],[0.3400945,46.5412573],[0.3405952,46.5412006],[0.3410435,46.5411486],[0.3413068,46.5410985],[0.3415507,46.5410122],[0.3419343,46.540833],[0.3422897,46.5406306],[0.3429677,46.540213],[0.3432542,46.5400173],[0.3431052,46.5397961],[0.3430976,46.5397673],[0.3432158,46.5397118],[0.3432531,46.5397033],[0.3433004,46.5396811],[0.3433341,46.5396562],[0.343354,46.5396414],[0.3433466,46.5395523],[0.3433501,46.5394153],[0.3433079,46.5389493],[0.3432973,46.5388918],[0.3432328,46.5384241],[0.3432163,46.5383613],[0.3431902,46.5382933],[0.3431593,46.5382292],[0.3430486,46.5380324],[0.342933,46.537858],[0.3429119,46.5378319],[0.3423082,46.5367834],[0.3420946,46.5364012],[0.3418704,46.5362274],[0.3416439,46.5361014],[0.3414364,46.5358278],[0.3411367,46.5352913],[0.3409896,46.5345181],[0.340729,46.5336616],[0.340211,46.5323503],[0.3401005,46.5305793],[0.3400416,46.5301741],[0.3397608,46.5301973],[0.3397386,46.5300434],[0.339674,46.5296105],[0.3396576,46.529609],[0.3396658,46.5295622],[0.3393477,46.5295548],[0.3393254,46.5295543],[0.3390117,46.529547],[0.3389558,46.5295457],[0.3388812,46.5298527],[0.3388354,46.5298526],[0.3386742,46.5298509],[0.3386742,46.5297866],[0.3386875,46.5297869],[0.3386891,46.5297531],[0.3388419,46.5297526],[0.3389046,46.5295272],[0.3389178,46.5295284],[0.33893,46.529496],[0.338566,46.5295151],[0.3385718,46.5292762],[0.3385601,46.5292759],[0.3385655,46.5291983],[0.3385713,46.5291985],[0.3385743,46.5291699],[0.3385817,46.5291067],[0.3383474,46.5290531],[0.3383652,46.5290168],[0.338386,46.5290152],[0.3384336,46.528955],[0.3385301,46.5287988],[0.3385662,46.5285737],[0.3386167,46.5285749],[0.3386455,46.5284978],[0.3386513,46.5284673],[0.3386547,46.5282456],[0.3386576,46.5281291],[0.338594,46.5281255],[0.3385946,46.5280816],[0.3387304,46.5280021],[0.3388612,46.5279304],[0.3389645,46.527939],[0.3389794,46.5278442],[0.3389953,46.5277669],[0.3390159,46.5276498],[0.3391146,46.5276563],[0.3392647,46.5276791],[0.3392864,46.5276827],[0.3393806,46.5270624],[0.3396165,46.5270822],[0.339661,46.5270863],[0.3397862,46.5270963],[0.339787,46.527079],[0.3398609,46.5270808],[0.3398512,46.5269189],[0.3398493,46.5265642],[0.3398699,46.5259902],[0.3400009,46.525521],[0.3401764,46.5252643],[0.3405924,46.5247793],[0.3409683,46.5245396],[0.3412542,46.5242406],[0.3417778,46.5240401],[0.3422546,46.5237057],[0.3425572,46.5233304],[0.3426558,46.5229781],[0.3426822,46.5224369],[0.3426864,46.5217736],[0.3425597,46.5206696],[0.3425075,46.5202217],[0.3425212,46.5200053],[0.3425706,46.5197161],[0.3426093,46.519347],[0.3427134,46.5189466],[0.3430092,46.5185027],[0.3430516,46.5182675],[0.3431546,46.5180092],[0.3431689,46.5178675],[0.3430948,46.5176225],[0.3426485,46.5172993],[0.3420502,46.5170585],[0.3420113,46.5170372],[0.3417326,46.5170777],[0.3414143,46.5171971],[0.3412678,46.517254],[0.3411538,46.5172799],[0.3410284,46.5173055],[0.3409415,46.517321],[0.3408511,46.517328],[0.3407248,46.5173334],[0.3405636,46.5173306],[0.3404543,46.517325],[0.3403469,46.5173112],[0.3403247,46.5173086],[0.3402366,46.5172933],[0.3398551,46.5171904],[0.3390397,46.5169394],[0.339073,46.5168349],[0.3398975,46.517085],[0.3400581,46.5171307],[0.3402818,46.5171849],[0.3403599,46.517197],[0.3404938,46.5172124],[0.3406165,46.5172184],[0.3407852,46.5172181],[0.3409293,46.5172103],[0.3410455,46.5171966],[0.3411756,46.517171],[0.3412415,46.5171512],[0.34143,46.5170839],[0.3416427,46.517002],[0.3419593,46.516948],[0.3419754,46.5169546],[0.3416886,46.5161812],[0.3415566,46.5156435],[0.3414241,46.5151415],[0.3412059,46.5146949],[0.3410002,46.5143936],[0.3408631,46.5141952],[0.3407093,46.5140731],[0.3406321,46.5139864],[0.3406181,46.5139677],[0.340445,46.5137213],[0.3404115,46.5136766],[0.3403615,46.5135875],[0.3402931,46.5134643],[0.3402445,46.5133691],[0.3402281,46.5133115],[0.3401118,46.5130236],[0.3400906,46.5129771],[0.3400702,46.5129378],[0.3400345,46.5128828],[0.3399942,46.5128257],[0.339944,46.5127641],[0.3398958,46.512717],[0.3398049,46.5126383],[0.3394343,46.5123464],[0.33922,46.5121891],[0.3391199,46.5121133],[0.3390298,46.5120507],[0.3389464,46.5119947],[0.3388659,46.5119448],[0.3387437,46.5118725],[0.3384065,46.5118042],[0.3382275,46.5117725],[0.3379575,46.5117232],[0.3378017,46.5116971],[0.3376296,46.5116707],[0.3375444,46.5116595],[0.3368491,46.511588],[0.3364252,46.5115383],[0.3358564,46.5115363],[0.3356607,46.5115451],[0.3355984,46.5115446],[0.3353963,46.5114991],[0.3351582,46.5114055],[0.3341936,46.5109956],[0.3337101,46.5107083],[0.3335737,46.5106234],[0.3334655,46.5105933],[0.3333074,46.5105854],[0.3332188,46.5105558],[0.3330824,46.5104944],[0.3328502,46.5103449],[0.3327189,46.5102661],[0.3325947,46.5101732],[0.3323718,46.5099514],[0.331881,46.5094788],[0.3315305,46.5091129],[0.3314262,46.5090041],[0.3314005,46.5089207],[0.3313485,46.5087754],[0.3311655,46.5086444],[0.3309803,46.5085572],[0.3307634,46.5085102],[0.3304267,46.5084614],[0.330248,46.5084502],[0.330103,46.5084539],[0.329883,46.5084693],[0.3295786,46.5084826],[0.3292211,46.5084681],[0.3290229,46.5084389],[0.3287799,46.5084128],[0.3285212,46.5083066],[0.3283333,46.5081877],[0.3281931,46.5079637],[0.3281782,46.5077885],[0.3281803,46.5075636],[0.3282068,46.5074774],[0.3282249,46.5074113],[0.3282356,46.5073687],[0.3282711,46.5072846],[0.3282739,46.5071947],[0.3283257,46.5065621],[0.3282916,46.5062587],[0.3281885,46.5058229],[0.3281122,46.5055431],[0.3280146,46.5052965],[0.3277127,46.5049326],[0.3275321,46.5047833],[0.3273864,46.5047042],[0.3270819,46.5046],[0.3268782,46.5044992],[0.3263981,46.5042333],[0.3258895,46.5039802],[0.3257263,46.5039305],[0.3256065,46.5038672],[0.3253522,46.5038001],[0.3251796,46.5037531],[0.3248249,46.5036191],[0.3243585,46.5034711],[0.3241692,46.5033809],[0.3238939,46.5033182],[0.3237385,46.5032542],[0.3235702,46.5031828],[0.3235019,46.5030667],[0.3235109,46.5029156],[0.3235339,46.5028385],[0.3235506,46.5028],[0.3236215,46.50268],[0.3237529,46.5025073],[0.3238429,46.5023969],[0.3245251,46.5018312],[0.3249684,46.501539],[0.325455,46.5013715],[0.3258436,46.5011741],[0.326061,46.5009942],[0.326301,46.5007861],[0.3265553,46.5006684],[0.3267904,46.5006146],[0.326997,46.5006572],[0.3271741,46.5006369],[0.3271966,46.5006332],[0.3272252,46.5006247],[0.3272521,46.5006182],[0.3275086,46.50052],[0.3275417,46.5005075],[0.3277267,46.5004156],[0.3278435,46.5003009],[0.3279441,46.5001172],[0.3279915,46.5000283],[0.3280314,46.4999414],[0.3280909,46.4998129],[0.3282375,46.499481],[0.3282947,46.4992483],[0.3283004,46.4991953],[0.3283012,46.4991472],[0.3283077,46.4990707],[0.3283129,46.4990279],[0.3283191,46.498934],[0.3283312,46.4988709],[0.3283507,46.4987691],[0.3283639,46.4986826],[0.3283808,46.4986093],[0.3283912,46.4985482],[0.3283993,46.4985045],[0.3284135,46.4984302],[0.3284259,46.4983528],[0.3284307,46.4981658],[0.3284201,46.4981432],[0.32802,46.4974263],[0.3280155,46.4973669],[0.3279497,46.4971998],[0.3279333,46.4971667],[0.327907,46.4970731],[0.3278525,46.4968837],[0.3278458,46.4968683],[0.3276829,46.4966303],[0.327628,46.4965452],[0.327515,46.4963115],[0.3273714,46.4961027],[0.3271161,46.4958105],[0.3271021,46.4958],[0.3270721,46.4957736],[0.3270493,46.4957599],[0.3270086,46.4957119],[0.3270151,46.495667],[0.32701,46.4956261],[0.3270016,46.4955829],[0.3269987,46.4955768],[0.3269735,46.4955496],[0.3269593,46.4954471],[0.3268667,46.4953161],[0.3268333,46.4952713],[0.3267845,46.4952139],[0.3267675,46.495192],[0.3267551,46.4951733],[0.3266954,46.4950657],[0.3266679,46.4950201],[0.3266614,46.4950025],[0.3266346,46.4949497],[0.3265687,46.4948419],[0.3265548,46.4947977],[0.3264711,46.4946925],[0.326296,46.4942723],[0.3262948,46.4939707],[0.326255,46.4938164],[0.3262443,46.4937866],[0.3261374,46.493557],[0.3261155,46.4934604],[0.3259266,46.4935367],[0.325927,46.4935371],[0.325927,46.4935372],[0.3259408,46.4935586],[0.3260829,46.4938693],[0.3261278,46.4942068],[0.3261107,46.494405],[0.3260988,46.4945028],[0.3261001,46.4945078],[0.3262109,46.494731],[0.3262876,46.4948422],[0.3263894,46.4949614],[0.3265906,46.4950971],[0.326685,46.4951676],[0.3267741,46.4952892],[0.3268311,46.4953965],[0.3269462,46.4955313],[0.3269617,46.4956216],[0.3270117,46.4957367],[0.3270781,46.4958509],[0.3271511,46.4959497],[0.3273732,46.4962652],[0.3276448,46.4967213],[0.3277758,46.4969787],[0.3278782,46.4973253],[0.3279013,46.4974437],[0.3279525,46.49771],[0.3280531,46.497901],[0.3281111,46.4980998],[0.3281242,46.4982396],[0.3281318,46.4983324],[0.3281427,46.4985476],[0.3281139,46.4990151],[0.3280804,46.4993649],[0.3279715,46.499629],[0.3278576,46.4998693],[0.327724,46.5000784],[0.3275934,46.5002357],[0.3273919,46.500347],[0.3272173,46.5003943],[0.3271519,46.5004106],[0.327099,46.5004203],[0.3269693,46.5004399],[0.326925,46.5004405],[0.3268754,46.5004392],[0.3267167,46.5004269],[0.3266192,46.5004195],[0.3259826,46.5004853],[0.3254013,46.5008703],[0.324269,46.5016188],[0.3232909,46.5028757],[0.3232558,46.5029609],[0.3232661,46.5030624],[0.3233259,46.5031767],[0.3234637,46.503271],[0.3237294,46.503361],[0.3239039,46.5034014],[0.3240793,46.5034255],[0.3239374,46.5035657],[0.3237595,46.5036478],[0.3235908,46.5037829],[0.3241761,46.5041647],[0.324187,46.5041735],[0.3242074,46.5041884],[0.3246011,46.5044461],[0.3247805,46.5045144],[0.3248467,46.504521],[0.3249261,46.504571],[0.3250318,46.5046193],[0.325182,46.5046693],[0.3252992,46.5047132],[0.325505,46.5048106],[0.3255881,46.5049372],[0.3256157,46.5050052],[0.3256202,46.5050167],[0.3256373,46.505059],[0.3256784,46.5050905],[0.325798,46.5051825],[0.3259331,46.505284],[0.3258293,46.5053262],[0.3258233,46.5053285],[0.3258011,46.5053341]],[[0.3381093,46.5166458],[0.3387523,46.5168519],[0.3386349,46.5170424],[0.3384882,46.5172885],[0.3378396,46.5171016],[0.3379851,46.5168555],[0.3381093,46.5166458]],[[0.3356659,46.5143124],[0.3361132,46.5142196],[0.3363742,46.5141827],[0.3363979,46.5141873],[0.3364092,46.5141958],[0.3363593,46.5142488],[0.3362939,46.5142473],[0.3362943,46.5142729],[0.336325,46.5142848],[0.3362992,46.5142914],[0.3362958,46.5143372],[0.336322,46.5143461],[0.3363447,46.5143619],[0.3363674,46.514387],[0.3364114,46.5143921],[0.3364504,46.5144114],[0.336454,46.514434],[0.3364464,46.5144594],[0.3364074,46.5144728],[0.3363636,46.5144881],[0.3363344,46.5144854],[0.3363095,46.5145053],[0.3363044,46.5145224],[0.3363024,46.5145623],[0.3363539,46.5145666],[0.3363749,46.514561],[0.3366469,46.5145714],[0.3367393,46.5145868],[0.3368674,46.5146021],[0.3369965,46.5146286],[0.3371783,46.5146644],[0.3373612,46.5147117],[0.3373827,46.5147296],[0.3374071,46.5147414],[0.3374424,46.5147483],[0.3375132,46.514751],[0.3376111,46.5147502],[0.337635,46.5147487],[0.3376897,46.5147439],[0.3377599,46.5147333],[0.3378153,46.5147222],[0.3378876,46.514725],[0.3379571,46.5147287],[0.3379883,46.5147294],[0.3380342,46.51476],[0.3380964,46.5147534],[0.3382644,46.5148319],[0.3383103,46.5148943],[0.3382961,46.5149124],[0.3382889,46.5149081],[0.3382069,46.5149511],[0.3382121,46.5149656],[0.338221,46.5149924],[0.3382173,46.5150118],[0.3381624,46.5150768],[0.3381492,46.5150991],[0.338138,46.5151519],[0.3380839,46.5154667],[0.3380788,46.5155145],[0.3380476,46.5155772],[0.3380189,46.5155868],[0.3379911,46.5156106],[0.3379322,46.5156296],[0.337852,46.515638],[0.3378149,46.5156423],[0.3377881,46.5156703],[0.3377547,46.5156899],[0.3376603,46.5157133],[0.3376338,46.5157117],[0.3375856,46.5156972],[0.3375307,46.5156653],[0.3374758,46.5156447],[0.3374494,46.5156307],[0.3373124,46.5156223],[0.3371795,46.5156111],[0.3369814,46.5156025],[0.3364659,46.5156722],[0.3359195,46.5156441],[0.335948,46.5153892],[0.3351945,46.5153308],[0.3354388,46.5145688],[0.3356659,46.5143124]],[[0.336198,46.5171226],[0.3361554,46.5170573],[0.336215,46.5168644],[0.3362768,46.5166645],[0.3363194,46.5165141],[0.3364057,46.5162709],[0.3364196,46.5162589],[0.3364077,46.5162525],[0.3364202,46.516213],[0.3366993,46.5162553],[0.3366336,46.5164786],[0.3365777,46.5166531],[0.336448,46.5170078],[0.3368318,46.5170607],[0.3367761,46.5172312],[0.336776,46.5172323],[0.336785,46.5172334],[0.3366354,46.5177462],[0.3362893,46.5176512],[0.3360713,46.517593],[0.3361979,46.5171564],[0.3362001,46.5171452],[0.336202,46.5171289],[0.336198,46.5171226]],[[0.3344344,46.5185178],[0.3342457,46.518495],[0.3342402,46.5184857],[0.3342529,46.5184757],[0.3342803,46.5184273],[0.3342979,46.518395],[0.3343208,46.5183516],[0.3343382,46.5183009],[0.3343495,46.5182542],[0.3343611,46.5181685],[0.3343601,46.5181236],[0.3343609,46.5180755],[0.3343628,46.5180368],[0.3343667,46.5179898],[0.334369,46.5179418],[0.3343689,46.5178896],[0.3343744,46.5178326],[0.334388,46.5177377],[0.3344052,46.5176911],[0.3344518,46.5176104],[0.334514,46.517523],[0.3345469,46.5174829],[0.3345831,46.5174408],[0.3346207,46.5173998],[0.3346522,46.5173636],[0.3346894,46.5173236],[0.33473,46.5172857],[0.334816,46.5171938],[0.3349905,46.5170117],[0.3350033,46.5169988],[0.3350264,46.5169738],[0.3350702,46.5169267],[0.3351421,46.5168497],[0.3351859,46.5168671],[0.3352689,46.5168904],[0.3353697,46.5169193],[0.3355859,46.5169817],[0.3355932,46.5169839],[0.33565,46.5169995],[0.335688,46.5170157],[0.3356938,46.5170178],[0.3357303,46.5170229],[0.3356252,46.5171461],[0.3356174,46.5171551],[0.3355705,46.5172092],[0.3354932,46.5172994],[0.3352844,46.5173897],[0.3352675,46.5174639],[0.3351248,46.5178111],[0.3349571,46.5182141],[0.334761,46.5185572],[0.3344344,46.5185178]],[[0.3333108,46.5190845],[0.3334091,46.5189151],[0.3335184,46.5188664],[0.3335472,46.5188539],[0.3336302,46.5188211],[0.3336873,46.5187989],[0.333693,46.518802],[0.3337421,46.5190486],[0.3337536,46.5191091],[0.3337567,46.5191092],[0.3337623,46.5191155],[0.3337668,46.5191432],[0.3337592,46.519146],[0.3337713,46.5192036],[0.3337851,46.5192805],[0.3334517,46.5193178],[0.3334386,46.519345],[0.3333984,46.5193503],[0.3334059,46.5193494],[0.3333893,46.5193521],[0.3333705,46.5192883],[0.3333108,46.5190845]]],[[[0.3361593,46.547748],[0.3361966,46.5479227],[0.3362296,46.5480409],[0.3362883,46.5482672],[0.3365559,46.549034],[0.3365569,46.5490381],[0.3365583,46.5490412],[0.3366871,46.5494112],[0.3367327,46.549536],[0.3368703,46.5499358],[0.3368661,46.5499888],[0.3368018,46.5500068],[0.3367671,46.5500183],[0.3366555,46.5500269],[0.3366862,46.5501503],[0.3368181,46.5501534],[0.3368679,46.5501698],[0.336911,46.5501933],[0.3369435,46.5502247],[0.3369641,46.55026],[0.3370083,46.5503816],[0.3370907,46.5506994],[0.337187,46.5511585],[0.3372183,46.5513597],[0.3372443,46.551621],[0.3372601,46.5518422],[0.3372659,46.5520835],[0.3372449,46.552546],[0.337209,46.5530083],[0.337186,46.5531744],[0.3371687,46.5531996],[0.337142,46.5532245],[0.3371069,46.5532441],[0.3370678,46.5532586],[0.3370243,46.5532668],[0.3369596,46.5532612],[0.3368778,46.55366],[0.3368737,46.5536794],[0.3369162,46.5536905],[0.3369554,46.5537077],[0.3369884,46.55373],[0.3370082,46.5537488],[0.3370097,46.55375],[0.3370112,46.5537509],[0.3370153,46.5537552],[0.3370363,46.5537842],[0.3370428,46.5538029],[0.3370442,46.5538059],[0.3370465,46.5538142],[0.3370493,46.5538459],[0.3370492,46.553849],[0.3370504,46.5538869],[0.3369973,46.5540359],[0.3369515,46.5541789],[0.3368798,46.5544041],[0.3369705,46.5550963],[0.3369426,46.5553951],[0.3382286,46.556154],[0.3384884,46.5563307],[0.3384803,46.5563428],[0.3383674,46.5565282],[0.3386303,46.5566969],[0.3387815,46.5567873],[0.338916,46.5566157],[0.3390914,46.5567557],[0.3393096,46.5569008],[0.3393118,46.5564939],[0.3393154,46.5563887],[0.3394969,46.5564666],[0.3395142,46.5562002],[0.3394751,46.5560623],[0.3394515,46.5558165],[0.3394612,46.5555305],[0.339601,46.5551227],[0.3397869,46.5543799],[0.3398842,46.5539364],[0.3398499,46.5534275],[0.3398178,46.552931],[0.3396538,46.5524621],[0.3396451,46.5521277],[0.3396431,46.5521041],[0.3396152,46.5518009],[0.3395766,46.5514676],[0.3395218,46.5510974],[0.3395978,46.5507935],[0.3396174,46.550568],[0.3396113,46.550573],[0.3394426,46.5505702],[0.3393862,46.5505688],[0.3393845,46.5505473],[0.3393101,46.5502512],[0.3392098,46.5502662],[0.3391744,46.5500221],[0.339338,46.549985],[0.3394138,46.5499735],[0.339441,46.549969],[0.3395098,46.5499563],[0.3395227,46.5499331],[0.3395884,46.5499193],[0.3396423,46.5499073],[0.339762,46.5498865],[0.3397738,46.5498847],[0.3398801,46.5498668],[0.3399186,46.5498636],[0.3399768,46.5498598],[0.3400615,46.5498495],[0.3400927,46.5498451],[0.3401075,46.5498476],[0.3402046,46.5497108],[0.3401388,46.5497276],[0.3401055,46.5497351],[0.3400528,46.5496356],[0.339985,46.5495073],[0.3399562,46.5494555],[0.3399487,46.5494574],[0.3399428,46.5494563],[0.3399344,46.5494519],[0.3399274,46.5494437],[0.3399247,46.5494355],[0.3399298,46.5494263],[0.3399403,46.5494204],[0.3399447,46.5494185],[0.3399522,46.5494176],[0.3399654,46.5494199],[0.3399757,46.5494253],[0.3399797,46.5494305],[0.3401043,46.5493998],[0.3412809,46.5490039],[0.3412912,46.5490001],[0.3412666,46.5489596],[0.3414237,46.5489019],[0.3413496,46.5488071],[0.3412634,46.5486957],[0.3413481,46.5486538],[0.3413893,46.5486364],[0.3414594,46.5487167],[0.3415115,46.5487731],[0.3419081,46.5488753],[0.3419575,46.5488897],[0.3419896,46.5488987],[0.3420085,46.5489043],[0.3420688,46.548921],[0.3420889,46.5489266],[0.3421052,46.54893],[0.3421199,46.5489334],[0.3421857,46.5489503],[0.3421973,46.5489526],[0.3422475,46.5489609],[0.3422504,46.5489334],[0.3422505,46.5489303],[0.3422557,46.548913],[0.3422708,46.5489093],[0.3422901,46.5489057],[0.3422947,46.5488761],[0.3422993,46.5488701],[0.3422995,46.548866],[0.3423218,46.5487143],[0.3423237,46.5487081],[0.3417804,46.5483295],[0.3416716,46.5482779],[0.3417181,46.5483618],[0.3415089,46.548402],[0.3414997,46.5483415],[0.341494,46.5483382],[0.3411606,46.5483704],[0.3404196,46.5485586],[0.3402418,46.5486128],[0.3400755,46.5487142],[0.3398766,46.5487842],[0.339638,46.5488481],[0.3394857,46.5489263],[0.3393053,46.5490417],[0.3392641,46.5490674],[0.3392031,46.5491048],[0.3391479,46.5491444],[0.3391182,46.5492],[0.3390589,46.549266],[0.3388806,46.5491873],[0.3389108,46.5491705],[0.3389007,46.5491694],[0.3384844,46.5491331],[0.3383598,46.5490453],[0.3383267,46.5490579],[0.3382799,46.5490127],[0.338207,46.5489335],[0.3381403,46.5488399],[0.3380726,46.5487422],[0.3379771,46.5487799],[0.3379393,46.548736],[0.3378106,46.5485796],[0.3377686,46.5485338],[0.3376797,46.5484448],[0.3375665,46.5483327],[0.3372174,46.54802],[0.3371777,46.5479843],[0.3371052,46.5479203],[0.3368293,46.5476818],[0.3367879,46.5476471],[0.3365955,46.547616],[0.3365854,46.5476149],[0.336564,46.5476267],[0.3364589,46.5476865],[0.3364511,46.5477179],[0.3361593,46.547748]]],[[[0.3345445,46.5598812],[0.3345448,46.5598525],[0.3345623,46.5598233],[0.3345858,46.5597983],[0.3345937,46.5597903],[0.3346512,46.5597354],[0.3347553,46.5596989],[0.3348244,46.5596465],[0.3348526,46.5596153],[0.3348712,46.5595719],[0.3349023,46.5595051],[0.3349174,46.5594451],[0.3349192,46.5593746],[0.334894,46.5593148],[0.334852,46.5592677],[0.3347615,46.5592033],[0.3346503,46.5591772],[0.3345599,46.5591761],[0.3344396,46.5591835],[0.3342634,46.5591805],[0.3341574,46.5591924],[0.3340077,46.5592246],[0.3338531,46.55927],[0.3337583,46.5593262],[0.3336807,46.5593979],[0.3335862,46.5596625],[0.3335296,46.5598186],[0.3334836,46.5599096],[0.333395,46.5599995],[0.3332802,46.5600704],[0.3331452,46.5601317],[0.3330598,46.5601542],[0.3327709,46.5601496],[0.3326017,46.5601221],[0.3325105,46.5600801],[0.3324471,46.5599835],[0.3323934,46.5599046],[0.3322383,46.5598622],[0.331902,46.5598563],[0.3317171,46.5598787],[0.3315907,46.5599248],[0.3312608,46.5601787],[0.3310161,46.5603672],[0.3304369,46.5609037],[0.3301574,46.5611619],[0.3295778,46.5617709],[0.3295345,46.5618068],[0.3294783,46.561833],[0.3294156,46.5618499],[0.3293482,46.5618566],[0.3292819,46.5618509],[0.3292192,46.5618341],[0.3289561,46.562149],[0.3289627,46.5621982],[0.3290086,46.5622545],[0.3292631,46.5624506],[0.3293643,46.5625592],[0.3295046,46.562719],[0.3297147,46.5628782],[0.329887,46.5629599],[0.3299851,46.5629898],[0.3301745,46.5630493],[0.3304682,46.5631104],[0.3305567,46.5631196],[0.3309864,46.563148],[0.3313729,46.5631295],[0.3316722,46.5630986],[0.3321798,46.5629602],[0.3323652,46.5629266],[0.3325849,46.5628899],[0.3328577,46.5628247],[0.3333659,46.5627058],[0.3338937,46.5626106],[0.3343138,46.5624804],[0.3344999,46.5623703],[0.3347299,46.562306],[0.3349343,46.5622454],[0.3350998,46.5621614],[0.3353872,46.5620137],[0.3357322,46.5617784],[0.336295,46.5613357],[0.3365632,46.5611486],[0.3365664,46.5611467],[0.336932,46.560731],[0.3376036,46.5600024],[0.3379358,46.5597229],[0.3384507,46.559282],[0.3385741,46.5591541],[0.3391203,46.5583766],[0.3391987,46.5581361],[0.3389355,46.557852],[0.3389614,46.5578433],[0.3384778,46.5572116],[0.3384079,46.5572478],[0.3383767,46.5572767],[0.3382738,46.5571701],[0.3383941,46.5571055],[0.3382777,46.5570332],[0.3380496,46.55685],[0.3379714,46.5568708],[0.3378608,46.5568568],[0.3377002,46.5567519],[0.3373931,46.5565413],[0.3371024,46.5563659],[0.3369506,46.5562336],[0.3368886,46.556227],[0.3368505,46.5563724],[0.3368448,46.5565133],[0.3368437,46.5565684],[0.3368429,46.5565838],[0.3368301,46.5567889],[0.3368246,46.5569268],[0.3367687,46.557132],[0.3367167,46.5572902],[0.3366425,46.5574695],[0.3366428,46.5577669],[0.3366354,46.5578312],[0.3365852,46.5580079],[0.3365356,46.5581723],[0.3364847,46.5582448],[0.3363503,46.5583888],[0.3362288,46.5585096],[0.3360855,46.5586505],[0.3358468,46.5588053],[0.3356884,46.5588856],[0.3354507,46.5590517],[0.3353685,46.5591857],[0.335214,46.5594367],[0.3350578,46.5596651],[0.3349291,46.5597807],[0.3348149,46.5598741],[0.334702,46.5599063],[0.3346176,46.5598766],[0.3345445,46.5598812]],[[0.3298809,46.5617269],[0.3298591,46.5617469],[0.329832,46.5617555],[0.3298114,46.5617519],[0.3297944,46.5617403],[0.3297788,46.5617225],[0.3297858,46.5617002],[0.3297981,46.5616882],[0.3298132,46.5616834],[0.3298358,46.5616788],[0.3298521,46.5616812],[0.3298652,46.5616866],[0.3298764,46.5616981],[0.3298802,46.5617085],[0.3298809,46.5617269]],[[0.329816,46.5618113],[0.329796,46.5618272],[0.3297776,46.5618349],[0.3297599,46.5618365],[0.3297435,46.5618352],[0.3297292,46.5618308],[0.3297233,46.5618224],[0.3297154,46.5618079],[0.3297114,46.5617935],[0.3297212,46.5617784],[0.3297333,46.5617705],[0.3297516,46.5617658],[0.3297725,46.5617633],[0.3297942,46.5617678],[0.3298086,46.5617784],[0.3298169,46.5617919],[0.329816,46.5618113]],[[0.3297259,46.5616272],[0.329782,46.5616571],[0.3297276,46.5617121],[0.3296724,46.5616873],[0.3297259,46.5616272]]],[[[0.3358985,46.5525659],[0.3358995,46.5525792],[0.3358718,46.5526552],[0.3358477,46.5527558],[0.335835,46.5528312],[0.3358552,46.5529074],[0.3358854,46.5530419],[0.3359139,46.5531571],[0.335954,46.5532817],[0.3360815,46.5534298],[0.3362221,46.5535516],[0.3363278,46.5536022],[0.3364107,46.5536368],[0.336611,46.5536905],[0.336629,46.5536828],[0.33667,46.5536715],[0.3367129,46.5536663],[0.3367529,46.5536652],[0.3367576,46.5536653],[0.3367577,46.5536644],[0.3367631,46.5536419],[0.3367877,46.5535321],[0.3368171,46.5533867],[0.3368352,46.5532879],[0.3368413,46.5532522],[0.3367154,46.5532228],[0.3367185,46.5532229],[0.3366984,46.5532111],[0.3366911,46.5532068],[0.3366667,46.5531848],[0.3366487,46.5531599],[0.3366367,46.553133],[0.3366974,46.5525344],[0.3366952,46.5520906],[0.336662,46.5516473],[0.3365962,46.5512061],[0.3364995,46.5507653],[0.3364477,46.550573],[0.3364404,46.5505473],[0.3363978,46.5503848],[0.3363879,46.5503477],[0.3363897,46.550309],[0.3364048,46.5502726],[0.33643,46.5502383],[0.3364671,46.5502096],[0.3363921,46.550077],[0.3362482,46.5500542],[0.3361471,46.5498464],[0.3361341,46.5498092],[0.3361262,46.5497855],[0.3360384,46.5495556],[0.3360174,46.5494958],[0.3359467,46.5492825],[0.3358498,46.5490216],[0.3357869,46.5488505],[0.3356867,46.548568],[0.3355902,46.548299],[0.3355874,46.5482918],[0.335572,46.5482455],[0.3355705,46.5482444],[0.3355653,46.5482299],[0.335555,46.5482012],[0.3354875,46.5480032],[0.3354335,46.5478651],[0.3353953,46.5477659],[0.3353843,46.5477504],[0.3353788,46.5477431],[0.3353732,46.5477369],[0.3353441,46.5477228],[0.3353107,46.5477088],[0.3352834,46.5476898],[0.3352683,46.54767],[0.3352645,46.5476525],[0.3352646,46.547626],[0.3352694,46.5476169],[0.3352778,46.5475967],[0.3352826,46.5475619],[0.3352817,46.5475171],[0.3352755,46.5474923],[0.3352693,46.5474656],[0.335218,46.5472742],[0.3352115,46.5472547],[0.3352167,46.5472681],[0.3350933,46.5468287],[0.3350805,46.5468417],[0.3345312,46.5465938],[0.334427,46.5465474],[0.3346535,46.5464259],[0.3346136,46.5463913],[0.3343928,46.5462134],[0.3346159,46.546104],[0.3346024,46.5460761],[0.333947,46.5455487],[0.3327776,46.5446138],[0.3322483,46.5441997],[0.3317527,46.5439131],[0.3313618,46.5436648],[0.3311378,46.5434306],[0.3309286,46.5434074],[0.3308983,46.5434188],[0.3308694,46.5434325],[0.3308396,46.543442],[0.3306695,46.5434983],[0.330683,46.5435192],[0.3307192,46.5435721],[0.3306829,46.5435846],[0.3303236,46.5437223],[0.3307046,46.5441657],[0.3305532,46.5442338],[0.3300097,46.5438388],[0.3298457,46.5436193],[0.3303676,46.5434249],[0.3302635,46.5432548],[0.3302228,46.5431741],[0.3303599,46.5431354],[0.3299275,46.5423985],[0.3299191,46.5423932],[0.3298959,46.5423794],[0.3296976,46.5422541],[0.3296483,46.5422684],[0.3296453,46.5422663],[0.3296027,46.5422315],[0.3295685,46.542202],[0.3293505,46.5420222],[0.3290942,46.5418097],[0.3290501,46.541774],[0.3288691,46.5416],[0.3286651,46.5414051],[0.3286234,46.541354],[0.3286054,46.5412973],[0.3286597,46.5412444],[0.3287419,46.5412064],[0.3287233,46.5411867],[0.3285824,46.5410403],[0.3284692,46.5409047],[0.3284421,46.5408805],[0.3284213,46.5408495],[0.3283892,46.5408109],[0.3283279,46.5408216],[0.3282361,46.5408564],[0.3281682,46.5409079],[0.3281074,46.540973],[0.3280028,46.5411085],[0.3279273,46.5412263],[0.3278515,46.5413585],[0.3278055,46.5414739],[0.3277245,46.5416796],[0.3276464,46.5417616],[0.3275916,46.5417306],[0.3275548,46.5416336],[0.3275095,46.5404723],[0.327462,46.539813],[0.3273478,46.5398164],[0.3273599,46.5407755],[0.3273371,46.5413281],[0.327298,46.5416778],[0.3272299,46.5419492],[0.3271509,46.5419534],[0.3271411,46.5425451],[0.3271675,46.5426131],[0.3273437,46.5429494],[0.3273848,46.5430149],[0.3274485,46.5431062],[0.3275055,46.5431812],[0.3276146,46.5433126],[0.3277517,46.5434804],[0.3278679,46.543619],[0.3280336,46.5437701],[0.328142,46.5438606],[0.3282902,46.5439774],[0.3284444,46.5441006],[0.3284542,46.544108],[0.3285476,46.5441685],[0.328674,46.5442511],[0.328849,46.5443647],[0.3289882,46.5444578],[0.329159,46.5445702],[0.329261,46.544638],[0.3293643,46.5447058],[0.3295437,46.5448255],[0.3296466,46.5449005],[0.3297937,46.5450083],[0.3299651,46.54514],[0.3301694,46.5452941],[0.3303407,46.5454289],[0.3305449,46.5455869],[0.3309919,46.5459286],[0.3312133,46.5461515],[0.3312102,46.5461586],[0.3313006,46.5462486],[0.3313682,46.5463166],[0.3315066,46.5464568],[0.3316333,46.5465897],[0.3316632,46.54662],[0.3317297,46.546686],[0.3318211,46.5467791],[0.3318565,46.5468156],[0.3319018,46.5468596],[0.3319719,46.54694],[0.3320366,46.547011],[0.3322141,46.5472022],[0.33222,46.5472003],[0.3322581,46.5472379],[0.3323355,46.5473226],[0.3323944,46.5473904],[0.33244,46.5474518],[0.3325059,46.547531],[0.3325593,46.5475916],[0.3325661,46.5476039],[0.3325715,46.5476143],[0.3326246,46.547682],[0.3326663,46.547735],[0.3327676,46.5478735],[0.3328594,46.5480002],[0.3329428,46.5481126],[0.3330052,46.5481969],[0.3330263,46.548224],[0.3330623,46.5482728],[0.3331245,46.5483612],[0.3331825,46.5484485],[0.3332303,46.5485282],[0.3332673,46.5485976],[0.3332921,46.5486585],[0.3333176,46.5487142],[0.3333491,46.5487682],[0.3333795,46.5488108],[0.3334205,46.5488536],[0.3334762,46.5488989],[0.3335418,46.5489515],[0.3335472,46.5489619],[0.3336089,46.5490298],[0.3336518,46.5490901],[0.3337312,46.5491962],[0.3338008,46.5492867],[0.3338714,46.5493896],[0.3339646,46.5495114],[0.3340409,46.5496164],[0.3341219,46.5497215],[0.3341685,46.5497952],[0.3342445,46.5499063],[0.334273,46.5499652],[0.3342989,46.5500354],[0.3343169,46.5501247],[0.3343305,46.5501506],[0.3344017,46.5502729],[0.3344356,46.5503329],[0.3345825,46.5503334],[0.3346319,46.5502915],[0.3346476,46.5502991],[0.3347338,46.5504514],[0.3347983,46.5505192],[0.3350172,46.5507451],[0.3351456,46.5509067],[0.3353117,46.5511149],[0.3354789,46.5513581],[0.3355926,46.5516121],[0.3356999,46.5518375],[0.3357837,46.5520378],[0.3358296,46.5521564],[0.335875,46.5522617],[0.3358747,46.5522679],[0.3358838,46.5523784],[0.3358895,46.5524461],[0.3358985,46.5525659]],[[0.3352189,46.5477434],[0.3351916,46.5477582],[0.3351502,46.5477225],[0.3351792,46.5477068],[0.3352189,46.5477434]],[[0.3350757,46.5478209],[0.3350467,46.5478355],[0.335007,46.5477999],[0.3350344,46.5477842],[0.3350757,46.5478209]],[[0.3349313,46.5478973],[0.3349039,46.5479119],[0.3348625,46.5478773],[0.3348915,46.5478626],[0.3349313,46.5478973]],[[0.334788,46.5479746],[0.3347591,46.5479903],[0.3347197,46.5479547],[0.334747,46.54794],[0.334788,46.5479746]],[[0.3346436,46.5480532],[0.3346161,46.5480689],[0.3345733,46.5480321],[0.3346022,46.5480173],[0.3346436,46.5480532]],[[0.3344991,46.5481305],[0.3344718,46.5481453],[0.334432,46.5481085],[0.3344578,46.5480948],[0.3344991,46.5481305]],[[0.3343543,46.5482079],[0.334327,46.5482226],[0.3342872,46.5481858],[0.334315,46.5481712],[0.3343543,46.5482079]],[[0.3342114,46.5482853],[0.3341841,46.548299],[0.3341444,46.5482633],[0.3341701,46.5482496],[0.3342114,46.5482853]],[[0.3340787,46.548365],[0.3340539,46.5483828],[0.3340081,46.5483491],[0.3340312,46.5483332],[0.3340787,46.548365]],[[0.3339812,46.5484506],[0.3339656,46.5484656],[0.3339036,46.5484274],[0.3339191,46.5484144],[0.3339264,46.5484177],[0.3339436,46.5484038],[0.3339939,46.5484325],[0.3339755,46.5484475],[0.3339812,46.5484506]],[[0.3316215,46.5460803],[0.3315805,46.5461008],[0.3314009,46.5461917],[0.3313692,46.5462084],[0.3313438,46.5461822],[0.3312746,46.5461161],[0.3312686,46.5461109],[0.3310186,46.5458649],[0.3309528,46.5458152],[0.3308959,46.54577],[0.3307929,46.5456899],[0.3309195,46.5455916],[0.3309671,46.5455549],[0.3310083,46.5455621],[0.3310274,46.5455645],[0.3310267,46.5455788],[0.3310189,46.5455868],[0.3310388,46.5456026],[0.3310589,46.5456163],[0.3310757,46.5456331],[0.3311048,46.5456481],[0.3311369,46.545657],[0.3311644,46.545671],[0.3311785,46.5456856],[0.3311974,46.5456922],[0.3312349,46.5457105],[0.3312697,46.5457276],[0.3314231,46.5458345],[0.3314447,46.5458431],[0.3314778,46.5458613],[0.3315013,46.5458699],[0.3315127,46.5458784],[0.3315378,46.5458851],[0.3315621,46.5459011],[0.3315794,46.5459076],[0.3315893,46.5459221],[0.3315991,46.5459295],[0.3316078,46.5459348],[0.3316175,46.5459443],[0.3316391,46.54596],[0.3316592,46.5459739],[0.3316825,46.5459856],[0.3317085,46.5459986],[0.3317244,46.546003],[0.3317376,46.5460042],[0.3317477,46.5460147],[0.3316215,46.5460803]]],[[[0.336407,46.5410172],[0.3364086,46.5410172],[0.3364161,46.5410154],[0.336422,46.5410155],[0.3364592,46.5410154],[0.3365252,46.5410271],[0.33654,46.5410295],[0.3365412,46.5410295],[0.3365427,46.5410295],[0.3366014,46.5410392],[0.3366095,46.541025],[0.3367791,46.5407131],[0.3368215,46.5406313],[0.3367386,46.5405966],[0.3367076,46.5405652],[0.3366683,46.5405204],[0.3366425,46.5404472],[0.3366455,46.5403532],[0.3367422,46.5401633],[0.3368007,46.5400879],[0.3367936,46.5400797],[0.3368422,46.5400246],[0.3367304,46.5399463],[0.3364677,46.53984],[0.3357408,46.5396135],[0.334618,46.5392827],[0.3340035,46.5391201],[0.3329981,46.5389045],[0.3322074,46.5387737],[0.3318488,46.5387449],[0.331553,46.538738],[0.331214,46.5387659],[0.3305785,46.5388501],[0.3301552,46.5389365],[0.3298291,46.5390924],[0.3295553,46.5392352],[0.3293928,46.5393459],[0.329241,46.539511],[0.3288963,46.5398955],[0.3287748,46.540047],[0.3286391,46.5403076],[0.3285717,46.5405626],[0.3285157,46.5406513],[0.3285918,46.5405764],[0.3284588,46.5407245],[0.3285659,46.5408641],[0.3286808,46.5409976],[0.328806,46.5411365],[0.3288297,46.5411657],[0.3288312,46.5411666],[0.3288437,46.5411823],[0.3288648,46.5411766],[0.3289263,46.5411608],[0.3290021,46.5411563],[0.3290734,46.5411785],[0.329136,46.541228],[0.3291955,46.5412846],[0.3292153,46.5413044],[0.3293953,46.5414763],[0.3296294,46.5416872],[0.3298082,46.5418437],[0.3300918,46.5420752],[0.3302126,46.5421752],[0.3303886,46.5423009],[0.3305223,46.5423869],[0.3306139,46.5422674],[0.3307241,46.5422331],[0.3309563,46.5421475],[0.3310314,46.5420686],[0.3309932,46.5419388],[0.3309107,46.5418387],[0.3307946,46.5417614],[0.3306754,46.5417403],[0.3305505,46.5417557],[0.3305972,46.5417702],[0.3307169,46.5418364],[0.330418,46.5418845],[0.3302734,46.5418474],[0.3301493,46.541773],[0.330075,46.5416035],[0.3300518,46.5415571],[0.3300144,46.5414733],[0.3300219,46.5413509],[0.3300795,46.5410885],[0.3300344,46.5408258],[0.3300613,46.5407875],[0.3301045,46.5407292],[0.3303244,46.5406853],[0.3303104,46.5406359],[0.3303328,46.5405394],[0.3303385,46.540518],[0.3303713,46.5405116],[0.3305805,46.5404726],[0.3306406,46.5404596],[0.3308265,46.5404394],[0.330859,46.5404484],[0.3308559,46.5404799],[0.3308663,46.5405077],[0.3310225,46.5404052],[0.3311568,46.5403265],[0.331234,46.5402935],[0.3313206,46.5402771],[0.3314737,46.5402623],[0.3314732,46.5402153],[0.331466,46.5400904],[0.3317759,46.5400823],[0.3317761,46.5400783],[0.3317374,46.5398678],[0.331806,46.5398039],[0.3318656,46.5398248],[0.3318714,46.539827],[0.3320096,46.5398761],[0.3325155,46.5399513],[0.3327087,46.5399742],[0.3327178,46.5399397],[0.3327603,46.5399438],[0.3328477,46.5399519],[0.3328413,46.5399865],[0.3328826,46.5399906],[0.3332691,46.5400242],[0.333303,46.540029],[0.3332506,46.5402506],[0.3332432,46.5402505],[0.3324863,46.5401889],[0.3318235,46.540197],[0.3318318,46.5402431],[0.3320158,46.5402382],[0.332219,46.5402317],[0.3326395,46.540268],[0.3333412,46.5402803],[0.3334506,46.5402533],[0.3335523,46.5402638],[0.3338578,46.5403128],[0.3342402,46.5403749],[0.3344923,46.5403951],[0.3346885,46.5404743],[0.3348321,46.5405982],[0.3348597,46.5406111],[0.3349899,46.5406715],[0.3353181,46.5407445],[0.3357874,46.540871],[0.3362791,46.5410296],[0.3362997,46.5410332],[0.336317,46.5410397],[0.3363245,46.5410378],[0.3363682,46.5410266],[0.336407,46.5410172]]],[[[0.3340003,46.5212453],[0.3340668,46.5215504],[0.3341578,46.5217478],[0.3342709,46.5217974],[0.3345782,46.52187],[0.3346873,46.5218817],[0.3345931,46.5217487],[0.3344878,46.521598],[0.3343911,46.5214609],[0.3342995,46.521332],[0.3342306,46.5212281],[0.3343557,46.5210634],[0.3344226,46.5209933],[0.3343197,46.5210707],[0.3341352,46.5211217],[0.3340116,46.5211658],[0.3340003,46.5212453]]],[[[0.3335231,46.5201311],[0.3335637,46.520268],[0.333588,46.5203494],[0.3336079,46.5204224],[0.3337413,46.5209039],[0.3338041,46.5209258],[0.3338957,46.5209586],[0.3339684,46.5209848],[0.3341744,46.5209508],[0.334224,46.5209376],[0.3342736,46.5209245],[0.3342974,46.5209189],[0.3343485,46.5209058],[0.3343814,46.5208983],[0.3344061,46.5209051],[0.3344476,46.5209377],[0.3344461,46.5209684],[0.3347208,46.5207407],[0.3347083,46.520724],[0.3346253,46.5206036],[0.3344385,46.5206676],[0.3343573,46.5206955],[0.3342653,46.520727],[0.3341208,46.5207758],[0.3340726,46.5207921],[0.3340452,46.5207516],[0.3340133,46.5206118],[0.3338459,46.5204636],[0.3337788,46.5203865],[0.3337057,46.520304],[0.3335231,46.5201311]]],[[[0.3218578,46.5738247],[0.3216943,46.5737779],[0.3202744,46.5734094],[0.3200707,46.5733361],[0.3196693,46.5732338],[0.3189977,46.5730615],[0.3185609,46.5729859],[0.3179161,46.5729565],[0.3176071,46.5729748],[0.3172869,46.5729735],[0.3167385,46.5729687],[0.3165986,46.5729522],[0.3161504,46.5729007],[0.3158519,46.572857],[0.3151634,46.5726251],[0.3149566,46.5725498],[0.314865,46.5725169],[0.314766,46.572481],[0.3136718,46.572122],[0.3137075,46.5721535],[0.3137101,46.5721566],[0.313776,46.5722349],[0.313803,46.5722579],[0.3138543,46.5723001],[0.3138829,46.5723243],[0.3138885,46.5723295],[0.3139125,46.5723505],[0.3139652,46.5723957],[0.3139766,46.5724103],[0.3139892,46.5724249],[0.3139918,46.5724279],[0.3140029,46.5724416],[0.3141218,46.5726446],[0.3142038,46.5727856],[0.314219,46.5728115],[0.314219,46.5728126],[0.3142489,46.5728644],[0.3142544,46.5728737],[0.3142558,46.5728768],[0.3142665,46.5728986],[0.3142933,46.5729584],[0.31432,46.5730204],[0.3143225,46.5730256],[0.3143305,46.5730452],[0.3143556,46.5731092],[0.314368,46.5731606],[0.3143679,46.5731626],[0.3143898,46.5732581],[0.3145302,46.5732963],[0.3158714,46.573662],[0.3160133,46.5737011],[0.3165166,46.5738918],[0.316702,46.5735343],[0.3183009,46.573903],[0.3187297,46.5740141],[0.318734,46.5740153],[0.3185314,46.574396],[0.3188739,46.5744295],[0.3190436,46.5744458],[0.3192385,46.5744605],[0.3194309,46.5744926],[0.3195429,46.5742949],[0.3196211,46.5741557],[0.3211893,46.574546],[0.3218285,46.5747216],[0.321909,46.5747438],[0.3219382,46.5747548],[0.3219672,46.5747707],[0.3220338,46.5748276],[0.3223068,46.5750945],[0.3224201,46.5752046],[0.3225132,46.5752731],[0.3225035,46.5752863],[0.322468,46.5753468],[0.3225042,46.5753609],[0.322726,46.5754653],[0.3228511,46.5755428],[0.3233807,46.5758363],[0.3235921,46.5759373],[0.3237407,46.575993],[0.3242706,46.5761597],[0.3242656,46.5761657],[0.3245826,46.576264],[0.3245973,46.5762686],[0.3246051,46.5762605],[0.3248575,46.576341],[0.3249219,46.576362],[0.3249246,46.5763631],[0.3250616,46.5764143],[0.3260265,46.5769275],[0.3265155,46.5771464],[0.3269539,46.5773335],[0.3270653,46.5773892],[0.3272098,46.5774632],[0.3272648,46.5774931],[0.3273178,46.5775311],[0.3275915,46.5777511],[0.3278212,46.5779354],[0.3281482,46.5780044],[0.328964,46.5785713],[0.3291001,46.5785449],[0.3291589,46.5785279],[0.3291445,46.5785193],[0.3290816,46.5784422],[0.3289982,46.5783616],[0.3288849,46.5782803],[0.3288762,46.5782739],[0.3288551,46.5782581],[0.3287663,46.5781895],[0.3284007,46.5779398],[0.3272678,46.5772152],[0.3272398,46.577243],[0.3271001,46.5771907],[0.3271238,46.5771628],[0.3268722,46.5770658],[0.3267109,46.5769987],[0.3263163,46.5768219],[0.3258506,46.5765819],[0.3254504,46.5763763],[0.3253709,46.5763346],[0.3251399,46.5762322],[0.3250019,46.5761777],[0.3248589,46.5761295],[0.3240498,46.5758826],[0.3235559,46.5756778],[0.32408,46.5746954],[0.3243792,46.5747955],[0.3248058,46.5749527],[0.3253977,46.5751822],[0.3257402,46.5753026],[0.3262987,46.5755202],[0.3266976,46.5756735],[0.3274143,46.5759254],[0.3276145,46.5759832],[0.3276952,46.5759994],[0.3277412,46.5760047],[0.3277962,46.5760008],[0.3278425,46.5759937],[0.3278307,46.5759618],[0.3278215,46.5759329],[0.3279253,46.5759036],[0.3279382,46.5759428],[0.3279484,46.5759746],[0.3279726,46.5759702],[0.3279881,46.5759807],[0.3280859,46.576168],[0.3281127,46.5761984],[0.3281467,46.5762227],[0.3282037,46.5762433],[0.3281761,46.5763838],[0.3282036,46.5764424],[0.3283032,46.5766542],[0.3285399,46.5771575],[0.3285814,46.5772458],[0.3287403,46.5775132],[0.3287736,46.5775562],[0.3289247,46.5777514],[0.3291627,46.5780588],[0.3293991,46.5783463],[0.3296119,46.5782675],[0.3298493,46.5781749],[0.3298656,46.5780813],[0.3299113,46.5778124],[0.3299568,46.5777328],[0.3300916,46.5776787],[0.3305479,46.5776208],[0.3310209,46.5777106],[0.3310713,46.577771],[0.331118,46.5777527],[0.3311557,46.5777434],[0.3310399,46.5775944],[0.3306512,46.5772082],[0.3303728,46.5769636],[0.3299432,46.5766846],[0.3284475,46.5760212],[0.3279933,46.5757877],[0.3278821,46.5757298],[0.3266932,46.5753637],[0.3252554,46.5748794],[0.3231776,46.5742113],[0.322317,46.5739551],[0.3218578,46.5738247]],[[0.3148764,46.5726184],[0.3149942,46.5726294],[0.3154798,46.5727972],[0.3157101,46.5728711],[0.3163797,46.5730033],[0.3172979,46.5730779],[0.317949,46.5731301],[0.3183494,46.5731905],[0.3188419,46.5733043],[0.3196162,46.5734758],[0.320109,46.5735527],[0.3201212,46.5735754],[0.3201072,46.5735894],[0.320034,46.573596],[0.3197245,46.5735918],[0.3191429,46.5735444],[0.3187587,46.5734904],[0.3183587,46.5734237],[0.3182198,46.5734093],[0.3179464,46.5733661],[0.3168024,46.5731747],[0.3161983,46.5730727],[0.3157511,46.5729711],[0.3154917,46.5728823],[0.3152899,46.5728243],[0.3150168,46.5727751],[0.3148767,46.5727636],[0.3147997,46.572727],[0.3148076,46.5726618],[0.3148764,46.5726184]]],[[[0.3282793,46.5615352],[0.3282818,46.5615404],[0.3282833,46.5615424],[0.3283441,46.5616368],[0.3284402,46.5617301],[0.3285277,46.561816],[0.3285292,46.561818],[0.3285559,46.5619127],[0.3286693,46.5620442],[0.3287054,46.5621237],[0.3288159,46.5621631],[0.3288522,46.562119],[0.3290986,46.5618416],[0.3291429,46.5617853],[0.3290778,46.5617531],[0.3290462,46.561734],[0.3290168,46.5616955],[0.3290021,46.5616676],[0.3289947,46.5616347],[0.3290033,46.5615796],[0.3290294,46.5615352],[0.3290594,46.5614972],[0.3291311,46.5614191],[0.3292169,46.5613311],[0.3293962,46.5611493],[0.329568,46.5609703],[0.3297477,46.5608151],[0.3297954,46.5607763],[0.3298851,46.5607048],[0.3300038,46.5606105],[0.3302731,46.5604092],[0.330594,46.5601775],[0.3307485,46.5600789],[0.3309967,46.559915],[0.3313275,46.5596987],[0.3314913,46.5595932],[0.3317164,46.5594462],[0.3318417,46.5593673],[0.3317414,46.5593272],[0.3315533,46.5592645],[0.3313524,46.5591904],[0.3312157,46.559133],[0.3311577,46.5591091],[0.3310168,46.5590496],[0.3308807,46.5589881],[0.3308025,46.5589444],[0.3306884,46.5588916],[0.3305959,46.5588435],[0.3305171,46.558813],[0.3304,46.5587879],[0.3303251,46.5587727],[0.3302268,46.5587552],[0.3301888,46.5587706],[0.3301372,46.5587919],[0.3300972,46.5588258],[0.3300602,46.5588535],[0.3300159,46.5588524],[0.3299688,46.5588462],[0.3299363,46.5588454],[0.3298774,46.5588328],[0.3298129,46.5588212],[0.3297644,46.5588118],[0.3296974,46.5588194],[0.3296319,46.5588302],[0.3295892,46.5588538],[0.329537,46.5588862],[0.3295095,46.5589051],[0.3294618,46.5589111],[0.3294229,46.5589205],[0.3293847,46.5589409],[0.3293471,46.5589799],[0.3293161,46.559013],[0.3292851,46.5590369],[0.3292311,46.5590518],[0.3291823,46.559017],[0.329158,46.5589684],[0.3291324,46.5589157],[0.3291036,46.5588721],[0.3290664,46.5588712],[0.3289816,46.5588825],[0.3288818,46.5589191],[0.3287895,46.5589568],[0.3286976,46.5589607],[0.3286339,46.5589337],[0.3285543,46.5588951],[0.3284286,46.5588523],[0.3282428,46.5588059],[0.3281363,46.5588045],[0.3280625,46.5587987],[0.3279565,46.5587799],[0.3278935,46.5587386],[0.3278255,46.5586716],[0.3277829,46.5586051],[0.3277461,46.5585398],[0.3277109,46.5584756],[0.3276718,46.5584257],[0.3276199,46.5583651],[0.3275657,46.5583199],[0.3275177,46.5582993],[0.3274802,46.5582821],[0.3274407,46.558272],[0.3274011,46.558265],[0.3273521,46.5582648],[0.3272763,46.5582692],[0.3271641,46.5582881],[0.3270401,46.5583067],[0.3270016,46.5583088],[0.3269392,46.5583114],[0.326889,46.5583113],[0.3268286,46.5583058],[0.3267918,46.5582967],[0.3265964,46.5582932],[0.326253,46.5582812],[0.3258526,46.5582891],[0.3252778,46.5582553],[0.3250594,46.5582665],[0.3244453,46.55834],[0.3241307,46.5583807],[0.3239741,46.5584006],[0.3237909,46.5584208],[0.3235449,46.5584754],[0.323366,46.5585275],[0.3233056,46.5585536],[0.3233022,46.5585587],[0.3231006,46.5586275],[0.3229272,46.5586859],[0.3228271,46.5587305],[0.3226614,46.5588165],[0.3225668,46.5588676],[0.3224117,46.5589784],[0.3223118,46.5590496],[0.3222479,46.5591136],[0.3222093,46.5591504],[0.3221606,46.559177],[0.3221041,46.559242],[0.3220346,46.5592997],[0.3219746,46.559372],[0.3219268,46.5594128],[0.3217875,46.5595598],[0.3216694,46.5596755],[0.3215699,46.5597928],[0.3214589,46.5599385],[0.321312,46.5601303],[0.3211767,46.5603153],[0.321025,46.5605079],[0.3209742,46.560608],[0.3208917,46.560747],[0.3208074,46.5608688],[0.3207424,46.5609787],[0.3207132,46.5610301],[0.3206384,46.5611092],[0.3205519,46.5612104],[0.320414,46.5613942],[0.3203264,46.5615179],[0.3202524,46.5616348],[0.3201594,46.5618053],[0.3200831,46.5619149],[0.3200334,46.5619854],[0.3200012,46.5620408],[0.3199325,46.5621404],[0.3198285,46.5622627],[0.3197482,46.5623651],[0.3196857,46.5624577],[0.3196901,46.5624864],[0.3196493,46.5625672],[0.3195969,46.5626682],[0.3195595,46.5627604],[0.3195281,46.5628332],[0.3194721,46.5629434],[0.3194382,46.5630264],[0.3194202,46.5630985],[0.3193856,46.5632265],[0.3193502,46.5633094],[0.3193248,46.563404],[0.3192994,46.5634729],[0.3192476,46.5635861],[0.3192395,46.5636627],[0.3192393,46.5637546],[0.3192542,46.5638429],[0.3192882,46.5639409],[0.3193316,46.5640543],[0.3193583,46.5641397],[0.3194148,46.5642893],[0.3194776,46.5644237],[0.3195291,46.5645864],[0.3195713,46.5646936],[0.3196057,46.5648059],[0.3196603,46.5649309],[0.3197213,46.5650438],[0.3198002,46.5651856],[0.3198933,46.5653473],[0.3200457,46.5656187],[0.3201538,46.5658349],[0.3201768,46.5658783],[0.3201922,46.5659237],[0.3203603,46.5661863],[0.32044,46.5663108],[0.3205182,46.5664731],[0.3206148,46.566644],[0.320722,46.5667835],[0.320827,46.5668801],[0.3209776,46.5669817],[0.3211426,46.5670929],[0.321261,46.5672193],[0.321426,46.5673857],[0.3215269,46.5673574],[0.3217421,46.5675322],[0.3218868,46.5676337],[0.3219427,46.5676697],[0.3221058,46.5677636],[0.3223061,46.5678816],[0.3223978,46.5679145],[0.3224958,46.5679699],[0.3225668,46.5680308],[0.3225047,46.5680918],[0.3225333,46.5681067],[0.3227708,46.5682504],[0.3229288,46.5683296],[0.3230265,46.5683892],[0.3231083,46.5684402],[0.3232317,46.5685279],[0.323422,46.5686366],[0.3236384,46.5687869],[0.3237704,46.5689065],[0.3239715,46.5690655],[0.3241803,46.5692196],[0.3244521,46.5693896],[0.3244941,46.5694355],[0.3245319,46.5695131],[0.324603,46.5696057],[0.3247337,46.5697212],[0.3247917,46.5697522],[0.3250399,46.5699174],[0.3253981,46.5701641],[0.3256884,46.570318],[0.3259295,46.5704842],[0.3264083,46.5707816],[0.3265682,46.5708793],[0.3267282,46.5709394],[0.326871,46.5709927],[0.3270474,46.571049],[0.3271881,46.5710809],[0.3272519,46.5710813],[0.3272983,46.5710477],[0.3272994,46.5709935],[0.3273138,46.5709387],[0.3273544,46.5708936],[0.3274015,46.5708774],[0.3274023,46.5708293],[0.327402,46.5708037],[0.3274028,46.5707536],[0.3273983,46.5705757],[0.3274027,46.5703979],[0.3272529,46.5703985],[0.3272464,46.5702594],[0.3272305,46.5698255],[0.3272303,46.5697979],[0.3272405,46.5697746],[0.3272626,46.56954],[0.3272911,46.5695019],[0.3273943,46.5694828],[0.3273919,46.5694357],[0.3273776,46.5694323],[0.3273778,46.5693966],[0.3273363,46.5693956],[0.327318,46.5693768],[0.3272828,46.5693361],[0.3272572,46.5692814],[0.3272389,46.5692073],[0.327205,46.5691718],[0.3271661,46.5691504],[0.3271226,46.5691269],[0.3270962,46.5690884],[0.3270658,46.5690448],[0.3270278,46.569005],[0.3270005,46.5689871],[0.3269458,46.5689838],[0.3268828,46.5689965],[0.3268203,46.5690094],[0.3267713,46.5690082],[0.3267095,46.5689987],[0.3266569,46.5689842],[0.3266461,46.5689563],[0.3266548,46.5689085],[0.3266699,46.568871],[0.3266742,46.5688404],[0.3266666,46.5688188],[0.3266316,46.568774],[0.3266064,46.5687437],[0.3265204,46.5688357],[0.3264923,46.5688658],[0.32639,46.568802],[0.3264415,46.5687501],[0.3265319,46.5686561],[0.3265111,46.5686332],[0.326479,46.5685935],[0.3264609,46.5685707],[0.3264446,46.5685356],[0.3264111,46.5684907],[0.326382,46.5684544],[0.3263098,46.5685027],[0.326264,46.5685334],[0.3262288,46.568557],[0.3260212,46.5684019],[0.3256954,46.5681572],[0.3256784,46.5681445],[0.3256533,46.5680488],[0.3256334,46.5679451],[0.325551,46.567843],[0.3252096,46.5676368],[0.3250197,46.5676098],[0.3248942,46.5676028],[0.324619,46.5674134],[0.3246527,46.5673886],[0.3246698,46.5673124],[0.3246915,46.5672935],[0.3247048,46.5672313],[0.3246747,46.5671816],[0.3244096,46.5670006],[0.3242933,46.5669518],[0.3242056,46.5669253],[0.324007,46.5668685],[0.3238456,46.5668034],[0.3237163,46.5667462],[0.3235908,46.5666769],[0.3234792,46.5665966],[0.3232613,46.5664208],[0.3231317,46.5663073],[0.3229998,46.5661918],[0.3229007,46.5660943],[0.3228031,46.5660002],[0.322692,46.5658769],[0.3226183,46.5657822],[0.3225982,46.5657367],[0.3225671,46.5660652],[0.322549,46.5661618],[0.3225761,46.5662718],[0.3226143,46.5663729],[0.3226157,46.5663759],[0.3227121,46.566552],[0.3227923,46.5666745],[0.3229262,46.5667799],[0.3231857,46.5669301],[0.3234291,46.5670718],[0.3235388,46.5671601],[0.3237098,46.567245],[0.3243043,46.567542],[0.3243114,46.5675473],[0.3243475,46.5675706],[0.3242768,46.5676231],[0.3241353,46.5677271],[0.3239905,46.5676511],[0.3237298,46.5674999],[0.3236796,46.5674691],[0.3235571,46.5673946],[0.3234391,46.5673235],[0.3232233,46.5671926],[0.3231401,46.5671315],[0.3230255,46.5670561],[0.3229371,46.5669815],[0.3228365,46.5669148],[0.3227426,46.5668389],[0.3226191,46.5667287],[0.3225545,46.5666567],[0.3225067,46.5665994],[0.3224385,46.5665129],[0.3223786,46.5664317],[0.3223568,46.5663965],[0.3223309,46.5663509],[0.322278,46.5662455],[0.3222241,46.5661399],[0.3221929,46.5660809],[0.3221616,46.5660239],[0.3221616,46.5660229],[0.3221469,46.565995],[0.3220968,46.5658997],[0.3219769,46.5656832],[0.3218419,46.5654399],[0.3218286,46.565415],[0.3217249,46.5652287],[0.3216529,46.5651002],[0.321684,46.5650416],[0.3218398,46.5650043],[0.3220484,46.5649541],[0.3219602,46.5647874],[0.3219359,46.5647409],[0.3218907,46.5645998],[0.3218721,46.5644991],[0.3218381,46.5644013],[0.3218146,46.5642514],[0.3218077,46.5642073],[0.321801,46.564105],[0.3218065,46.5640243],[0.3218211,46.5639675],[0.321852,46.5638813],[0.321899,46.5637698],[0.3219239,46.5636866],[0.321948,46.5636177],[0.3219817,46.5635061],[0.3219963,46.5634164],[0.322016,46.5632881],[0.3220446,46.5631599],[0.3220642,46.563095],[0.3221817,46.5629065],[0.3223107,46.5626888],[0.3224225,46.5624951],[0.3225034,46.5623559],[0.3225824,46.5621994],[0.3226412,46.562121],[0.3227053,46.5620193],[0.3227887,46.5618628],[0.3228656,46.5617491],[0.3229385,46.5616516],[0.3230207,46.5615421],[0.3230818,46.5614484],[0.3231045,46.5614091],[0.3231873,46.561319],[0.3232574,46.5612552],[0.3233241,46.5611904],[0.3234289,46.5610834],[0.3234845,46.5610357],[0.3235741,46.5609591],[0.3236605,46.5608917],[0.3237936,46.5608057],[0.323934,46.5607232],[0.3240771,46.5606417],[0.3242466,46.5605414],[0.3243905,46.5604763],[0.3244946,46.5604153],[0.3246154,46.560366],[0.3247075,46.5603323],[0.3248209,46.5602901],[0.3249974,46.5602226],[0.3251414,46.5601545],[0.3252656,46.5601072],[0.3252879,46.5600995],[0.3255567,46.5599976],[0.325766,46.5599308],[0.3259102,46.5598923],[0.3261415,46.5598569],[0.3262387,46.5598406],[0.3263539,46.5598178],[0.3264502,46.55982],[0.3264886,46.5598281],[0.3265736,46.5598444],[0.3266271,46.5598712],[0.3266443,46.5598799],[0.326653,46.5598872],[0.326704,46.5599333],[0.3267471,46.559966],[0.3267553,46.5599734],[0.3268348,46.560014],[0.3268437,46.5600174],[0.3268567,46.5600228],[0.3268656,46.5600261],[0.3269075,46.5600424],[0.3269567,46.5600691],[0.3270044,46.5600948],[0.3270377,46.5601119],[0.3270376,46.5601128],[0.3270403,46.560114],[0.3271036,46.5601584],[0.3271125,46.5601851],[0.327114,46.5601852],[0.3271156,46.5601852],[0.3271585,46.5601903],[0.3272009,46.5601954],[0.3273123,46.5602491],[0.327471,46.5603684],[0.3276532,46.5606159],[0.327811,46.560778],[0.328002,46.5610227],[0.3280673,46.5611775],[0.3281334,46.5612435],[0.328126,46.561274],[0.3281463,46.5613153],[0.3281447,46.5613163],[0.3282196,46.5614509],[0.3282793,46.5615352]]],[[[0.3053536,46.6294008],[0.3053518,46.6294038],[0.3053118,46.6293732],[0.3052607,46.6293578],[0.3052504,46.6293524],[0.3051002,46.6292732],[0.3050565,46.6292507],[0.3050164,46.6292211],[0.3049449,46.6291683],[0.304836,46.6290615],[0.30481,46.6290476],[0.3047037,46.6289765],[0.3046799,46.6289811],[0.304675,46.6289861],[0.3045526,46.6291192],[0.3046635,46.6291617],[0.3047011,46.62918],[0.3048605,46.6292552],[0.3049068,46.6292789],[0.3047956,46.6294582],[0.3047829,46.6294763],[0.3046391,46.6295915],[0.3047135,46.6296495],[0.304615,46.6297218],[0.3046557,46.6297391],[0.3048446,46.629815],[0.3050555,46.6299049],[0.3052144,46.6299914],[0.3054077,46.6300982],[0.3055364,46.6301688],[0.3057736,46.6303869],[0.305976,46.6305215],[0.3060165,46.6305439],[0.3061187,46.6306036],[0.3062513,46.6306271],[0.3063498,46.6306755],[0.3063247,46.6306983],[0.3063537,46.6307154],[0.3063998,46.630743],[0.3064374,46.6307593],[0.3064625,46.630768],[0.3064888,46.6307748],[0.3065266,46.630789],[0.3065642,46.6308062],[0.3066163,46.6308381],[0.3066611,46.6308606],[0.3066961,46.6308747],[0.3068076,46.6309295],[0.3070123,46.6310181],[0.3072168,46.6311129],[0.3073789,46.6312301],[0.3075438,46.6313475],[0.3084242,46.6319028],[0.3090799,46.6322974],[0.3092837,46.6324055],[0.3095526,46.6325529],[0.309735,46.632642],[0.3100078,46.6327434],[0.3105299,46.6329274],[0.3106622,46.6329816],[0.3108779,46.6331186],[0.3110838,46.6332482],[0.3112877,46.6333531],[0.3114071,46.6333989],[0.3116635,46.6334979],[0.3119854,46.6335914],[0.3122432,46.6336852],[0.3123568,46.6337605],[0.3127731,46.6337774],[0.3130163,46.6337473],[0.3132409,46.6337127],[0.3135615,46.633616],[0.3137863,46.633514],[0.3140242,46.6333529],[0.3141285,46.6332582],[0.3142616,46.6330589],[0.31438,46.6328225],[0.3144329,46.6326234],[0.3144619,46.6324584],[0.3145272,46.6317638],[0.314454,46.6313226],[0.3140732,46.6305572],[0.3137769,46.6300974],[0.3136665,46.6299588],[0.3135684,46.6298707],[0.3134741,46.6297713],[0.3131247,46.6295127],[0.3130692,46.6294684],[0.3130122,46.6294243],[0.3129219,46.6293526],[0.3128446,46.6292967],[0.3127026,46.6292023],[0.312629,46.6291586],[0.3125821,46.6291146],[0.3124321,46.6289997],[0.3121413,46.6287219],[0.3120305,46.6285998],[0.3118803,46.6284869],[0.3117081,46.6283039],[0.311689,46.6282136],[0.3116615,46.6281025],[0.3115696,46.6278345],[0.3113871,46.6274152],[0.311002,46.6274921],[0.3109778,46.6274414],[0.3108969,46.627277],[0.3108438,46.6271449],[0.3107579,46.6270887],[0.3111615,46.6269633],[0.3111657,46.6269428],[0.3111744,46.6268225],[0.3111052,46.6267228],[0.3110264,46.6266656],[0.3109411,46.6267077],[0.3106893,46.6267621],[0.3106209,46.6267645],[0.3103738,46.6268425],[0.3103492,46.6268011],[0.3103296,46.6266585],[0.3103199,46.626552],[0.3106046,46.6264922],[0.3106569,46.6264883],[0.3106746,46.6263068],[0.310695,46.6262276],[0.3107587,46.6261126],[0.3107793,46.6260853],[0.3108483,46.6259745],[0.3109215,46.625875],[0.3109716,46.6258211],[0.311061,46.625728],[0.311193,46.6255819],[0.3113196,46.6255123],[0.3115067,46.6254482],[0.3117967,46.6253446],[0.3120887,46.6252318],[0.3129141,46.6250959],[0.3133756,46.6250065],[0.3137813,46.6249342],[0.3140959,46.6249038],[0.3142069,46.6248799],[0.31415,46.6248325],[0.3141239,46.6248195],[0.3141516,46.6247364],[0.3140934,46.6247146],[0.3141647,46.6245344],[0.3142036,46.6244381],[0.3142433,46.6243491],[0.3142753,46.6242732],[0.3137036,46.6243149],[0.3126089,46.624461],[0.3119571,46.624592],[0.310796,46.6247876],[0.3102511,46.6249138],[0.3099902,46.6249689],[0.3096273,46.6251362],[0.3094057,46.6252385],[0.3091487,46.6253664],[0.3089186,46.6255756],[0.3087408,46.6257748],[0.3085665,46.6260314],[0.3084708,46.6262295],[0.3084292,46.626436],[0.308454,46.6266563],[0.3086114,46.6271926],[0.3087209,46.6274702],[0.3088398,46.6275252],[0.3089116,46.6277221],[0.3089087,46.6277813],[0.309002,46.6279971],[0.3091824,46.6282212],[0.3102466,46.6294145],[0.3103855,46.6296366],[0.3107282,46.6299667],[0.3109282,46.6301502],[0.3113046,46.630434],[0.3115603,46.6307222],[0.3115586,46.6309705],[0.3114497,46.6311335],[0.3111619,46.6313118],[0.3107573,46.6313851],[0.3104086,46.6313913],[0.3099794,46.6313669],[0.3095578,46.6313059],[0.3091654,46.631173],[0.3087532,46.6309864],[0.3081573,46.6306994],[0.3073841,46.6302214],[0.3066669,46.6297537],[0.3060058,46.6293507],[0.3056518,46.6291298],[0.3055668,46.6290797],[0.3055252,46.629136],[0.3054978,46.6291824],[0.3054655,46.6292327],[0.3054286,46.629287],[0.3053807,46.6293606],[0.3053536,46.6294008]],[[0.3119544,46.6314878],[0.3120346,46.631547],[0.3124203,46.6316112],[0.3127159,46.6314812],[0.3129439,46.6315202],[0.3128365,46.6316536],[0.3128161,46.6317084],[0.3126957,46.6317699],[0.3126102,46.6317854],[0.3125939,46.6317911],[0.312508,46.6318137],[0.3123285,46.6318728],[0.3122818,46.631889],[0.3122251,46.6319255],[0.3122399,46.6319586],[0.3120378,46.6320234],[0.312021,46.6319985],[0.31193,46.6320127],[0.3116987,46.6316433],[0.3115588,46.6314183],[0.3117095,46.6313073],[0.3119544,46.6314878]],[[0.3098385,46.6271959],[0.3099861,46.627273],[0.310182,46.6273267],[0.3102576,46.6273601],[0.3103574,46.6274453],[0.3104033,46.6275639],[0.310392,46.6277364],[0.3103809,46.6277464],[0.310378,46.6277494],[0.3096542,46.6280984],[0.3095513,46.6281081],[0.3094423,46.6280903],[0.3093185,46.6280148],[0.3091232,46.6278559],[0.3090897,46.6277875],[0.3090846,46.6277384],[0.3090743,46.6277014],[0.3090748,46.6276911],[0.3090752,46.627683],[0.3091166,46.6276309],[0.3091974,46.6275284],[0.3097044,46.6272653],[0.3098385,46.6271959]]],[[[0.3100213,46.5715362],[0.3100844,46.5715752],[0.3102028,46.5716544],[0.3103033,46.5717226],[0.3103442,46.5717515],[0.3104638,46.5718375],[0.3105917,46.5719453],[0.3106185,46.5719664],[0.3106354,46.5719566],[0.3106857,46.5719303],[0.310707,46.571856],[0.3108016,46.5717745],[0.3110533,46.5719634],[0.3108278,46.5721175],[0.3108205,46.5721218],[0.310947,46.5722184],[0.3118448,46.5716027],[0.3122112,46.5718658],[0.3123288,46.5720076],[0.3124309,46.5721317],[0.3127244,46.5723063],[0.3127523,46.572313],[0.3129661,46.572364],[0.312949,46.5723861],[0.3128742,46.5724876],[0.3127348,46.5726683],[0.3126821,46.5727418],[0.3125426,46.5729327],[0.3125266,46.5729548],[0.3125105,46.5729799],[0.3124891,46.5730244],[0.312464,46.5730791],[0.3124417,46.5731102],[0.3124165,46.5731127],[0.3124903,46.5731512],[0.3124809,46.5731582],[0.3124717,46.573162],[0.3124555,46.5731647],[0.3124421,46.5731665],[0.312442,46.5731685],[0.312445,46.5731941],[0.3127753,46.573347],[0.3129289,46.5734191],[0.3129435,46.5734257],[0.3130248,46.5734612],[0.3131427,46.5735029],[0.3134698,46.5736025],[0.3135855,46.5736329],[0.3136826,46.5736505],[0.31369,46.5736517],[0.3137191,46.5736574],[0.3137323,46.5736588],[0.3137408,46.5736375],[0.3137707,46.5733654],[0.3137774,46.5731978],[0.3137385,46.5730885],[0.3137176,46.5730277],[0.3136803,46.5728869],[0.3136661,46.5728731],[0.3136546,46.5728668],[0.3136425,46.5728665],[0.313585,46.5728652],[0.3135582,46.5728666],[0.3135492,46.5728663],[0.3135116,46.5728737],[0.3134684,46.5728849],[0.3134376,46.5729036],[0.3134019,46.5729375],[0.313377,46.5729656],[0.3133288,46.5730043],[0.3132428,46.573039],[0.3131876,46.5730469],[0.3131253,46.5730455],[0.3130572,46.5730439],[0.3129807,46.5730299],[0.3129149,46.573013],[0.31282,46.5729822],[0.3127656,46.5729492],[0.3127461,46.5729232],[0.3127356,46.5728891],[0.3127373,46.5728544],[0.312746,46.5728302],[0.3127703,46.5727909],[0.3128198,46.5727153],[0.3128598,46.5726611],[0.3128841,46.5726207],[0.3129119,46.5725662],[0.3129186,46.572548],[0.3129252,46.5725338],[0.3129426,46.5725148],[0.3129454,46.5725138],[0.3129666,46.5725051],[0.3130196,46.5725125],[0.3130563,46.5725226],[0.3131051,46.5725258],[0.3131582,46.5725301],[0.31321,46.5725292],[0.3132707,46.5725297],[0.313299,46.5725292],[0.3133204,46.5725165],[0.3133239,46.5725074],[0.3131842,46.572361],[0.3131058,46.5722978],[0.3129808,46.5721947],[0.3128435,46.5720616],[0.312668,46.5719482],[0.3124271,46.5718189],[0.312243,46.5717051],[0.3119914,46.5715704],[0.3117595,46.5714095],[0.3115107,46.5712484],[0.3111968,46.5710334],[0.310857,46.5707719],[0.3106359,46.5705991],[0.3103059,46.5703123],[0.3100855,46.5701251],[0.3098664,46.5699125],[0.3097471,46.5697727],[0.3094854,46.5694619],[0.3093497,46.5692961],[0.3092142,46.5691366],[0.3090594,46.5689376],[0.30886,46.5687132],[0.308669,46.5684941],[0.3085773,46.568408],[0.3084201,46.5683461],[0.308252,46.5682644],[0.3080469,46.5681564],[0.3078149,46.5680221],[0.3076127,46.5678876],[0.3073436,46.5677259],[0.3071048,46.5675782],[0.306862,46.5674559],[0.3066117,46.5673274],[0.3063684,46.5672449],[0.3061955,46.5670804],[0.3060337,46.5670561],[0.3058084,46.5670324],[0.3054191,46.5670509],[0.305029,46.5671163],[0.3047425,46.5671566],[0.3044575,46.5671907],[0.304021,46.5672357],[0.3037249,46.5672563],[0.303309,46.5672752],[0.303033,46.5673157],[0.3028008,46.5674227],[0.3023648,46.5676955],[0.3021242,46.5678289],[0.3019842,46.567753],[0.3019606,46.5677395],[0.3018572,46.5678077],[0.3018285,46.5678268],[0.3017729,46.5678645],[0.3016194,46.5679658],[0.3017037,46.5680283],[0.3018016,46.5681009],[0.301862,46.568146],[0.3020744,46.5682976],[0.3023996,46.5685281],[0.3028979,46.56888],[0.3031036,46.5690234],[0.3031616,46.5690721],[0.3031863,46.5691017],[0.3031928,46.5691299],[0.3033326,46.5691088],[0.3033575,46.569097],[0.3033878,46.5690862],[0.3034846,46.5690378],[0.3035677,46.5689908],[0.3036638,46.568949],[0.3037432,46.5689129],[0.303784,46.5688971],[0.3038194,46.5688866],[0.303883,46.5688676],[0.3039239,46.5688571],[0.3039633,46.5688457],[0.3039823,46.5688407],[0.3041974,46.5687957],[0.3043718,46.5687703],[0.3044128,46.5687653],[0.3044614,46.5687586],[0.3045307,46.5687513],[0.3047389,46.5687266],[0.3049115,46.5687225],[0.3050269,46.568718],[0.3050426,46.568718],[0.305156,46.5687232],[0.3051848,46.5687267],[0.3052353,46.5687374],[0.3052554,46.5687427],[0.3052957,46.5687517],[0.3052992,46.5687527],[0.3054453,46.568809],[0.3055779,46.5688549],[0.3056683,46.5688889],[0.3056721,46.5688907],[0.305729,46.5689123],[0.305866,46.5689796],[0.3058672,46.5689803],[0.3058763,46.5689851],[0.3060278,46.5690685],[0.3062088,46.569189],[0.3063933,46.5692851],[0.3065112,46.569349],[0.3068022,46.5695034],[0.3068519,46.5695297],[0.306861,46.5695346],[0.3068622,46.5695352],[0.3068679,46.5695384],[0.3068935,46.569553],[0.3069367,46.5695736],[0.3070167,46.5696118],[0.307138,46.5696882],[0.3071696,46.5697066],[0.3072886,46.5697896],[0.3073511,46.5698332],[0.3074536,46.5698998],[0.3075048,46.5699333],[0.3077779,46.5700938],[0.3078292,46.5701258],[0.3079846,46.570226],[0.3081828,46.5703544],[0.3086919,46.5706867],[0.3093102,46.5710623],[0.3093925,46.5711113],[0.3095523,46.5712168],[0.3095762,46.5712327],[0.3096231,46.5712666],[0.3096711,46.5713015],[0.3096863,46.5713128],[0.3098042,46.5714002],[0.3098301,46.5714167],[0.3098582,46.571434],[0.3098704,46.5714419],[0.3099653,46.5715026],[0.3100213,46.5715362]]],[[[0.3042016,46.6292592],[0.3042042,46.6292624],[0.3042415,46.6292928],[0.3042689,46.6293098],[0.3044413,46.6290931],[0.3044971,46.6289564],[0.3045536,46.6288933],[0.3044581,46.628842],[0.3044031,46.6288122],[0.3042861,46.6287501],[0.3042158,46.6287045],[0.3041544,46.6286529],[0.3041895,46.6286016],[0.3042262,46.6285493],[0.3042837,46.6284658],[0.3042387,46.6284475],[0.3040122,46.6283163],[0.303787,46.6281648],[0.3034197,46.627914],[0.3031011,46.6276917],[0.3029006,46.6275184],[0.3026552,46.6273174],[0.302331,46.6270664],[0.3020165,46.626827],[0.3017415,46.6265956],[0.3014824,46.6263698],[0.3009532,46.6257613],[0.300617,46.6253977],[0.3003169,46.6251044],[0.3002866,46.6251149],[0.2996202,46.6254743],[0.2994617,46.6255606],[0.2993896,46.6257009],[0.2992148,46.6259043],[0.2986309,46.6263322],[0.2985645,46.6263592],[0.2992457,46.6268291],[0.2996005,46.6270399],[0.300111,46.6273066],[0.3010778,46.6278598],[0.3017418,46.6282353],[0.3027238,46.6288043],[0.3029913,46.6289812],[0.3033359,46.6292715],[0.3033696,46.6292477],[0.3036644,46.6292916],[0.3038465,46.6293857],[0.3039709,46.6292753],[0.3040842,46.6291747],[0.3041643,46.6292276],[0.3042016,46.6292592]]],[[[0.2894139,46.6278769],[0.2892901,46.627835],[0.2892594,46.6279386],[0.2891602,46.6282604],[0.2890388,46.6286418],[0.2889732,46.6287691],[0.2888749,46.6288985],[0.2887488,46.6290428],[0.2885049,46.6293549],[0.2883783,46.6294798],[0.2882383,46.6296124],[0.2881496,46.62969],[0.2880596,46.629741],[0.2879696,46.6297604],[0.2877929,46.6297623],[0.2874995,46.6297851],[0.2872163,46.6298151],[0.2869027,46.6298476],[0.2867123,46.6298583],[0.2864866,46.6298592],[0.2862619,46.6298497],[0.2861322,46.6298313],[0.2859516,46.6297933],[0.285803,46.6297367],[0.2856647,46.6296547],[0.2854964,46.6294882],[0.2852604,46.6292178],[0.2851045,46.6290157],[0.2848495,46.6285917],[0.2847412,46.628356],[0.2847064,46.6282203],[0.2846876,46.628],[0.2846819,46.6276114],[0.2846926,46.6269483],[0.2847122,46.6265561],[0.284539,46.6256239],[0.2844405,46.6253742],[0.2842876,46.6250802],[0.2840922,46.6248925],[0.2837446,46.6245389],[0.2833237,46.6241139],[0.2827075,46.6234685],[0.2822141,46.6231921],[0.2818623,46.6230171],[0.2813509,46.6228556],[0.2809961,46.622741],[0.2805696,46.6224917],[0.280347,46.6223708],[0.2799116,46.6222664],[0.279677,46.6222434],[0.2793621,46.6222493],[0.2791247,46.6222733],[0.2785949,46.6223722],[0.2783482,46.6224645],[0.2780165,46.6225158],[0.2778064,46.6225282],[0.2775794,46.6225873],[0.2772587,46.6226859],[0.2769812,46.6228071],[0.2768784,46.622869],[0.2768218,46.6228719],[0.276693,46.6228431],[0.2766324,46.6228376],[0.2765689,46.6228617],[0.2763809,46.6228787],[0.2761015,46.6228884],[0.2758688,46.6228573],[0.2756361,46.6227884],[0.2754157,46.6227484],[0.2750375,46.6227394],[0.2747524,46.6227459],[0.2746004,46.6227648],[0.2742668,46.6228152],[0.2739627,46.6228171],[0.2737482,46.6227752],[0.2732585,46.6226286],[0.2729964,46.6225836],[0.2729775,46.6226393],[0.2729569,46.6226357],[0.2728938,46.6227364],[0.2728193,46.6227194],[0.2726372,46.6226812],[0.2724738,46.6226549],[0.2723177,46.6226297],[0.2722518,46.6225831],[0.2721937,46.6226462],[0.2719586,46.6228041],[0.2719427,46.6228252],[0.2718868,46.6229068],[0.2718581,46.6229469],[0.2718361,46.6229719],[0.2717069,46.6231222],[0.2715612,46.6233375],[0.2714121,46.6235569],[0.2713641,46.6236283],[0.2711853,46.6239634],[0.2711429,46.624043],[0.2710127,46.6241514],[0.2713123,46.6241852],[0.2716,46.6242748],[0.2718788,46.624309],[0.2722985,46.6243119],[0.2727392,46.6243408],[0.2729747,46.6243525],[0.2733919,46.624342],[0.2737126,46.6243149],[0.2738894,46.6242782],[0.2740679,46.6242394],[0.2745485,46.6241221],[0.2746626,46.6241003],[0.2747456,46.6240726],[0.2749213,46.6239941],[0.2752315,46.623848],[0.2755487,46.623734],[0.2758449,46.6236561],[0.2761785,46.6236069],[0.276541,46.6235909],[0.2769164,46.6235906],[0.2776008,46.6236407],[0.2777906,46.6236737],[0.2781484,46.623761],[0.2783639,46.6238448],[0.2786323,46.6239923],[0.2788832,46.624082],[0.2790245,46.6241048],[0.2791788,46.6241331],[0.2794446,46.6241833],[0.279683,46.6242257],[0.2799235,46.624256],[0.2800781,46.624279],[0.2801722,46.6242967],[0.2802625,46.6243255],[0.2803391,46.6243712],[0.2804606,46.6244916],[0.2806616,46.6246528],[0.2807672,46.6247381],[0.2810101,46.6249882],[0.2811913,46.6251315],[0.281258,46.6253427],[0.2813275,46.6256397],[0.2813419,46.625916],[0.2813522,46.6261586],[0.2816063,46.6261207],[0.2816283,46.6263634],[0.2816582,46.6266831],[0.281702,46.626906],[0.2817874,46.6273322],[0.2817887,46.6273384],[0.2818463,46.627488],[0.2818699,46.6275499],[0.2819392,46.6277099],[0.2821135,46.6281158],[0.2821028,46.6281503],[0.282013,46.6284324],[0.2820027,46.6284332],[0.2821164,46.6288591],[0.2822395,46.6293946],[0.2823576,46.6296386],[0.2825321,46.6298289],[0.2827149,46.6300019],[0.283063,46.6303464],[0.2833444,46.6306189],[0.2835517,46.6307801],[0.2836161,46.630795],[0.2838616,46.630901],[0.2840607,46.6309915],[0.2842496,46.6310656],[0.2845849,46.631188],[0.2848933,46.6312822],[0.2852205,46.631384],[0.2856833,46.6315064],[0.2863818,46.6316374],[0.286839,46.6316902],[0.2872008,46.6316988],[0.28758,46.6316863],[0.2878886,46.6316517],[0.2881991,46.6315863],[0.2885575,46.6314804],[0.2889521,46.6313405],[0.2893769,46.6311216],[0.2897886,46.6308359],[0.2901197,46.6305697],[0.2904554,46.6302025],[0.2906413,46.6299289],[0.2908403,46.6296525],[0.291105,46.6291987],[0.2913548,46.6286485],[0.291563,46.6281627],[0.2920008,46.6270619],[0.2924553,46.6260423],[0.2926493,46.6255735],[0.2927467,46.6253101],[0.2929103,46.624948],[0.2930248,46.624642],[0.2931126,46.6245172],[0.2932147,46.6244052],[0.2933098,46.6243462],[0.2934641,46.6242813],[0.2936185,46.6242532],[0.2938471,46.6242781],[0.2942301,46.6243628],[0.2945617,46.6244728],[0.2950677,46.624678],[0.2952645,46.6248074],[0.2953484,46.6249749],[0.2953857,46.6254154],[0.2953603,46.625659],[0.2952244,46.6258195],[0.2949278,46.6260864],[0.2947366,46.6262945],[0.2946265,46.6264504],[0.2946222,46.6265361],[0.2946788,46.6265885],[0.2947384,46.6266145],[0.2947765,46.6266204],[0.2948974,46.6266111],[0.2951687,46.6264979],[0.2955055,46.6262882],[0.2957271,46.6261001],[0.2961516,46.6257688],[0.2965824,46.6255785],[0.2968067,46.6254866],[0.2969113,46.6254647],[0.2970931,46.6255098],[0.2973751,46.6255972],[0.2976179,46.6257011],[0.2978485,46.6258373],[0.2981076,46.6257003],[0.2982701,46.6253822],[0.2983614,46.6252821],[0.2983709,46.625265],[0.2986747,46.6249461],[0.2988995,46.6247796],[0.2991707,46.6243658],[0.2995953,46.6241264],[0.2990297,46.623651],[0.2984775,46.6233324],[0.2974993,46.6228298],[0.2970029,46.622581],[0.2964936,46.6223768],[0.2959804,46.6222605],[0.2952948,46.6222033],[0.2946859,46.6221808],[0.2942806,46.6222121],[0.2933157,46.6223763],[0.2926052,46.6225181],[0.2920642,46.6226289],[0.2914089,46.6228609],[0.2908652,46.6231363],[0.2905504,46.6233527],[0.2892023,46.6251261],[0.2891223,46.6252437],[0.2891005,46.6253567],[0.2891267,46.6255087],[0.2892026,46.6256004],[0.2893847,46.6258112],[0.2895691,46.6261335],[0.2896244,46.6266603],[0.289619,46.6270996],[0.2896196,46.627112],[0.289619,46.6271232],[0.2895449,46.6273586],[0.2895288,46.6273909],[0.2897483,46.627481],[0.289524,46.6278733],[0.2895042,46.6279075],[0.2894139,46.6278769]]],[[[0.2637275,46.6239777],[0.2638191,46.6239819],[0.2638429,46.6239835],[0.2638664,46.623985],[0.2638674,46.6239422],[0.2638679,46.6239002],[0.2638749,46.6238156],[0.2639107,46.6238143],[0.2639566,46.6238134],[0.2640402,46.6238053],[0.2640574,46.6239938],[0.2641582,46.623994],[0.264218,46.6239914],[0.2644608,46.6239696],[0.2647717,46.623926],[0.2651887,46.623895],[0.2656674,46.6239024],[0.2662012,46.623912],[0.2667917,46.6239424],[0.2670781,46.6239728],[0.2682236,46.6241146],[0.26854,46.6241651],[0.2699092,46.6244154],[0.2703717,46.6245102],[0.2705232,46.6242655],[0.2707086,46.6243006],[0.2707175,46.6242723],[0.2707636,46.6241823],[0.2709024,46.62402],[0.2714962,46.6230599],[0.2716884,46.6227476],[0.2718306,46.6226672],[0.2718802,46.6225917],[0.2719551,46.6224596],[0.2717445,46.6224351],[0.2716491,46.6224135],[0.2716475,46.6224135],[0.2716775,46.6223477],[0.2716878,46.6223233],[0.2712278,46.6222326],[0.2710949,46.6221927],[0.270855,46.6221185],[0.2705364,46.6220251],[0.2703832,46.6219753],[0.2701557,46.621928],[0.2696053,46.6218342],[0.2692742,46.6218109],[0.26818,46.6217644],[0.2674561,46.6217595],[0.2672422,46.6217687],[0.2670126,46.6217867],[0.2668192,46.621825],[0.2665461,46.6218348],[0.2663333,46.6218144],[0.2660585,46.6217875],[0.2657944,46.6217648],[0.265496,46.6217403],[0.2650393,46.6217027],[0.2647996,46.6216858],[0.2646236,46.6216755],[0.2645879,46.6216767],[0.2640181,46.6217643],[0.2634398,46.6219059],[0.2629694,46.6220551],[0.262166,46.6223344],[0.2622472,46.6224611],[0.261992,46.6225497],[0.2617391,46.6226334],[0.2615668,46.6226811],[0.2614423,46.6227153],[0.2611995,46.6227918],[0.261042,46.6228584],[0.2609352,46.6229152],[0.2608331,46.6229944],[0.2607083,46.6230898],[0.2605481,46.6232004],[0.2604862,46.6232225],[0.2603244,46.6232574],[0.2601882,46.6232807],[0.2600552,46.6232965],[0.2596917,46.6233251],[0.2593625,46.6233255],[0.2593536,46.6233548],[0.2593002,46.6234414],[0.2592677,46.6234939],[0.2591968,46.6236087],[0.2589661,46.6239763],[0.2588342,46.6241786],[0.2588005,46.6242323],[0.2588441,46.6242865],[0.2588146,46.6243105],[0.2587623,46.6243533],[0.2587371,46.6243862],[0.2587019,46.6244465],[0.2586979,46.6244634],[0.2586964,46.6244688],[0.258692,46.6244868],[0.2586662,46.6246017],[0.2586546,46.6246517],[0.2591236,46.6247109],[0.2596787,46.6247907],[0.26,46.6248372],[0.2601468,46.6248346],[0.2605002,46.6247438],[0.2611513,46.624513],[0.2612085,46.6244991],[0.2628612,46.6241819],[0.2629035,46.6241594],[0.2630805,46.6240655],[0.2632249,46.6240259],[0.2636249,46.6239824],[0.2637275,46.6239777]]]]}}]}